date,gross_return,cost,net_return,net_value,buy_turnover,sell_turnover,invested_weight,cash_weight,holding_count
2020-01-02,0.0,0.0,0.0,1.0,0.0,-0.0,0.0,1.0,0
2020-01-03,0.0,0.0,0.0,1.0,0.0,-0.0,0.0,1.0,0
2020-01-06,0.0,0.0,0.0,1.0,0.0,-0.0,0.0,1.0,0
2020-01-07,0.0,0.0,0.0,1.0,0.0,-0.0,0.0,1.0,0
2020-01-08,0.0,0.0,0.0,1.0,0.0,-0.0,0.0,1.0,0
2020-01-09,0.0,0.0,0.0,1.0,0.0,-0.0,0.0,1.0,0
2020-01-10,0.0,0.0,0.0,1.0,0.0,-0.0,0.0,1.0,0
2020-01-13,0.0,0.0,0.0,1.0,0.0,-0.0,0.0,1.0,0
2020-01-14,0.0,0.0,0.0,1.0,0.0,-0.0,0.0,1.0,0
2020-01-15,0.0,0.0,0.0,1.0,0.0,-0.0,0.0,1.0,0
2020-01-16,0.0,0.0,0.0,1.0,0.0,-0.0,0.0,1.0,0
2020-01-17,0.0,0.0,0.0,1.0,0.0,-0.0,0.0,1.0,0
2020-01-20,0.0,0.0,0.0,1.0,0.0,-0.0,0.0,1.0,0
2020-01-21,0.0,0.0,0.0,1.0,0.0,-0.0,0.0,1.0,0
2020-01-22,0.0,0.0,0.0,1.0,0.0,-0.0,0.0,1.0,0
2020-01-23,0.0,0.0,0.0,1.0,0.0,-0.0,0.0,1.0,0
2020-02-03,0.0,0.0,0.0,1.0,0.0,-0.0,0.0,1.0,0
2020-02-04,0.0,0.0,0.0,1.0,0.0,-0.0,0.0,1.0,0
2020-02-05,0.0,0.0,0.0,1.0,0.0,-0.0,0.0,1.0,0
2020-02-06,0.0,0.0,0.0,1.0,0.0,-0.0,0.0,1.0,0
2020-02-07,0.0,0.0,0.0,1.0,0.0,-0.0,0.0,1.0,0
2020-02-10,0.0,0.0,0.0,1.0,0.0,-0.0,0.0,1.0,0
2020-02-11,0.0,0.0,0.0,1.0,0.0,-0.0,0.0,1.0,0
2020-02-12,0.0,0.0,0.0,1.0,0.0,-0.0,0.0,1.0,0
2020-02-13,0.0,0.0,0.0,1.0,0.0,-0.0,0.0,1.0,0
2020-02-14,0.0,0.0,0.0,1.0,0.0,-0.0,0.0,1.0,0
2020-02-17,0.0,0.0,0.0,1.0,0.0,-0.0,0.0,1.0,0
2020-02-18,0.0,0.0,0.0,1.0,0.0,-0.0,0.0,1.0,0
2020-02-19,0.0,0.0,0.0,1.0,0.0,-0.0,0.0,1.0,0
2020-02-20,0.0,0.0,0.0,1.0,0.0,-0.0,0.0,1.0,0
2020-02-21,0.0,0.0,0.0,1.0,0.0,-0.0,0.0,1.0,0
2020-02-24,0.0,0.0,0.0,1.0,0.0,-0.0,0.0,1.0,0
2020-02-25,0.0,0.0,0.0,1.0,0.0,-0.0,0.0,1.0,0
2020-02-26,0.0,0.0,0.0,1.0,0.0,-0.0,0.0,1.0,0
2020-02-27,0.0,0.0,0.0,1.0,0.0,-0.0,0.0,1.0,0
2020-02-28,0.0,0.0,0.0,1.0,0.0,-0.0,0.0,1.0,0
2020-03-02,0.0,0.0,0.0,1.0,0.0,-0.0,0.0,1.0,0
2020-03-03,0.0,0.0,0.0,1.0,0.0,-0.0,0.0,1.0,0
2020-03-04,0.0,0.0,0.0,1.0,0.0,-0.0,0.0,1.0,0
2020-03-05,0.0,0.0,0.0,1.0,0.0,-0.0,0.0,1.0,0
2020-03-06,0.0,0.0,0.0,1.0,0.0,-0.0,0.0,1.0,0
2020-03-09,0.0,0.0,0.0,1.0,0.0,-0.0,0.0,1.0,0
2020-03-10,0.0,0.0,0.0,1.0,0.0,-0.0,0.0,1.0,0
2020-03-11,0.0,0.0,0.0,1.0,0.0,-0.0,0.0,1.0,0
2020-03-12,0.0,0.0,0.0,1.0,0.0,-0.0,0.0,1.0,0
2020-03-13,0.0,0.0,0.0,1.0,0.0,-0.0,0.0,1.0,0
2020-03-16,0.0,0.0,0.0,1.0,0.0,-0.0,0.0,1.0,0
2020-03-17,0.0,0.0,0.0,1.0,0.0,-0.0,0.0,1.0,0
2020-03-18,0.0,0.0,0.0,1.0,0.0,-0.0,0.0,1.0,0
2020-03-19,0.0,0.0,0.0,1.0,0.0,-0.0,0.0,1.0,0
2020-03-20,0.0,0.0,0.0,1.0,0.0,-0.0,0.0,1.0,0
2020-03-23,0.0,0.0,0.0,1.0,0.0,-0.0,0.0,1.0,0
2020-03-24,0.0,0.0,0.0,1.0,0.0,-0.0,0.0,1.0,0
2020-03-25,0.0,0.0,0.0,1.0,0.0,-0.0,0.0,1.0,0
2020-03-26,0.0,0.0,0.0,1.0,0.0,-0.0,0.0,1.0,0
2020-03-27,0.0,0.0,0.0,1.0,0.0,-0.0,0.0,1.0,0
2020-03-30,0.0,0.0,0.0,1.0,0.0,-0.0,0.0,1.0,0
2020-03-31,0.0,0.0,0.0,1.0,0.0,-0.0,0.0,1.0,0
2020-04-01,0.0,0.0,0.0,1.0,0.0,-0.0,0.0,1.0,0
2020-04-02,0.0,0.0,0.0,1.0,0.0,-0.0,0.0,1.0,0
2020-04-03,0.0,0.0,0.0,1.0,0.0,-0.0,0.0,1.0,0
2020-04-07,0.0,0.0,0.0,1.0,0.0,-0.0,0.0,1.0,0
2020-04-08,0.0,0.0,0.0,1.0,0.0,-0.0,0.0,1.0,0
2020-04-09,0.0,0.0,0.0,1.0,0.0,-0.0,0.0,1.0,0
2020-04-10,0.0,0.0,0.0,1.0,0.0,-0.0,0.0,1.0,0
2020-04-13,0.0,0.0,0.0,1.0,0.0,-0.0,0.0,1.0,0
2020-04-14,0.0,0.0,0.0,1.0,0.0,-0.0,0.0,1.0,0
2020-04-15,0.0,0.0,0.0,1.0,0.0,-0.0,0.0,1.0,0
2020-04-16,0.0,0.0,0.0,1.0,0.0,-0.0,0.0,1.0,0
2020-04-17,0.0,0.0,0.0,1.0,0.0,-0.0,0.0,1.0,0
2020-04-20,0.0,0.0,0.0,1.0,0.0,-0.0,0.0,1.0,0
2020-04-21,0.0,0.0,0.0,1.0,0.0,-0.0,0.0,1.0,0
2020-04-22,0.0,0.0,0.0,1.0,0.0,-0.0,0.0,1.0,0
2020-04-23,0.0,0.0,0.0,1.0,0.0,-0.0,0.0,1.0,0
2020-04-24,0.0,0.0,0.0,1.0,0.0,-0.0,0.0,1.0,0
2020-04-27,0.0,0.0,0.0,1.0,0.0,-0.0,0.0,1.0,0
2020-04-28,0.0,0.0,0.0,1.0,0.0,-0.0,0.0,1.0,0
2020-04-29,0.0,0.0,0.0,1.0,0.0,-0.0,0.0,1.0,0
2020-04-30,0.0,0.0,0.0,1.0,0.0,-0.0,0.0,1.0,0
2020-05-06,0.0,0.0,0.0,1.0,0.0,-0.0,0.0,1.0,0
2020-05-07,0.0,0.0,0.0,1.0,0.0,-0.0,0.0,1.0,0
2020-05-08,0.0,0.0,0.0,1.0,0.0,-0.0,0.0,1.0,0
2020-05-11,0.0,0.0,0.0,1.0,0.0,-0.0,0.0,1.0,0
2020-05-12,0.0,0.0,0.0,1.0,0.0,-0.0,0.0,1.0,0
2020-05-13,0.0,0.0,0.0,1.0,0.0,-0.0,0.0,1.0,0
2020-05-14,0.0,0.0,0.0,1.0,0.0,-0.0,0.0,1.0,0
2020-05-15,0.0,0.0,0.0,1.0,0.0,-0.0,0.0,1.0,0
2020-05-18,0.0,0.0,0.0,1.0,0.0,-0.0,0.0,1.0,0
2020-05-19,0.0,0.0,0.0,1.0,0.0,-0.0,0.0,1.0,0
2020-05-20,0.0,0.0,0.0,1.0,0.0,-0.0,0.0,1.0,0
2020-05-21,0.0,0.0,0.0,1.0,0.0,-0.0,0.0,1.0,0
2020-05-22,0.0,0.0,0.0,1.0,0.0,-0.0,0.0,1.0,0
2020-05-25,0.0,0.0,0.0,1.0,0.0,-0.0,0.0,1.0,0
2020-05-26,0.0,0.0,0.0,1.0,0.0,-0.0,0.0,1.0,0
2020-05-27,0.0,0.0,0.0,1.0,0.0,-0.0,0.0,1.0,0
2020-05-28,0.0,0.0,0.0,1.0,0.0,-0.0,0.0,1.0,0
2020-05-29,0.0,0.0,0.0,1.0,0.0,-0.0,0.0,1.0,0
2020-06-01,0.0,0.0,0.0,1.0,0.0,-0.0,0.0,1.0,0
2020-06-02,0.0,0.0,0.0,1.0,0.0,-0.0,0.0,1.0,0
2020-06-03,0.0,0.0,0.0,1.0,0.0,-0.0,0.0,1.0,0
2020-06-04,0.0,0.0,0.0,1.0,0.0,-0.0,0.0,1.0,0
2020-06-05,0.0,0.0,0.0,1.0,0.0,-0.0,0.0,1.0,0
2020-06-08,0.0,0.0,0.0,1.0,0.0,-0.0,0.0,1.0,0
2020-06-09,0.0,0.0,0.0,1.0,0.0,-0.0,0.0,1.0,0
2020-06-10,0.0,0.0,0.0,1.0,0.0,-0.0,0.0,1.0,0
2020-06-11,0.0,0.0,0.0,1.0,0.0,-0.0,0.0,1.0,0
2020-06-12,0.0,0.0,0.0,1.0,0.0,-0.0,0.0,1.0,0
2020-06-15,0.0,0.0,0.0,1.0,0.0,-0.0,0.0,1.0,0
2020-06-16,0.0,0.0,0.0,1.0,0.0,-0.0,0.0,1.0,0
2020-06-17,0.0,0.0,0.0,1.0,0.0,-0.0,0.0,1.0,0
2020-06-18,0.0,0.0,0.0,1.0,0.0,-0.0,0.0,1.0,0
2020-06-19,0.0,0.0,0.0,1.0,0.0,-0.0,0.0,1.0,0
2020-06-22,0.0,0.0,0.0,1.0,0.0,-0.0,0.0,1.0,0
2020-06-23,0.0,0.0,0.0,1.0,0.0,-0.0,0.0,1.0,0
2020-06-24,0.0,0.0,0.0,1.0,0.0,-0.0,0.0,1.0,0
2020-06-29,0.0,0.0,0.0,1.0,0.0,-0.0,0.0,1.0,0
2020-06-30,0.0,0.0,0.0,1.0,0.0,-0.0,0.0,1.0,0
2020-07-01,0.0,0.0,0.0,1.0,0.0,-0.0,0.0,1.0,0
2020-07-02,0.0,0.0,0.0,1.0,0.0,-0.0,0.0,1.0,0
2020-07-03,0.0,0.0,0.0,1.0,0.0,-0.0,0.0,1.0,0
2020-07-06,0.0,0.0,0.0,1.0,0.0,-0.0,0.0,1.0,0
2020-07-07,0.0,0.0,0.0,1.0,0.0,-0.0,0.0,1.0,0
2020-07-08,0.0,0.0,0.0,1.0,0.0,-0.0,0.0,1.0,0
2020-07-09,0.0,0.0,0.0,1.0,0.0,-0.0,0.0,1.0,0
2020-07-10,0.0,0.0,0.0,1.0,0.0,-0.0,0.0,1.0,0
2020-07-13,0.0,0.0,0.0,1.0,0.0,-0.0,0.0,1.0,0
2020-07-14,0.0,0.0,0.0,1.0,0.0,-0.0,0.0,1.0,0
2020-07-15,0.0,0.0,0.0,1.0,0.0,-0.0,0.0,1.0,0
2020-07-16,0.0,0.0,0.0,1.0,0.0,-0.0,0.0,1.0,0
2020-07-17,0.0,0.0,0.0,1.0,0.0,-0.0,0.0,1.0,0
2020-07-20,0.0,0.0,0.0,1.0,0.0,-0.0,0.0,1.0,0
2020-07-21,0.0,0.0,0.0,1.0,0.0,-0.0,0.0,1.0,0
2020-07-22,0.0,0.0,0.0,1.0,0.0,-0.0,0.0,1.0,0
2020-07-23,0.0,0.0,0.0,1.0,0.0,-0.0,0.0,1.0,0
2020-07-24,0.0,0.0,0.0,1.0,0.0,-0.0,0.0,1.0,0
2020-07-27,0.0,0.0,0.0,1.0,0.0,-0.0,0.0,1.0,0
2020-07-28,0.0,0.0,0.0,1.0,0.0,-0.0,0.0,1.0,0
2020-07-29,0.0,0.0,0.0,1.0,0.0,-0.0,0.0,1.0,0
2020-07-30,0.0,0.0,0.0,1.0,0.0,-0.0,0.0,1.0,0
2020-07-31,0.0,0.0,0.0,1.0,0.0,-0.0,0.0,1.0,0
2020-08-03,0.0,0.0,0.0,1.0,0.0,-0.0,0.0,1.0,0
2020-08-04,0.0,0.0,0.0,1.0,0.0,-0.0,0.0,1.0,0
2020-08-05,0.0,0.0,0.0,1.0,0.0,-0.0,0.0,1.0,0
2020-08-06,0.0,0.0,0.0,1.0,0.0,-0.0,0.0,1.0,0
2020-08-07,0.0,0.0,0.0,1.0,0.0,-0.0,0.0,1.0,0
2020-08-10,0.0,0.0,0.0,1.0,0.0,-0.0,0.0,1.0,0
2020-08-11,0.0,0.0,0.0,1.0,0.0,-0.0,0.0,1.0,0
2020-08-12,0.0,0.0,0.0,1.0,0.0,-0.0,0.0,1.0,0
2020-08-13,0.0,0.0,0.0,1.0,0.0,-0.0,0.0,1.0,0
2020-08-14,0.0,0.0,0.0,1.0,0.0,-0.0,0.0,1.0,0
2020-08-17,0.0,0.0,0.0,1.0,0.0,-0.0,0.0,1.0,0
2020-08-18,0.0,0.0,0.0,1.0,0.0,-0.0,0.0,1.0,0
2020-08-19,0.0,0.0,0.0,1.0,0.0,-0.0,0.0,1.0,0
2020-08-20,0.0,0.0,0.0,1.0,0.0,-0.0,0.0,1.0,0
2020-08-21,0.0,0.0,0.0,1.0,0.0,-0.0,0.0,1.0,0
2020-08-24,0.0,0.0,0.0,1.0,0.0,-0.0,0.0,1.0,0
2020-08-25,0.0,0.0,0.0,1.0,0.0,-0.0,0.0,1.0,0
2020-08-26,0.0,0.0,0.0,1.0,0.0,-0.0,0.0,1.0,0
2020-08-27,0.0,0.0,0.0,1.0,0.0,-0.0,0.0,1.0,0
2020-08-28,0.0,0.0,0.0,1.0,0.0,-0.0,0.0,1.0,0
2020-08-31,0.0,0.0,0.0,1.0,0.0,-0.0,0.0,1.0,0
2020-09-01,0.0,0.0,0.0,1.0,0.0,-0.0,0.0,1.0,0
2020-09-02,0.0,0.0,0.0,1.0,0.0,-0.0,0.0,1.0,0
2020-09-03,0.0,0.0,0.0,1.0,0.0,-0.0,0.0,1.0,0
2020-09-04,0.0,0.0,0.0,1.0,0.0,-0.0,0.0,1.0,0
2020-09-07,0.0,0.0,0.0,1.0,0.0,-0.0,0.0,1.0,0
2020-09-08,0.0,0.0,0.0,1.0,0.0,-0.0,0.0,1.0,0
2020-09-09,0.0,0.0,0.0,1.0,0.0,-0.0,0.0,1.0,0
2020-09-10,0.0,0.0,0.0,1.0,0.0,-0.0,0.0,1.0,0
2020-09-11,0.0,0.0,0.0,1.0,0.0,-0.0,0.0,1.0,0
2020-09-14,0.0,0.0,0.0,1.0,0.0,-0.0,0.0,1.0,0
2020-09-15,0.0,0.0,0.0,1.0,0.0,-0.0,0.0,1.0,0
2020-09-16,0.0,0.0,0.0,1.0,0.0,-0.0,0.0,1.0,0
2020-09-17,0.0,0.0,0.0,1.0,0.0,-0.0,0.0,1.0,0
2020-09-18,0.0,0.0,0.0,1.0,0.0,-0.0,0.0,1.0,0
2020-09-21,0.0,0.0,0.0,1.0,0.0,-0.0,0.0,1.0,0
2020-09-22,0.0,0.0,0.0,1.0,0.0,-0.0,0.0,1.0,0
2020-09-23,0.0,0.0,0.0,1.0,0.0,-0.0,0.0,1.0,0
2020-09-24,0.0,0.0,0.0,1.0,0.0,-0.0,0.0,1.0,0
2020-09-25,0.0,0.0,0.0,1.0,0.0,-0.0,0.0,1.0,0
2020-09-28,0.0,0.0,0.0,1.0,0.0,-0.0,0.0,1.0,0
2020-09-29,0.0,0.0,0.0,1.0,0.0,-0.0,0.0,1.0,0
2020-09-30,0.0,0.0,0.0,1.0,0.0,-0.0,0.0,1.0,0
2020-10-09,0.0,0.0,0.0,1.0,0.0,-0.0,0.0,1.0,0
2020-10-12,0.0,0.0,0.0,1.0,0.0,-0.0,0.0,1.0,0
2020-10-13,0.0,0.0,0.0,1.0,0.0,-0.0,0.0,1.0,0
2020-10-14,0.0,0.0,0.0,1.0,0.0,-0.0,0.0,1.0,0
2020-10-15,0.0,0.0,0.0,1.0,0.0,-0.0,0.0,1.0,0
2020-10-16,0.0,0.0,0.0,1.0,0.0,-0.0,0.0,1.0,0
2020-10-19,0.0,0.0,0.0,1.0,0.0,-0.0,0.0,1.0,0
2020-10-20,0.0,0.0,0.0,1.0,0.0,-0.0,0.0,1.0,0
2020-10-21,0.0,0.0,0.0,1.0,0.0,-0.0,0.0,1.0,0
2020-10-22,0.0,0.0,0.0,1.0,0.0,-0.0,0.0,1.0,0
2020-10-23,0.0,0.0,0.0,1.0,0.0,-0.0,0.0,1.0,0
2020-10-26,0.0,0.0,0.0,1.0,0.0,-0.0,0.0,1.0,0
2020-10-27,0.0,0.0,0.0,1.0,0.0,-0.0,0.0,1.0,0
2020-10-28,0.0,0.0,0.0,1.0,0.0,-0.0,0.0,1.0,0
2020-10-29,0.0,0.0,0.0,1.0,0.0,-0.0,0.0,1.0,0
2020-10-30,0.0,0.0,0.0,1.0,0.0,-0.0,0.0,1.0,0
2020-11-02,0.0,0.0,0.0,1.0,0.0,-0.0,0.0,1.0,0
2020-11-03,0.0,0.0,0.0,1.0,0.0,-0.0,0.0,1.0,0
2020-11-04,0.0,0.0,0.0,1.0,0.0,-0.0,0.0,1.0,0
2020-11-05,0.0,0.0,0.0,1.0,0.0,-0.0,0.0,1.0,0
2020-11-06,0.0,0.0,0.0,1.0,0.0,-0.0,0.0,1.0,0
2020-11-09,0.0,0.0,0.0,1.0,0.0,-0.0,0.0,1.0,0
2020-11-10,0.0,0.0,0.0,1.0,0.0,-0.0,0.0,1.0,0
2020-11-11,0.0,0.0,0.0,1.0,0.0,-0.0,0.0,1.0,0
2020-11-12,0.0,0.0,0.0,1.0,0.0,-0.0,0.0,1.0,0
2020-11-13,0.0,0.0,0.0,1.0,0.0,-0.0,0.0,1.0,0
2020-11-16,0.0,0.0,0.0,1.0,0.0,-0.0,0.0,1.0,0
2020-11-17,0.0,0.0,0.0,1.0,0.0,-0.0,0.0,1.0,0
2020-11-18,0.0,0.0,0.0,1.0,0.0,-0.0,0.0,1.0,0
2020-11-19,0.0,0.0,0.0,1.0,0.0,-0.0,0.0,1.0,0
2020-11-20,0.0,0.0,0.0,1.0,0.0,-0.0,0.0,1.0,0
2020-11-23,0.0,0.0,0.0,1.0,0.0,-0.0,0.0,1.0,0
2020-11-24,0.0,0.0,0.0,1.0,0.0,-0.0,0.0,1.0,0
2020-11-25,0.0,0.0,0.0,1.0,0.0,-0.0,0.0,1.0,0
2020-11-26,0.0,0.0,0.0,1.0,0.0,-0.0,0.0,1.0,0
2020-11-27,0.0,0.0,0.0,1.0,0.0,-0.0,0.0,1.0,0
2020-11-30,0.0,0.0,0.0,1.0,0.0,-0.0,0.0,1.0,0
2020-12-01,0.0,0.0,0.0,1.0,0.0,-0.0,0.0,1.0,0
2020-12-02,0.0,0.0,0.0,1.0,0.0,-0.0,0.0,1.0,0
2020-12-03,0.0,0.0,0.0,1.0,0.0,-0.0,0.0,1.0,0
2020-12-04,0.0,0.0,0.0,1.0,0.0,-0.0,0.0,1.0,0
2020-12-07,0.0,0.0,0.0,1.0,0.0,-0.0,0.0,1.0,0
2020-12-08,0.0,0.0,0.0,1.0,0.0,-0.0,0.0,1.0,0
2020-12-09,0.0,0.0,0.0,1.0,0.0,-0.0,0.0,1.0,0
2020-12-10,0.0,0.0,0.0,1.0,0.0,-0.0,0.0,1.0,0
2020-12-11,0.0,0.0,0.0,1.0,0.0,-0.0,0.0,1.0,0
2020-12-14,0.0,0.0,0.0,1.0,0.0,-0.0,0.0,1.0,0
2020-12-15,0.0,0.0,0.0,1.0,0.0,-0.0,0.0,1.0,0
2020-12-16,0.0,0.0,0.0,1.0,0.0,-0.0,0.0,1.0,0
2020-12-17,0.0,0.0,0.0,1.0,0.0,-0.0,0.0,1.0,0
2020-12-18,0.0,0.0,0.0,1.0,0.0,-0.0,0.0,1.0,0
2020-12-21,0.0,0.0,0.0,1.0,0.0,-0.0,0.0,1.0,0
2020-12-22,0.0,0.0,0.0,1.0,0.0,-0.0,0.0,1.0,0
2020-12-23,0.0,0.0,0.0,1.0,0.0,-0.0,0.0,1.0,0
2020-12-24,0.0,0.0,0.0,1.0,0.0,-0.0,0.0,1.0,0
2020-12-25,0.0,0.0,0.0,1.0,0.0,-0.0,0.0,1.0,0
2020-12-28,0.0,0.0,0.0,1.0,0.0,-0.0,0.0,1.0,0
2020-12-29,0.0,0.0,0.0,1.0,0.0,-0.0,0.0,1.0,0
2020-12-30,0.0,0.0,0.0,1.0,0.0,-0.0,0.0,1.0,0
2020-12-31,0.0,0.0,0.0,1.0,0.0,-0.0,0.0,1.0,0
2021-01-04,0.03128903501010412,0.001,0.030289035010104118,1.0302890350101042,1.0,-0.0,1.0,0.0,3
2021-01-05,0.023959296862913128,0.0,0.023959296862913128,1.0549740358545157,0.0,-0.0,1.0,0.0,3
2021-01-06,0.005610940790185648,0.0,0.005610940790185648,1.0608934327048785,0.0,-0.0,1.0,0.0,3
2021-01-07,0.016247531523397047,0.0,0.016247531523397047,1.0781303321957159,0.0,-0.0,1.0,0.0,3
2021-01-08,-0.012585603798583162,0.0,-0.012585603798583162,1.0645614109914656,0.0,-0.0,1.0,0.0,3
2021-01-11,-0.019200759693218585,0.0,-0.019200759693218585,1.0441210231603448,0.0,-0.0,1.0,0.0,3
2021-01-12,0.02730278342595101,0.0,0.02730278342595101,1.072628433326174,0.0,-0.0,1.0,0.0,3
2021-01-13,-0.0119962698970969,0.0,-0.0119962698970969,1.059760893140693,0.0,-0.0,1.0,0.0,3
2021-01-14,-0.018063833110943468,0.0,-0.018063833110943468,1.0406175492294951,0.0,-0.0,1.0,0.0,3
2021-01-15,-0.00693713962377999,0.0,-0.00693713962377999,1.0333986399955344,0.0,-0.0,1.0,0.0,3
2021-01-18,0.005143562263879574,0.0,0.005143562263879574,1.0387139902437599,0.0,-0.0,1.0,0.0,3
2021-01-19,-0.019075065722215807,0.0,-0.019075065722215807,1.018900452613275,0.0,-0.0,1.0,0.0,3
2021-01-20,0.017535507593962718,0.0,0.017535507593962718,1.036767389237567,0.0,-0.0,1.0,0.0,3
2021-01-21,0.020873245703712254,0.0,0.020873245703712254,1.058408089690719,0.0,-0.0,1.0,0.0,3
2021-01-22,0.007378508542097428,0.0,0.007378508542097428,1.0662175628215271,0.0,-0.0,1.0,0.0,3
2021-01-25,0.017100969983069758,0.0,0.017100969983069758,1.0844509173587598,0.0,-0.0,1.0,0.0,3
2021-01-26,-0.020642191950248818,0.0,-0.020642191950248818,1.0620654733620167,0.0,-0.0,1.0,0.0,3
2021-01-27,-0.0005436122872000868,0.0,-0.0005436122872000868,1.0614881215208862,0.0,-0.0,1.0,0.0,3
2021-01-28,-0.02640437283374645,0.0,-0.02640437283374645,1.0334601934016556,0.0,-0.0,1.0,0.0,3
2021-01-29,-0.0038339808043384256,0.0,-0.0038339808043384256,1.029497926858106,0.0,-0.0,1.0,0.0,3
2021-02-01,0.0,0.001,-0.001,1.0284684289312478,0.0,1.0,0.0,1.0,0
2021-02-02,0.0,0.0,0.0,1.0284684289312478,0.0,-0.0,0.0,1.0,0
2021-02-03,0.0,0.0,0.0,1.0284684289312478,0.0,-0.0,0.0,1.0,0
2021-02-04,0.0,0.0,0.0,1.0284684289312478,0.0,-0.0,0.0,1.0,0
2021-02-05,0.0,0.0,0.0,1.0284684289312478,0.0,-0.0,0.0,1.0,0
2021-02-08,0.0,0.0,0.0,1.0284684289312478,0.0,-0.0,0.0,1.0,0
2021-02-09,0.0,0.0,0.0,1.0284684289312478,0.0,-0.0,0.0,1.0,0
2021-02-10,0.0,0.0,0.0,1.0284684289312478,0.0,-0.0,0.0,1.0,0
2021-02-18,0.0,0.0,0.0,1.0284684289312478,0.0,-0.0,0.0,1.0,0
2021-02-19,0.0,0.0,0.0,1.0284684289312478,0.0,-0.0,0.0,1.0,0
2021-02-22,0.0,0.0,0.0,1.0284684289312478,0.0,-0.0,0.0,1.0,0
2021-02-23,0.0,0.0,0.0,1.0284684289312478,0.0,-0.0,0.0,1.0,0
2021-02-24,0.0,0.0,0.0,1.0284684289312478,0.0,-0.0,0.0,1.0,0
2021-02-25,0.0,0.0,0.0,1.0284684289312478,0.0,-0.0,0.0,1.0,0
2021-02-26,0.0,0.0,0.0,1.0284684289312478,0.0,-0.0,0.0,1.0,0
2021-03-01,0.013272658323852937,0.001,0.012272658323852936,1.041090470556391,1.0,-0.0,1.0,0.0,1
2021-03-02,-0.0056137724550898715,0.0,-0.0056137724550898715,1.035246025549525,0.0,-0.0,1.0,0.0,1
2021-03-03,0.024463680843056057,0.0,0.024463680843056057,1.0605719539126108,0.0,-0.0,1.0,0.0,1
2021-03-04,-0.0014695077149154967,0.0,-0.0014695077149154967,1.0590134352441132,0.0,-0.0,1.0,0.0,1
2021-03-05,-0.010301692420897735,0.0,-0.010301692420897735,1.04810380456463,0.0,-0.0,1.0,0.0,1
2021-03-08,-0.004089219330855043,0.0,-0.004089219330855043,1.0438178782262617,0.0,-0.0,1.0,0.0,1
2021-03-09,-0.004106009705113767,0.0,-0.004106009705113767,1.0395319518878934,0.0,-0.0,1.0,0.0,1
2021-03-10,-0.005622188905547221,0.0,-0.005622188905547221,1.0336875068810274,0.0,-0.0,1.0,0.0,1
2021-03-11,0.017715793441387184,0.0,0.017715793441387184,1.0520001012358742,0.0,-0.0,1.0,0.0,1
2021-03-12,0.009999999999999787,0.0,0.009999999999999787,1.0625201022482327,0.0,-0.0,1.0,0.0,1
2021-03-15,0.009167583425009118,0.0,0.009167583425009118,1.0722608439263426,0.0,-0.0,1.0,0.0,1
2021-03-16,0.0010901162790697416,0.0,0.0010901162790697416,1.0734297329277158,0.0,-0.0,1.0,0.0,1
2021-03-17,-0.005081669691469948,0.0,-0.005081669691469948,1.0679749175879745,0.0,-0.0,1.0,0.0,1
2021-03-18,0.0,0.0,0.0,1.0679749175879745,0.0,-0.0,1.0,0.0,1
2021-03-19,-0.006202116016052472,0.0,-0.006202116016052472,1.0613512132468599,0.0,-0.0,1.0,0.0,1
2021-03-22,0.009544787077826689,0.0,0.009544787077826689,1.0714815845920942,0.0,-0.0,1.0,0.0,1
2021-03-23,-0.007636363636363552,0.0,-0.007636363636363552,1.063299361582482,0.0,-0.0,1.0,0.0,1
2021-03-24,-0.01758886038842067,0.0,-0.01758886038842067,1.0445971375605108,0.0,-0.0,1.0,0.0,1
2021-03-25,0.0007459903021260761,0.0,0.0007459903021260761,1.0453763968947596,0.0,-0.0,1.0,0.0,1
2021-03-26,0.011926947446887715,0.0,0.011926947446887715,1.0578445462427402,0.0,-0.0,1.0,0.0,1
2021-03-29,0.013259668508287303,0.0,0.013259668508287303,1.0718712142592184,0.0,-0.0,1.0,0.0,1
2021-03-30,-0.00036350418029806875,0.0,-0.00036350418029806875,1.071481584592094,0.0,-0.0,1.0,0.0,1
2021-03-31,-0.0025454545454546285,0.0,-0.0025454545454546285,1.068754176922223,0.0,-0.0,1.0,0.0,1
2021-04-01,0.02008310249307499,0.002,0.018083102493074987,1.0880805682434096,1.0,1.0,1.0,0.0,1
2021-04-02,0.00746775288526802,0.0,0.00746775288526802,1.0962060850463133,0.0,-0.0,1.0,0.0,1
2021-04-06,-0.016846361185983816,0.0,-0.016846361185983816,1.0777390014033499,0.0,-0.0,1.0,0.0,1
2021-04-07,-0.005483207676490798,0.0,-0.005483207676490798,1.0718295346376014,0.0,-0.0,1.0,0.0,1
2021-04-08,0.019986216402480883,0.0,0.019986216402480883,1.093251351663439,0.0,-0.0,1.0,0.0,1
2021-04-09,-0.01858108108108114,0.0,-0.01858108108108114,1.0729375596561792,0.0,-0.0,1.0,0.0,1
2021-04-12,-0.02857142857142847,0.0,-0.02857142857142847,1.04228220080886,0.0,-0.0,1.0,0.0,1
2021-04-13,0.009567682494684648,0.0,0.009567682494684648,1.0522544259760602,0.0,-0.0,1.0,0.0,1
2021-04-14,0.0,0.0,0.0,1.0522544259760602,0.0,-0.0,1.0,0.0,1
2021-04-15,-0.008424008424008478,0.0,-0.008424008424008478,1.0433902258274377,0.0,-0.0,1.0,0.0,1
2021-04-16,-0.005663716814159336,0.0,-0.005663716814159336,1.0374807590616892,0.0,-0.0,1.0,0.0,1
2021-04-19,0.02990388038447822,0.0,0.02990388038447822,1.0685054595818677,0.0,-0.0,1.0,0.0,1
2021-04-20,0.0024196335983408535,0.0,0.0024196335983408535,1.0710908512918826,0.0,-0.0,1.0,0.0,1
2021-04-21,0.02172413793103445,0.0,0.02172413793103445,1.0943593766820165,0.0,-0.0,1.0,0.0,1
2021-04-22,0.0003374957813027102,0.0,0.0003374957813027102,1.0947287183548757,0.0,-0.0,1.0,0.0,1
2021-04-23,0.02294197031039147,0.0,0.02294197031039147,1.1198439521093062,0.0,-0.0,1.0,0.0,1
2021-04-26,-0.004617414248021201,0.0,-0.004617414248021201,1.1146731686892764,0.0,-0.0,1.0,0.0,1
2021-04-27,0.02650762094102066,0.0,0.02650762094102066,1.144220502518018,0.0,-0.0,1.0,0.0,1
2021-04-28,0.020658489347966436,0.0,0.020658489347966436,1.1678583695810114,0.0,-0.0,1.0,0.0,1
2021-04-29,-0.003795066413662229,0.0,-0.003795066413662229,1.1634262695067001,0.0,-0.0,1.0,0.0,1
2021-04-30,0.016507936507936583,0.0,0.016507936507936583,1.1826320364953822,0.0,-0.0,1.0,0.0,1
2021-05-06,-0.026718228170147157,0.0015,-0.028218228170147158,1.1492602558482297,0.75,0.75,1.0,0.0,4
2021-05-07,-0.022666818906955516,0.0,-0.022666818906955516,1.1232101817519564,0.0,-0.0,1.0,0.0,4
2021-05-10,0.002959469653945529,0.0,0.002959469653945529,1.126534288199854,0.0,-0.0,1.0,0.0,4
2021-05-11,0.007654254818571737,0.0,0.007654254818571737,1.135157068703594,0.0,-0.0,1.0,0.0,4
2021-05-12,0.009704510566669378,0.0,0.009704510566669378,1.1461732124716573,0.0,-0.0,1.0,0.0,4
2021-05-13,-0.006093144411410817,0.0,-0.006093144411410817,1.1391894135675769,0.0,-0.0,1.0,0.0,4
2021-05-14,0.02295698205258112,0.0,0.02295698205258112,1.1653417644893382,0.0,-0.0,1.0,0.0,4
2021-05-17,0.024587871746476087,0.0,0.024587871746476087,1.193995038335414,0.0,-0.0,1.0,0.0,4
2021-05-18,-0.004238861831305146,0.0,-0.004238861831305146,1.1889338583406464,0.0,-0.0,1.0,0.0,4
2021-05-19,0.005496114609272906,0.0,0.005496114609272906,1.1954683750889317,0.0,-0.0,1.0,0.0,4
2021-05-20,0.0045001608538911,0.0,0.0045001608538911,1.2008481750725717,0.0,-0.0,1.0,0.0,4
2021-05-21,-0.007788406158089484,0.0,-0.007788406158089484,1.191495481750906,0.0,-0.0,1.0,0.0,4
2021-05-24,0.0034421766099261286,0.0,0.0034421766099261286,1.1955968196290216,0.0,-0.0,1.0,0.0,4
2021-05-25,0.024531601620172372,0.0,0.024531601620172372,1.2249267245065059,0.0,-0.0,1.0,0.0,4
2021-05-26,-0.006051279974082585,0.0,-0.006051279974082585,1.217514349948781,0.0,-0.0,1.0,0.0,4
2021-05-27,0.005371595457929534,0.0,0.005371595457929534,1.2240543445009298,0.0,-0.0,1.0,0.0,4
2021-05-28,0.0003605180329069868,0.0,0.0003605180329069868,1.2244956381653804,0.0,-0.0,1.0,0.0,4
2021-05-31,0.02187513356334958,0.0,0.02187513356334958,1.251281643797987,0.0,-0.0,1.0,0.0,4
2021-06-01,-0.002297871384537714,0.001,-0.003297871384537714,1.2471550778709082,0.5,0.5,1.0,0.0,4
2021-06-02,-0.01688605595762016,0.0,-0.01688605595762016,1.2260955474381499,0.0,-0.0,1.0,0.0,4
2021-06-03,-0.00899048461121199,0.0,-0.00899048461121199,1.2150723542870316,0.0,-0.0,1.0,0.0,4
2021-06-04,0.011623720918675307,0.0,0.011623720918675307,1.229196016229262,0.0,-0.0,1.0,0.0,4
2021-06-07,-0.0035603744782650437,0.0,-0.0035603744782650437,1.224819618104294,0.0,-0.0,1.0,0.0,4
2021-06-08,-0.004938986083972946,0.0,-0.004938986083972946,1.2187702510551,0.0,-0.0,1.0,0.0,4
2021-06-09,-0.0007984853318485641,0.0,-0.0007984853318485641,1.217797080886739,0.0,-0.0,1.0,0.0,4
2021-06-10,0.0223433275215712,0.0,0.0223433275215712,1.245006719919805,0.0,-0.0,1.0,0.0,4
2021-06-11,0.0004179887816511685,0.0,0.0004179887816511685,1.2455271187618118,0.0,-0.0,1.0,0.0,4
2021-06-15,-0.008004705793199868,0.0,-0.008004705793199868,1.2355570406186716,0.0,-0.0,1.0,0.0,4
2021-06-16,-0.03276597329522554,0.0,-0.03276597329522554,1.1950728116210323,0.0,-0.0,1.0,0.0,4
2021-06-17,0.023561620274279715,0.0,0.023561620274279715,1.2232306634085628,0.0,-0.0,1.0,0.0,4
2021-06-18,0.019092130701403864,0.0,0.019092130701403864,1.246584743112324,0.0,-0.0,1.0,0.0,4
2021-06-21,0.011026500392313038,0.0,0.011026500392313038,1.2603302102713037,0.0,-0.0,1.0,0.0,4
2021-06-22,-0.00019040309997656046,0.0,-0.00019040309997656046,1.260090239492274,0.0,-0.0,1.0,0.0,4
2021-06-23,0.011403508915992122,0.0,0.011403508915992122,1.2744596897732787,0.0,-0.0,1.0,0.0,4
2021-06-24,-0.0047676437946897465,0.0,-0.0047676437946897465,1.268383519941749,0.0,-0.0,1.0,0.0,4
2021-06-25,0.02222641250141355,0.0,0.02222641250141355,1.2965751352659693,0.0,-0.0,1.0,0.0,4
2021-06-28,0.009892912402128112,0.0,0.009892912402128112,1.309402039501933,0.0,-0.0,1.0,0.0,4
2021-06-29,-7.669708569371658e-05,0.0,-7.669708569371658e-05,1.3093016121815018,0.0,-0.0,1.0,0.0,4
2021-06-30,0.0178605570107212,0.0,0.0178605570107212,1.3326864682700987,0.0,-0.0,1.0,0.0,4
2021-07-01,-0.014562075263788868,0.0005,-0.015062075263788869,1.3126134443819815,0.24999999999999994,0.25,1.0,0.0,3
2021-07-02,-0.0216602940071902,0.0,-0.0216602940071902,1.2841818512588772,0.0,-0.0,1.0,0.0,3
2021-07-05,0.019009527369781377,0.0,0.019009527369781377,1.3085935413081595,0.0,-0.0,1.0,0.0,3
2021-07-06,-0.019082040522638434,0.0,-0.019082040522638434,1.2836229063252544,0.0,-0.0,1.0,0.0,3
2021-07-07,0.03881366873909364,0.0,0.03881366873909364,1.3334450205972754,0.0,-0.0,1.0,0.0,3
2021-07-08,0.019973118910663334,0.0,0.019973118910663334,1.3600780765544966,0.0,-0.0,1.0,0.0,3
2021-07-09,-0.003216911885805529,0.0,-0.003216911885805529,1.355702825224405,0.0,-0.0,1.0,0.0,3
2021-07-12,0.028083386610561714,0.0,0.028083386610561714,1.3937755517942128,0.0,-0.0,1.0,0.0,3
2021-07-13,-0.001968695095610151,0.0,-0.001968695095610151,1.3910316327010142,0.0,-0.0,1.0,0.0,3
2021-07-14,-0.021559364546833232,0.0,-0.021559364546833232,1.3610418746354362,0.0,-0.0,1.0,0.0,3
2021-07-15,0.016013345067138546,0.0,0.016013345067138546,1.3828367078247985,0.0,-0.0,1.0,0.0,3
2021-07-16,-0.02611460914180985,0.0,-0.02611460914180985,1.3467244676930068,0.0,-0.0,1.0,0.0,3
2021-07-19,-0.005811614906688134,0.0,-0.005811614906688134,1.3388978237013605,0.0,-0.0,1.0,0.0,3
2021-07-20,0.0061394878173978516,0.0,0.0061394878173978516,1.3471179705787155,0.0,-0.0,1.0,0.0,3
2021-07-21,0.03589610690326165,0.0,0.03589610690326165,1.395474261261914,0.0,-0.0,1.0,0.0,3
2021-07-22,0.007411503851092682,0.0,0.007411503851092682,1.4058168241233573,0.0,-0.0,1.0,0.0,3
2021-07-23,-0.011672719240107078,0.0,-0.011672719240107078,1.3894071190323465,0.0,-0.0,1.0,0.0,3
2021-07-26,-0.01365566954020092,0.0,-0.01365566954020092,1.3704338345580382,0.0,-0.0,1.0,0.0,3
2021-07-27,-0.03645099334981505,0.0,-0.03645099334981505,1.3204801599682017,0.0,-0.0,1.0,0.0,3
2021-07-28,-0.003252007841854828,0.0,-0.003252007841854828,1.3161859481329714,0.0,-0.0,1.0,0.0,3
2021-07-29,0.058719554800070885,0.0,0.058719554800070885,1.3934718010414489,0.0,-0.0,1.0,0.0,3
2021-07-30,0.0016695969577258012,0.0,0.0016695969577258012,1.3957983373211444,0.0,-0.0,1.0,0.0,3
2021-08-02,0.0,0.001,-0.001,1.3944025389838233,0.0,1.0,0.0,1.0,0
2021-08-03,0.0,0.0,0.0,1.3944025389838233,0.0,-0.0,0.0,1.0,0
2021-08-04,0.0,0.0,0.0,1.3944025389838233,0.0,-0.0,0.0,1.0,0
2021-08-05,0.0,0.0,0.0,1.3944025389838233,0.0,-0.0,0.0,1.0,0
2021-08-06,0.0,0.0,0.0,1.3944025389838233,0.0,-0.0,0.0,1.0,0
2021-08-09,0.0,0.0,0.0,1.3944025389838233,0.0,-0.0,0.0,1.0,0
2021-08-10,0.0,0.0,0.0,1.3944025389838233,0.0,-0.0,0.0,1.0,0
2021-08-11,0.0,0.0,0.0,1.3944025389838233,0.0,-0.0,0.0,1.0,0
2021-08-12,0.0,0.0,0.0,1.3944025389838233,0.0,-0.0,0.0,1.0,0
2021-08-13,0.0,0.0,0.0,1.3944025389838233,0.0,-0.0,0.0,1.0,0
2021-08-16,0.0,0.0,0.0,1.3944025389838233,0.0,-0.0,0.0,1.0,0
2021-08-17,0.0,0.0,0.0,1.3944025389838233,0.0,-0.0,0.0,1.0,0
2021-08-18,0.0,0.0,0.0,1.3944025389838233,0.0,-0.0,0.0,1.0,0
2021-08-19,0.0,0.0,0.0,1.3944025389838233,0.0,-0.0,0.0,1.0,0
2021-08-20,0.0,0.0,0.0,1.3944025389838233,0.0,-0.0,0.0,1.0,0
2021-08-23,0.0,0.0,0.0,1.3944025389838233,0.0,-0.0,0.0,1.0,0
2021-08-24,0.0,0.0,0.0,1.3944025389838233,0.0,-0.0,0.0,1.0,0
2021-08-25,0.0,0.0,0.0,1.3944025389838233,0.0,-0.0,0.0,1.0,0
2021-08-26,0.0,0.0,0.0,1.3944025389838233,0.0,-0.0,0.0,1.0,0
2021-08-27,0.0,0.0,0.0,1.3944025389838233,0.0,-0.0,0.0,1.0,0
2021-08-30,0.0,0.0,0.0,1.3944025389838233,0.0,-0.0,0.0,1.0,0
2021-08-31,0.0,0.0,0.0,1.3944025389838233,0.0,-0.0,0.0,1.0,0
2021-09-01,0.0,0.0,0.0,1.3944025389838233,0.0,-0.0,0.0,1.0,0
2021-09-02,0.0,0.0,0.0,1.3944025389838233,0.0,-0.0,0.0,1.0,0
2021-09-03,0.0,0.0,0.0,1.3944025389838233,0.0,-0.0,0.0,1.0,0
2021-09-06,0.0,0.0,0.0,1.3944025389838233,0.0,-0.0,0.0,1.0,0
2021-09-07,0.0,0.0,0.0,1.3944025389838233,0.0,-0.0,0.0,1.0,0
2021-09-08,0.0,0.0,0.0,1.3944025389838233,0.0,-0.0,0.0,1.0,0
2021-09-09,0.0,0.0,0.0,1.3944025389838233,0.0,-0.0,0.0,1.0,0
2021-09-10,0.0,0.0,0.0,1.3944025389838233,0.0,-0.0,0.0,1.0,0
2021-09-13,0.0,0.0,0.0,1.3944025389838233,0.0,-0.0,0.0,1.0,0
2021-09-14,0.0,0.0,0.0,1.3944025389838233,0.0,-0.0,0.0,1.0,0
2021-09-15,0.0,0.0,0.0,1.3944025389838233,0.0,-0.0,0.0,1.0,0
2021-09-16,0.0,0.0,0.0,1.3944025389838233,0.0,-0.0,0.0,1.0,0
2021-09-17,0.0,0.0,0.0,1.3944025389838233,0.0,-0.0,0.0,1.0,0
2021-09-22,0.0,0.0,0.0,1.3944025389838233,0.0,-0.0,0.0,1.0,0
2021-09-23,0.0,0.0,0.0,1.3944025389838233,0.0,-0.0,0.0,1.0,0
2021-09-24,0.0,0.0,0.0,1.3944025389838233,0.0,-0.0,0.0,1.0,0
2021-09-27,0.0,0.0,0.0,1.3944025389838233,0.0,-0.0,0.0,1.0,0
2021-09-28,0.0,0.0,0.0,1.3944025389838233,0.0,-0.0,0.0,1.0,0
2021-09-29,0.0,0.0,0.0,1.3944025389838233,0.0,-0.0,0.0,1.0,0
2021-09-30,0.0,0.0,0.0,1.3944025389838233,0.0,-0.0,0.0,1.0,0
2021-10-08,0.0,0.0,0.0,1.3944025389838233,0.0,-0.0,0.0,1.0,0
2021-10-11,0.0,0.0,0.0,1.3944025389838233,0.0,-0.0,0.0,1.0,0
2021-10-12,0.0,0.0,0.0,1.3944025389838233,0.0,-0.0,0.0,1.0,0
2021-10-13,0.0,0.0,0.0,1.3944025389838233,0.0,-0.0,0.0,1.0,0
2021-10-14,0.0,0.0,0.0,1.3944025389838233,0.0,-0.0,0.0,1.0,0
2021-10-15,0.0,0.0,0.0,1.3944025389838233,0.0,-0.0,0.0,1.0,0
2021-10-18,0.0,0.0,0.0,1.3944025389838233,0.0,-0.0,0.0,1.0,0
2021-10-19,0.0,0.0,0.0,1.3944025389838233,0.0,-0.0,0.0,1.0,0
2021-10-20,0.0,0.0,0.0,1.3944025389838233,0.0,-0.0,0.0,1.0,0
2021-10-21,0.0,0.0,0.0,1.3944025389838233,0.0,-0.0,0.0,1.0,0
2021-10-22,0.0,0.0,0.0,1.3944025389838233,0.0,-0.0,0.0,1.0,0
2021-10-25,0.0,0.0,0.0,1.3944025389838233,0.0,-0.0,0.0,1.0,0
2021-10-26,0.0,0.0,0.0,1.3944025389838233,0.0,-0.0,0.0,1.0,0
2021-10-27,0.0,0.0,0.0,1.3944025389838233,0.0,-0.0,0.0,1.0,0
2021-10-28,0.0,0.0,0.0,1.3944025389838233,0.0,-0.0,0.0,1.0,0
2021-10-29,0.0,0.0,0.0,1.3944025389838233,0.0,-0.0,0.0,1.0,0
2021-11-01,0.0,0.0,0.0,1.3944025389838233,0.0,-0.0,0.0,1.0,0
2021-11-02,0.0,0.0,0.0,1.3944025389838233,0.0,-0.0,0.0,1.0,0
2021-11-03,0.0,0.0,0.0,1.3944025389838233,0.0,-0.0,0.0,1.0,0
2021-11-04,0.0,0.0,0.0,1.3944025389838233,0.0,-0.0,0.0,1.0,0
2021-11-05,0.0,0.0,0.0,1.3944025389838233,0.0,-0.0,0.0,1.0,0
2021-11-08,0.0,0.0,0.0,1.3944025389838233,0.0,-0.0,0.0,1.0,0
2021-11-09,0.0,0.0,0.0,1.3944025389838233,0.0,-0.0,0.0,1.0,0
2021-11-10,0.0,0.0,0.0,1.3944025389838233,0.0,-0.0,0.0,1.0,0
2021-11-11,0.0,0.0,0.0,1.3944025389838233,0.0,-0.0,0.0,1.0,0
2021-11-12,0.0,0.0,0.0,1.3944025389838233,0.0,-0.0,0.0,1.0,0
2021-11-15,0.0,0.0,0.0,1.3944025389838233,0.0,-0.0,0.0,1.0,0
2021-11-16,0.0,0.0,0.0,1.3944025389838233,0.0,-0.0,0.0,1.0,0
2021-11-17,0.0,0.0,0.0,1.3944025389838233,0.0,-0.0,0.0,1.0,0
2021-11-18,0.0,0.0,0.0,1.3944025389838233,0.0,-0.0,0.0,1.0,0
2021-11-19,0.0,0.0,0.0,1.3944025389838233,0.0,-0.0,0.0,1.0,0
2021-11-22,0.0,0.0,0.0,1.3944025389838233,0.0,-0.0,0.0,1.0,0
2021-11-23,0.0,0.0,0.0,1.3944025389838233,0.0,-0.0,0.0,1.0,0
2021-11-24,0.0,0.0,0.0,1.3944025389838233,0.0,-0.0,0.0,1.0,0
2021-11-25,0.0,0.0,0.0,1.3944025389838233,0.0,-0.0,0.0,1.0,0
2021-11-26,0.0,0.0,0.0,1.3944025389838233,0.0,-0.0,0.0,1.0,0
2021-11-29,0.0,0.0,0.0,1.3944025389838233,0.0,-0.0,0.0,1.0,0
2021-11-30,0.0,0.0,0.0,1.3944025389838233,0.0,-0.0,0.0,1.0,0
2021-12-01,0.0,0.0,0.0,1.3944025389838233,0.0,-0.0,0.0,1.0,0
2021-12-02,0.0,0.0,0.0,1.3944025389838233,0.0,-0.0,0.0,1.0,0
2021-12-03,0.0,0.0,0.0,1.3944025389838233,0.0,-0.0,0.0,1.0,0
2021-12-06,0.0,0.0,0.0,1.3944025389838233,0.0,-0.0,0.0,1.0,0
2021-12-07,0.0,0.0,0.0,1.3944025389838233,0.0,-0.0,0.0,1.0,0
2021-12-08,0.0,0.0,0.0,1.3944025389838233,0.0,-0.0,0.0,1.0,0
2021-12-09,0.0,0.0,0.0,1.3944025389838233,0.0,-0.0,0.0,1.0,0
2021-12-10,0.0,0.0,0.0,1.3944025389838233,0.0,-0.0,0.0,1.0,0
2021-12-13,0.0,0.0,0.0,1.3944025389838233,0.0,-0.0,0.0,1.0,0
2021-12-14,0.0,0.0,0.0,1.3944025389838233,0.0,-0.0,0.0,1.0,0
2021-12-15,0.0,0.0,0.0,1.3944025389838233,0.0,-0.0,0.0,1.0,0
2021-12-16,0.0,0.0,0.0,1.3944025389838233,0.0,-0.0,0.0,1.0,0
2021-12-17,0.0,0.0,0.0,1.3944025389838233,0.0,-0.0,0.0,1.0,0
2021-12-20,0.0,0.0,0.0,1.3944025389838233,0.0,-0.0,0.0,1.0,0
2021-12-21,0.0,0.0,0.0,1.3944025389838233,0.0,-0.0,0.0,1.0,0
2021-12-22,0.0,0.0,0.0,1.3944025389838233,0.0,-0.0,0.0,1.0,0
2021-12-23,0.0,0.0,0.0,1.3944025389838233,0.0,-0.0,0.0,1.0,0
2021-12-24,0.0,0.0,0.0,1.3944025389838233,0.0,-0.0,0.0,1.0,0
2021-12-27,0.0,0.0,0.0,1.3944025389838233,0.0,-0.0,0.0,1.0,0
2021-12-28,0.0,0.0,0.0,1.3944025389838233,0.0,-0.0,0.0,1.0,0
2021-12-29,0.0,0.0,0.0,1.3944025389838233,0.0,-0.0,0.0,1.0,0
2021-12-30,0.0,0.0,0.0,1.3944025389838233,0.0,-0.0,0.0,1.0,0
2021-12-31,0.0,0.0,0.0,1.3944025389838233,0.0,-0.0,0.0,1.0,0
2022-01-04,0.0,0.0,0.0,1.3944025389838233,0.0,-0.0,0.0,1.0,0
2022-01-05,0.0,0.0,0.0,1.3944025389838233,0.0,-0.0,0.0,1.0,0
2022-01-06,0.0,0.0,0.0,1.3944025389838233,0.0,-0.0,0.0,1.0,0
2022-01-07,0.0,0.0,0.0,1.3944025389838233,0.0,-0.0,0.0,1.0,0
2022-01-10,0.0,0.0,0.0,1.3944025389838233,0.0,-0.0,0.0,1.0,0
2022-01-11,0.0,0.0,0.0,1.3944025389838233,0.0,-0.0,0.0,1.0,0
2022-01-12,0.0,0.0,0.0,1.3944025389838233,0.0,-0.0,0.0,1.0,0
2022-01-13,0.0,0.0,0.0,1.3944025389838233,0.0,-0.0,0.0,1.0,0
2022-01-14,0.0,0.0,0.0,1.3944025389838233,0.0,-0.0,0.0,1.0,0
2022-01-17,0.0,0.0,0.0,1.3944025389838233,0.0,-0.0,0.0,1.0,0
2022-01-18,0.0,0.0,0.0,1.3944025389838233,0.0,-0.0,0.0,1.0,0
2022-01-19,0.0,0.0,0.0,1.3944025389838233,0.0,-0.0,0.0,1.0,0
2022-01-20,0.0,0.0,0.0,1.3944025389838233,0.0,-0.0,0.0,1.0,0
2022-01-21,0.0,0.0,0.0,1.3944025389838233,0.0,-0.0,0.0,1.0,0
2022-01-24,0.0,0.0,0.0,1.3944025389838233,0.0,-0.0,0.0,1.0,0
2022-01-25,0.0,0.0,0.0,1.3944025389838233,0.0,-0.0,0.0,1.0,0
2022-01-26,0.0,0.0,0.0,1.3944025389838233,0.0,-0.0,0.0,1.0,0
2022-01-27,0.0,0.0,0.0,1.3944025389838233,0.0,-0.0,0.0,1.0,0
2022-01-28,0.0,0.0,0.0,1.3944025389838233,0.0,-0.0,0.0,1.0,0
2022-02-07,0.0,0.0,0.0,1.3944025389838233,0.0,-0.0,0.0,1.0,0
2022-02-08,0.0,0.0,0.0,1.3944025389838233,0.0,-0.0,0.0,1.0,0
2022-02-09,0.0,0.0,0.0,1.3944025389838233,0.0,-0.0,0.0,1.0,0
2022-02-10,0.0,0.0,0.0,1.3944025389838233,0.0,-0.0,0.0,1.0,0
2022-02-11,0.0,0.0,0.0,1.3944025389838233,0.0,-0.0,0.0,1.0,0
2022-02-14,0.0,0.0,0.0,1.3944025389838233,0.0,-0.0,0.0,1.0,0
2022-02-15,0.0,0.0,0.0,1.3944025389838233,0.0,-0.0,0.0,1.0,0
2022-02-16,0.0,0.0,0.0,1.3944025389838233,0.0,-0.0,0.0,1.0,0
2022-02-17,0.0,0.0,0.0,1.3944025389838233,0.0,-0.0,0.0,1.0,0
2022-02-18,0.0,0.0,0.0,1.3944025389838233,0.0,-0.0,0.0,1.0,0
2022-02-21,0.0,0.0,0.0,1.3944025389838233,0.0,-0.0,0.0,1.0,0
2022-02-22,0.0,0.0,0.0,1.3944025389838233,0.0,-0.0,0.0,1.0,0
2022-02-23,0.0,0.0,0.0,1.3944025389838233,0.0,-0.0,0.0,1.0,0
2022-02-24,0.0,0.0,0.0,1.3944025389838233,0.0,-0.0,0.0,1.0,0
2022-02-25,0.0,0.0,0.0,1.3944025389838233,0.0,-0.0,0.0,1.0,0
2022-02-28,0.0,0.0,0.0,1.3944025389838233,0.0,-0.0,0.0,1.0,0
2022-03-01,0.0,0.0,0.0,1.3944025389838233,0.0,-0.0,0.0,1.0,0
2022-03-02,0.0,0.0,0.0,1.3944025389838233,0.0,-0.0,0.0,1.0,0
2022-03-03,0.0,0.0,0.0,1.3944025389838233,0.0,-0.0,0.0,1.0,0
2022-03-04,0.0,0.0,0.0,1.3944025389838233,0.0,-0.0,0.0,1.0,0
2022-03-07,0.0,0.0,0.0,1.3944025389838233,0.0,-0.0,0.0,1.0,0
2022-03-08,0.0,0.0,0.0,1.3944025389838233,0.0,-0.0,0.0,1.0,0
2022-03-09,0.0,0.0,0.0,1.3944025389838233,0.0,-0.0,0.0,1.0,0
2022-03-10,0.0,0.0,0.0,1.3944025389838233,0.0,-0.0,0.0,1.0,0
2022-03-11,0.0,0.0,0.0,1.3944025389838233,0.0,-0.0,0.0,1.0,0
2022-03-14,0.0,0.0,0.0,1.3944025389838233,0.0,-0.0,0.0,1.0,0
2022-03-15,0.0,0.0,0.0,1.3944025389838233,0.0,-0.0,0.0,1.0,0
2022-03-16,0.0,0.0,0.0,1.3944025389838233,0.0,-0.0,0.0,1.0,0
2022-03-17,0.0,0.0,0.0,1.3944025389838233,0.0,-0.0,0.0,1.0,0
2022-03-18,0.0,0.0,0.0,1.3944025389838233,0.0,-0.0,0.0,1.0,0
2022-03-21,0.0,0.0,0.0,1.3944025389838233,0.0,-0.0,0.0,1.0,0
2022-03-22,0.0,0.0,0.0,1.3944025389838233,0.0,-0.0,0.0,1.0,0
2022-03-23,0.0,0.0,0.0,1.3944025389838233,0.0,-0.0,0.0,1.0,0
2022-03-24,0.0,0.0,0.0,1.3944025389838233,0.0,-0.0,0.0,1.0,0
2022-03-25,0.0,0.0,0.0,1.3944025389838233,0.0,-0.0,0.0,1.0,0
2022-03-28,0.0,0.0,0.0,1.3944025389838233,0.0,-0.0,0.0,1.0,0
2022-03-29,0.0,0.0,0.0,1.3944025389838233,0.0,-0.0,0.0,1.0,0
2022-03-30,0.0,0.0,0.0,1.3944025389838233,0.0,-0.0,0.0,1.0,0
2022-03-31,0.0,0.0,0.0,1.3944025389838233,0.0,-0.0,0.0,1.0,0
2022-04-01,0.0,0.0,0.0,1.3944025389838233,0.0,-0.0,0.0,1.0,0
2022-04-06,0.0,0.0,0.0,1.3944025389838233,0.0,-0.0,0.0,1.0,0
2022-04-07,0.0,0.0,0.0,1.3944025389838233,0.0,-0.0,0.0,1.0,0
2022-04-08,0.0,0.0,0.0,1.3944025389838233,0.0,-0.0,0.0,1.0,0
2022-04-11,0.0,0.0,0.0,1.3944025389838233,0.0,-0.0,0.0,1.0,0
2022-04-12,0.0,0.0,0.0,1.3944025389838233,0.0,-0.0,0.0,1.0,0
2022-04-13,0.0,0.0,0.0,1.3944025389838233,0.0,-0.0,0.0,1.0,0
2022-04-14,0.0,0.0,0.0,1.3944025389838233,0.0,-0.0,0.0,1.0,0
2022-04-15,0.0,0.0,0.0,1.3944025389838233,0.0,-0.0,0.0,1.0,0
2022-04-18,0.0,0.0,0.0,1.3944025389838233,0.0,-0.0,0.0,1.0,0
2022-04-19,0.0,0.0,0.0,1.3944025389838233,0.0,-0.0,0.0,1.0,0
2022-04-20,0.0,0.0,0.0,1.3944025389838233,0.0,-0.0,0.0,1.0,0
2022-04-21,0.0,0.0,0.0,1.3944025389838233,0.0,-0.0,0.0,1.0,0
2022-04-22,0.0,0.0,0.0,1.3944025389838233,0.0,-0.0,0.0,1.0,0
2022-04-25,0.0,0.0,0.0,1.3944025389838233,0.0,-0.0,0.0,1.0,0
2022-04-26,0.0,0.0,0.0,1.3944025389838233,0.0,-0.0,0.0,1.0,0
2022-04-27,0.0,0.0,0.0,1.3944025389838233,0.0,-0.0,0.0,1.0,0
2022-04-28,0.0,0.0,0.0,1.3944025389838233,0.0,-0.0,0.0,1.0,0
2022-04-29,0.0,0.0,0.0,1.3944025389838233,0.0,-0.0,0.0,1.0,0
2022-05-05,0.0,0.0,0.0,1.3944025389838233,0.0,-0.0,0.0,1.0,0
2022-05-06,0.0,0.0,0.0,1.3944025389838233,0.0,-0.0,0.0,1.0,0
2022-05-09,0.0,0.0,0.0,1.3944025389838233,0.0,-0.0,0.0,1.0,0
2022-05-10,0.0,0.0,0.0,1.3944025389838233,0.0,-0.0,0.0,1.0,0
2022-05-11,0.0,0.0,0.0,1.3944025389838233,0.0,-0.0,0.0,1.0,0
2022-05-12,0.0,0.0,0.0,1.3944025389838233,0.0,-0.0,0.0,1.0,0
2022-05-13,0.0,0.0,0.0,1.3944025389838233,0.0,-0.0,0.0,1.0,0
2022-05-16,0.0,0.0,0.0,1.3944025389838233,0.0,-0.0,0.0,1.0,0
2022-05-17,0.0,0.0,0.0,1.3944025389838233,0.0,-0.0,0.0,1.0,0
2022-05-18,0.0,0.0,0.0,1.3944025389838233,0.0,-0.0,0.0,1.0,0
2022-05-19,0.0,0.0,0.0,1.3944025389838233,0.0,-0.0,0.0,1.0,0
2022-05-20,0.0,0.0,0.0,1.3944025389838233,0.0,-0.0,0.0,1.0,0
2022-05-23,0.0,0.0,0.0,1.3944025389838233,0.0,-0.0,0.0,1.0,0
2022-05-24,0.0,0.0,0.0,1.3944025389838233,0.0,-0.0,0.0,1.0,0
2022-05-25,0.0,0.0,0.0,1.3944025389838233,0.0,-0.0,0.0,1.0,0
2022-05-26,0.0,0.0,0.0,1.3944025389838233,0.0,-0.0,0.0,1.0,0
2022-05-27,0.0,0.0,0.0,1.3944025389838233,0.0,-0.0,0.0,1.0,0
2022-05-30,0.0,0.0,0.0,1.3944025389838233,0.0,-0.0,0.0,1.0,0
2022-05-31,0.0,0.0,0.0,1.3944025389838233,0.0,-0.0,0.0,1.0,0
2022-06-01,0.0,0.0,0.0,1.3944025389838233,0.0,-0.0,0.0,1.0,0
2022-06-02,0.0,0.0,0.0,1.3944025389838233,0.0,-0.0,0.0,1.0,0
2022-06-06,0.0,0.0,0.0,1.3944025389838233,0.0,-0.0,0.0,1.0,0
2022-06-07,0.0,0.0,0.0,1.3944025389838233,0.0,-0.0,0.0,1.0,0
2022-06-08,0.0,0.0,0.0,1.3944025389838233,0.0,-0.0,0.0,1.0,0
2022-06-09,0.0,0.0,0.0,1.3944025389838233,0.0,-0.0,0.0,1.0,0
2022-06-10,0.0,0.0,0.0,1.3944025389838233,0.0,-0.0,0.0,1.0,0
2022-06-13,0.0,0.0,0.0,1.3944025389838233,0.0,-0.0,0.0,1.0,0
2022-06-14,0.0,0.0,0.0,1.3944025389838233,0.0,-0.0,0.0,1.0,0
2022-06-15,0.0,0.0,0.0,1.3944025389838233,0.0,-0.0,0.0,1.0,0
2022-06-16,0.0,0.0,0.0,1.3944025389838233,0.0,-0.0,0.0,1.0,0
2022-06-17,0.0,0.0,0.0,1.3944025389838233,0.0,-0.0,0.0,1.0,0
2022-06-20,0.0,0.0,0.0,1.3944025389838233,0.0,-0.0,0.0,1.0,0
2022-06-21,0.0,0.0,0.0,1.3944025389838233,0.0,-0.0,0.0,1.0,0
2022-06-22,0.0,0.0,0.0,1.3944025389838233,0.0,-0.0,0.0,1.0,0
2022-06-23,0.0,0.0,0.0,1.3944025389838233,0.0,-0.0,0.0,1.0,0
2022-06-24,0.0,0.0,0.0,1.3944025389838233,0.0,-0.0,0.0,1.0,0
2022-06-27,0.0,0.0,0.0,1.3944025389838233,0.0,-0.0,0.0,1.0,0
2022-06-28,0.0,0.0,0.0,1.3944025389838233,0.0,-0.0,0.0,1.0,0
2022-06-29,0.0,0.0,0.0,1.3944025389838233,0.0,-0.0,0.0,1.0,0
2022-06-30,0.0,0.0,0.0,1.3944025389838233,0.0,-0.0,0.0,1.0,0
2022-07-01,0.0,0.0,0.0,1.3944025389838233,0.0,-0.0,0.0,1.0,0
2022-07-04,0.0,0.0,0.0,1.3944025389838233,0.0,-0.0,0.0,1.0,0
2022-07-05,0.0,0.0,0.0,1.3944025389838233,0.0,-0.0,0.0,1.0,0
2022-07-06,0.0,0.0,0.0,1.3944025389838233,0.0,-0.0,0.0,1.0,0
2022-07-07,0.0,0.0,0.0,1.3944025389838233,0.0,-0.0,0.0,1.0,0
2022-07-08,0.0,0.0,0.0,1.3944025389838233,0.0,-0.0,0.0,1.0,0
2022-07-11,0.0,0.0,0.0,1.3944025389838233,0.0,-0.0,0.0,1.0,0
2022-07-12,0.0,0.0,0.0,1.3944025389838233,0.0,-0.0,0.0,1.0,0
2022-07-13,0.0,0.0,0.0,1.3944025389838233,0.0,-0.0,0.0,1.0,0
2022-07-14,0.0,0.0,0.0,1.3944025389838233,0.0,-0.0,0.0,1.0,0
2022-07-15,0.0,0.0,0.0,1.3944025389838233,0.0,-0.0,0.0,1.0,0
2022-07-18,0.0,0.0,0.0,1.3944025389838233,0.0,-0.0,0.0,1.0,0
2022-07-19,0.0,0.0,0.0,1.3944025389838233,0.0,-0.0,0.0,1.0,0
2022-07-20,0.0,0.0,0.0,1.3944025389838233,0.0,-0.0,0.0,1.0,0
2022-07-21,0.0,0.0,0.0,1.3944025389838233,0.0,-0.0,0.0,1.0,0
2022-07-22,0.0,0.0,0.0,1.3944025389838233,0.0,-0.0,0.0,1.0,0
2022-07-25,0.0,0.0,0.0,1.3944025389838233,0.0,-0.0,0.0,1.0,0
2022-07-26,0.0,0.0,0.0,1.3944025389838233,0.0,-0.0,0.0,1.0,0
2022-07-27,0.0,0.0,0.0,1.3944025389838233,0.0,-0.0,0.0,1.0,0
2022-07-28,0.0,0.0,0.0,1.3944025389838233,0.0,-0.0,0.0,1.0,0
2022-07-29,0.0,0.0,0.0,1.3944025389838233,0.0,-0.0,0.0,1.0,0
2022-08-01,0.0,0.0,0.0,1.3944025389838233,0.0,-0.0,0.0,1.0,0
2022-08-02,0.0,0.0,0.0,1.3944025389838233,0.0,-0.0,0.0,1.0,0
2022-08-03,0.0,0.0,0.0,1.3944025389838233,0.0,-0.0,0.0,1.0,0
2022-08-04,0.0,0.0,0.0,1.3944025389838233,0.0,-0.0,0.0,1.0,0
2022-08-05,0.0,0.0,0.0,1.3944025389838233,0.0,-0.0,0.0,1.0,0
2022-08-08,0.0,0.0,0.0,1.3944025389838233,0.0,-0.0,0.0,1.0,0
2022-08-09,0.0,0.0,0.0,1.3944025389838233,0.0,-0.0,0.0,1.0,0
2022-08-10,0.0,0.0,0.0,1.3944025389838233,0.0,-0.0,0.0,1.0,0
2022-08-11,0.0,0.0,0.0,1.3944025389838233,0.0,-0.0,0.0,1.0,0
2022-08-12,0.0,0.0,0.0,1.3944025389838233,0.0,-0.0,0.0,1.0,0
2022-08-15,0.0,0.0,0.0,1.3944025389838233,0.0,-0.0,0.0,1.0,0
2022-08-16,0.0,0.0,0.0,1.3944025389838233,0.0,-0.0,0.0,1.0,0
2022-08-17,0.0,0.0,0.0,1.3944025389838233,0.0,-0.0,0.0,1.0,0
2022-08-18,0.0,0.0,0.0,1.3944025389838233,0.0,-0.0,0.0,1.0,0
2022-08-19,0.0,0.0,0.0,1.3944025389838233,0.0,-0.0,0.0,1.0,0
2022-08-22,0.0,0.0,0.0,1.3944025389838233,0.0,-0.0,0.0,1.0,0
2022-08-23,0.0,0.0,0.0,1.3944025389838233,0.0,-0.0,0.0,1.0,0
2022-08-24,0.0,0.0,0.0,1.3944025389838233,0.0,-0.0,0.0,1.0,0
2022-08-25,0.0,0.0,0.0,1.3944025389838233,0.0,-0.0,0.0,1.0,0
2022-08-26,0.0,0.0,0.0,1.3944025389838233,0.0,-0.0,0.0,1.0,0
2022-08-29,0.0,0.0,0.0,1.3944025389838233,0.0,-0.0,0.0,1.0,0
2022-08-30,0.0,0.0,0.0,1.3944025389838233,0.0,-0.0,0.0,1.0,0
2022-08-31,0.0,0.0,0.0,1.3944025389838233,0.0,-0.0,0.0,1.0,0
2022-09-01,0.0,0.0,0.0,1.3944025389838233,0.0,-0.0,0.0,1.0,0
2022-09-02,0.0,0.0,0.0,1.3944025389838233,0.0,-0.0,0.0,1.0,0
2022-09-05,0.0,0.0,0.0,1.3944025389838233,0.0,-0.0,0.0,1.0,0
2022-09-06,0.0,0.0,0.0,1.3944025389838233,0.0,-0.0,0.0,1.0,0
2022-09-07,0.0,0.0,0.0,1.3944025389838233,0.0,-0.0,0.0,1.0,0
2022-09-08,0.0,0.0,0.0,1.3944025389838233,0.0,-0.0,0.0,1.0,0
2022-09-09,0.0,0.0,0.0,1.3944025389838233,0.0,-0.0,0.0,1.0,0
2022-09-13,0.0,0.0,0.0,1.3944025389838233,0.0,-0.0,0.0,1.0,0
2022-09-14,0.0,0.0,0.0,1.3944025389838233,0.0,-0.0,0.0,1.0,0
2022-09-15,0.0,0.0,0.0,1.3944025389838233,0.0,-0.0,0.0,1.0,0
2022-09-16,0.0,0.0,0.0,1.3944025389838233,0.0,-0.0,0.0,1.0,0
2022-09-19,0.0,0.0,0.0,1.3944025389838233,0.0,-0.0,0.0,1.0,0
2022-09-20,0.0,0.0,0.0,1.3944025389838233,0.0,-0.0,0.0,1.0,0
2022-09-21,0.0,0.0,0.0,1.3944025389838233,0.0,-0.0,0.0,1.0,0
2022-09-22,0.0,0.0,0.0,1.3944025389838233,0.0,-0.0,0.0,1.0,0
2022-09-23,0.0,0.0,0.0,1.3944025389838233,0.0,-0.0,0.0,1.0,0
2022-09-26,0.0,0.0,0.0,1.3944025389838233,0.0,-0.0,0.0,1.0,0
2022-09-27,0.0,0.0,0.0,1.3944025389838233,0.0,-0.0,0.0,1.0,0
2022-09-28,0.0,0.0,0.0,1.3944025389838233,0.0,-0.0,0.0,1.0,0
2022-09-29,0.0,0.0,0.0,1.3944025389838233,0.0,-0.0,0.0,1.0,0
2022-09-30,0.0,0.0,0.0,1.3944025389838233,0.0,-0.0,0.0,1.0,0
2022-10-10,0.0,0.0,0.0,1.3944025389838233,0.0,-0.0,0.0,1.0,0
2022-10-11,0.0,0.0,0.0,1.3944025389838233,0.0,-0.0,0.0,1.0,0
2022-10-12,0.0,0.0,0.0,1.3944025389838233,0.0,-0.0,0.0,1.0,0
2022-10-13,0.0,0.0,0.0,1.3944025389838233,0.0,-0.0,0.0,1.0,0
2022-10-14,0.0,0.0,0.0,1.3944025389838233,0.0,-0.0,0.0,1.0,0
2022-10-17,0.0,0.0,0.0,1.3944025389838233,0.0,-0.0,0.0,1.0,0
2022-10-18,0.0,0.0,0.0,1.3944025389838233,0.0,-0.0,0.0,1.0,0
2022-10-19,0.0,0.0,0.0,1.3944025389838233,0.0,-0.0,0.0,1.0,0
2022-10-20,0.0,0.0,0.0,1.3944025389838233,0.0,-0.0,0.0,1.0,0
2022-10-21,0.0,0.0,0.0,1.3944025389838233,0.0,-0.0,0.0,1.0,0
2022-10-24,0.0,0.0,0.0,1.3944025389838233,0.0,-0.0,0.0,1.0,0
2022-10-25,0.0,0.0,0.0,1.3944025389838233,0.0,-0.0,0.0,1.0,0
2022-10-26,0.0,0.0,0.0,1.3944025389838233,0.0,-0.0,0.0,1.0,0
2022-10-27,0.0,0.0,0.0,1.3944025389838233,0.0,-0.0,0.0,1.0,0
2022-10-28,0.0,0.0,0.0,1.3944025389838233,0.0,-0.0,0.0,1.0,0
2022-10-31,0.0,0.0,0.0,1.3944025389838233,0.0,-0.0,0.0,1.0,0
2022-11-01,0.0,0.0,0.0,1.3944025389838233,0.0,-0.0,0.0,1.0,0
2022-11-02,0.0,0.0,0.0,1.3944025389838233,0.0,-0.0,0.0,1.0,0
2022-11-03,0.0,0.0,0.0,1.3944025389838233,0.0,-0.0,0.0,1.0,0
2022-11-04,0.0,0.0,0.0,1.3944025389838233,0.0,-0.0,0.0,1.0,0
2022-11-07,0.0,0.0,0.0,1.3944025389838233,0.0,-0.0,0.0,1.0,0
2022-11-08,0.0,0.0,0.0,1.3944025389838233,0.0,-0.0,0.0,1.0,0
2022-11-09,0.0,0.0,0.0,1.3944025389838233,0.0,-0.0,0.0,1.0,0
2022-11-10,0.0,0.0,0.0,1.3944025389838233,0.0,-0.0,0.0,1.0,0
2022-11-11,0.0,0.0,0.0,1.3944025389838233,0.0,-0.0,0.0,1.0,0
2022-11-14,0.0,0.0,0.0,1.3944025389838233,0.0,-0.0,0.0,1.0,0
2022-11-15,0.0,0.0,0.0,1.3944025389838233,0.0,-0.0,0.0,1.0,0
2022-11-16,0.0,0.0,0.0,1.3944025389838233,0.0,-0.0,0.0,1.0,0
2022-11-17,0.0,0.0,0.0,1.3944025389838233,0.0,-0.0,0.0,1.0,0
2022-11-18,0.0,0.0,0.0,1.3944025389838233,0.0,-0.0,0.0,1.0,0
2022-11-21,0.0,0.0,0.0,1.3944025389838233,0.0,-0.0,0.0,1.0,0
2022-11-22,0.0,0.0,0.0,1.3944025389838233,0.0,-0.0,0.0,1.0,0
2022-11-23,0.0,0.0,0.0,1.3944025389838233,0.0,-0.0,0.0,1.0,0
2022-11-24,0.0,0.0,0.0,1.3944025389838233,0.0,-0.0,0.0,1.0,0
2022-11-25,0.0,0.0,0.0,1.3944025389838233,0.0,-0.0,0.0,1.0,0
2022-11-28,0.0,0.0,0.0,1.3944025389838233,0.0,-0.0,0.0,1.0,0
2022-11-29,0.0,0.0,0.0,1.3944025389838233,0.0,-0.0,0.0,1.0,0
2022-11-30,0.0,0.0,0.0,1.3944025389838233,0.0,-0.0,0.0,1.0,0
2022-12-01,0.0,0.0,0.0,1.3944025389838233,0.0,-0.0,0.0,1.0,0
2022-12-02,0.0,0.0,0.0,1.3944025389838233,0.0,-0.0,0.0,1.0,0
2022-12-05,0.0,0.0,0.0,1.3944025389838233,0.0,-0.0,0.0,1.0,0
2022-12-06,0.0,0.0,0.0,1.3944025389838233,0.0,-0.0,0.0,1.0,0
2022-12-07,0.0,0.0,0.0,1.3944025389838233,0.0,-0.0,0.0,1.0,0
2022-12-08,0.0,0.0,0.0,1.3944025389838233,0.0,-0.0,0.0,1.0,0
2022-12-09,0.0,0.0,0.0,1.3944025389838233,0.0,-0.0,0.0,1.0,0
2022-12-12,0.0,0.0,0.0,1.3944025389838233,0.0,-0.0,0.0,1.0,0
2022-12-13,0.0,0.0,0.0,1.3944025389838233,0.0,-0.0,0.0,1.0,0
2022-12-14,0.0,0.0,0.0,1.3944025389838233,0.0,-0.0,0.0,1.0,0
2022-12-15,0.0,0.0,0.0,1.3944025389838233,0.0,-0.0,0.0,1.0,0
2022-12-16,0.0,0.0,0.0,1.3944025389838233,0.0,-0.0,0.0,1.0,0
2022-12-19,0.0,0.0,0.0,1.3944025389838233,0.0,-0.0,0.0,1.0,0
2022-12-20,0.0,0.0,0.0,1.3944025389838233,0.0,-0.0,0.0,1.0,0
2022-12-21,0.0,0.0,0.0,1.3944025389838233,0.0,-0.0,0.0,1.0,0
2022-12-22,0.0,0.0,0.0,1.3944025389838233,0.0,-0.0,0.0,1.0,0
2022-12-23,0.0,0.0,0.0,1.3944025389838233,0.0,-0.0,0.0,1.0,0
2022-12-26,0.0,0.0,0.0,1.3944025389838233,0.0,-0.0,0.0,1.0,0
2022-12-27,0.0,0.0,0.0,1.3944025389838233,0.0,-0.0,0.0,1.0,0
2022-12-28,0.0,0.0,0.0,1.3944025389838233,0.0,-0.0,0.0,1.0,0
2022-12-29,0.0,0.0,0.0,1.3944025389838233,0.0,-0.0,0.0,1.0,0
2022-12-30,0.0,0.0,0.0,1.3944025389838233,0.0,-0.0,0.0,1.0,0
2023-01-03,0.0,0.0,0.0,1.3944025389838233,0.0,-0.0,0.0,1.0,0
2023-01-04,0.0,0.0,0.0,1.3944025389838233,0.0,-0.0,0.0,1.0,0
2023-01-05,0.0,0.0,0.0,1.3944025389838233,0.0,-0.0,0.0,1.0,0
2023-01-06,0.0,0.0,0.0,1.3944025389838233,0.0,-0.0,0.0,1.0,0
2023-01-09,0.0,0.0,0.0,1.3944025389838233,0.0,-0.0,0.0,1.0,0
2023-01-10,0.0,0.0,0.0,1.3944025389838233,0.0,-0.0,0.0,1.0,0
2023-01-11,0.0,0.0,0.0,1.3944025389838233,0.0,-0.0,0.0,1.0,0
2023-01-12,0.0,0.0,0.0,1.3944025389838233,0.0,-0.0,0.0,1.0,0
2023-01-13,0.0,0.0,0.0,1.3944025389838233,0.0,-0.0,0.0,1.0,0
2023-01-16,0.0,0.0,0.0,1.3944025389838233,0.0,-0.0,0.0,1.0,0
2023-01-17,0.0,0.0,0.0,1.3944025389838233,0.0,-0.0,0.0,1.0,0
2023-01-18,0.0,0.0,0.0,1.3944025389838233,0.0,-0.0,0.0,1.0,0
2023-01-19,0.0,0.0,0.0,1.3944025389838233,0.0,-0.0,0.0,1.0,0
2023-01-20,0.0,0.0,0.0,1.3944025389838233,0.0,-0.0,0.0,1.0,0
2023-01-30,0.0,0.0,0.0,1.3944025389838233,0.0,-0.0,0.0,1.0,0
2023-01-31,0.0,0.0,0.0,1.3944025389838233,0.0,-0.0,0.0,1.0,0
2023-02-01,0.014653665859423348,0.001,0.013653665859423347,1.4134412453246399,1.0,-0.0,1.0,0.0,4
2023-02-02,-0.008908385566116672,0.0,-0.008908385566116672,1.4008497657362358,0.0,-0.0,1.0,0.0,4
2023-02-03,-0.00987677504231202,0.0,-0.00987677504231202,1.3870138877319835,0.0,-0.0,1.0,0.0,4
2023-02-06,-0.012071665071130472,0.0,-0.012071665071130472,1.3702703206302764,0.0,-0.0,1.0,0.0,4
2023-02-07,0.00044588550275745376,0.0,0.00044588550275745376,1.370881304301104,0.0,-0.0,1.0,0.0,4
2023-02-08,-0.006573695068836566,0.0,-0.006573695068836566,1.3618695486310597,0.0,-0.0,1.0,0.0,4
2023-02-09,0.015410471488613353,0.0,0.015410471488613353,1.3828566004814495,0.0,-0.0,1.0,0.0,4
2023-02-10,-0.010121096053812617,0.0,-0.010121096053812617,1.368860575999328,0.0,-0.0,1.0,0.0,4
2023-02-13,0.00708499075929514,0.0,0.00708499075929514,1.3785589405310466,0.0,-0.0,1.0,0.0,4
2023-02-14,-0.0015441264059598836,0.0,-0.0015441264059598836,1.3764302712688004,0.0,-0.0,1.0,0.0,4
2023-02-15,-0.006489508771572616,0.0,-0.006489508771572616,1.3674979149499433,0.0,-0.0,1.0,0.0,4
2023-02-16,-0.012662338715479421,0.0,-0.012662338715479421,1.3501821931581353,0.0,-0.0,1.0,0.0,4
2023-02-17,-0.018499712206912988,0.0,-0.018499712206912988,1.325204211157811,0.0,-0.0,1.0,0.0,4
2023-02-20,0.019448898475447507,0.0,0.019448898475447507,1.3509779733198548,0.0,-0.0,1.0,0.0,4
2023-02-21,0.0028701652524247556,0.0,0.0028701652524247556,1.3548555033556686,0.0,-0.0,1.0,0.0,4
2023-02-22,-0.00668201232638066,0.0,-0.00668201232638066,1.3458023421817813,0.0,-0.0,1.0,0.0,4
2023-02-23,0.005739713771883176,0.0,0.005739713771883176,1.3535268624194345,0.0,-0.0,1.0,0.0,4
2023-02-24,-0.011837860203683825,0.0,-0.011837860203683825,1.3375040006401824,0.0,-0.0,1.0,0.0,4
2023-02-27,-0.0065688712195749455,0.0,-0.0065688712195749455,1.3287181091043108,0.0,-0.0,1.0,0.0,4
2023-02-28,0.006319770468086738,0.0,0.006319770468086738,1.3371153025706402,0.0,-0.0,1.0,0.0,4
2023-03-01,0.0,0.001,-0.001,1.3357781872680694,0.0,1.0,0.0,1.0,0
2023-03-02,0.0,0.0,0.0,1.3357781872680694,0.0,-0.0,0.0,1.0,0
2023-03-03,0.0,0.0,0.0,1.3357781872680694,0.0,-0.0,0.0,1.0,0
2023-03-06,0.0,0.0,0.0,1.3357781872680694,0.0,-0.0,0.0,1.0,0
2023-03-07,0.0,0.0,0.0,1.3357781872680694,0.0,-0.0,0.0,1.0,0
2023-03-08,0.0,0.0,0.0,1.3357781872680694,0.0,-0.0,0.0,1.0,0
2023-03-09,0.0,0.0,0.0,1.3357781872680694,0.0,-0.0,0.0,1.0,0
2023-03-10,0.0,0.0,0.0,1.3357781872680694,0.0,-0.0,0.0,1.0,0
2023-03-13,0.0,0.0,0.0,1.3357781872680694,0.0,-0.0,0.0,1.0,0
2023-03-14,0.0,0.0,0.0,1.3357781872680694,0.0,-0.0,0.0,1.0,0
2023-03-15,0.0,0.0,0.0,1.3357781872680694,0.0,-0.0,0.0,1.0,0
2023-03-16,0.0,0.0,0.0,1.3357781872680694,0.0,-0.0,0.0,1.0,0
2023-03-17,0.0,0.0,0.0,1.3357781872680694,0.0,-0.0,0.0,1.0,0
2023-03-20,0.0,0.0,0.0,1.3357781872680694,0.0,-0.0,0.0,1.0,0
2023-03-21,0.0,0.0,0.0,1.3357781872680694,0.0,-0.0,0.0,1.0,0
2023-03-22,0.0,0.0,0.0,1.3357781872680694,0.0,-0.0,0.0,1.0,0
2023-03-23,0.0,0.0,0.0,1.3357781872680694,0.0,-0.0,0.0,1.0,0
2023-03-24,0.0,0.0,0.0,1.3357781872680694,0.0,-0.0,0.0,1.0,0
2023-03-27,0.0,0.0,0.0,1.3357781872680694,0.0,-0.0,0.0,1.0,0
2023-03-28,0.0,0.0,0.0,1.3357781872680694,0.0,-0.0,0.0,1.0,0
2023-03-29,0.0,0.0,0.0,1.3357781872680694,0.0,-0.0,0.0,1.0,0
2023-03-30,0.0,0.0,0.0,1.3357781872680694,0.0,-0.0,0.0,1.0,0
2023-03-31,0.0,0.0,0.0,1.3357781872680694,0.0,-0.0,0.0,1.0,0
2023-04-03,0.0,0.0,0.0,1.3357781872680694,0.0,-0.0,0.0,1.0,0
2023-04-04,0.0,0.0,0.0,1.3357781872680694,0.0,-0.0,0.0,1.0,0
2023-04-06,0.0,0.0,0.0,1.3357781872680694,0.0,-0.0,0.0,1.0,0
2023-04-07,0.0,0.0,0.0,1.3357781872680694,0.0,-0.0,0.0,1.0,0
2023-04-10,0.0,0.0,0.0,1.3357781872680694,0.0,-0.0,0.0,1.0,0
2023-04-11,0.0,0.0,0.0,1.3357781872680694,0.0,-0.0,0.0,1.0,0
2023-04-12,0.0,0.0,0.0,1.3357781872680694,0.0,-0.0,0.0,1.0,0
2023-04-13,0.0,0.0,0.0,1.3357781872680694,0.0,-0.0,0.0,1.0,0
2023-04-14,0.0,0.0,0.0,1.3357781872680694,0.0,-0.0,0.0,1.0,0
2023-04-17,0.0,0.0,0.0,1.3357781872680694,0.0,-0.0,0.0,1.0,0
2023-04-18,0.0,0.0,0.0,1.3357781872680694,0.0,-0.0,0.0,1.0,0
2023-04-19,0.0,0.0,0.0,1.3357781872680694,0.0,-0.0,0.0,1.0,0
2023-04-20,0.0,0.0,0.0,1.3357781872680694,0.0,-0.0,0.0,1.0,0
2023-04-21,0.0,0.0,0.0,1.3357781872680694,0.0,-0.0,0.0,1.0,0
2023-04-24,0.0,0.0,0.0,1.3357781872680694,0.0,-0.0,0.0,1.0,0
2023-04-25,0.0,0.0,0.0,1.3357781872680694,0.0,-0.0,0.0,1.0,0
2023-04-26,0.0,0.0,0.0,1.3357781872680694,0.0,-0.0,0.0,1.0,0
2023-04-27,0.0,0.0,0.0,1.3357781872680694,0.0,-0.0,0.0,1.0,0
2023-04-28,0.0,0.0,0.0,1.3357781872680694,0.0,-0.0,0.0,1.0,0
2023-05-04,0.0,0.0,0.0,1.3357781872680694,0.0,-0.0,0.0,1.0,0
2023-05-05,0.0,0.0,0.0,1.3357781872680694,0.0,-0.0,0.0,1.0,0
2023-05-08,0.0,0.0,0.0,1.3357781872680694,0.0,-0.0,0.0,1.0,0
2023-05-09,0.0,0.0,0.0,1.3357781872680694,0.0,-0.0,0.0,1.0,0
2023-05-10,0.0,0.0,0.0,1.3357781872680694,0.0,-0.0,0.0,1.0,0
2023-05-11,0.0,0.0,0.0,1.3357781872680694,0.0,-0.0,0.0,1.0,0
2023-05-12,0.0,0.0,0.0,1.3357781872680694,0.0,-0.0,0.0,1.0,0
2023-05-15,0.0,0.0,0.0,1.3357781872680694,0.0,-0.0,0.0,1.0,0
2023-05-16,0.0,0.0,0.0,1.3357781872680694,0.0,-0.0,0.0,1.0,0
2023-05-17,0.0,0.0,0.0,1.3357781872680694,0.0,-0.0,0.0,1.0,0
2023-05-18,0.0,0.0,0.0,1.3357781872680694,0.0,-0.0,0.0,1.0,0
2023-05-19,0.0,0.0,0.0,1.3357781872680694,0.0,-0.0,0.0,1.0,0
2023-05-22,0.0,0.0,0.0,1.3357781872680694,0.0,-0.0,0.0,1.0,0
2023-05-23,0.0,0.0,0.0,1.3357781872680694,0.0,-0.0,0.0,1.0,0
2023-05-24,0.0,0.0,0.0,1.3357781872680694,0.0,-0.0,0.0,1.0,0
2023-05-25,0.0,0.0,0.0,1.3357781872680694,0.0,-0.0,0.0,1.0,0
2023-05-26,0.0,0.0,0.0,1.3357781872680694,0.0,-0.0,0.0,1.0,0
2023-05-29,0.0,0.0,0.0,1.3357781872680694,0.0,-0.0,0.0,1.0,0
2023-05-30,0.0,0.0,0.0,1.3357781872680694,0.0,-0.0,0.0,1.0,0
2023-05-31,0.0,0.0,0.0,1.3357781872680694,0.0,-0.0,0.0,1.0,0
2023-06-01,0.0,0.0,0.0,1.3357781872680694,0.0,-0.0,0.0,1.0,0
2023-06-02,0.0,0.0,0.0,1.3357781872680694,0.0,-0.0,0.0,1.0,0
2023-06-05,0.0,0.0,0.0,1.3357781872680694,0.0,-0.0,0.0,1.0,0
2023-06-06,0.0,0.0,0.0,1.3357781872680694,0.0,-0.0,0.0,1.0,0
2023-06-07,0.0,0.0,0.0,1.3357781872680694,0.0,-0.0,0.0,1.0,0
2023-06-08,0.0,0.0,0.0,1.3357781872680694,0.0,-0.0,0.0,1.0,0
2023-06-09,0.0,0.0,0.0,1.3357781872680694,0.0,-0.0,0.0,1.0,0
2023-06-12,0.0,0.0,0.0,1.3357781872680694,0.0,-0.0,0.0,1.0,0
2023-06-13,0.0,0.0,0.0,1.3357781872680694,0.0,-0.0,0.0,1.0,0
2023-06-14,0.0,0.0,0.0,1.3357781872680694,0.0,-0.0,0.0,1.0,0
2023-06-15,0.0,0.0,0.0,1.3357781872680694,0.0,-0.0,0.0,1.0,0
2023-06-16,0.0,0.0,0.0,1.3357781872680694,0.0,-0.0,0.0,1.0,0
2023-06-19,0.0,0.0,0.0,1.3357781872680694,0.0,-0.0,0.0,1.0,0
2023-06-20,0.0,0.0,0.0,1.3357781872680694,0.0,-0.0,0.0,1.0,0
2023-06-21,0.0,0.0,0.0,1.3357781872680694,0.0,-0.0,0.0,1.0,0
2023-06-26,0.0,0.0,0.0,1.3357781872680694,0.0,-0.0,0.0,1.0,0
2023-06-27,0.0,0.0,0.0,1.3357781872680694,0.0,-0.0,0.0,1.0,0
2023-06-28,0.0,0.0,0.0,1.3357781872680694,0.0,-0.0,0.0,1.0,0
2023-06-29,0.0,0.0,0.0,1.3357781872680694,0.0,-0.0,0.0,1.0,0
2023-06-30,0.0,0.0,0.0,1.3357781872680694,0.0,-0.0,0.0,1.0,0
2023-07-03,0.0,0.0,0.0,1.3357781872680694,0.0,-0.0,0.0,1.0,0
2023-07-04,0.0,0.0,0.0,1.3357781872680694,0.0,-0.0,0.0,1.0,0
2023-07-05,0.0,0.0,0.0,1.3357781872680694,0.0,-0.0,0.0,1.0,0
2023-07-06,0.0,0.0,0.0,1.3357781872680694,0.0,-0.0,0.0,1.0,0
2023-07-07,0.0,0.0,0.0,1.3357781872680694,0.0,-0.0,0.0,1.0,0
2023-07-10,0.0,0.0,0.0,1.3357781872680694,0.0,-0.0,0.0,1.0,0
2023-07-11,0.0,0.0,0.0,1.3357781872680694,0.0,-0.0,0.0,1.0,0
2023-07-12,0.0,0.0,0.0,1.3357781872680694,0.0,-0.0,0.0,1.0,0
2023-07-13,0.0,0.0,0.0,1.3357781872680694,0.0,-0.0,0.0,1.0,0
2023-07-14,0.0,0.0,0.0,1.3357781872680694,0.0,-0.0,0.0,1.0,0
2023-07-17,0.0,0.0,0.0,1.3357781872680694,0.0,-0.0,0.0,1.0,0
2023-07-18,0.0,0.0,0.0,1.3357781872680694,0.0,-0.0,0.0,1.0,0
2023-07-19,0.0,0.0,0.0,1.3357781872680694,0.0,-0.0,0.0,1.0,0
2023-07-20,0.0,0.0,0.0,1.3357781872680694,0.0,-0.0,0.0,1.0,0
2023-07-21,0.0,0.0,0.0,1.3357781872680694,0.0,-0.0,0.0,1.0,0
2023-07-24,0.0,0.0,0.0,1.3357781872680694,0.0,-0.0,0.0,1.0,0
2023-07-25,0.0,0.0,0.0,1.3357781872680694,0.0,-0.0,0.0,1.0,0
2023-07-26,0.0,0.0,0.0,1.3357781872680694,0.0,-0.0,0.0,1.0,0
2023-07-27,0.0,0.0,0.0,1.3357781872680694,0.0,-0.0,0.0,1.0,0
2023-07-28,0.0,0.0,0.0,1.3357781872680694,0.0,-0.0,0.0,1.0,0
2023-07-31,0.0,0.0,0.0,1.3357781872680694,0.0,-0.0,0.0,1.0,0
2023-08-01,-0.0045234868346534785,0.001,-0.0055234868346534785,1.328400034036677,1.0,-0.0,1.0,0.0,4
2023-08-02,-0.004453632011150038,0.0,-0.004453632011150038,1.3224838291214787,0.0,-0.0,1.0,0.0,4
2023-08-03,0.013900244926209226,0.0,0.013900244926209226,1.340866678257218,0.0,-0.0,1.0,0.0,4
2023-08-04,0.0022798320815829165,0.0,0.0022798320815829165,1.3439236291274343,0.0,-0.0,1.0,0.0,4
2023-08-07,-0.005489488994502689,0.0,-0.005489488994502689,1.3365461751558871,0.0,-0.0,1.0,0.0,4
2023-08-08,-0.002974719346362009,0.0,-0.002974719346362009,1.3325703253913448,0.0,-0.0,1.0,0.0,4
2023-08-09,-0.0032427846443209563,0.0,-0.0032427846443209563,1.328249086802688,0.0,-0.0,1.0,0.0,4
2023-08-10,0.0067702350090848296,0.0,0.0067702350090848296,1.3372416452709444,0.0,-0.0,1.0,0.0,4
2023-08-11,-0.0251167731409479,0.0,-0.0251167731409479,1.3036544502320462,0.0,-0.0,1.0,0.0,4
2023-08-14,-0.007514706532185306,0.0,-0.007514706532185306,1.293857869619175,0.0,-0.0,1.0,0.0,4
2023-08-15,0.005354618375983916,0.0,0.005354618375983916,1.300785984743749,0.0,-0.0,1.0,0.0,4
2023-08-16,-0.0025752074020131133,0.0,-0.0025752074020131133,1.2974361910474022,0.0,-0.0,1.0,0.0,4
2023-08-17,0.005017547242678527,0.0,0.005017547242678527,1.3039461384303435,0.0,-0.0,1.0,0.0,4
2023-08-18,-0.012456425122575443,0.0,-0.012456425122575443,1.2877036309931145,0.0,-0.0,1.0,0.0,4
2023-08-21,-0.016126806489384055,0.0,-0.016126806489384055,1.2669370837204113,0.0,-0.0,1.0,0.0,4
2023-08-22,0.007294121257451297,0.0,0.007294121257451297,1.2761782764346297,0.0,-0.0,1.0,0.0,4
2023-08-23,-0.013336912900863529,0.0,-0.013336912900863529,1.2591579979158467,0.0,-0.0,1.0,0.0,4
2023-08-24,0.008703372699213563,0.0,0.008703372699213563,1.270116919258904,0.0,-0.0,1.0,0.0,4
2023-08-25,0.001299481132828656,0.0,0.001299481132828656,1.2717674122319673,0.0,-0.0,1.0,0.0,4
2023-08-28,0.013246697738455437,0.0,0.013246697738455437,1.288614130735422,0.0,-0.0,1.0,0.0,4
2023-08-29,0.0029520353773573593,0.0,0.0029520353773573593,1.2924181652371154,0.0,-0.0,1.0,0.0,4
2023-08-30,-0.010451020508664338,0.0,-0.010451020508664338,1.278911076486452,0.0,-0.0,1.0,0.0,4
2023-08-31,-0.010101864567343133,0.0,-0.010101864567343133,1.2659916899981107,0.0,-0.0,1.0,0.0,4
2023-09-01,0.0,0.001,-0.001,1.2647256983081125,0.0,1.0,0.0,1.0,0
2023-09-04,0.0,0.0,0.0,1.2647256983081125,0.0,-0.0,0.0,1.0,0
2023-09-05,0.0,0.0,0.0,1.2647256983081125,0.0,-0.0,0.0,1.0,0
2023-09-06,0.0,0.0,0.0,1.2647256983081125,0.0,-0.0,0.0,1.0,0
2023-09-07,0.0,0.0,0.0,1.2647256983081125,0.0,-0.0,0.0,1.0,0
2023-09-08,0.0,0.0,0.0,1.2647256983081125,0.0,-0.0,0.0,1.0,0
2023-09-11,0.0,0.0,0.0,1.2647256983081125,0.0,-0.0,0.0,1.0,0
2023-09-12,0.0,0.0,0.0,1.2647256983081125,0.0,-0.0,0.0,1.0,0
2023-09-13,0.0,0.0,0.0,1.2647256983081125,0.0,-0.0,0.0,1.0,0
2023-09-14,0.0,0.0,0.0,1.2647256983081125,0.0,-0.0,0.0,1.0,0
2023-09-15,0.0,0.0,0.0,1.2647256983081125,0.0,-0.0,0.0,1.0,0
2023-09-18,0.0,0.0,0.0,1.2647256983081125,0.0,-0.0,0.0,1.0,0
2023-09-19,0.0,0.0,0.0,1.2647256983081125,0.0,-0.0,0.0,1.0,0
2023-09-20,0.0,0.0,0.0,1.2647256983081125,0.0,-0.0,0.0,1.0,0
2023-09-21,0.0,0.0,0.0,1.2647256983081125,0.0,-0.0,0.0,1.0,0
2023-09-22,0.0,0.0,0.0,1.2647256983081125,0.0,-0.0,0.0,1.0,0
2023-09-25,0.0,0.0,0.0,1.2647256983081125,0.0,-0.0,0.0,1.0,0
2023-09-26,0.0,0.0,0.0,1.2647256983081125,0.0,-0.0,0.0,1.0,0
2023-09-27,0.0,0.0,0.0,1.2647256983081125,0.0,-0.0,0.0,1.0,0
2023-09-28,0.0,0.0,0.0,1.2647256983081125,0.0,-0.0,0.0,1.0,0
2023-10-09,0.0,0.0,0.0,1.2647256983081125,0.0,-0.0,0.0,1.0,0
2023-10-10,0.0,0.0,0.0,1.2647256983081125,0.0,-0.0,0.0,1.0,0
2023-10-11,0.0,0.0,0.0,1.2647256983081125,0.0,-0.0,0.0,1.0,0
2023-10-12,0.0,0.0,0.0,1.2647256983081125,0.0,-0.0,0.0,1.0,0
2023-10-13,0.0,0.0,0.0,1.2647256983081125,0.0,-0.0,0.0,1.0,0
2023-10-16,0.0,0.0,0.0,1.2647256983081125,0.0,-0.0,0.0,1.0,0
2023-10-17,0.0,0.0,0.0,1.2647256983081125,0.0,-0.0,0.0,1.0,0
2023-10-18,0.0,0.0,0.0,1.2647256983081125,0.0,-0.0,0.0,1.0,0
2023-10-19,0.0,0.0,0.0,1.2647256983081125,0.0,-0.0,0.0,1.0,0
2023-10-20,0.0,0.0,0.0,1.2647256983081125,0.0,-0.0,0.0,1.0,0
2023-10-23,0.0,0.0,0.0,1.2647256983081125,0.0,-0.0,0.0,1.0,0
2023-10-24,0.0,0.0,0.0,1.2647256983081125,0.0,-0.0,0.0,1.0,0
2023-10-25,0.0,0.0,0.0,1.2647256983081125,0.0,-0.0,0.0,1.0,0
2023-10-26,0.0,0.0,0.0,1.2647256983081125,0.0,-0.0,0.0,1.0,0
2023-10-27,0.0,0.0,0.0,1.2647256983081125,0.0,-0.0,0.0,1.0,0
2023-10-30,0.0,0.0,0.0,1.2647256983081125,0.0,-0.0,0.0,1.0,0
2023-10-31,0.0,0.0,0.0,1.2647256983081125,0.0,-0.0,0.0,1.0,0
2023-11-01,0.0,0.0,0.0,1.2647256983081125,0.0,-0.0,0.0,1.0,0
2023-11-02,0.0,0.0,0.0,1.2647256983081125,0.0,-0.0,0.0,1.0,0
2023-11-03,0.0,0.0,0.0,1.2647256983081125,0.0,-0.0,0.0,1.0,0
2023-11-06,0.0,0.0,0.0,1.2647256983081125,0.0,-0.0,0.0,1.0,0
2023-11-07,0.0,0.0,0.0,1.2647256983081125,0.0,-0.0,0.0,1.0,0
2023-11-08,0.0,0.0,0.0,1.2647256983081125,0.0,-0.0,0.0,1.0,0
2023-11-09,0.0,0.0,0.0,1.2647256983081125,0.0,-0.0,0.0,1.0,0
2023-11-10,0.0,0.0,0.0,1.2647256983081125,0.0,-0.0,0.0,1.0,0
2023-11-13,0.0,0.0,0.0,1.2647256983081125,0.0,-0.0,0.0,1.0,0
2023-11-14,0.0,0.0,0.0,1.2647256983081125,0.0,-0.0,0.0,1.0,0
2023-11-15,0.0,0.0,0.0,1.2647256983081125,0.0,-0.0,0.0,1.0,0
2023-11-16,0.0,0.0,0.0,1.2647256983081125,0.0,-0.0,0.0,1.0,0
2023-11-17,0.0,0.0,0.0,1.2647256983081125,0.0,-0.0,0.0,1.0,0
2023-11-20,0.0,0.0,0.0,1.2647256983081125,0.0,-0.0,0.0,1.0,0
2023-11-21,0.0,0.0,0.0,1.2647256983081125,0.0,-0.0,0.0,1.0,0
2023-11-22,0.0,0.0,0.0,1.2647256983081125,0.0,-0.0,0.0,1.0,0
2023-11-23,0.0,0.0,0.0,1.2647256983081125,0.0,-0.0,0.0,1.0,0
2023-11-24,0.0,0.0,0.0,1.2647256983081125,0.0,-0.0,0.0,1.0,0
2023-11-27,0.0,0.0,0.0,1.2647256983081125,0.0,-0.0,0.0,1.0,0
2023-11-28,0.0,0.0,0.0,1.2647256983081125,0.0,-0.0,0.0,1.0,0
2023-11-29,0.0,0.0,0.0,1.2647256983081125,0.0,-0.0,0.0,1.0,0
2023-11-30,0.0,0.0,0.0,1.2647256983081125,0.0,-0.0,0.0,1.0,0
2023-12-01,0.0,0.0,0.0,1.2647256983081125,0.0,-0.0,0.0,1.0,0
2023-12-04,0.0,0.0,0.0,1.2647256983081125,0.0,-0.0,0.0,1.0,0
2023-12-05,0.0,0.0,0.0,1.2647256983081125,0.0,-0.0,0.0,1.0,0
2023-12-06,0.0,0.0,0.0,1.2647256983081125,0.0,-0.0,0.0,1.0,0
2023-12-07,0.0,0.0,0.0,1.2647256983081125,0.0,-0.0,0.0,1.0,0
2023-12-08,0.0,0.0,0.0,1.2647256983081125,0.0,-0.0,0.0,1.0,0
2023-12-11,0.0,0.0,0.0,1.2647256983081125,0.0,-0.0,0.0,1.0,0
2023-12-12,0.0,0.0,0.0,1.2647256983081125,0.0,-0.0,0.0,1.0,0
2023-12-13,0.0,0.0,0.0,1.2647256983081125,0.0,-0.0,0.0,1.0,0
2023-12-14,0.0,0.0,0.0,1.2647256983081125,0.0,-0.0,0.0,1.0,0
2023-12-15,0.0,0.0,0.0,1.2647256983081125,0.0,-0.0,0.0,1.0,0
2023-12-18,0.0,0.0,0.0,1.2647256983081125,0.0,-0.0,0.0,1.0,0
2023-12-19,0.0,0.0,0.0,1.2647256983081125,0.0,-0.0,0.0,1.0,0
2023-12-20,0.0,0.0,0.0,1.2647256983081125,0.0,-0.0,0.0,1.0,0
2023-12-21,0.0,0.0,0.0,1.2647256983081125,0.0,-0.0,0.0,1.0,0
2023-12-22,0.0,0.0,0.0,1.2647256983081125,0.0,-0.0,0.0,1.0,0
2023-12-25,0.0,0.0,0.0,1.2647256983081125,0.0,-0.0,0.0,1.0,0
2023-12-26,0.0,0.0,0.0,1.2647256983081125,0.0,-0.0,0.0,1.0,0
2023-12-27,0.0,0.0,0.0,1.2647256983081125,0.0,-0.0,0.0,1.0,0
2023-12-28,0.0,0.0,0.0,1.2647256983081125,0.0,-0.0,0.0,1.0,0
2023-12-29,0.0,0.0,0.0,1.2647256983081125,0.0,-0.0,0.0,1.0,0
2024-01-02,0.0,0.0,0.0,1.2647256983081125,0.0,-0.0,0.0,1.0,0
2024-01-03,0.0,0.0,0.0,1.2647256983081125,0.0,-0.0,0.0,1.0,0
2024-01-04,0.0,0.0,0.0,1.2647256983081125,0.0,-0.0,0.0,1.0,0
2024-01-05,0.0,0.0,0.0,1.2647256983081125,0.0,-0.0,0.0,1.0,0
2024-01-08,0.0,0.0,0.0,1.2647256983081125,0.0,-0.0,0.0,1.0,0
2024-01-09,0.0,0.0,0.0,1.2647256983081125,0.0,-0.0,0.0,1.0,0
2024-01-10,0.0,0.0,0.0,1.2647256983081125,0.0,-0.0,0.0,1.0,0
2024-01-11,0.0,0.0,0.0,1.2647256983081125,0.0,-0.0,0.0,1.0,0
2024-01-12,0.0,0.0,0.0,1.2647256983081125,0.0,-0.0,0.0,1.0,0
2024-01-15,0.0,0.0,0.0,1.2647256983081125,0.0,-0.0,0.0,1.0,0
2024-01-16,0.0,0.0,0.0,1.2647256983081125,0.0,-0.0,0.0,1.0,0
2024-01-17,0.0,0.0,0.0,1.2647256983081125,0.0,-0.0,0.0,1.0,0
2024-01-18,0.0,0.0,0.0,1.2647256983081125,0.0,-0.0,0.0,1.0,0
2024-01-19,0.0,0.0,0.0,1.2647256983081125,0.0,-0.0,0.0,1.0,0
2024-01-22,0.0,0.0,0.0,1.2647256983081125,0.0,-0.0,0.0,1.0,0
2024-01-23,0.0,0.0,0.0,1.2647256983081125,0.0,-0.0,0.0,1.0,0
2024-01-24,0.0,0.0,0.0,1.2647256983081125,0.0,-0.0,0.0,1.0,0
2024-01-25,0.0,0.0,0.0,1.2647256983081125,0.0,-0.0,0.0,1.0,0
2024-01-26,0.0,0.0,0.0,1.2647256983081125,0.0,-0.0,0.0,1.0,0
2024-01-29,0.0,0.0,0.0,1.2647256983081125,0.0,-0.0,0.0,1.0,0
2024-01-30,0.0,0.0,0.0,1.2647256983081125,0.0,-0.0,0.0,1.0,0
2024-01-31,0.0,0.0,0.0,1.2647256983081125,0.0,-0.0,0.0,1.0,0
2024-02-01,0.0,0.0,0.0,1.2647256983081125,0.0,-0.0,0.0,1.0,0
2024-02-02,0.0,0.0,0.0,1.2647256983081125,0.0,-0.0,0.0,1.0,0
2024-02-05,0.0,0.0,0.0,1.2647256983081125,0.0,-0.0,0.0,1.0,0
2024-02-06,0.0,0.0,0.0,1.2647256983081125,0.0,-0.0,0.0,1.0,0
2024-02-07,0.0,0.0,0.0,1.2647256983081125,0.0,-0.0,0.0,1.0,0
2024-02-08,0.0,0.0,0.0,1.2647256983081125,0.0,-0.0,0.0,1.0,0
2024-02-19,0.0,0.0,0.0,1.2647256983081125,0.0,-0.0,0.0,1.0,0
2024-02-20,0.0,0.0,0.0,1.2647256983081125,0.0,-0.0,0.0,1.0,0
2024-02-21,0.0,0.0,0.0,1.2647256983081125,0.0,-0.0,0.0,1.0,0
2024-02-22,0.0,0.0,0.0,1.2647256983081125,0.0,-0.0,0.0,1.0,0
2024-02-23,0.0,0.0,0.0,1.2647256983081125,0.0,-0.0,0.0,1.0,0
2024-02-26,0.0,0.0,0.0,1.2647256983081125,0.0,-0.0,0.0,1.0,0
2024-02-27,0.0,0.0,0.0,1.2647256983081125,0.0,-0.0,0.0,1.0,0
2024-02-28,0.0,0.0,0.0,1.2647256983081125,0.0,-0.0,0.0,1.0,0
2024-02-29,0.0,0.0,0.0,1.2647256983081125,0.0,-0.0,0.0,1.0,0
2024-03-01,0.0,0.0,0.0,1.2647256983081125,0.0,-0.0,0.0,1.0,0
2024-03-04,0.0,0.0,0.0,1.2647256983081125,0.0,-0.0,0.0,1.0,0
2024-03-05,0.0,0.0,0.0,1.2647256983081125,0.0,-0.0,0.0,1.0,0
2024-03-06,0.0,0.0,0.0,1.2647256983081125,0.0,-0.0,0.0,1.0,0
2024-03-07,0.0,0.0,0.0,1.2647256983081125,0.0,-0.0,0.0,1.0,0
2024-03-08,0.0,0.0,0.0,1.2647256983081125,0.0,-0.0,0.0,1.0,0
2024-03-11,0.0,0.0,0.0,1.2647256983081125,0.0,-0.0,0.0,1.0,0
2024-03-12,0.0,0.0,0.0,1.2647256983081125,0.0,-0.0,0.0,1.0,0
2024-03-13,0.0,0.0,0.0,1.2647256983081125,0.0,-0.0,0.0,1.0,0
2024-03-14,0.0,0.0,0.0,1.2647256983081125,0.0,-0.0,0.0,1.0,0
2024-03-15,0.0,0.0,0.0,1.2647256983081125,0.0,-0.0,0.0,1.0,0
2024-03-18,0.0,0.0,0.0,1.2647256983081125,0.0,-0.0,0.0,1.0,0
2024-03-19,0.0,0.0,0.0,1.2647256983081125,0.0,-0.0,0.0,1.0,0
2024-03-20,0.0,0.0,0.0,1.2647256983081125,0.0,-0.0,0.0,1.0,0
2024-03-21,0.0,0.0,0.0,1.2647256983081125,0.0,-0.0,0.0,1.0,0
2024-03-22,0.0,0.0,0.0,1.2647256983081125,0.0,-0.0,0.0,1.0,0
2024-03-25,0.0,0.0,0.0,1.2647256983081125,0.0,-0.0,0.0,1.0,0
2024-03-26,0.0,0.0,0.0,1.2647256983081125,0.0,-0.0,0.0,1.0,0
2024-03-27,0.0,0.0,0.0,1.2647256983081125,0.0,-0.0,0.0,1.0,0
2024-03-28,0.0,0.0,0.0,1.2647256983081125,0.0,-0.0,0.0,1.0,0
2024-03-29,0.0,0.0,0.0,1.2647256983081125,0.0,-0.0,0.0,1.0,0
2024-04-01,0.0,0.0,0.0,1.2647256983081125,0.0,-0.0,0.0,1.0,0
2024-04-02,0.0,0.0,0.0,1.2647256983081125,0.0,-0.0,0.0,1.0,0
2024-04-03,0.0,0.0,0.0,1.2647256983081125,0.0,-0.0,0.0,1.0,0
2024-04-08,0.0,0.0,0.0,1.2647256983081125,0.0,-0.0,0.0,1.0,0
2024-04-09,0.0,0.0,0.0,1.2647256983081125,0.0,-0.0,0.0,1.0,0
2024-04-10,0.0,0.0,0.0,1.2647256983081125,0.0,-0.0,0.0,1.0,0
2024-04-11,0.0,0.0,0.0,1.2647256983081125,0.0,-0.0,0.0,1.0,0
2024-04-12,0.0,0.0,0.0,1.2647256983081125,0.0,-0.0,0.0,1.0,0
2024-04-15,0.0,0.0,0.0,1.2647256983081125,0.0,-0.0,0.0,1.0,0
2024-04-16,0.0,0.0,0.0,1.2647256983081125,0.0,-0.0,0.0,1.0,0
2024-04-17,0.0,0.0,0.0,1.2647256983081125,0.0,-0.0,0.0,1.0,0
2024-04-18,0.0,0.0,0.0,1.2647256983081125,0.0,-0.0,0.0,1.0,0
2024-04-19,0.0,0.0,0.0,1.2647256983081125,0.0,-0.0,0.0,1.0,0
2024-04-22,0.0,0.0,0.0,1.2647256983081125,0.0,-0.0,0.0,1.0,0
2024-04-23,0.0,0.0,0.0,1.2647256983081125,0.0,-0.0,0.0,1.0,0
2024-04-24,0.0,0.0,0.0,1.2647256983081125,0.0,-0.0,0.0,1.0,0
2024-04-25,0.0,0.0,0.0,1.2647256983081125,0.0,-0.0,0.0,1.0,0
2024-04-26,0.0,0.0,0.0,1.2647256983081125,0.0,-0.0,0.0,1.0,0
2024-04-29,0.0,0.0,0.0,1.2647256983081125,0.0,-0.0,0.0,1.0,0
2024-04-30,0.0,0.0,0.0,1.2647256983081125,0.0,-0.0,0.0,1.0,0
2024-05-06,0.0,0.0,0.0,1.2647256983081125,0.0,-0.0,0.0,1.0,0
2024-05-07,0.0,0.0,0.0,1.2647256983081125,0.0,-0.0,0.0,1.0,0
2024-05-08,0.0,0.0,0.0,1.2647256983081125,0.0,-0.0,0.0,1.0,0
2024-05-09,0.0,0.0,0.0,1.2647256983081125,0.0,-0.0,0.0,1.0,0
2024-05-10,0.0,0.0,0.0,1.2647256983081125,0.0,-0.0,0.0,1.0,0
2024-05-13,0.0,0.0,0.0,1.2647256983081125,0.0,-0.0,0.0,1.0,0
2024-05-14,0.0,0.0,0.0,1.2647256983081125,0.0,-0.0,0.0,1.0,0
2024-05-15,0.0,0.0,0.0,1.2647256983081125,0.0,-0.0,0.0,1.0,0
2024-05-16,0.0,0.0,0.0,1.2647256983081125,0.0,-0.0,0.0,1.0,0
2024-05-17,0.0,0.0,0.0,1.2647256983081125,0.0,-0.0,0.0,1.0,0
2024-05-20,0.0,0.0,0.0,1.2647256983081125,0.0,-0.0,0.0,1.0,0
2024-05-21,0.0,0.0,0.0,1.2647256983081125,0.0,-0.0,0.0,1.0,0
2024-05-22,0.0,0.0,0.0,1.2647256983081125,0.0,-0.0,0.0,1.0,0
2024-05-23,0.0,0.0,0.0,1.2647256983081125,0.0,-0.0,0.0,1.0,0
2024-05-24,0.0,0.0,0.0,1.2647256983081125,0.0,-0.0,0.0,1.0,0
2024-05-27,0.0,0.0,0.0,1.2647256983081125,0.0,-0.0,0.0,1.0,0
2024-05-28,0.0,0.0,0.0,1.2647256983081125,0.0,-0.0,0.0,1.0,0
2024-05-29,0.0,0.0,0.0,1.2647256983081125,0.0,-0.0,0.0,1.0,0
2024-05-30,0.0,0.0,0.0,1.2647256983081125,0.0,-0.0,0.0,1.0,0
2024-05-31,0.0,0.0,0.0,1.2647256983081125,0.0,-0.0,0.0,1.0,0
2024-06-03,0.0,0.0,0.0,1.2647256983081125,0.0,-0.0,0.0,1.0,0
2024-06-04,0.0,0.0,0.0,1.2647256983081125,0.0,-0.0,0.0,1.0,0
2024-06-05,0.0,0.0,0.0,1.2647256983081125,0.0,-0.0,0.0,1.0,0
2024-06-06,0.0,0.0,0.0,1.2647256983081125,0.0,-0.0,0.0,1.0,0
2024-06-07,0.0,0.0,0.0,1.2647256983081125,0.0,-0.0,0.0,1.0,0
2024-06-11,0.0,0.0,0.0,1.2647256983081125,0.0,-0.0,0.0,1.0,0
2024-06-12,0.0,0.0,0.0,1.2647256983081125,0.0,-0.0,0.0,1.0,0
2024-06-13,0.0,0.0,0.0,1.2647256983081125,0.0,-0.0,0.0,1.0,0
2024-06-14,0.0,0.0,0.0,1.2647256983081125,0.0,-0.0,0.0,1.0,0
2024-06-17,0.0,0.0,0.0,1.2647256983081125,0.0,-0.0,0.0,1.0,0
2024-06-18,0.0,0.0,0.0,1.2647256983081125,0.0,-0.0,0.0,1.0,0
2024-06-19,0.0,0.0,0.0,1.2647256983081125,0.0,-0.0,0.0,1.0,0
2024-06-20,0.0,0.0,0.0,1.2647256983081125,0.0,-0.0,0.0,1.0,0
2024-06-21,0.0,0.0,0.0,1.2647256983081125,0.0,-0.0,0.0,1.0,0
2024-06-24,0.0,0.0,0.0,1.2647256983081125,0.0,-0.0,0.0,1.0,0
2024-06-25,0.0,0.0,0.0,1.2647256983081125,0.0,-0.0,0.0,1.0,0
2024-06-26,0.0,0.0,0.0,1.2647256983081125,0.0,-0.0,0.0,1.0,0
2024-06-27,0.0,0.0,0.0,1.2647256983081125,0.0,-0.0,0.0,1.0,0
2024-06-28,0.0,0.0,0.0,1.2647256983081125,0.0,-0.0,0.0,1.0,0
2024-07-01,0.0,0.0,0.0,1.2647256983081125,0.0,-0.0,0.0,1.0,0
2024-07-02,0.0,0.0,0.0,1.2647256983081125,0.0,-0.0,0.0,1.0,0
2024-07-03,0.0,0.0,0.0,1.2647256983081125,0.0,-0.0,0.0,1.0,0
2024-07-04,0.0,0.0,0.0,1.2647256983081125,0.0,-0.0,0.0,1.0,0
2024-07-05,0.0,0.0,0.0,1.2647256983081125,0.0,-0.0,0.0,1.0,0
2024-07-08,0.0,0.0,0.0,1.2647256983081125,0.0,-0.0,0.0,1.0,0
2024-07-09,0.0,0.0,0.0,1.2647256983081125,0.0,-0.0,0.0,1.0,0
2024-07-10,0.0,0.0,0.0,1.2647256983081125,0.0,-0.0,0.0,1.0,0
2024-07-11,0.0,0.0,0.0,1.2647256983081125,0.0,-0.0,0.0,1.0,0
2024-07-12,0.0,0.0,0.0,1.2647256983081125,0.0,-0.0,0.0,1.0,0
2024-07-15,0.0,0.0,0.0,1.2647256983081125,0.0,-0.0,0.0,1.0,0
2024-07-16,0.0,0.0,0.0,1.2647256983081125,0.0,-0.0,0.0,1.0,0
2024-07-17,0.0,0.0,0.0,1.2647256983081125,0.0,-0.0,0.0,1.0,0
2024-07-18,0.0,0.0,0.0,1.2647256983081125,0.0,-0.0,0.0,1.0,0
2024-07-19,0.0,0.0,0.0,1.2647256983081125,0.0,-0.0,0.0,1.0,0
2024-07-22,0.0,0.0,0.0,1.2647256983081125,0.0,-0.0,0.0,1.0,0
2024-07-23,0.0,0.0,0.0,1.2647256983081125,0.0,-0.0,0.0,1.0,0
2024-07-24,0.0,0.0,0.0,1.2647256983081125,0.0,-0.0,0.0,1.0,0
2024-07-25,0.0,0.0,0.0,1.2647256983081125,0.0,-0.0,0.0,1.0,0
2024-07-26,0.0,0.0,0.0,1.2647256983081125,0.0,-0.0,0.0,1.0,0
2024-07-29,0.0,0.0,0.0,1.2647256983081125,0.0,-0.0,0.0,1.0,0
2024-07-30,0.0,0.0,0.0,1.2647256983081125,0.0,-0.0,0.0,1.0,0
2024-07-31,0.0,0.0,0.0,1.2647256983081125,0.0,-0.0,0.0,1.0,0
2024-08-01,0.0,0.0,0.0,1.2647256983081125,0.0,-0.0,0.0,1.0,0
2024-08-02,0.0,0.0,0.0,1.2647256983081125,0.0,-0.0,0.0,1.0,0
2024-08-05,0.0,0.0,0.0,1.2647256983081125,0.0,-0.0,0.0,1.0,0
2024-08-06,0.0,0.0,0.0,1.2647256983081125,0.0,-0.0,0.0,1.0,0
2024-08-07,0.0,0.0,0.0,1.2647256983081125,0.0,-0.0,0.0,1.0,0
2024-08-08,0.0,0.0,0.0,1.2647256983081125,0.0,-0.0,0.0,1.0,0
2024-08-09,0.0,0.0,0.0,1.2647256983081125,0.0,-0.0,0.0,1.0,0
2024-08-12,0.0,0.0,0.0,1.2647256983081125,0.0,-0.0,0.0,1.0,0
2024-08-13,0.0,0.0,0.0,1.2647256983081125,0.0,-0.0,0.0,1.0,0
2024-08-14,0.0,0.0,0.0,1.2647256983081125,0.0,-0.0,0.0,1.0,0
2024-08-15,0.0,0.0,0.0,1.2647256983081125,0.0,-0.0,0.0,1.0,0
2024-08-16,0.0,0.0,0.0,1.2647256983081125,0.0,-0.0,0.0,1.0,0
2024-08-19,0.0,0.0,0.0,1.2647256983081125,0.0,-0.0,0.0,1.0,0
2024-08-20,0.0,0.0,0.0,1.2647256983081125,0.0,-0.0,0.0,1.0,0
2024-08-21,0.0,0.0,0.0,1.2647256983081125,0.0,-0.0,0.0,1.0,0
2024-08-22,0.0,0.0,0.0,1.2647256983081125,0.0,-0.0,0.0,1.0,0
2024-08-23,0.0,0.0,0.0,1.2647256983081125,0.0,-0.0,0.0,1.0,0
2024-08-26,0.0,0.0,0.0,1.2647256983081125,0.0,-0.0,0.0,1.0,0
2024-08-27,0.0,0.0,0.0,1.2647256983081125,0.0,-0.0,0.0,1.0,0
2024-08-28,0.0,0.0,0.0,1.2647256983081125,0.0,-0.0,0.0,1.0,0
2024-08-29,0.0,0.0,0.0,1.2647256983081125,0.0,-0.0,0.0,1.0,0
2024-08-30,0.0,0.0,0.0,1.2647256983081125,0.0,-0.0,0.0,1.0,0
2024-09-02,0.0,0.0,0.0,1.2647256983081125,0.0,-0.0,0.0,1.0,0
2024-09-03,0.0,0.0,0.0,1.2647256983081125,0.0,-0.0,0.0,1.0,0
2024-09-04,0.0,0.0,0.0,1.2647256983081125,0.0,-0.0,0.0,1.0,0
2024-09-05,0.0,0.0,0.0,1.2647256983081125,0.0,-0.0,0.0,1.0,0
2024-09-06,0.0,0.0,0.0,1.2647256983081125,0.0,-0.0,0.0,1.0,0
2024-09-09,0.0,0.0,0.0,1.2647256983081125,0.0,-0.0,0.0,1.0,0
2024-09-10,0.0,0.0,0.0,1.2647256983081125,0.0,-0.0,0.0,1.0,0
2024-09-11,0.0,0.0,0.0,1.2647256983081125,0.0,-0.0,0.0,1.0,0
2024-09-12,0.0,0.0,0.0,1.2647256983081125,0.0,-0.0,0.0,1.0,0
2024-09-13,0.0,0.0,0.0,1.2647256983081125,0.0,-0.0,0.0,1.0,0
2024-09-18,0.0,0.0,0.0,1.2647256983081125,0.0,-0.0,0.0,1.0,0
2024-09-19,0.0,0.0,0.0,1.2647256983081125,0.0,-0.0,0.0,1.0,0
2024-09-20,0.0,0.0,0.0,1.2647256983081125,0.0,-0.0,0.0,1.0,0
2024-09-23,0.0,0.0,0.0,1.2647256983081125,0.0,-0.0,0.0,1.0,0
2024-09-24,0.0,0.0,0.0,1.2647256983081125,0.0,-0.0,0.0,1.0,0
2024-09-25,0.0,0.0,0.0,1.2647256983081125,0.0,-0.0,0.0,1.0,0
2024-09-26,0.0,0.0,0.0,1.2647256983081125,0.0,-0.0,0.0,1.0,0
2024-09-27,0.0,0.0,0.0,1.2647256983081125,0.0,-0.0,0.0,1.0,0
2024-09-30,0.0,0.0,0.0,1.2647256983081125,0.0,-0.0,0.0,1.0,0
2024-10-08,0.12288162018699697,0.001,0.12188162018699697,1.4188725155100366,1.0,-0.0,1.0,0.0,4
2024-10-09,-0.08319407830452705,0.0,-0.08319407830452705,1.3008307243505532,0.0,-0.0,1.0,0.0,4
2024-10-10,-0.0300505750410458,0.0,-0.0300505750410458,1.261740013052759,0.0,-0.0,1.0,0.0,4
2024-10-11,-0.03740430500962971,0.0,-0.03740430500962971,1.2145455047616793,0.0,-0.0,1.0,0.0,4
2024-10-14,0.016428756660677224,0.0,0.016428756660677224,1.2344989773127282,0.0,-0.0,1.0,0.0,4
2024-10-15,-0.032118403684242625,0.0,-0.032118403684242625,1.1948488408116134,0.0,-0.0,1.0,0.0,4
2024-10-16,-0.01304076406404453,0.0,-0.01304076406404453,1.179267098986392,0.0,-0.0,1.0,0.0,4
2024-10-17,-0.005847726564176009,0.0,-0.005847726564176009,1.1723710674453907,0.0,-0.0,1.0,0.0,4
2024-10-18,0.07712279310504394,0.0,0.07712279310504394,1.2627875987223212,0.0,-0.0,1.0,0.0,4
2024-10-21,-0.0015592718154740226,0.0,-0.0015592718154740226,1.2608185696107033,0.0,-0.0,1.0,0.0,4
2024-10-22,0.002862823377255991,0.0,0.002862823377255991,1.2644280704862634,0.0,-0.0,1.0,0.0,4
2024-10-23,-0.001593094652789312,0.0,-0.001593094652789312,1.262413716888335,0.0,-0.0,1.0,0.0,4
2024-10-24,-0.0085219106616502,0.0,-0.0085219106616502,1.2516555399749707,0.0,-0.0,1.0,0.0,4
2024-10-25,0.015495479474917861,0.0,0.015495479474917861,1.27105054270432,0.0,-0.0,1.0,0.0,4
2024-10-28,0.0041138626653499655,0.0,0.0041138626653499655,1.2762794700777242,0.0,-0.0,1.0,0.0,4
2024-10-29,-0.01741343393304351,0.0,-0.01741343393304351,1.254055061845426,0.0,-0.0,1.0,0.0,4
2024-10-30,-0.009840353043211791,0.0,-0.009840353043211791,1.2417147173012402,0.0,-0.0,1.0,0.0,4
2024-10-31,0.010954383410300805,0.0,0.010954383410300805,1.2553169364007712,0.0,-0.0,1.0,0.0,4
2024-11-01,-0.015162891462295353,0.001,-0.016162891462295353,1.2350273850069444,0.5,0.5,1.0,0.0,4
2024-11-04,0.018819588952664057,0.0,0.018819588952664057,1.2582700927380588,0.0,-0.0,1.0,0.0,4
2024-11-05,0.040092395080610355,0.0,0.040092395080610355,1.3087171544142293,0.0,-0.0,1.0,0.0,4
2024-11-06,-0.0006979754199116783,0.0,-0.0006979754199116783,1.3078037020088313,0.0,-0.0,1.0,0.0,4
2024-11-07,0.035978882225394804,0.0,0.035978882225394804,1.3548570173773424,0.0,-0.0,1.0,0.0,4
2024-11-08,-0.010338505222438066,0.0,-0.010338505222438066,1.34084982102753,0.0,-0.0,1.0,0.0,4
2024-11-11,0.024230734237105256,0.0,0.024230734237105256,1.3733395966927182,0.0,-0.0,1.0,0.0,4
2024-11-12,-0.01467797102417931,0.0,-0.01467797102417931,1.3531817578861043,0.0,-0.0,1.0,0.0,4
2024-11-13,0.0032275082540632882,0.0,0.0032275082540632882,1.3575491631789296,0.0,-0.0,1.0,0.0,4
2024-11-14,-0.026788564627055034,0.0,-0.026788564627055034,1.3211823696867064,0.0,-0.0,1.0,0.0,4
2024-11-15,-0.03418673717918971,0.0,-0.03418673717918971,1.276015455248448,0.0,-0.0,1.0,0.0,4
2024-11-18,-0.015296203749026682,0.0,-0.015296203749026682,1.2564972628580606,0.0,-0.0,1.0,0.0,4
2024-11-19,0.026305076032532404,0.0,0.026305076032532404,1.2895495188922108,0.0,-0.0,1.0,0.0,4
2024-11-20,0.0025675729544428205,0.0,0.0025675729544428205,1.2928605313603332,0.0,-0.0,1.0,0.0,4
2024-11-21,0.0042631356699582845,0.0,0.0042631356699582845,1.2983721712078566,0.0,-0.0,1.0,0.0,4
2024-11-22,-0.04060154895418325,0.0,-0.04060154895418325,1.2456562499378117,0.0,-0.0,1.0,0.0,4
2024-11-25,-0.0038190863927508034,0.0,-0.0038190863927508034,1.2408989811036293,0.0,-0.0,1.0,0.0,4
2024-11-26,-0.007851673584219038,0.0,-0.007851673584219038,1.2311558473530135,0.0,-0.0,1.0,0.0,4
2024-11-27,0.024844654841092495,0.0,0.024844654841092495,1.261743489436092,0.0,-0.0,1.0,0.0,4
2024-11-28,-0.007173121040953162,0.0,-0.007173121040953162,1.2526928506637323,0.0,-0.0,1.0,0.0,4
2024-11-29,0.01964061875537315,0.0,0.01964061875537315,1.2772965133612,0.0,-0.0,1.0,0.0,4
2024-12-02,0.0,0.001,-0.001,1.2760192168478388,0.0,1.0,0.0,1.0,0
2024-12-03,0.0,0.0,0.0,1.2760192168478388,0.0,-0.0,0.0,1.0,0
2024-12-04,0.0,0.0,0.0,1.2760192168478388,0.0,-0.0,0.0,1.0,0
2024-12-05,0.0,0.0,0.0,1.2760192168478388,0.0,-0.0,0.0,1.0,0
2024-12-06,0.0,0.0,0.0,1.2760192168478388,0.0,-0.0,0.0,1.0,0
2024-12-09,0.0,0.0,0.0,1.2760192168478388,0.0,-0.0,0.0,1.0,0
2024-12-10,0.0,0.0,0.0,1.2760192168478388,0.0,-0.0,0.0,1.0,0
2024-12-11,0.0,0.0,0.0,1.2760192168478388,0.0,-0.0,0.0,1.0,0
2024-12-12,0.0,0.0,0.0,1.2760192168478388,0.0,-0.0,0.0,1.0,0
2024-12-13,0.0,0.0,0.0,1.2760192168478388,0.0,-0.0,0.0,1.0,0
2024-12-16,0.0,0.0,0.0,1.2760192168478388,0.0,-0.0,0.0,1.0,0
2024-12-17,0.0,0.0,0.0,1.2760192168478388,0.0,-0.0,0.0,1.0,0
2024-12-18,0.0,0.0,0.0,1.2760192168478388,0.0,-0.0,0.0,1.0,0
2024-12-19,0.0,0.0,0.0,1.2760192168478388,0.0,-0.0,0.0,1.0,0
2024-12-20,0.0,0.0,0.0,1.2760192168478388,0.0,-0.0,0.0,1.0,0
2024-12-23,0.0,0.0,0.0,1.2760192168478388,0.0,-0.0,0.0,1.0,0
2024-12-24,0.0,0.0,0.0,1.2760192168478388,0.0,-0.0,0.0,1.0,0
2024-12-25,0.0,0.0,0.0,1.2760192168478388,0.0,-0.0,0.0,1.0,0
2024-12-26,0.0,0.0,0.0,1.2760192168478388,0.0,-0.0,0.0,1.0,0
2024-12-27,0.0,0.0,0.0,1.2760192168478388,0.0,-0.0,0.0,1.0,0
2024-12-30,0.0,0.0,0.0,1.2760192168478388,0.0,-0.0,0.0,1.0,0
2024-12-31,0.0,0.0,0.0,1.2760192168478388,0.0,-0.0,0.0,1.0,0
2025-01-02,0.0,0.0,0.0,1.2760192168478388,0.0,-0.0,0.0,1.0,0
2025-01-03,0.0,0.0,0.0,1.2760192168478388,0.0,-0.0,0.0,1.0,0
2025-01-06,0.0,0.0,0.0,1.2760192168478388,0.0,-0.0,0.0,1.0,0
2025-01-07,0.0,0.0,0.0,1.2760192168478388,0.0,-0.0,0.0,1.0,0
2025-01-08,0.0,0.0,0.0,1.2760192168478388,0.0,-0.0,0.0,1.0,0
2025-01-09,0.0,0.0,0.0,1.2760192168478388,0.0,-0.0,0.0,1.0,0
2025-01-10,0.0,0.0,0.0,1.2760192168478388,0.0,-0.0,0.0,1.0,0
2025-01-13,0.0,0.0,0.0,1.2760192168478388,0.0,-0.0,0.0,1.0,0
2025-01-14,0.0,0.0,0.0,1.2760192168478388,0.0,-0.0,0.0,1.0,0
2025-01-15,0.0,0.0,0.0,1.2760192168478388,0.0,-0.0,0.0,1.0,0
2025-01-16,0.0,0.0,0.0,1.2760192168478388,0.0,-0.0,0.0,1.0,0
2025-01-17,0.0,0.0,0.0,1.2760192168478388,0.0,-0.0,0.0,1.0,0
2025-01-20,0.0,0.0,0.0,1.2760192168478388,0.0,-0.0,0.0,1.0,0
2025-01-21,0.0,0.0,0.0,1.2760192168478388,0.0,-0.0,0.0,1.0,0
2025-01-22,0.0,0.0,0.0,1.2760192168478388,0.0,-0.0,0.0,1.0,0
2025-01-23,0.0,0.0,0.0,1.2760192168478388,0.0,-0.0,0.0,1.0,0
2025-01-24,0.0,0.0,0.0,1.2760192168478388,0.0,-0.0,0.0,1.0,0
2025-01-27,0.0,0.0,0.0,1.2760192168478388,0.0,-0.0,0.0,1.0,0
2025-02-05,-0.0019723865877712132,0.001,-0.0029723865877712132,1.272226394441942,1.0,-0.0,1.0,0.0,1
2025-02-06,0.027667984189723382,0.0,0.027667984189723382,1.3074263342091106,0.0,-0.0,1.0,0.0,1
2025-02-07,0.02451923076923057,0.0,0.02451923076923057,1.339483422211353,0.0,-0.0,1.0,0.0,1
2025-02-10,0.005161895823557083,0.0,0.005161895823557083,1.3463976960941897,0.0,-0.0,1.0,0.0,1
2025-02-11,-0.013538748832866432,0.0,-0.013538748832866432,1.3281691558576205,0.0,-0.0,1.0,0.0,1
2025-02-12,0.017510648367250248,0.0,0.017510648367250248,1.351426258918071,0.0,-0.0,1.0,0.0,1
2025-02-13,-0.006976744186046546,0.0,-0.006976744186046546,1.3419977036232937,0.0,-0.0,1.0,0.0,1
2025-02-14,0.01826697892271678,0.0,0.01826697892271678,1.3665119473897147,0.0,-0.0,1.0,0.0,1
2025-02-17,0.0036798528058876734,0.0,0.0036798528058876734,1.3715405102135958,0.0,-0.0,1.0,0.0,1
2025-02-18,-0.019248395967002674,0.0,-0.019248395967002674,1.3451405553882196,0.0,-0.0,1.0,0.0,1
2025-02-19,0.02102803738317749,0.0,0.02102803738317749,1.3734262212725512,0.0,-0.0,1.0,0.0,1
2025-02-20,-0.0004576659038900699,0.0,-0.0004576659038900699,1.372797650919566,0.0,-0.0,1.0,0.0,1
2025-02-21,0.025183150183150094,0.0,0.025183150183150094,1.4073690203337492,0.0,-0.0,1.0,0.0,1
2025-02-24,-0.008039303260384045,0.0,-0.008039303260384045,1.3960547539800165,0.0,-0.0,1.0,0.0,1
2025-02-25,-0.010805943268797802,0.0,-0.010805943268797802,1.380969065508373,0.0,-0.0,1.0,0.0,1
2025-02-26,0.011834319526627057,0.0,0.011834319526627057,1.3973118946859868,0.0,-0.0,1.0,0.0,1
2025-02-27,-0.004948268106162668,0.0,-0.004948268106162668,1.3903976208031503,0.0,-0.0,1.0,0.0,1
2025-02-28,-0.03797468354430378,0.0,-0.03797468354430378,1.3375977111523978,0.0,-0.0,1.0,0.0,1
2025-03-03,-0.012356575463371544,0.002,-0.014356575463371544,1.3183943886726053,1.0,1.0,1.0,0.0,1
2025-03-04,0.01787310098302064,0.0,0.01787310098302064,1.3419581847167985,0.0,-0.0,1.0,0.0,1
2025-03-05,0.0026338893766459925,0.0,0.0026338893766459925,1.3454927541234272,0.0,-0.0,1.0,0.0,1
2025-03-06,0.034150612959719995,0.0,0.034150612959719995,1.391442156409604,0.0,-0.0,1.0,0.0,1
2025-03-07,-0.011854360711261669,0.0,-0.011854360711261669,1.3749474991786688,0.0,-0.0,1.0,0.0,1
2025-03-10,-0.003427592116538092,0.0,-0.003427592116538092,1.3702347399698303,0.0,-0.0,1.0,0.0,1
2025-03-11,-0.004299226139295009,0.0,-0.004299226139295009,1.3643437909587819,0.0,-0.0,1.0,0.0,1
2025-03-12,-0.006908462867012077,0.0,-0.006908462867012077,1.3549182725411046,0.0,-0.0,1.0,0.0,1
2025-03-13,-0.02086956521739136,0.0,-0.02086956521739136,1.326641717288073,0.0,-0.0,1.0,0.0,1
2025-03-14,0.017761989342806483,0.0,0.017761989342806483,1.3502055133322661,0.0,-0.0,1.0,0.0,1
2025-03-17,-0.005235602094240788,0.0,-0.005235602094240788,1.3431363745190084,0.0,-0.0,1.0,0.0,1
2025-03-18,0.0052631578947368585,0.0,0.0052631578947368585,1.3502055133322663,0.0,-0.0,1.0,0.0,1
2025-03-19,-0.01308900523560197,0.0,-0.01308900523560197,1.3325326662991217,0.0,-0.0,1.0,0.0,1
2025-03-20,-0.010610079575596787,0.0,-0.010610079575596787,1.318394388672606,0.0,-0.0,1.0,0.0,1
2025-03-21,-0.02144772117962468,0.0,-0.02144772117962468,1.2901178334195742,0.0,-0.0,1.0,0.0,1
2025-03-24,0.005479452054794498,0.0,0.005479452054794498,1.2971869722328322,0.0,-0.0,1.0,0.0,1
2025-03-25,-0.016348773841961872,0.0,-0.016348773841961872,1.2759795557930584,0.0,-0.0,1.0,0.0,1
2025-03-26,-0.001846722068328699,0.0,-0.001846722068328699,1.2736231761886392,0.0,-0.0,1.0,0.0,1
2025-03-27,0.010175763182238784,0.0,0.010175763182238784,1.2865832640129455,0.0,-0.0,1.0,0.0,1
2025-03-28,-0.010073260073260148,0.0,-0.010073260073260148,1.2736231761886392,0.0,-0.0,1.0,0.0,1
2025-03-31,-0.006475485661424529,0.0,-0.006475485661424529,1.2653758475731718,0.0,-0.0,1.0,0.0,1
2025-04-01,0.0,0.001,-0.001,1.2641104717255987,0.0,1.0,0.0,1.0,0
2025-04-02,0.0,0.0,0.0,1.2641104717255987,0.0,-0.0,0.0,1.0,0
2025-04-03,0.0,0.0,0.0,1.2641104717255987,0.0,-0.0,0.0,1.0,0
2025-04-07,0.0,0.0,0.0,1.2641104717255987,0.0,-0.0,0.0,1.0,0
2025-04-08,0.0,0.0,0.0,1.2641104717255987,0.0,-0.0,0.0,1.0,0
2025-04-09,0.0,0.0,0.0,1.2641104717255987,0.0,-0.0,0.0,1.0,0
2025-04-10,0.0,0.0,0.0,1.2641104717255987,0.0,-0.0,0.0,1.0,0
2025-04-11,0.0,0.0,0.0,1.2641104717255987,0.0,-0.0,0.0,1.0,0
2025-04-14,0.0,0.0,0.0,1.2641104717255987,0.0,-0.0,0.0,1.0,0
2025-04-15,0.0,0.0,0.0,1.2641104717255987,0.0,-0.0,0.0,1.0,0
2025-04-16,0.0,0.0,0.0,1.2641104717255987,0.0,-0.0,0.0,1.0,0
2025-04-17,0.0,0.0,0.0,1.2641104717255987,0.0,-0.0,0.0,1.0,0
2025-04-18,0.0,0.0,0.0,1.2641104717255987,0.0,-0.0,0.0,1.0,0
2025-04-21,0.0,0.0,0.0,1.2641104717255987,0.0,-0.0,0.0,1.0,0
2025-04-22,0.0,0.0,0.0,1.2641104717255987,0.0,-0.0,0.0,1.0,0
2025-04-23,0.0,0.0,0.0,1.2641104717255987,0.0,-0.0,0.0,1.0,0
2025-04-24,0.0,0.0,0.0,1.2641104717255987,0.0,-0.0,0.0,1.0,0
2025-04-25,0.0,0.0,0.0,1.2641104717255987,0.0,-0.0,0.0,1.0,0
2025-04-28,0.0,0.0,0.0,1.2641104717255987,0.0,-0.0,0.0,1.0,0
2025-04-29,0.0,0.0,0.0,1.2641104717255987,0.0,-0.0,0.0,1.0,0
2025-04-30,0.0,0.0,0.0,1.2641104717255987,0.0,-0.0,0.0,1.0,0
2025-05-06,0.0,0.0,0.0,1.2641104717255987,0.0,-0.0,0.0,1.0,0
2025-05-07,0.0,0.0,0.0,1.2641104717255987,0.0,-0.0,0.0,1.0,0
2025-05-08,0.0,0.0,0.0,1.2641104717255987,0.0,-0.0,0.0,1.0,0
2025-05-09,0.0,0.0,0.0,1.2641104717255987,0.0,-0.0,0.0,1.0,0
2025-05-12,0.0,0.0,0.0,1.2641104717255987,0.0,-0.0,0.0,1.0,0
2025-05-13,0.0,0.0,0.0,1.2641104717255987,0.0,-0.0,0.0,1.0,0
2025-05-14,0.0,0.0,0.0,1.2641104717255987,0.0,-0.0,0.0,1.0,0
2025-05-15,0.0,0.0,0.0,1.2641104717255987,0.0,-0.0,0.0,1.0,0
2025-05-16,0.0,0.0,0.0,1.2641104717255987,0.0,-0.0,0.0,1.0,0
2025-05-19,0.0,0.0,0.0,1.2641104717255987,0.0,-0.0,0.0,1.0,0
2025-05-20,0.0,0.0,0.0,1.2641104717255987,0.0,-0.0,0.0,1.0,0
2025-05-21,0.0,0.0,0.0,1.2641104717255987,0.0,-0.0,0.0,1.0,0
2025-05-22,0.0,0.0,0.0,1.2641104717255987,0.0,-0.0,0.0,1.0,0
2025-05-23,0.0,0.0,0.0,1.2641104717255987,0.0,-0.0,0.0,1.0,0
2025-05-26,0.0,0.0,0.0,1.2641104717255987,0.0,-0.0,0.0,1.0,0
2025-05-27,0.0,0.0,0.0,1.2641104717255987,0.0,-0.0,0.0,1.0,0
2025-05-28,0.0,0.0,0.0,1.2641104717255987,0.0,-0.0,0.0,1.0,0
2025-05-29,0.0,0.0,0.0,1.2641104717255987,0.0,-0.0,0.0,1.0,0
2025-05-30,0.0,0.0,0.0,1.2641104717255987,0.0,-0.0,0.0,1.0,0
2025-06-03,0.0,0.0,0.0,1.2641104717255987,0.0,-0.0,0.0,1.0,0
2025-06-04,0.0,0.0,0.0,1.2641104717255987,0.0,-0.0,0.0,1.0,0
2025-06-05,0.0,0.0,0.0,1.2641104717255987,0.0,-0.0,0.0,1.0,0
2025-06-06,0.0,0.0,0.0,1.2641104717255987,0.0,-0.0,0.0,1.0,0
2025-06-09,0.0,0.0,0.0,1.2641104717255987,0.0,-0.0,0.0,1.0,0
2025-06-10,0.0,0.0,0.0,1.2641104717255987,0.0,-0.0,0.0,1.0,0
2025-06-11,0.0,0.0,0.0,1.2641104717255987,0.0,-0.0,0.0,1.0,0
2025-06-12,0.0,0.0,0.0,1.2641104717255987,0.0,-0.0,0.0,1.0,0
2025-06-13,0.0,0.0,0.0,1.2641104717255987,0.0,-0.0,0.0,1.0,0
2025-06-16,0.0,0.0,0.0,1.2641104717255987,0.0,-0.0,0.0,1.0,0
2025-06-17,0.0,0.0,0.0,1.2641104717255987,0.0,-0.0,0.0,1.0,0
2025-06-18,0.0,0.0,0.0,1.2641104717255987,0.0,-0.0,0.0,1.0,0
2025-06-19,0.0,0.0,0.0,1.2641104717255987,0.0,-0.0,0.0,1.0,0
2025-06-20,0.0,0.0,0.0,1.2641104717255987,0.0,-0.0,0.0,1.0,0
2025-06-23,0.0,0.0,0.0,1.2641104717255987,0.0,-0.0,0.0,1.0,0
2025-06-24,0.0,0.0,0.0,1.2641104717255987,0.0,-0.0,0.0,1.0,0
2025-06-25,0.0,0.0,0.0,1.2641104717255987,0.0,-0.0,0.0,1.0,0
2025-06-26,0.0,0.0,0.0,1.2641104717255987,0.0,-0.0,0.0,1.0,0
2025-06-27,0.0,0.0,0.0,1.2641104717255987,0.0,-0.0,0.0,1.0,0
2025-06-30,0.0,0.0,0.0,1.2641104717255987,0.0,-0.0,0.0,1.0,0
2025-07-01,-0.0039121257649715,0.001,-0.0049121257649715,1.257901002107665,1.0,-0.0,1.0,0.0,3
2025-07-02,-0.001328906158628055,0.0,-0.001328906158628055,1.2562293697190199,0.0,-0.0,1.0,0.0,3
2025-07-03,0.011783251338473317,0.0,0.011783251338473317,1.271031836121191,0.0,-0.0,1.0,0.0,3
2025-07-04,-0.004010341593323067,0.0,-0.004010341593323067,1.2659345642823565,0.0,-0.0,1.0,0.0,3
2025-07-07,-0.004693558253634045,0.0,-0.004693558253634045,1.2599928266596085,0.0,-0.0,1.0,0.0,3
2025-07-08,0.02271205724659131,0.0,0.02271205724659131,1.288609855868996,0.0,-0.0,1.0,0.0,3
2025-07-09,-0.0016840780670499913,0.0,-0.0016840780670499913,1.2864397362737425,0.0,-0.0,1.0,0.0,3
2025-07-10,0.007732935896363146,0.0,0.007732935896363146,1.2963876922888817,0.0,-0.0,1.0,0.0,3
2025-07-11,0.008614334801564446,0.0,0.008614334801564446,1.3075552099028855,0.0,-0.0,1.0,0.0,3
2025-07-14,-0.003648336979059345,0.0,-0.003648336979059345,1.3027848078784352,0.0,-0.0,1.0,0.0,3
2025-07-15,-6.530606516919101e-05,0.0,-6.530606516919101e-05,1.3026997281288704,0.0,-0.0,1.0,0.0,3
2025-07-16,-0.0027326946135763546,0.0,-0.0027326946135763546,1.2991398475987053,0.0,-0.0,1.0,0.0,3
2025-07-17,0.011341676558497493,0.0,0.011341676558497493,1.3138742715544256,0.0,-0.0,1.0,0.0,3
2025-07-18,0.004203638260736664,0.0,0.004203638260736664,1.3193973237121293,0.0,-0.0,1.0,0.0,3
2025-07-21,0.012335997481073944,0.0,0.012335997481073944,1.3356734057739779,0.0,-0.0,1.0,0.0,3
2025-07-22,0.01009048933815504,0.0,0.01009048933815504,1.3491510040341974,0.0,-0.0,1.0,0.0,3
2025-07-23,-0.0004131739298532571,0.0,-0.0004131739298532571,1.3485935700118952,0.0,-0.0,1.0,0.0,3
2025-07-24,0.02340281233019977,0.0,0.02340281233019977,1.3801544522405975,0.0,-0.0,1.0,0.0,3
2025-07-25,-0.0037945572384845043,0.0,-0.0037945572384845043,1.3749173771736214,0.0,-0.0,1.0,0.0,3
2025-07-28,0.005316154288103577,0.0,0.005316154288103577,1.382226650084071,0.0,-0.0,1.0,0.0,3
2025-07-29,0.010080276389799284,0.0,0.010080276389799284,1.396159876750265,0.0,-0.0,1.0,0.0,3
2025-07-30,-0.016528156147863477,0.0,-0.016528156147863477,1.3730839282999547,0.0,-0.0,1.0,0.0,3
2025-07-31,-0.023367005850847868,0.0,-0.023367005850847868,1.3409990681136645,0.0,-0.0,1.0,0.0,3
2025-08-01,-0.012954787605673201,0.002,-0.014954787605673201,1.320944711870619,1.0,1.0,1.0,0.0,2
2025-08-04,0.005957836846929521,0.0,0.005957836846929521,1.3288146849477585,0.0,-0.0,1.0,0.0,2
2025-08-05,0.004709480528684251,0.0,0.004709480528684251,1.3350727118327497,0.0,-0.0,1.0,0.0,2
2025-08-06,0.0005868814982042392,0.0,0.0005868814982042392,1.3358562413060815,0.0,-0.0,1.0,0.0,2
2025-08-07,-0.004107772883658711,0.0,-0.004107772883658711,1.3303688472615782,0.0,-0.0,1.0,0.0,2
2025-08-08,-0.008422745832817713,0.0,-0.008422745832817713,1.3191634885971952,0.0,-0.0,1.0,0.0,2
2025-08-11,0.004424957750530201,0.0,0.004424957750530201,1.3250007313002798,0.0,-0.0,1.0,0.0,2
2025-08-12,0.010747993522245647,0.0,0.010747993522245647,1.339241830577266,0.0,-0.0,1.0,0.0,2
2025-08-13,0.016258460679645426,0.0,0.016258460679645426,1.3610158412202429,0.0,-0.0,1.0,0.0,2
2025-08-14,0.00038323965252939907,0.0,0.00038323965252939907,1.361537436458319,0.0,-0.0,1.0,0.0,2
2025-08-15,0.0094148924946722,0.0,0.0094148924946722,1.3743561650500458,0.0,-0.0,1.0,0.0,2
2025-08-18,0.011993513997092586,0.0,0.011993513997092586,1.390839524952564,0.0,-0.0,1.0,0.0,2
2025-08-19,-0.01386771123613234,0.0,-0.01386771123613234,1.3715517640447226,0.0,-0.0,1.0,0.0,2
2025-08-20,0.021105496287978087,0.0,0.021105496287978087,1.4004990447095385,0.0,-0.0,1.0,0.0,2
2025-08-21,0.0060240963855421326,0.0,0.0060240963855421326,1.4089357859427285,0.0,-0.0,1.0,0.0,2
2025-08-22,0.052361242510249095,0.0,0.052361242510249095,1.4827094143118442,0.0,-0.0,1.0,0.0,2
2025-08-25,0.02426410815898694,0.0,0.02426410815898694,1.518686035909055,0.0,-0.0,1.0,0.0,2
2025-08-26,-0.013134999932031044,0.0,-0.013134999932031044,1.498738094930613,0.0,-0.0,1.0,0.0,2
2025-08-27,-0.010115258992504539,0.0,-0.010115258992504539,1.4835779709384571,0.0,-0.0,1.0,0.0,2
2025-08-28,0.034710795312889564,0.0,0.034710795312889564,1.535074142218414,0.0,-0.0,1.0,0.0,2
2025-08-29,0.006992523653999494,0.0,0.006992523653999494,1.5458081844685194,0.0,-0.0,1.0,0.0,2
2025-09-01,0.01355409188146528,0.0015,0.01205409188146528,1.5644414983552242,0.75,0.75,1.0,0.0,4
2025-09-02,-0.02168437687472405,0.0,-0.02168437687472405,1.5305175593064315,0.0,-0.0,1.0,0.0,4
2025-09-03,-0.002866867118194172,0.0,-0.002866867118194172,1.5261297688418372,0.0,-0.0,1.0,0.0,4
2025-09-04,-0.03050866157685131,0.0,-0.03050866157685131,1.4795695922018832,0.0,-0.0,1.0,0.0,4
2025-09-05,0.05755805992388208,0.0,0.05755805992388208,1.564730747451393,0.0,-0.0,1.0,0.0,4
2025-09-08,0.0010002560075715317,0.0,0.0010002560075715317,1.5662958787817631,0.0,-0.0,1.0,0.0,4
2025-09-09,-0.015146215626363979,0.0,-0.015146215626363979,1.5425724236670493,0.0,-0.0,1.0,0.0,4
2025-09-10,0.0010601216298973815,0.0,0.0010601216298973815,1.5442077380590618,0.0,-0.0,1.0,0.0,4
2025-09-11,0.04018148503771485,0.0,0.04018148503771485,1.6062562981810056,0.0,-0.0,1.0,0.0,4
2025-09-12,-0.0012907996107848485,0.0,-0.0012907996107848485,1.604182943176493,0.0,-0.0,1.0,0.0,4
2025-09-15,0.007244849019698352,0.0,0.007244849019698352,1.615805006399782,0.0,-0.0,1.0,0.0,4
2025-09-16,0.006862197336296838,0.0,0.006862197336296838,1.6268929792106737,0.0,-0.0,1.0,0.0,4
2025-09-17,0.013731031309564656,0.0,0.013731031309564656,1.6492318976455262,0.0,-0.0,1.0,0.0,4
2025-09-18,-0.008190173358027436,0.0,-0.008190173358027436,1.635724402496221,0.0,-0.0,1.0,0.0,4
2025-09-19,-0.0046489208914514135,0.0,-0.0046489208914514135,1.6281200491487995,0.0,-0.0,1.0,0.0,4
2025-09-22,0.01071661205056193,0.0,0.01071661205056193,1.6455679800872691,0.0,-0.0,1.0,0.0,4
2025-09-23,0.00047759333099264833,0.0,0.00047759333099264833,1.6463538923802539,0.0,-0.0,1.0,0.0,4
2025-09-24,0.028803743455617925,0.0,0.028803743455617925,1.6937750475335327,0.0,-0.0,1.0,0.0,4
2025-09-25,0.011501704457118678,0.0,0.011501704457118678,1.7132563475471054,0.0,-0.0,1.0,0.0,4
2025-09-26,-0.01554143913779854,0.0,-0.01554143913779854,1.686629878294255,0.0,-0.0,1.0,0.0,4
2025-09-29,0.022393475890690573,0.0,0.022393475890690573,1.7243993838103557,0.0,-0.0,1.0,0.0,4
2025-09-30,0.012173052120242167,0.0,0.012173052120242167,1.7453905873855926,0.0,-0.0,1.0,0.0,4
2025-10-09,0.024727769011865314,0.0005,0.024227769011865314,1.7876775073722546,0.24999999999999994,0.25,1.0,0.0,3
2025-10-10,-0.05319981027819043,0.0,-0.05319981027819043,1.6925734031414623,0.0,-0.0,1.0,0.0,3
2025-10-13,0.001797379209588112,0.0,0.001797379209588112,1.6956155993869704,0.0,-0.0,1.0,0.0,3
2025-10-14,-0.0341637503322435,0.0,-0.0341637503322435,1.6376870113900566,0.0,-0.0,1.0,0.0,3
2025-10-15,0.018323496429402265,0.0,0.018323496429402265,1.6676951634957409,0.0,-0.0,1.0,0.0,3
2025-10-16,-0.00044867051916922885,0.0,-0.00044867051916922885,1.6669469178409193,0.0,-0.0,1.0,0.0,3
2025-10-17,-0.03893820462483166,0.0,-0.03893820462483166,1.6020389976552971,0.0,-0.0,1.0,0.0,3
2025-10-20,0.008462776347019826,0.0,0.008462776347019826,1.6155966953916576,0.0,-0.0,1.0,0.0,3
2025-10-21,0.02498770814179152,0.0,0.02498770814179152,1.6559667540909473,0.0,-0.0,1.0,0.0,3
2025-10-22,-0.007647727189878717,0.0,-0.007647727189878717,1.6433023721201507,0.0,-0.0,1.0,0.0,3
2025-10-23,0.004329493407713528,0.0,0.004329493407713528,1.650417038907125,0.0,-0.0,1.0,0.0,3
2025-10-24,0.03225838273949695,0.0,0.03225838273949695,1.7036568234279783,0.0,-0.0,1.0,0.0,3
2025-10-27,0.014698359236821574,0.0,0.014698359236821574,1.7286977834349848,0.0,-0.0,1.0,0.0,3
2025-10-28,-0.005826218996875965,0.0,-0.005826218996875965,1.7186260115692786,0.0,-0.0,1.0,0.0,3
2025-10-29,0.03503625236874648,0.0,0.03503625236874648,1.778840226238112,0.0,-0.0,1.0,0.0,3
2025-10-30,-0.009603546714454958,0.0,-0.009603546714454958,1.7617570510278826,0.0,-0.0,1.0,0.0,3
2025-10-31,-0.022101911691748945,0.0,-0.022101911691748945,1.7228188522637484,0.0,-0.0,1.0,0.0,3
2025-11-03,0.0009411276890541609,0.0005,0.0004411276890541609,1.7235788353627064,0.25,0.24999999999999994,1.0,0.0,4
2025-11-04,-0.019079403194405292,0.0,-0.019079403194405292,1.6906939798254779,0.0,-0.0,1.0,0.0,4
2025-11-05,0.012713688454475236,0.0,0.012713688454475236,1.7121889363568357,0.0,-0.0,1.0,0.0,4
2025-11-06,0.021239946319270453,0.0,0.021239946319270453,1.7485557374535037,0.0,-0.0,1.0,0.0,4
2025-11-07,-0.0006384440575214201,0.0,-0.0006384440575214201,1.7474393824336814,0.0,-0.0,1.0,0.0,4
2025-11-10,-0.004985402660534766,0.0,-0.004985402660534766,1.7387276934873734,0.0,-0.0,1.0,0.0,4
2025-11-11,-0.010885909673994054,0.0,-0.010885909673994054,1.7198000608683979,0.0,-0.0,1.0,0.0,4
2025-11-12,-0.009475635454388565,0.0,-0.009475635454388565,1.7035038624371737,0.0,-0.0,1.0,0.0,4
2025-11-13,0.024758964620306023,0.0,0.024758964620306023,1.7456808542978104,0.0,-0.0,1.0,0.0,4
2025-11-14,-0.02158484027481744,0.0,-0.02158484027481744,1.7080006118869853,0.0,-0.0,1.0,0.0,4
2025-11-17,-0.0013026900633830996,0.0,-0.0013026900633830996,1.7057756164616278,0.0,-0.0,1.0,0.0,4
2025-11-18,-0.011824391341663465,0.0,-0.011824391341663465,1.6856058580315183,0.0,-0.0,1.0,0.0,4
2025-11-19,-0.0018200630938040585,0.0,-0.0018200630938040585,1.6825379490186152,0.0,-0.0,1.0,0.0,4
2025-11-20,-0.011447118820945013,0.0,-0.011447118820945013,1.66327773719545,0.0,-0.0,1.0,0.0,4
2025-11-21,-0.042171115899043765,0.0,-0.042171115899043765,1.5931354589678814,0.0,-0.0,1.0,0.0,4
2025-11-24,0.0010259973302272352,0.0,0.0010259973302272352,1.5947700116954726,0.0,-0.0,1.0,0.0,4
2025-11-25,0.014077200248807431,0.0,0.014077200248807431,1.6172199085009027,0.0,-0.0,1.0,0.0,4
2025-11-26,0.008875273795537264,0.0,0.008875273795537264,1.631573177976442,0.0,-0.0,1.0,0.0,4
2025-11-27,-0.0026708791127295906,0.0,-0.0026708791127295906,1.627215443254495,0.0,-0.0,1.0,0.0,4
2025-11-28,0.011411016707821187,0.0,0.011411016707821187,1.6457836258646967,0.0,-0.0,1.0,0.0,4
2025-12-01,0.0,0.001,-0.001,1.644137842238832,0.0,1.0,0.0,1.0,0
2025-12-02,0.0,0.0,0.0,1.644137842238832,0.0,-0.0,0.0,1.0,0
2025-12-03,0.0,0.0,0.0,1.644137842238832,0.0,-0.0,0.0,1.0,0
2025-12-04,0.0,0.0,0.0,1.644137842238832,0.0,-0.0,0.0,1.0,0
2025-12-05,0.0,0.0,0.0,1.644137842238832,0.0,-0.0,0.0,1.0,0
2025-12-08,0.0,0.0,0.0,1.644137842238832,0.0,-0.0,0.0,1.0,0
2025-12-09,0.0,0.0,0.0,1.644137842238832,0.0,-0.0,0.0,1.0,0
2025-12-10,0.0,0.0,0.0,1.644137842238832,0.0,-0.0,0.0,1.0,0
2025-12-11,0.0,0.0,0.0,1.644137842238832,0.0,-0.0,0.0,1.0,0
2025-12-12,0.0,0.0,0.0,1.644137842238832,0.0,-0.0,0.0,1.0,0
2025-12-15,0.0,0.0,0.0,1.644137842238832,0.0,-0.0,0.0,1.0,0
2025-12-16,0.0,0.0,0.0,1.644137842238832,0.0,-0.0,0.0,1.0,0
2025-12-17,0.0,0.0,0.0,1.644137842238832,0.0,-0.0,0.0,1.0,0
2025-12-18,0.0,0.0,0.0,1.644137842238832,0.0,-0.0,0.0,1.0,0
2025-12-19,0.0,0.0,0.0,1.644137842238832,0.0,-0.0,0.0,1.0,0
2025-12-22,0.0,0.0,0.0,1.644137842238832,0.0,-0.0,0.0,1.0,0
2025-12-23,0.0,0.0,0.0,1.644137842238832,0.0,-0.0,0.0,1.0,0
2025-12-24,0.0,0.0,0.0,1.644137842238832,0.0,-0.0,0.0,1.0,0
2025-12-25,0.0,0.0,0.0,1.644137842238832,0.0,-0.0,0.0,1.0,0
2025-12-26,0.0,0.0,0.0,1.644137842238832,0.0,-0.0,0.0,1.0,0
2025-12-29,0.0,0.0,0.0,1.644137842238832,0.0,-0.0,0.0,1.0,0
2025-12-30,0.0,0.0,0.0,1.644137842238832,0.0,-0.0,0.0,1.0,0
2025-12-31,0.0,0.0,0.0,1.644137842238832,0.0,-0.0,0.0,1.0,0
2026-01-05,0.026884554559831297,0.001,0.025884554559831296,1.6866956179201464,1.0,-0.0,1.0,0.0,1
2026-01-06,0.021688911704312197,0.0,0.021688911704312197,1.7232782102492668,0.0,-0.0,1.0,0.0,1
2026-01-07,0.004773269689737347,0.0,0.004773269689737347,1.7315038818972344,0.0,-0.0,1.0,0.0,1
2026-01-08,0.0031253906738342163,0.0,0.0031253906738342163,1.7369155079814238,0.0,-0.0,1.0,0.0,1
2026-01-09,0.023928215353938187,0.0,0.023928215353938187,1.7784767963079982,0.0,-0.0,1.0,0.0,1
2026-01-12,0.02434274586173335,0.0,0.02434274586173335,1.8217698049815134,0.0,-0.0,1.0,0.0,1
2026-01-13,-0.013070342205323326,0.0,-0.013070342205323326,1.7979586502110798,0.0,-0.0,1.0,0.0,1
2026-01-14,0.007103298820130055,0.0,0.007103298820130055,1.8107300877697667,0.0,-0.0,1.0,0.0,1
2026-01-15,-0.003108188882247398,0.0,-0.003108188882247398,1.80510199664221,0.0,-0.0,1.0,0.0,1
2026-01-16,-0.005276412039812994,0.0,-0.005276412039812994,1.7955775347340366,0.0,-0.0,1.0,0.0,1
2026-01-19,0.006389391199517869,0.0,0.006389391199517869,1.8070501820325182,0.0,-0.0,1.0,0.0,1
2026-01-20,-0.0028749401054145585,0.0,-0.0028749401054145585,1.8018550209916961,0.0,-0.0,1.0,0.0,1
2026-01-21,0.012974531475252293,0.0,0.012974531475252293,1.8252332456753944,0.0,-0.0,1.0,0.0,1
2026-01-22,0.004388045540796748,0.0,0.004388045540796748,1.8332424522799942,0.0,-0.0,1.0,0.0,1
2026-01-23,0.02951942378084782,0.0,0.02951942378084782,1.887358713121888,0.0,-0.0,1.0,0.0,1
2026-01-26,-0.01777726803532509,0.0,-0.01777726803532509,1.853806631399914,0.0,-0.0,1.0,0.0,1
2026-01-27,0.006422232601587918,0.0,0.006422232601587918,1.8657122087851303,0.0,-0.0,1.0,0.0,1
2026-01-28,0.008353637312913387,0.0,0.008353637312913387,1.8812976919075959,0.0,-0.0,1.0,0.0,1
2026-01-29,-0.01150615579334957,0.0,-0.01150615579334957,1.8596511875708381,0.0,-0.0,1.0,0.0,1
2026-01-30,-0.01757653358165523,0.0,-0.01757653358165523,1.8269649660223344,0.0,-0.0,1.0,0.0,1
2026-02-02,0.0,0.001,-0.001,1.825138001056312,0.0,1.0,0.0,1.0,0
2026-02-03,0.0,0.0,0.0,1.825138001056312,0.0,-0.0,0.0,1.0,0
2026-02-04,0.0,0.0,0.0,1.825138001056312,0.0,-0.0,0.0,1.0,0
2026-02-05,0.0,0.0,0.0,1.825138001056312,0.0,-0.0,0.0,1.0,0
2026-02-06,0.0,0.0,0.0,1.825138001056312,0.0,-0.0,0.0,1.0,0
2026-02-09,0.0,0.0,0.0,1.825138001056312,0.0,-0.0,0.0,1.0,0
2026-02-10,0.0,0.0,0.0,1.825138001056312,0.0,-0.0,0.0,1.0,0
2026-02-11,0.0,0.0,0.0,1.825138001056312,0.0,-0.0,0.0,1.0,0
2026-02-12,0.0,0.0,0.0,1.825138001056312,0.0,-0.0,0.0,1.0,0
2026-02-13,0.0,0.0,0.0,1.825138001056312,0.0,-0.0,0.0,1.0,0
2026-02-24,0.0,0.0,0.0,1.825138001056312,0.0,-0.0,0.0,1.0,0
2026-02-25,0.0,0.0,0.0,1.825138001056312,0.0,-0.0,0.0,1.0,0
2026-02-26,0.0,0.0,0.0,1.825138001056312,0.0,-0.0,0.0,1.0,0
2026-02-27,0.0,0.0,0.0,1.825138001056312,0.0,-0.0,0.0,1.0,0
2026-03-02,-0.005155964267613222,0.001,-0.006155964267613222,1.8139025167383465,1.0,-0.0,1.0,0.0,3
2026-03-03,-0.03991879732718635,0.0,-0.03991879732718635,1.7414937098013952,0.0,-0.0,1.0,0.0,3
2026-03-04,-0.00443601091040724,0.0,-0.00443601091040724,1.7337684247043106,0.0,-0.0,1.0,0.0,3
2026-03-05,0.010395173080312532,0.0,0.010395173080312532,1.7517912475602926,0.0,-0.0,1.0,0.0,3
2026-03-06,0.003687530785207597,0.0,0.003687530785207597,1.7582510317149282,0.0,-0.0,1.0,0.0,3
2026-03-09,-0.004120494583956912,0.0,-0.004120494583956912,1.7510061678615103,0.0,-0.0,1.0,0.0,3
2026-03-10,0.017751258948111543,0.0,0.017751258948111543,1.7820887317669603,0.0,-0.0,1.0,0.0,3
2026-03-11,0.004705465980052319,0.0,0.004705465980052319,1.7904742896677242,0.0,-0.0,1.0,0.0,3
2026-03-12,-0.004224765615744771,0.0,-0.004224765615744771,1.782909955452861,0.0,-0.0,1.0,0.0,3
2026-03-13,-0.00705124205646405,0.0,-0.00705124205646405,1.7703382257920832,0.0,-0.0,1.0,0.0,3
2026-03-16,-0.00549504241776022,0.0,-0.00549504241776022,1.7606101421475733,0.0,-0.0,1.0,0.0,3
2026-03-17,-0.021692103473606245,0.0,-0.021692103473606245,1.7224188047674274,0.0,-0.0,1.0,0.0,3
2026-03-18,0.0056892258827594775,0.0,0.0056892258827594775,1.7322180344124618,0.0,-0.0,1.0,0.0,3
2026-03-19,-0.023451386537877074,0.0,-0.023451386537877074,1.6915951197195735,0.0,-0.0,1.0,0.0,3
2026-03-20,-0.002562205492156206,0.0,-0.002562205492156206,1.6872609054133234,0.0,-0.0,1.0,0.0,3
2026-03-23,-0.03264319081724713,0.0,-0.03264319081724713,1.6321833257194351,0.0,-0.0,1.0,0.0,3
2026-03-24,0.016023571415014166,0.0,0.016023571415014166,1.6583367318014957,0.0,-0.0,1.0,0.0,3
2026-03-25,0.01914839001985428,0.0,0.01914839001985428,1.6900912103262813,0.0,-0.0,1.0,0.0,3
2026-03-26,-0.014022528037038665,0.0,-0.014022528037038665,1.6663918589443285,0.0,-0.0,1.0,0.0,3
2026-03-27,0.013650479257756011,0.0,0.013650479257756011,1.6891389064501416,0.0,-0.0,1.0,0.0,3
2026-03-30,-0.008138313441965656,0.0,-0.008138313441965656,1.6753921645824312,0.0,-0.0,1.0,0.0,3
2026-03-31,-0.026237797606146043,0.0,-0.026237797606146043,1.6314335640571944,0.0,-0.0,1.0,0.0,3
2026-04-01,0.0,0.001,-0.001,1.6298021304931372,0.0,1.0,0.0,1.0,0
2026-04-02,0.0,0.0,0.0,1.6298021304931372,0.0,-0.0,0.0,1.0,0
2026-04-03,0.0,0.0,0.0,1.6298021304931372,0.0,-0.0,0.0,1.0,0
2026-04-07,0.0,0.0,0.0,1.6298021304931372,0.0,-0.0,0.0,1.0,0
2026-04-08,0.0,0.0,0.0,1.6298021304931372,0.0,-0.0,0.0,1.0,0
2026-04-09,0.0,0.0,0.0,1.6298021304931372,0.0,-0.0,0.0,1.0,0
2026-04-10,0.0,0.0,0.0,1.6298021304931372,0.0,-0.0,0.0,1.0,0
2026-04-13,0.0,0.0,0.0,1.6298021304931372,0.0,-0.0,0.0,1.0,0
2026-04-14,0.0,0.0,0.0,1.6298021304931372,0.0,-0.0,0.0,1.0,0
2026-04-15,0.0,0.0,0.0,1.6298021304931372,0.0,-0.0,0.0,1.0,0
2026-04-16,0.0,0.0,0.0,1.6298021304931372,0.0,-0.0,0.0,1.0,0
2026-04-17,0.0,0.0,0.0,1.6298021304931372,0.0,-0.0,0.0,1.0,0
2026-04-20,0.0,0.0,0.0,1.6298021304931372,0.0,-0.0,0.0,1.0,0
2026-04-21,0.0,0.0,0.0,1.6298021304931372,0.0,-0.0,0.0,1.0,0
2026-04-22,0.0,0.0,0.0,1.6298021304931372,0.0,-0.0,0.0,1.0,0
2026-04-23,0.0,0.0,0.0,1.6298021304931372,0.0,-0.0,0.0,1.0,0
2026-04-24,0.0,0.0,0.0,1.6298021304931372,0.0,-0.0,0.0,1.0,0
2026-04-27,0.0,0.0,0.0,1.6298021304931372,0.0,-0.0,0.0,1.0,0
2026-04-28,0.0,0.0,0.0,1.6298021304931372,0.0,-0.0,0.0,1.0,0
2026-04-29,0.0,0.0,0.0,1.6298021304931372,0.0,-0.0,0.0,1.0,0
2026-04-30,0.0,0.0,0.0,1.6298021304931372,0.0,-0.0,0.0,1.0,0
2026-05-06,0.054413542926239566,0.001,0.053413542926239566,1.7168556365515089,1.0,-0.0,1.0,0.0,1
2026-05-07,0.014334862385321001,0.0,0.014334862385321001,1.7414665258369375,0.0,-0.0,1.0,0.0,1
2026-05-08,-0.02374222724703212,0.0,-0.02374222724703212,1.7001202318374173,0.0,-0.0,1.0,0.0,1
2026-05-11,0.04863925883034148,0.0,0.04863925883034148,1.7828128198364577,0.0,-0.0,1.0,0.0,1
2026-05-12,0.002760905577029238,0.0,0.002760905577029238,1.7877349976935433,0.0,-0.0,1.0,0.0,1
2026-05-13,0.02698237885462551,0.0,0.02698237885462551,1.8359723406929835,0.0,-0.0,1.0,0.0,1
2026-05-14,-0.02680965147453085,0.0,-0.02680965147453085,1.786750562122126,0.0,-0.0,1.0,0.0,1
2026-05-15,-0.015426997245179042,0.0,-0.015426997245179042,1.7591863661224458,0.0,-0.0,1.0,0.0,1
2026-05-18,0.008953553441522155,0.0,0.008953553441522155,1.7749373352651203,0.0,-0.0,1.0,0.0,1
2026-05-19,0.03771491957848028,0.0,0.03771491957848028,1.8418789541214864,0.0,-0.0,1.0,0.0,1
2026-05-20,0.032068412613575736,0.0,0.032068412613575736,1.9009450884065155,0.0,-0.0,1.0,0.0,1
2026-05-21,-0.03676851372345935,0.0,-0.03676851372345935,1.831050162835898,0.0,-0.0,1.0,0.0,1
2026-05-22,0.014516129032257963,0.0,0.014516129032257963,1.8576299232641609,0.0,-0.0,1.0,0.0,1
2026-05-25,0.05882352941176472,0.0,0.05882352941176472,1.9669022716914646,0.0,-0.0,1.0,0.0,1
2026-05-26,-0.01501501501501501,0.0,-0.01501501501501501,1.9373692045489501,0.0,-0.0,1.0,0.0,1
2026-05-27,-0.02896341463414631,0.0,-0.02896341463414631,1.8812563769781727,0.0,-0.0,1.0,0.0,1
2026-05-28,0.016221873364730355,0.0,0.016221873364730355,1.911773879692104,0.0,-0.0,1.0,0.0,1
2026-05-29,-0.05046343975283207,0.0,-0.05046343975283207,1.8152991936932235,0.0,-0.0,1.0,0.0,1
