date,open,high,low,close,volume,amount,daily_return,ma20,ma60,momentum_60
2020-01-02,4.12,4.174,4.118,4.149,627623614,2603983236,,,,
2020-01-03,4.156,4.162,4.133,4.139,469673776,1948030083,-0.002410219329958996,,,
2020-01-06,4.126,4.171,4.094,4.123,666504783,2760524448,-0.003865668035757386,,,
2020-01-07,4.134,4.16,4.128,4.155,464959514,1927362283,0.007761338830948317,,,
2020-01-08,4.135,4.149,4.097,4.114,562852067,2321782204,-0.009867629362214303,,,
2020-01-09,4.138,4.165,4.134,4.158,394431722,1636905845,0.010695187165775444,,,
2020-01-10,4.165,4.176,4.144,4.157,379555000,1576677929,-0.00024050024050037422,,,
2020-01-13,4.156,4.205,4.141,4.202,373639185,1558366390,0.010825114265095026,,,
2020-01-14,4.202,4.222,4.18,4.184,409962842,1723090045,-0.004283674440742402,,,
2020-01-15,4.184,4.19,4.145,4.152,319607409,1330016015,-0.007648183556405397,,,
2020-01-16,4.159,4.163,4.135,4.146,416297801,1726422321,-0.0014450867052023808,,,
2020-01-17,4.152,4.175,4.137,4.151,321627384,1335598763,0.001205981669078593,,,
2020-01-20,4.156,4.183,4.142,4.181,353488249,1472153087,0.00722717417489771,,,
2020-01-21,4.163,4.163,4.1,4.105,618294600,2548564521,-0.018177469504903065,,,
2020-01-22,4.089,4.133,4.034,4.119,907393261,3709564742,0.003410475030450444,,,
2020-01-23,4.081,4.09,3.956,3.996,753583400,3042046038,-0.029861616897305154,,,
2020-02-03,3.73,3.736,3.636,3.659,1471075772,5431562760,-0.08433433433433435,,,
2020-02-04,3.65,3.776,3.649,3.77,735843705,2749866008,0.03033615742006024,,,
2020-02-05,3.784,3.855,3.768,3.807,553287488,2109910834,0.009814323607427067,,,
2020-02-06,3.823,3.913,3.797,3.897,527965212,2038967051,0.023640661938534313,4.0682,,
2020-02-07,3.87,3.892,3.844,3.888,346989051,1340754089,-0.002309468822170868,4.055149999999999,,
2020-02-10,3.868,3.91,3.851,3.901,398519147,1549146625,0.003343621399176877,4.0432500000000005,,
2020-02-11,3.909,3.96,3.907,3.943,422258801,1663318182,0.010766470135862738,4.03425,,
2020-02-12,3.939,3.977,3.93,3.971,290783451,1150842638,0.007101191985797728,4.02505,,
2020-02-13,3.97,3.985,3.938,3.95,325961046,1290560943,-0.00528834046839588,4.01685,,
2020-02-14,3.945,3.995,3.943,3.977,313979347,1247221633,0.0068354430379746756,4.0078000000000005,,
2020-02-17,3.986,4.07,3.986,4.064,581140084,2345003457,0.021875785768167066,4.00315,,
2020-02-18,4.057,4.062,4.012,4.039,709950982,2867046795,-0.006151574803149651,3.9949999999999997,,
2020-02-19,4.036,4.069,4.029,4.04,440377238,1783390983,0.0002475860361477178,3.9878,,
2020-02-20,4.055,4.144,4.039,4.131,605241099,2472181763,0.022524752475247656,3.98675,,
2020-02-21,4.123,4.178,4.117,4.145,444470153,1839049777,0.003389009924957387,3.9867,,
2020-02-24,4.123,4.136,4.082,4.112,372727289,1532512765,-0.007961399276236292,3.9847500000000005,,
2020-02-25,4.051,4.116,4.012,4.104,603830762,2459159333,-0.0019455252918287869,3.9809000000000005,,
2020-02-26,4.064,4.118,4.048,4.07,641793391,2617010934,-0.00828460038986345,3.9791499999999997,,
2020-02-27,4.083,4.097,4.061,4.071,475330532,1938047426,0.00024570024570014226,3.97675,,
2020-02-28,4.01,4.019,3.924,3.933,560071042,2224760713,-0.03389830508474578,3.9736000000000002,,
2020-03-02,3.948,4.09,3.948,4.076,426683708,1721101323,0.03635901347571813,3.9944499999999996,,
2020-03-03,4.117,4.139,4.055,4.073,408776061,1677225022,-0.0007360157016681468,4.009600000000001,,
2020-03-04,4.065,4.104,4.048,4.102,295453297,1204615735,0.0071200589246256385,4.02435,,
2020-03-05,4.151,4.208,4.111,4.2,547831292,2282136998,0.023890784982935065,4.039499999999999,,
2020-03-06,4.167,4.169,4.117,4.121,249987730,1035853463,-0.01880952380952372,4.051150000000001,,
2020-03-09,4.068,4.068,3.981,3.99,423642354,1701717889,-0.031788400873574374,4.0556,,
2020-03-10,3.992,4.088,3.943,4.078,859648156,3457073174,0.02205513784461144,4.06235,,
2020-03-11,4.078,4.078,4.009,4.011,703269381,2845979722,-0.016429622363903884,4.064349999999999,,
2020-03-12,3.973,3.975,3.919,3.948,388119218,1531041364,-0.015706806282722585,4.06425,,
2020-03-13,3.833,3.93,3.75,3.889,717892899,2753021876,-0.014944275582573496,4.05985,,
2020-03-16,3.885,3.885,3.716,3.726,571080084,2168080979,-0.041913088197480075,4.042949999999999,,
2020-03-17,3.759,3.788,3.615,3.693,985255849,3645999364,-0.008856682769726176,4.025650000000001,,
2020-03-18,3.706,3.763,3.626,3.631,783304767,2903199190,-0.016788518819388143,4.0052,,
2020-03-19,3.634,3.647,3.492,3.596,1248163833,4456146356,-0.009639217846323267,3.97845,,
2020-03-20,3.612,3.657,3.582,3.644,678689518,2456318768,0.013348164627363657,3.9534000000000007,,
2020-03-23,3.54,3.582,3.513,3.526,807278071,2858519649,-0.032381997804610374,3.9241,,
2020-03-24,3.589,3.623,3.536,3.611,832898539,2993488749,0.024106636415201388,3.8994499999999994,,
2020-03-25,3.693,3.721,3.67,3.706,1010083600,3732548148,0.026308501800055284,3.88125,,
2020-03-26,3.683,3.722,3.67,3.683,355654180,1314493551,-0.006206152185644909,3.8618500000000004,,
2020-03-27,3.729,3.754,3.698,3.7,491544293,1829774379,0.0046158023350530986,3.8502,,
2020-03-30,3.659,3.685,3.63,3.666,497134429,1817215400,-0.009189189189189206,3.8297000000000003,,
2020-03-31,3.703,3.706,3.66,3.669,374003032,1377646905,0.0008183306055646877,3.8095,,
2020-04-01,3.664,3.723,3.654,3.673,355438884,1309936605,0.0010902153175251783,3.7880499999999997,,
2020-04-02,3.658,3.728,3.641,3.723,463048932,1702317215,0.013612850530901222,3.7642,3.9572999999999996,
2020-04-03,3.71,3.724,3.683,3.697,324717000,1202415071,-0.006983615363953755,3.743,3.9497666666666666,-0.10894191371414796
2020-04-07,3.76,3.793,3.758,3.78,546740521,2064202708,0.022450635650527406,3.7325000000000004,3.943783333333333,-0.08673592655230744
2020-04-08,3.766,3.779,3.752,3.765,221917490,835369077,-0.003968253968253843,3.71685,3.937816666666667,-0.08682997817123461
2020-04-09,3.781,3.788,3.77,3.776,328543624,1241868021,0.0029216467463477613,3.7051000000000003,3.9314999999999998,-0.09121540312876064
2020-04-10,3.776,3.812,3.746,3.764,464247186,1752635038,-0.0031779661016949623,3.6958999999999995,3.9256666666666664,-0.08507535245503162
2020-04-13,3.75,3.758,3.732,3.743,246696932,923357829,-0.005579171094580171,3.6885999999999997,3.91875,-0.0998075998075999
2020-04-14,3.76,3.808,3.755,3.805,376124777,1423412717,0.016564253272775886,3.6925499999999998,3.9128833333333333,-0.08467644936252106
2020-04-15,3.805,3.814,3.781,3.783,239200804,907994642,-0.005781865965834521,3.69705,3.9059,-0.0997144217039505
2020-04-16,3.77,3.797,3.766,3.785,227317249,859202032,0.0005286809410520732,3.7047499999999998,3.8992500000000003,-0.0953632887189293
2020-04-17,3.814,3.845,3.81,3.819,570480887,2183824470,0.008982826948480849,3.7159,3.8937,-0.08020231213872842
2020-04-20,3.826,3.836,3.813,3.835,382296046,1463235135,0.004189578423671181,3.72545,3.888516666666667,-0.07501205981669079
2020-04-21,3.82,3.825,3.77,3.795,292757173,1110170605,-0.010430247718383301,3.7388999999999997,3.8825833333333333,-0.08576246687545164
2020-04-22,3.779,3.83,3.772,3.829,345671032,1313936907,0.008959156785243838,3.7498000000000005,3.876716666666667,-0.08419038507534082
2020-04-23,3.832,3.842,3.812,3.822,201520738,771450450,-0.001828153564899515,3.7556000000000003,3.872,-0.0689403166869672
2020-04-24,3.807,3.812,3.778,3.79,305829499,1159836790,-0.008372579801151248,3.76095,3.8665166666666666,-0.07987375576596256
2020-04-27,3.792,3.833,3.787,3.807,309460942,1180911446,0.004485488126648951,3.7662999999999998,3.863366666666667,-0.04729729729729726
2020-04-28,3.82,3.844,3.756,3.831,422865548,1614577806,0.0063041765169424835,3.77455,3.866233333333333,0.04700737906531849
2020-04-29,3.826,3.865,3.823,3.851,277834908,1069637523,0.005220569042025502,3.78365,3.8675833333333336,0.021485411140583555
2020-04-30,3.865,3.916,3.863,3.908,527998051,2059990937,0.014801350298623728,3.7954,3.8692666666666664,0.02653007617546632
2020-05-06,3.865,3.926,3.86,3.918,383453463,1490004472,0.0025588536335721113,3.80515,3.8696166666666665,0.005388760585065544
2020-05-07,3.918,3.925,3.899,3.911,274638833,1073971198,-0.0017866258295048398,3.8158499999999997,3.8699999999999997,0.005915637860082423
2020-05-08,3.929,3.972,3.927,3.953,370674288,1464209061,0.010738941447200112,3.8244999999999996,3.8708666666666667,0.013329915406306014
2020-05-11,3.959,3.992,3.935,3.946,412309647,1634097108,-0.0017708069820389083,3.83355,3.8709166666666666,0.0007608419984783676
2020-05-12,3.947,3.96,3.917,3.945,586605193,2310845675,-0.00025342118601123786,3.842,3.870483333333333,-0.006547469151347296
2020-05-13,3.933,3.96,3.92,3.954,278396942,1096626960,0.0022813688212928174,3.8515,3.87055,0.0010126582278480178
2020-05-14,3.94,3.94,3.917,3.921,300179639,1178568299,-0.008345978755690542,3.8604000000000007,3.8696166666666665,-0.014080965551923619
2020-05-15,3.928,3.94,3.901,3.902,543570346,2129155229,-0.004845702626880777,3.8652500000000005,3.866916666666667,-0.03986220472440938
2020-05-18,3.901,3.938,3.892,3.914,302052954,1184460537,0.003075345976422339,3.8717999999999995,3.864833333333333,-0.030948254518445073
2020-05-19,3.95,3.957,3.932,3.943,278121100,1096942157,0.007409299948901271,3.8797000000000006,3.8632166666666667,-0.02400990099009903
2020-05-20,3.94,3.944,3.92,3.927,197561843,777073054,-0.004057823991884368,3.8851,3.8598166666666667,-0.04938271604938271
2020-05-21,3.933,3.94,3.899,3.901,236523366,926829389,-0.006620830150241952,3.8884,3.85575,-0.05886610373944512
2020-05-22,3.898,3.898,3.813,3.815,532861629,2048425731,-0.022045629325813887,3.8894000000000006,3.8508,-0.07222762645914405
2020-05-25,3.812,3.829,3.797,3.817,250559675,955690447,0.0005242463958061716,3.8888,3.846016666666667,-0.06993177387914229
2020-05-26,3.834,3.866,3.834,3.863,475110838,1829472410,0.012051349227141683,3.8908499999999995,3.842566666666667,-0.050859950859950875
2020-05-27,3.863,3.864,3.833,3.845,231199608,889357448,-0.004659590991457407,3.8936,3.8388,-0.05551461557356907
2020-05-28,3.847,3.884,3.815,3.85,284073116,1093611518,0.0013003901170349774,3.8957500000000005,3.837416666666667,-0.02110348334604617
2020-05-29,3.83,3.869,3.823,3.866,250919820,966708845,0.004155844155844246,3.8975,3.8339166666666666,-0.051521099116781044
2020-06-01,3.898,3.976,3.895,3.968,350928902,1385589758,0.026383859286083666,3.9033499999999997,3.8321666666666667,-0.02577952369260994
2020-06-02,3.968,3.989,3.96,3.979,162838185,647069165,0.00277217741935476,3.9068999999999994,3.8301166666666666,-0.029985372988786008
2020-06-03,3.998,4.02,3.976,3.978,365752469,1461404414,-0.00025131942699163634,3.9099000000000004,3.826416666666667,-0.052857142857142825
2020-06-04,3.991,3.995,3.965,3.98,281384424,1119665735,0.0005027652086475598,3.9133500000000003,3.8240666666666665,-0.03421499636010683
2020-06-05,3.979,4.004,3.965,4.003,201359632,801832963,0.005778894472361795,3.9158500000000003,3.8242833333333333,0.0032581453634084045
2020-06-08,4.02,4.047,4.012,4.022,285603662,1149881973,0.00474644016987269,3.91965,3.82335,-0.013732221677292822
2020-06-09,4.024,4.05,4.013,4.049,294492489,1189397524,0.006713078070611722,3.92485,3.823983333333333,0.00947394664672152
2020-06-10,4.045,4.046,4.027,4.04,318357157,1285096270,-0.0022227710545814627,3.92915,3.8255166666666667,0.023302938196555267
2020-06-11,4.033,4.05,3.984,4.003,305193298,1226496439,-0.009158415841584167,3.9332499999999997,3.8274166666666667,0.029313448187194835
2020-06-12,3.962,4.023,3.942,4.013,309073335,1230613931,0.0024981264051959773,3.9387999999999996,3.8322,0.07702630166398272
2020-06-15,3.982,4.009,3.955,3.956,280526100,1117257834,-0.014203837528033891,3.9409000000000005,3.836583333333333,0.07121581370159769
2020-06-16,3.995,4.019,3.991,4.018,247695273,992947047,0.01567239635995943,3.94465,3.843033333333333,0.10658220875791802
2020-06-17,4.02,4.023,3.996,4.022,279025595,1118948762,0.0009955201592832807,3.9494,3.8501333333333334,0.1184649610678532
2020-06-18,4.013,4.055,4.005,4.053,343002705,1385004401,0.007707608155146595,3.957,3.85695,0.1122392974753017
2020-06-19,4.05,4.125,4.05,4.105,369563643,1514130382,0.012830002467308255,3.9715,3.8666,0.16420873511060718
2020-06-22,4.105,4.14,4.097,4.109,521244200,2146227183,0.0009744214372715554,3.9861000000000004,3.8749,0.13791193575186922
2020-06-23,4.1,4.133,4.086,4.128,398167830,1638145515,0.00462399610610853,3.9993500000000006,3.8819333333333335,0.11386940097139786
2020-06-24,4.138,4.167,4.136,4.164,457942198,1899221459,0.008720930232557933,4.0153,3.88995,0.1306000543035568
2020-06-29,4.15,4.16,4.106,4.128,212654964,876863744,-0.008645533141210304,4.0291999999999994,3.8970833333333337,0.1156756756756756
2020-06-30,4.148,4.192,4.146,4.178,542468494,2264019132,0.012112403100775104,4.0448,3.905616666666667,0.13966175668303338
2020-07-01,4.187,4.276,4.183,4.272,574064113,2425293927,0.022498803255146083,4.0600000000000005,3.9156666666666666,0.16434995911692574
2020-07-02,4.27,4.375,4.263,4.37,550437787,2380221137,0.02294007490636707,4.07955,3.9272833333333335,0.18976313640076237
2020-07-03,4.386,4.464,4.369,4.457,586768714,2583513174,0.01990846681922198,4.1034999999999995,3.939516666666667,0.19715283373623427
2020-07-06,4.527,4.799,4.508,4.784,929317489,4319345422,0.07336773614538927,4.1437,3.9576333333333333,0.2940221801460643
2020-07-07,4.821,4.85,4.724,4.736,1074501897,5140703744,-0.010033444816053505,4.18035,3.973566666666667,0.252910052910053
2020-07-08,4.734,4.838,4.708,4.798,903486859,4300342496,0.013091216216216228,4.219150000000001,3.9907833333333333,0.2743691899070384
2020-07-09,4.796,4.884,4.76,4.872,642434179,3104867386,0.01542309295539801,4.260299999999999,4.00905,0.2902542372881356
2020-07-10,4.838,4.857,4.763,4.785,564416770,2719824198,-0.017857142857142794,4.29755,4.026066666666667,0.27125398512221044
2020-07-13,4.782,4.927,4.777,4.885,824378259,4008141929,0.020898641588296796,4.34165,4.045100000000001,0.30510285866951636
2020-07-14,4.877,4.899,4.765,4.842,737641416,3569719096,-0.008802456499488298,4.3831,4.062383333333333,0.27253613666228627
2020-07-15,4.86,4.895,4.765,4.784,662402942,3200591192,-0.011978521272201559,4.4245,4.079066666666667,0.2646048109965635
2020-07-16,4.79,4.828,4.55,4.556,1289918063,6024138887,-0.04765886287625409,4.4514,4.091916666666666,0.20369881109643329
2020-07-17,4.57,4.654,4.541,4.605,904292349,4154619226,0.010755048287971913,4.48055,4.105016666666667,0.20581304006284373
2020-07-20,4.647,4.74,4.585,4.727,724976202,3384863206,0.026492942453854473,4.5142500000000005,4.119883333333333,0.23259452411994785
2020-07-21,4.749,4.764,4.711,4.739,465350652,2204859169,0.0025386079966152053,4.5459499999999995,4.1356166666666665,0.24874835309617915
2020-07-22,4.732,4.856,4.728,4.792,705437207,3385495850,0.011183794049377527,4.5801,4.151666666666666,0.25150169757116725
2020-07-23,4.742,4.789,4.662,4.766,430577055,2037385932,-0.005425709515859745,4.612,4.1674,0.2469911041339612
2020-07-24,4.726,4.742,4.527,4.554,648282022,3002698170,-0.044481745698699116,4.631500000000001,4.180133333333333,0.2015831134564645
2020-07-27,4.583,4.616,4.537,4.582,311101401,1424772722,0.0061484409310494925,4.6542,4.19305,0.2035723666929341
2020-07-28,4.615,4.641,4.587,4.617,374257289,1726997386,0.007638585770405992,4.67615,4.20615,0.20516836335160527
2020-07-29,4.605,4.753,4.599,4.749,488385416,2295204610,0.028589993502274202,4.7,4.221116666666666,0.2331861854063879
2020-07-30,4.75,4.757,4.709,4.714,297474433,1407409977,-0.007369972625815846,4.7172,4.2345500000000005,0.20624360286591625
2020-07-31,4.71,4.809,4.672,4.75,518524684,2461206603,0.007636826474331615,4.73185,4.2484166666666665,0.21235324144971912
2020-08-03,4.79,4.829,4.772,4.825,434393304,2085189584,0.015789473684210575,4.7339,4.26365,0.23369982101764264
2020-08-04,4.849,4.863,4.804,4.829,311402501,1504562149,0.000829015544041356,4.73855,4.27825,0.22160384518087528
2020-08-05,4.822,4.845,4.761,4.831,300697444,1444229400,0.00041416442327624203,4.7402,4.293,0.22427774961986824
2020-08-06,4.831,4.852,4.747,4.813,224666976,1078135870,-0.003725936659076945,4.7372499999999995,4.307466666666667,0.2200253485424588
2020-08-07,4.803,4.805,4.7,4.765,343055100,1633338710,-0.009972989819239553,4.73625,4.320983333333333,0.20510875063227108
2020-08-10,4.733,4.818,4.695,4.781,240425812,1145210281,0.003357817418677911,4.731050000000001,4.335316666666667,0.21933180311145106
2020-08-11,4.785,4.851,4.726,4.734,248052945,1192172419,-0.0098305793766994,4.72565,4.349183333333333,0.21322398769861595
2020-08-12,4.725,4.74,4.622,4.702,424060538,1982239077,-0.006759611322348924,4.72155,4.362316666666667,0.20132856412876854
2020-08-13,4.715,4.724,4.678,4.687,197805792,929510040,-0.0031901318587834737,4.7280999999999995,4.374716666666667,0.18868881562262252
2020-08-14,4.688,4.78,4.67,4.778,422185608,2003224522,0.01941540430979294,4.73675,4.388899999999999,0.21670486376368725
2020-08-17,4.798,4.91,4.783,4.877,563474986,2736783499,0.020719966513185417,4.744249999999999,4.405166666666667,0.25019225839528336
2020-08-18,4.882,4.892,4.844,4.87,349311764,1701347304,-0.0014353085913471064,4.7508,4.42275,0.27653997378768036
2020-08-19,4.867,4.871,4.791,4.794,405819093,1960455849,-0.015605749486653053,4.7509,4.439033333333334,0.25596017815037975
2020-08-20,4.77,4.781,4.723,4.743,344280792,1635643695,-0.010638297872340274,4.749750000000001,4.4537,0.22780222624902935
2020-08-21,4.767,4.807,4.744,4.783,289329087,1383398799,0.008433480919249448,4.7612,4.469333333333333,0.24395318595578686
2020-08-24,4.805,4.831,4.778,4.813,415934500,2001903982,0.006272214091574302,4.77275,4.485383333333334,0.25012987012987
2020-08-25,4.826,4.87,4.803,4.822,216133255,1045169798,0.0018699355911075966,4.7829999999999995,4.501316666666667,0.24728401448525617
2020-08-26,4.819,4.849,4.747,4.763,334981700,1602850783,-0.012235586893405315,4.7837000000000005,4.514566666666667,0.20035282258064524
2020-08-27,4.769,4.801,4.74,4.799,207431486,990307792,0.0075582615998321945,4.78795,4.528233333333333,0.2060819301331993
2020-08-28,4.793,4.925,4.778,4.917,554996485,2700358154,0.024588455928318265,4.7963000000000005,4.543883333333334,0.23604826546003
2020-08-31,4.945,4.968,4.87,4.874,488697161,2411052931,-0.008745169818995313,4.79875,4.558783333333333,0.22462311557788928
2020-09-01,4.866,4.91,4.86,4.908,240533025,1174549250,0.006975789905621754,4.8027,4.5738666666666665,0.22608043967024738
2020-09-02,4.919,4.925,4.854,4.904,385904700,1888805896,-0.0008149959250204342,4.80635,4.588566666666666,0.21929388363998004
2020-09-03,4.898,4.94,4.861,4.884,229830280,1126381241,-0.004078303425774754,4.809900000000001,4.602483333333334,0.20622375895282774
2020-09-04,4.81,4.847,4.791,4.829,375102467,1805338853,-0.011261261261261368,4.8131,4.615633333333333,0.19529702970297014
2020-09-07,4.82,4.855,4.71,4.732,445746642,2132974128,-0.020086974528887858,4.81065,4.6277833333333325,0.18211341493879596
2020-09-08,4.74,4.77,4.704,4.756,485820300,2301096971,0.00507185122569731,4.81175,4.640166666666667,0.1851482681285821
2020-09-09,4.7,4.71,4.615,4.645,515494651,2407141145,-0.023338940285954735,4.8088999999999995,4.65165,0.1741658240647117
2020-09-10,4.684,4.706,4.634,4.649,423536864,1982854311,0.0008611410118408713,4.807,4.662166666666667,0.15704330512692888
2020-09-11,4.63,4.693,4.627,4.685,279946274,1305435223,0.007743600774360093,4.80235,4.673216666666666,0.16484336151168555
2020-09-14,4.707,4.724,4.685,4.712,263594672,1240126300,0.005763073639274419,4.7941,4.6842,0.16259560819146301
2020-09-15,4.705,4.755,4.694,4.747,292860603,1384217308,0.007427843803056167,4.78795,4.6949000000000005,0.15639464068209485
2020-09-16,4.745,4.749,4.702,4.719,188912654,893325908,-0.005898462186644138,4.7842,4.705066666666666,0.14845461182769548
2020-09-17,4.703,4.735,4.667,4.69,408145361,1916736898,-0.006145369781733412,4.78155,4.714433333333333,0.1361434108527133
2020-09-18,4.695,4.813,4.693,4.811,873517831,4159028072,0.025799573560767453,4.7829500000000005,4.725216666666667,0.15537944284341987
2020-09-21,4.815,4.85,4.75,4.756,381620413,1825584796,-0.011432134691332307,4.7801,4.735683333333333,0.15213178294573648
2020-09-22,4.725,4.776,4.679,4.699,578513427,2730884257,-0.01198486122792275,4.77395,4.744366666666667,0.12470081378650066
2020-09-23,4.703,4.729,4.684,4.713,466006228,2194437868,0.002979357310066044,4.77145,4.751716666666666,0.10323033707865159
2020-09-24,4.685,4.696,4.625,4.636,344502320,1602695301,-0.016337789093995303,4.7633,4.756150000000001,0.0608695652173914
2020-09-25,4.643,4.666,4.621,4.639,325369201,1509949944,0.000647109577221805,4.7494,4.7591833333333335,0.04083464213596599
2020-09-28,4.642,4.681,4.635,4.649,304679600,1418157832,0.002155636990730736,4.73815,4.7569333333333335,-0.02821906354515047
2020-09-29,4.67,4.687,4.652,4.66,315881012,1474785387,0.0023661002366099915,4.72575,4.7556666666666665,-0.01604729729729726
2020-09-30,4.673,4.695,4.62,4.646,454910191,2117459400,-0.0030042918454936673,4.7128499999999995,4.753133333333333,-0.031679866611088014
2020-10-09,4.721,4.765,4.72,4.739,359666738,1703741732,0.020017219113215745,4.7056,4.750916666666666,-0.027298850574712596
2020-10-12,4.765,4.893,4.763,4.887,360952774,1747762574,0.03123021734543152,4.7085,4.7526166666666665,0.021316614420062496
2020-10-13,4.888,4.914,4.86,4.903,320043929,1562011927,0.003273992224268385,4.71705,4.752916666666667,0.0036847492323439646
2020-10-14,4.89,4.897,4.863,4.879,278948296,1360025596,-0.004894962267999237,4.7232,4.753533333333333,0.007641470466749345
2020-10-15,4.874,4.901,4.858,4.867,330528322,1611849494,-0.0024595203935231513,4.7343,4.754916666666666,0.01734949832775934
2020-10-16,4.864,4.892,4.824,4.853,283570693,1379059690,-0.0028765153071708127,4.7445,4.7598666666666665,0.06518876207199287
2020-10-19,4.88,4.92,4.804,4.822,601925222,2924978826,-0.006387801359983403,4.75135,4.763483333333332,0.047122692725298565
2020-10-20,4.811,4.854,4.807,4.852,273913000,1322702077,0.006221484861053561,4.75835,4.765566666666667,0.02644383329807498
2020-10-21,4.855,4.864,4.818,4.858,348894700,1690610422,0.0012366034624895494,4.7639,4.76755,0.025110782865583436
2020-10-22,4.844,4.859,4.792,4.842,257148347,1239996905,-0.0032935364347468354,4.77005,4.768383333333333,0.01043405676126885
2020-10-23,4.832,4.867,4.781,4.786,776805715,3742156538,-0.011565468814539459,4.77485,4.768716666666666,0.004196391103650665
2020-10-26,4.757,4.776,4.706,4.75,507147375,2405937650,-0.007521938988717003,4.7718,4.771983333333334,0.043039086517347336
2020-10-27,4.737,4.77,4.733,4.764,299348813,1423170547,0.0029473684210525875,4.7722,4.775016666666668,0.03972064600611103
2020-10-28,4.762,4.818,4.747,4.804,482829143,2308480718,0.008396305625524736,4.77745,4.778133333333333,0.040502490794888546
2020-10-29,4.759,4.871,4.752,4.848,371024766,1788027264,0.00915903413821817,4.7842,4.779783333333333,0.020846493998736726
2020-10-30,4.838,4.847,4.748,4.757,384587845,1841396295,-0.01877062706270627,4.7902499999999995,4.7805,0.009121764955451583
2020-11-02,4.759,4.804,4.759,4.785,200166029,957490285,0.005886062644523848,4.797549999999999,4.781083333333332,0.007368421052631691
2020-11-03,4.8,4.863,4.8,4.836,356112935,1720609438,0.01065830721003147,4.806900000000001,4.781266666666666,0.0022797927461140066
2020-11-04,4.845,4.895,4.83,4.873,344738845,1675789715,0.0076509511993383406,4.81755,4.781999999999999,0.009111617312072884
2020-11-05,4.92,4.953,4.9,4.949,375894391,1854962369,0.015596142006977232,4.8327,4.783966666666667,0.02442558476505896
2020-11-06,4.958,4.962,4.908,4.951,354123679,1747900635,0.00040412204485740233,4.8433,4.786266666666666,0.028672345730313742
2020-11-09,4.98,5.074,4.98,5.048,597987950,3010717306,0.019592001615835297,4.85135,4.790983333333333,0.05939139559286466
2020-11-10,5.06,5.063,4.992,5.021,384784687,1934778678,-0.00534865293185427,4.85725,4.794983333333333,0.050198703200167394
2020-11-11,5.008,5.028,4.969,4.974,394072600,1969353182,-0.009360685122485557,4.862,4.798983333333334,0.050697084917617374
2020-11-12,4.98,4.994,4.956,4.971,258032875,1283521965,-0.0006031363088058184,4.8671999999999995,4.803466666666667,0.05720969800085074
2020-11-13,4.951,4.953,4.887,4.92,432927885,2124647713,-0.0102595051297526,4.87055,4.80735,0.04971196927672272
2020-11-16,4.945,4.975,4.911,4.973,285108660,1409715394,0.010772357723577208,4.8781,4.8106,0.04081205525324405
2020-11-17,4.967,4.97,4.934,4.964,298769617,1479905275,-0.0018097727729740054,4.883699999999999,4.81205,0.0178388353496004
2020-11-18,4.96,4.982,4.934,4.957,360698687,1790609652,-0.0014101531023369418,4.88865,4.8135,0.017864476386036943
2020-11-19,4.946,5.012,4.938,4.999,270079501,1345193263,0.00847286665321767,4.8965000000000005,4.816916666666667,0.04276178556528998
2020-11-20,5.0,5.02,4.986,5.014,284503346,1423546310,0.0030006001200240107,4.9079,4.821433333333333,0.05713683322791474
2020-11-23,5.03,5.105,5.009,5.072,521147087,2636959456,0.011567610690067731,4.924,4.826250000000001,0.06042232908216594
2020-11-24,5.069,5.075,5.031,5.04,346142109,1747429494,-0.006309148264984188,4.9378,4.830033333333333,0.047163931020153926
2020-11-25,5.055,5.077,4.976,4.978,425196010,2134951326,-0.012301587301587369,4.9464999999999995,4.832633333333333,0.03235172127747821
2020-11-26,4.976,4.99,4.937,4.985,395838615,1966293317,0.0014061872237847162,4.9533499999999995,4.836333333333333,0.046609279865631015
2020-11-27,4.985,5.06,4.977,5.056,378780759,1897536955,0.014242728184553632,4.9683,4.840616666666667,0.05355282350489676
2020-11-30,5.069,5.13,5.028,5.031,535115737,2720233205,-0.004944620253164667,4.9806,4.842516666666667,0.023184868822452742
2020-12-01,5.027,5.15,5.026,5.142,475283650,2427406342,0.022063208109719845,4.9959,4.846983333333333,0.054985638079606325
2020-12-02,5.145,5.165,5.108,5.131,292946878,1504583763,-0.0021392454297938235,5.0088,4.850700000000001,0.04543602281988579
2020-12-03,5.126,5.147,5.103,5.129,248986842,1276108539,-0.0003897875657767891,5.0178,4.85445,0.04588091353996737
2020-12-04,5.12,5.147,5.08,5.14,330154760,1690672152,0.0021446675765257606,5.02725,4.858716666666666,0.05241605241605218
2020-12-07,5.14,5.142,5.077,5.096,359375330,1833454989,-0.008560311284046662,5.029649999999999,4.863166666666666,0.055290950507351555
2020-12-08,5.096,5.12,5.072,5.08,361251873,1839851218,-0.0031397174254317317,5.0326,4.868966666666667,0.073541842772612
2020-12-09,5.095,5.107,5.011,5.02,568550630,2876485547,-0.011811023622047334,5.0349,4.873366666666667,0.055508830950378396
2020-12-10,5.01,5.032,4.992,5.01,318947390,1598596517,-0.0019920318725099584,5.036849999999999,4.87945,0.07857911733046286
2020-12-11,5.02,5.035,4.918,4.954,403011950,2000650455,-0.011177644710578805,5.03855,4.884533333333334,0.06560550656055053
2020-12-14,4.959,5.002,4.948,4.998,251887731,1254112959,0.008881711748082388,5.0398000000000005,4.88975,0.0668089647812169
2020-12-15,4.998,5.02,4.966,5.013,284412698,1419141948,0.0030012004801920344,5.04225,4.894766666666667,0.06387945670628192
2020-12-16,5.02,5.03,5.004,5.023,284081500,1425691988,0.0019948134849390176,5.04555,4.899366666666666,0.05814198441120699
2020-12-17,5.022,5.098,5.014,5.094,466230890,2356909280,0.014134979096157796,5.0503,4.905616666666666,0.07946598855689757
2020-12-18,5.09,5.095,5.043,5.065,460711300,2334924963,-0.005692972124067497,5.05285,4.911866666666667,0.07995735607675902
2020-12-21,5.062,5.121,5.035,5.11,445896144,2272522629,0.008884501480750151,5.05475,4.916849999999999,0.06214924132197064
2020-12-22,5.099,5.117,5.026,5.033,515397033,2620513199,-0.015068493150684925,5.054399999999999,4.921466666666666,0.058242220353238006
2020-12-23,5.04,5.098,5.037,5.074,338687208,1715172081,0.008146234849989886,5.0592,4.927716666666667,0.07980421366248147
2020-12-24,5.074,5.097,5.05,5.074,383376749,1946157074,0.0,5.06365,4.9337333333333335,0.07659664757054951
2020-12-25,5.054,5.119,5.043,5.116,403356129,2053182584,0.008277493102089029,5.06665,4.9417333333333335,0.1035375323554788
2020-12-28,5.112,5.16,5.103,5.13,447130014,2291869850,0.002736512900703758,5.0716,4.949916666666667,0.10584177624488023
2020-12-29,5.138,5.152,5.106,5.114,342717900,1756155512,-0.003118908382066299,5.0702,4.957666666666666,0.10002151000215087
2020-12-30,5.11,5.18,5.107,5.178,340671518,1756760313,0.012514665623777788,5.072550000000001,4.9663,0.1111587982832618
2020-12-31,5.188,5.293,5.186,5.287,861799157,4531294876,0.021050598686751743,5.08045,4.976983333333334,0.13796814464055096
2021-01-04,5.28,5.366,5.26,5.334,506705639,2697192786,0.008889729525250578,5.0901499999999995,4.9868999999999994,0.12555391432791718
2021-01-05,5.321,5.445,5.305,5.433,622830794,3349890567,0.01856017997750281,5.106999999999999,4.996,0.11172498465316161
2021-01-06,5.447,5.514,5.417,5.482,374945107,2048972312,0.00901895821829557,5.1270999999999995,5.00565,0.11809096471548042
2021-01-07,5.49,5.6,5.483,5.599,470659227,2604546537,0.021342575702298472,5.15605,5.01765,0.14757122361139596
2021-01-08,5.608,5.631,5.519,5.571,697564767,3884322786,-0.0050008930166102195,5.184099999999999,5.0293833333333335,0.14464762687487154
2021-01-11,5.572,5.62,5.477,5.508,635965163,3536919284,-0.011308562197092087,5.2118,5.0403,0.13496806099320025
2021-01-12,5.496,5.672,5.492,5.668,596280782,3327361996,0.029048656499636838,5.245299999999999,5.0544,0.17544587308170878
2021-01-13,5.684,5.715,5.61,5.646,552434398,3129878571,-0.003881439661256203,5.27695,5.067633333333333,0.1636438582028028
2021-01-14,5.646,5.646,5.538,5.543,696047994,3885747946,-0.01824300389656386,5.30295,5.07905,0.14100452861259782
2021-01-15,5.543,5.576,5.46,5.526,709049177,3916989378,-0.0030669312646581792,5.32455,5.09045,0.1412639405204461
2021-01-18,5.451,5.547,5.415,5.513,396768553,2176480901,-0.002352515381831344,5.3469500000000005,5.102566666666666,0.15190137902214795
2021-01-19,5.518,5.53,5.416,5.438,417009672,2282323327,-0.013604208235080795,5.36335,5.114033333333333,0.14484210526315788
2021-01-20,5.436,5.495,5.43,5.468,422385751,2307751582,0.0055167340934167974,5.3850999999999996,5.125766666666666,0.14777497900923597
2021-01-21,5.483,5.588,5.483,5.562,511620315,2833318057,0.017190929041697167,5.4094999999999995,5.138400000000001,0.15778517901748534
2021-01-22,5.557,5.57,5.506,5.565,554309326,3074483608,0.0005393743257822159,5.434050000000001,5.15035,0.14789603960396058
2021-01-25,5.564,5.649,5.531,5.631,450177153,2518875353,0.011859838274932644,5.4597999999999995,5.164916666666667,0.18372924111835198
2021-01-26,5.607,5.61,5.503,5.511,392744995,2175771665,-0.021310602024507186,5.4788499999999996,5.177016666666668,0.15172413793103456
2021-01-27,5.505,5.532,5.45,5.521,591541591,3252544454,0.0018145527127562122,5.4992,5.188433333333333,0.14164598842018195
2021-01-28,5.46,5.46,5.364,5.385,469951845,2541914763,-0.024633218619815267,5.509549999999999,5.196966666666667,0.10506874615226747
2021-01-29,5.407,5.423,5.282,5.348,622113874,3343269149,-0.006870937790157794,5.5126,5.203616666666666,0.08062234794908063
2021-02-01,5.348,5.414,5.346,5.411,436288063,2352426025,0.011780104712041828,5.51645,5.211283333333332,0.09291052312664116
2021-02-02,5.42,5.494,5.411,5.491,573156921,3133181944,0.014784697837737948,5.51935,5.218666666666667,0.08775752773375589
2021-02-03,5.491,5.525,5.464,5.485,281969488,1549207312,-0.0010926971407756447,5.5195,5.2264,0.09241187014538954
2021-02-04,5.46,5.51,5.416,5.474,300084150,1639395452,-0.002005469462169618,5.51325,5.234733333333334,0.10052271813429825
2021-02-05,5.486,5.547,5.476,5.482,560000491,3085296672,0.00146145414687604,5.5088,5.24325,0.10279621806477568
2021-02-08,5.52,5.573,5.482,5.554,475013428,2628084266,0.013133892739875863,5.5111,5.253816666666667,0.12886178861788622
2021-02-09,5.575,5.694,5.55,5.692,418299845,2349537935,0.024846957148001447,5.512300000000001,5.2658,0.14458073597426102
2021-02-10,5.706,5.833,5.697,5.807,341909857,1973984357,0.0202037947997189,5.52035,5.27985,0.16982272360999184
2021-02-18,5.923,5.933,5.748,5.764,470765736,2747359954,-0.007404856208024779,5.5314,5.2933,0.16280008069396823
2021-02-19,5.742,5.801,5.671,5.796,709064650,4060011755,0.005551700208188848,5.5449,5.306583333333333,0.15943188637727568
2021-02-22,5.785,5.786,5.584,5.589,776075991,4399449170,-0.0357142857142857,5.548699999999999,5.316166666666666,0.1146788990825689
2021-02-23,5.55,5.637,5.547,5.574,591250364,3308715193,-0.0026838432635535314,5.5555,5.324533333333333,0.09897476340694
2021-02-24,5.588,5.6,5.371,5.427,1011269033,5539235696,-0.026372443487621133,5.55345,5.330983333333334,0.07678571428571423
2021-02-25,5.481,5.523,5.442,5.478,669305438,3670095572,0.009397457158651257,5.54925,5.339316666666666,0.10044194455604671
2021-02-26,5.389,5.42,5.321,5.329,837070336,4486159733,-0.027199707922599514,5.53745,5.34505,0.06900702106318946
2021-03-01,5.381,5.42,5.348,5.418,558208540,3007992810,0.01670106961906548,5.5268,5.351083333333333,0.07159810126582289
2021-03-02,5.446,5.451,5.307,5.349,433859754,2338148827,-0.012735326688815052,5.5187,5.356383333333333,0.06320810971973767
2021-03-03,5.333,5.458,5.316,5.454,361154593,1950248200,0.019629837352776125,5.51535,5.361583333333333,0.06067677946324368
2021-03-04,5.4,5.4,5.258,5.287,644981648,3428246550,-0.030619728639530552,5.5104500000000005,5.364183333333333,0.030403430130578668
2021-03-05,5.202,5.311,5.179,5.266,593632850,3111411979,-0.003972006809154549,5.50635,5.366466666666667,0.026710859816728494
2021-03-08,5.3,5.325,5.07,5.08,563722005,2929014217,-0.0353209266995822,5.489800000000001,5.365466666666666,-0.011673151750972721
2021-03-09,5.077,5.095,4.926,4.979,931719068,4677125840,-0.01988188976377947,5.4642,5.363516666666667,-0.022959183673469385
2021-03-10,5.037,5.061,4.983,5.0,636535760,3197285817,0.00421771440048202,5.4399500000000005,5.362183333333333,-0.015748031496062964
2021-03-11,5.024,5.132,5.015,5.129,620676884,3161968866,0.025799999999999823,5.422700000000001,5.364,0.021713147410358458
2021-03-12,5.145,5.152,5.08,5.142,448201493,2295113622,0.0025346071358940403,5.4057,5.3662,0.026347305389221587
2021-03-15,5.118,5.119,4.993,5.04,386572405,1952657088,-0.019836639439906656,5.38,5.367633333333333,0.017359709325797335
2021-03-16,5.042,5.086,5.012,5.073,323236064,1635219630,0.006547619047619024,5.34905,5.368883333333334,0.015006002400960394
2021-03-17,5.059,5.121,5.013,5.096,306294597,1554332781,0.004533806426177733,5.3135,5.370266666666666,0.016556951924995067
2021-03-18,5.108,5.159,5.106,5.136,319610130,1639545016,0.007849293563579218,5.2821,5.37215,0.022496516026279112
2021-03-19,5.072,5.088,4.983,4.997,492195605,2478004771,-0.027063862928348947,5.2421500000000005,5.370533333333333,-0.019042010208088045
2021-03-22,4.995,5.072,4.99,5.054,423486762,2132916087,0.011406844106463865,5.215400000000001,5.37035,-0.002171767028627869
2021-03-23,5.049,5.058,4.967,5.009,491638773,2459560323,-0.008903838543727671,5.18715,5.368666666666667,-0.019765166340508844
2021-03-24,4.988,5.03,4.912,4.933,755052862,3741109719,-0.015172689159512975,5.16245,5.367,-0.019868865487780774
2021-03-25,4.906,4.951,4.888,4.929,284908649,1402397542,-0.0008108655990268776,5.135,5.364583333333333,-0.028577059519116932
2021-03-26,4.95,5.056,4.946,5.033,556534950,2790146481,0.02109961452627318,5.1202,5.3639,-0.008080409932991639
2021-03-29,5.045,5.08,5.005,5.043,639256772,3229920086,0.0019868865487779885,5.101450000000001,5.362683333333333,-0.014268960125097596
2021-03-30,5.04,5.104,5.03,5.087,268283890,1361536031,0.008724965298433363,5.08835,5.361966666666666,-0.008382066276803157
2021-03-31,5.083,5.084,5.013,5.05,230812676,1163103563,-0.007273442107332384,5.06815,5.3609,-0.012514665623777899
2021-04-01,5.056,5.12,5.052,5.112,322996435,1641836115,0.012277227722772288,5.0594,5.359800000000001,-0.01274623406720743
2021-04-02,5.13,5.166,5.109,5.161,280334645,1440678165,0.009585289514866924,5.05415,5.3576999999999995,-0.023832040854927294
2021-04-06,5.173,5.177,5.12,5.133,234635544,1206265186,-0.005425305173415884,5.0568,5.35435,-0.03768278965129357
2021-04-07,5.138,5.14,5.067,5.098,175217273,891976442,-0.006818624586012123,5.062749999999999,5.348766666666666,-0.06166022455365361
2021-04-08,5.081,5.13,5.057,5.109,140755921,718026031,0.002157708905453193,5.0682,5.34255,-0.06804086099963524
2021-04-09,5.095,5.095,5.025,5.038,222329800,1122455291,-0.0138970444313955,5.06365,5.333200000000001,-0.10019646365422397
2021-04-12,5.026,5.049,4.937,4.954,663938234,3300299232,-0.01667328304882898,5.05425,5.322916666666667,-0.11075210913660027
2021-04-13,4.946,4.994,4.929,4.947,453545245,2247446204,-0.0014129995962857134,5.0496,5.313566666666667,-0.10185185185185186
2021-04-14,4.952,4.989,4.943,4.975,527184200,2620909273,0.005659995957145725,5.044700000000001,5.302016666666666,-0.12226534932956956
2021-04-15,4.96,4.965,4.894,4.947,493540700,2431754041,-0.00562814070351747,5.037249999999999,5.290366666666666,-0.12380446333687567
2021-04-16,4.959,4.975,4.918,4.963,499894030,2476638366,0.0032342834040832713,5.0286,5.2806999999999995,-0.10463647844127733
2021-04-19,4.959,5.097,4.936,5.089,567369226,2864077168,0.02538787023977429,5.0332,5.273416666666667,-0.07908070937386891
2021-04-20,5.071,5.116,5.062,5.081,369851557,1882537197,-0.0015720180782079485,5.03455,5.266216666666667,-0.0783602394340649
2021-04-21,5.049,5.108,5.047,5.093,414321361,2104768796,0.002361739814996877,5.03875,5.260466666666667,-0.06344244207429195
2021-04-22,5.101,5.118,5.065,5.089,448399160,2279984129,-0.0007853917141172895,5.046550000000001,5.254149999999999,-0.06931236283833209
2021-04-23,5.081,5.15,5.081,5.14,322992630,1656258287,0.010021615248575255,5.0571,5.247116666666667,-0.07587198849334786
2021-04-26,5.151,5.191,5.071,5.076,538061634,2762169537,-0.012451361867704347,5.0592500000000005,5.238966666666666,-0.0878706199460918
2021-04-27,5.08,5.098,5.053,5.089,317792609,1612968576,0.002561071710007967,5.0615499999999995,5.229933333333333,-0.0962528858106908
2021-04-28,5.071,5.13,5.056,5.127,301245972,1535175286,0.007467085871487367,5.063549999999999,5.223533333333333,-0.06967882416984217
2021-04-29,5.128,5.18,5.12,5.173,380984480,1964024088,0.008972108445484794,5.069699999999999,5.217733333333333,-0.06303205940952727
2021-04-30,5.161,5.172,5.094,5.128,404241300,2075946585,-0.008699014111734016,5.0705,5.213449999999999,-0.047725162488393646
2021-05-06,5.109,5.142,5.035,5.061,407574566,2073197356,-0.01306552262090488,5.0655,5.208666666666668,-0.053664921465968574
2021-05-07,5.073,5.097,4.996,5.0,338289245,1705351377,-0.012052953961667612,5.0588500000000005,5.201816666666668,-0.07595638514137859
2021-05-10,5.004,5.025,4.955,4.999,369199148,1843018242,-0.000200000000000089,5.0539000000000005,5.193616666666666,-0.08960116554361686
2021-05-11,4.967,5.044,4.932,5.025,397926530,1985720798,0.005201040208041796,5.0497,5.185950000000001,-0.08386508659981773
2021-05-12,5.014,5.063,4.996,5.056,253971232,1277881517,0.006169154228855556,5.0506,5.178983333333333,-0.07636097917427842
2021-05-13,5.016,5.027,4.976,5.001,472543935,2363024820,-0.010878164556962,5.052950000000001,5.170966666666667,-0.08774170010944904
2021-05-14,5.02,5.129,4.992,5.127,848963043,4316323603,0.02519496100779839,5.06195,5.163849999999999,-0.07688152682751181
2021-05-17,5.123,5.215,5.117,5.188,667255521,3464215782,0.01189779598205587,5.0725999999999996,5.15545,-0.08854532677442029
2021-05-18,5.199,5.212,5.167,5.19,283458826,1469848173,0.00038550501156531247,5.0847500000000005,5.145166666666667,-0.10625107628723951
2021-05-19,5.18,5.196,5.153,5.176,393359467,2034732842,-0.002697495183044407,5.0954,5.135366666666667,-0.10201249132546841
2021-05-20,5.172,5.206,5.152,5.19,270139103,1400149094,0.002704791344667834,5.10045,5.125266666666667,-0.1045548654244306
2021-05-21,5.197,5.227,5.123,5.135,541063511,2791300042,-0.010597302504817052,5.10315,5.1177,-0.0812309894435499
2021-05-24,5.135,5.164,5.096,5.163,349612789,1796637071,0.0054527750730284374,5.10665,5.11085,-0.07373519913885895
2021-05-25,5.163,5.338,5.163,5.327,1536160149,8133780760,0.03176447801665683,5.11855,5.109183333333333,-0.018426386585590482
2021-05-26,5.331,5.353,5.316,5.328,486861122,2596720927,0.0001877229209688025,5.12795,5.106683333333334,-0.027382256297918905
2021-05-27,5.32,5.394,5.296,5.347,530753500,2835202994,0.0035660660660661314,5.1415,5.106983333333334,0.00337774441733929
2021-05-28,5.346,5.373,5.3,5.332,345621858,1843452031,-0.0028053113895643023,5.153650000000001,5.10555,-0.015873015873015928
2021-05-31,5.329,5.339,5.29,5.338,328603031,1745986740,0.0011252813203301848,5.164199999999999,5.105366666666667,-0.002056459151243195
2021-06-01,5.333,5.35,5.271,5.346,454422825,2415673323,0.0014986886474335215,5.17285,5.103566666666667,-0.01980198019801971
2021-06-02,5.351,5.357,5.276,5.303,577607087,3069526940,-0.00804339693228584,5.1816,5.103833333333332,0.003026290902212958
2021-06-03,5.3,5.323,5.26,5.262,443276399,2344157011,-0.00773147275127295,5.19165,5.103766666666667,-0.0007595898214964869
2021-06-04,5.25,5.352,5.233,5.295,558117757,2951205182,0.006271379703534752,5.2064,5.10735,0.042322834645669216
2021-06-07,5.295,5.298,5.251,5.289,265277430,1399803061,-0.001133144475920722,5.2209,5.112516666666666,0.06226149829282979
2021-06-08,5.289,5.34,5.213,5.247,454203706,2392039783,-0.00794100964265454,5.232,5.116633333333334,0.04939999999999989
2021-06-09,5.233,5.266,5.231,5.255,259513156,1362104027,0.0015246807699638154,5.24195,5.118733333333334,0.024566192240202733
2021-06-10,5.249,5.324,5.248,5.289,404112579,2139819984,0.006470028544243611,5.256349999999999,5.121183333333334,0.028588098016335994
2021-06-11,5.293,5.307,5.236,5.24,337555800,1774141747,-0.009264511249763574,5.262,5.124516666666667,0.039682539682539764
2021-06-15,5.24,5.25,5.154,5.181,431236597,2237735909,-0.01125954198473289,5.26165,5.126316666666667,0.021289178001182574
2021-06-16,5.175,5.183,5.094,5.11,557301699,2861614501,-0.013703918162516815,5.25765,5.12655,0.0027472527472527375
2021-06-17,5.1,5.144,5.097,5.121,342210455,1752532813,0.002152641878669259,5.2549,5.1263,-0.0029205607476634476
2021-06-18,5.12,5.155,5.089,5.126,523765660,2681620828,0.0009763718023823031,5.2517000000000005,5.12845,0.025815489293576244
2021-06-21,5.108,5.155,5.087,5.119,449263050,2297972209,-0.0013655872024971316,5.2509,5.129533333333333,0.012861100118717772
2021-06-22,5.14,5.151,5.111,5.145,678314191,3481237670,0.005079117015041934,5.25,5.1318,0.027151127969654576
2021-06-23,5.152,5.203,5.136,5.176,586465223,3034353444,0.00602526724975716,5.24245,5.1358500000000005,0.04926008514088798
2021-06-24,5.18,5.19,5.155,5.189,217509708,1125515428,0.002511591962905735,5.2355,5.140183333333334,0.05274903631568262
2021-06-25,5.193,5.289,5.191,5.27,619258662,3253306021,0.015609944112545682,5.23165,5.1441333333333334,0.04708921120603993
2021-06-28,5.278,5.29,5.257,5.279,445496481,2349760661,0.0017077798861480087,5.229,5.148066666666667,0.04679754114614321
2021-06-29,5.279,5.279,5.215,5.225,290185647,1520211071,-0.010229210077666306,5.22335,5.150366666666668,0.02712797326518568
2021-06-30,5.226,5.267,5.225,5.256,371170976,1948238474,0.005933014354067012,5.21885,5.1538,0.04079207920792083
2021-07-01,5.273,5.284,5.222,5.254,564373863,2964560981,-0.0003805175038052999,5.2164,5.156166666666667,0.02777777777777768
2021-07-02,5.22,5.222,5.111,5.113,442235989,2278045477,-0.02683669585078019,5.20895,5.155366666666667,-0.00930052315442731
2021-07-05,5.113,5.132,5.09,5.12,257570313,1316062245,0.00136905926070785,5.200200000000001,5.155150000000001,-0.0025326319890901505
2021-07-06,5.12,5.13,5.071,5.127,381688734,1946038944,0.0013671874999998668,5.1921,5.155633333333332,0.005688505296194579
2021-07-07,5.105,5.202,5.097,5.18,349465134,1802156519,0.010337429295884437,5.18875,5.156816666666667,0.0138970444313955
2021-07-08,5.189,5.196,5.121,5.136,328035047,1689688924,-0.008494208494208455,5.1828,5.15845,0.019452163556967106
2021-07-09,5.12,5.128,5.056,5.112,426231921,2174685021,-0.004672897196261738,5.17395,5.161083333333334,0.03189341945902302
2021-07-12,5.15,5.209,5.122,5.18,596692894,3088418555,0.013302034428794851,5.17095,5.1649666666666665,0.04709925207196264
2021-07-13,5.179,5.214,5.168,5.196,346440364,1798359498,0.003088803088802994,5.1716999999999995,5.16865,0.044422110552763794
2021-07-14,5.191,5.191,5.128,5.139,382469318,1970051836,-0.010969976905311651,5.17315,5.171850000000001,0.03881140084899948
2021-07-15,5.131,5.214,5.124,5.207,355286695,1839020775,0.013232146331971117,5.177449999999999,5.175916666666667,0.049163812210356594
2021-07-16,5.2,5.205,5.152,5.156,370235145,1916254592,-0.00979450739389287,5.1789499999999995,5.177033333333333,0.01316565140499093
2021-07-19,5.147,5.188,5.106,5.178,332046158,1709347745,0.004266873545384131,5.1819,5.17865,0.019090730171225978
2021-07-20,5.14,5.179,5.131,5.165,306679327,1581145200,-0.002510621861722684,5.1829,5.17985,0.014137050854113431
2021-07-21,5.18,5.225,5.172,5.204,578430257,3011038370,0.007550822846079219,5.1842999999999995,5.181766666666666,0.0225977598742384
2021-07-22,5.205,5.233,5.198,5.209,269684073,1405906247,0.0009607993850884178,5.1853,5.182916666666666,0.01342412451361863
2021-07-23,5.21,5.211,5.145,5.157,268144135,1384583057,-0.009982722211556827,5.17965,5.184266666666668,0.015957446808510634
2021-07-26,5.137,5.138,4.923,4.982,915273374,4590557872,-0.03393445801822759,5.1648,5.182483333333334,-0.021025741796030673
2021-07-27,4.979,5.0,4.803,4.809,807205216,3972490920,-0.034725010036130044,5.144,5.177183333333334,-0.06202457577530718
2021-07-28,4.803,4.843,4.735,4.819,913347342,4378815460,0.0020794343938448367,5.1221499999999995,5.171283333333333,-0.06843224434564088
2021-07-29,4.899,4.917,4.858,4.906,640206355,3130337228,0.018053538078439457,5.10475,5.167583333333334,-0.04329173166926681
2021-07-30,4.883,4.884,4.821,4.872,225870235,1097220227,-0.006930289441500204,5.0927,5.164433333333333,-0.03734439834024894
2021-08-02,4.856,5.004,4.824,4.993,375203941,1853444876,0.024835796387520537,5.0863499999999995,5.164316666666666,-0.0013999999999999568
2021-08-03,4.971,5.019,4.955,4.995,233009764,1161609447,0.0004005607850992021,5.07975,5.16425,-0.0008001600320063362
2021-08-04,4.984,5.04,4.982,5.039,248645287,1248682987,0.008808808808808744,5.0727,5.164483333333333,0.0027860696517412187
2021-08-05,5.004,5.058,4.981,5.009,209871649,1053873944,-0.005953562214724983,5.06635,5.1637,-0.009295886075949333
2021-08-06,5.0,5.005,4.962,4.993,112699204,561475942,-0.0031942503493711527,5.0604,5.163566666666667,-0.0015996800639872522
2021-08-09,4.97,5.067,4.952,5.048,229090628,1151898657,0.011015421590226282,5.0538,5.16225,-0.015408621025941094
2021-08-10,5.036,5.108,5.002,5.105,324122381,1635519300,0.011291600633914545,5.04925,5.160866666666667,-0.015998457979953584
2021-08-11,5.098,5.124,5.075,5.078,239129600,1219614186,-0.005288932419196923,5.046200000000001,5.159,-0.02157996146435459
2021-08-12,5.06,5.081,5.036,5.046,133971695,677135203,-0.006301693580149648,5.03815,5.156833333333333,-0.025115919629057126
2021-08-13,5.033,5.066,4.99,5.019,202566401,1017354166,-0.005350772889417432,5.0313,5.153983333333333,-0.03294797687861273
2021-08-16,5.013,5.044,5.001,5.016,186203629,934436575,-0.000597728631201444,5.0232,5.152,-0.02317429406036997
2021-08-17,5.01,5.042,4.895,4.904,352300896,1751144106,-0.022328548644338087,5.01015,5.147683333333333,-0.05016463296533025
2021-08-18,4.904,4.986,4.892,4.957,384771032,1901295854,0.010807504078303332,4.9978,5.141516666666666,-0.06945748075840064
2021-08-19,4.94,4.957,4.901,4.923,240311000,1185219027,-0.006858987290700003,4.9835,5.134766666666667,-0.0760135135135136
2021-08-20,4.912,4.913,4.788,4.833,418441340,2023086385,-0.018281535648994485,4.9673,5.1262,-0.09612867028240135
2021-08-23,4.843,4.911,4.84,4.905,352961261,1724629446,0.014897579143389184,4.96345,5.119083333333333,-0.08008252063015742
2021-08-24,4.91,4.978,4.91,4.957,317705413,1571638429,0.010601427115188411,4.97085,5.112733333333334,-0.0713750468340203
2021-08-25,4.965,4.973,4.938,4.971,207656406,1029752682,0.00282428888440589,4.9784500000000005,5.106483333333333,-0.07014590347923677
2021-08-26,4.968,4.969,4.87,4.886,194840259,956302469,-0.01709917521625426,4.97745,5.099533333333334,-0.0786347350556289
2021-08-27,4.879,4.944,4.876,4.899,232236414,1140911545,0.002660663119115725,4.9788,5.093483333333334,-0.06898517673888249
2021-08-30,4.911,4.922,4.859,4.881,215532211,1052155091,-0.003674219228413933,4.9732,5.0865833333333335,-0.07818696883852683
2021-08-31,4.882,4.897,4.81,4.879,245032607,1190430817,-0.00040975209997962114,4.9674,5.079750000000001,-0.07751937984496127
2021-09-01,4.88,4.988,4.84,4.949,386518269,1903964598,0.01434720229555242,4.962899999999999,5.074783333333333,-0.056794358681151125
2021-09-02,4.96,4.968,4.92,4.945,224004834,1107121906,-0.0008082440897150267,4.9597,5.069616666666667,-0.05899143672692664
2021-09-03,4.945,4.969,4.909,4.918,348367264,1718509769,-0.005460060667340727,4.95595,5.063433333333334,-0.07014558517678193
2021-09-06,4.918,5.016,4.914,5.002,494535866,2468976363,0.017080113867425695,4.9536500000000006,5.059466666666666,-0.045419847328244334
2021-09-07,5.0,5.089,4.986,5.065,457495603,2304933623,0.012594962015193945,4.95165,5.057533333333334,-0.02238950009650642
2021-09-08,5.069,5.093,5.028,5.044,236943077,1198609525,-0.004146100691016952,4.949949999999999,5.056433333333334,-0.012915851272015777
2021-09-09,5.031,5.043,5.002,5.042,182545189,917262214,-0.0003965107057890549,4.94975,5.055116666666666,-0.015426674477641233
2021-09-10,5.037,5.127,5.034,5.091,389334975,1982110598,0.00971836572788587,4.9533499999999995,5.0545333333333335,-0.006827936012485436
2021-09-13,5.085,5.109,5.035,5.064,320015733,1620670961,-0.005303476723629963,4.95575,5.0536166666666675,-0.010744285993357972
2021-09-14,5.065,5.082,4.977,4.998,327711994,1645687915,-0.013033175355450233,4.96045,5.051166666666666,-0.02857142857142847
2021-09-15,4.99,4.991,4.917,4.945,270735874,1340902838,-0.010604241696678618,4.95985,5.047316666666666,-0.04462905718701693
2021-09-16,4.945,4.955,4.881,4.889,429348425,2106848912,-0.011324570273003043,4.95815,5.042316666666666,-0.057814607824243525
2021-09-17,4.888,4.934,4.868,4.928,513992694,2520613348,0.007977091429740124,4.962899999999999,5.036616666666666,-0.06489563567362422
2021-09-22,4.86,4.912,4.852,4.895,491629600,2399574657,-0.006696428571428603,4.962400000000001,5.030216666666666,-0.07274104944118209
2021-09-23,4.917,4.955,4.906,4.924,286973255,1413518503,0.005924412665985868,4.96075,5.0252,-0.05760765550239222
2021-09-24,4.928,4.975,4.918,4.931,464771190,2299464435,0.0014216084484157676,4.95875,5.019783333333334,-0.061834094368340975
2021-09-27,4.945,4.998,4.921,4.963,359893578,1786172115,0.00648955587102007,4.9626,5.014933333333333,-0.05538637228778065
2021-09-28,4.955,4.98,4.926,4.954,263635257,1306079041,-0.0018134193028410683,4.96535,5.0122833333333325,-0.031097203207510415
2021-09-29,4.922,4.949,4.878,4.921,592261073,2909490209,-0.00666128381106168,4.967350000000001,5.008966666666666,-0.038867187499999956
2021-09-30,4.923,4.953,4.921,4.935,312959671,1544835059,0.002844950213371167,4.97015,5.005766666666667,-0.037448800468110055
2021-10-08,4.978,5.015,4.971,5.006,244624120,1222701431,0.014387031408308104,4.973000000000001,5.002866666666667,-0.0335907335907335
2021-10-11,5.014,5.06,5.001,5.005,260322371,1309512481,-0.00019976028765489318,4.976,5.000683333333333,-0.02550623052959511
2021-10-12,4.987,4.998,4.913,4.953,330606824,1639579407,-0.010389610389610282,4.97775,4.998033333333333,-0.031103286384976503
2021-10-13,4.945,5.025,4.943,5.009,253573666,1264333991,0.011306279022814447,4.9780999999999995,4.995183333333333,-0.03301158301158291
2021-10-14,5.003,5.028,4.971,4.982,199808658,998317197,-0.005390297464563765,4.97395,4.991616666666667,-0.04118552732871428
2021-10-15,4.979,5.017,4.96,5.006,217970095,1089703600,0.004817342432757998,4.97205,4.9894,-0.02588052150223774
2021-10-18,5.003,5.004,4.916,4.948,251260474,1241208468,-0.011586096683979141,4.96735,4.985083333333334,-0.04974073362780862
2021-10-19,4.94,5.0,4.937,4.995,288469796,1436191679,0.00949878738884391,4.96255,4.9824,-0.031225756400310223
2021-10-20,5.0,5.022,4.971,4.981,156696300,782001177,-0.002802802802802873,4.958399999999999,4.979116666666667,-0.03804557744302817
2021-10-21,4.98,5.027,4.962,5.003,224085516,1119219633,0.004416783778357747,4.9586500000000004,4.976416666666667,-0.03136495643756054
2021-10-22,5.01,5.072,5.01,5.036,334597340,1686635695,0.006596042374575228,4.9632,4.9736166666666675,-0.032282859338970016
2021-10-25,5.022,5.061,5.011,5.053,265374504,1336929143,0.003375694996028633,4.9714,4.971016666666667,-0.029948166634670703
2021-10-26,5.055,5.088,5.023,5.036,247909532,1251852282,-0.00336433801701963,4.9768,4.968999999999999,-0.02346325382974601
2021-10-27,5.024,5.024,4.958,4.97,278104300,1385676615,-0.013105639396346236,4.980549999999999,4.9688,-0.00240867121637911
2021-10-28,4.96,4.977,4.926,4.949,441341200,2185194500,-0.004225352112676051,4.981800000000001,4.9711333333333325,0.02911208151382816
2021-10-29,4.946,4.982,4.934,4.981,426484699,2114092671,0.006465952717720658,4.9843,4.973833333333333,0.033616932973645985
2021-11-01,4.957,4.988,4.939,4.965,195002345,967955364,-0.00321220638426023,4.9844,4.974816666666667,0.01202609050142689
2021-11-02,4.962,4.995,4.874,4.913,429413513,2119278887,-0.010473313192346345,4.98235,4.975499999999999,0.008415435139573102
2021-11-03,4.91,4.936,4.879,4.893,340635107,1671068454,-0.004070832485243314,4.98095,4.973833333333333,-0.020028039254956997
2021-11-04,4.913,4.951,4.912,4.94,284423300,1403738125,0.009605558961782279,4.981199999999999,4.972916666666666,-0.011011011011010985
2021-11-05,4.93,4.967,4.922,4.923,265600790,1312374545,-0.003441295546558809,4.97705,4.970983333333334,-0.02302044056360386
2021-11-08,4.92,4.948,4.902,4.919,312485200,1539084826,-0.0008125126955109696,4.97275,4.969483333333333,-0.017967658215212734
2021-11-09,4.935,4.952,4.892,4.917,262840000,1292760723,-0.0004065867046146865,4.97095,4.968216666666667,-0.01522130983376735
2021-11-10,4.913,4.913,4.826,4.892,489426383,2379856064,-0.0050844010575553655,4.9651,4.965616666666667,-0.030903328050713053
2021-11-11,4.882,4.975,4.88,4.972,352364995,1740182227,0.01635322976287812,4.9646,4.963399999999999,-0.02605288932419192
2021-11-12,4.976,4.991,4.954,4.97,272906704,1355972393,-0.0004022526146421068,4.9628,4.961600000000001,-0.0212682158330052
2021-11-15,4.974,4.991,4.943,4.964,335915381,1667408825,-0.0012072434607645066,4.9636000000000005,4.960233333333334,-0.016250495441934132
2021-11-16,4.966,4.996,4.95,4.96,351870307,1750476662,-0.0008058017727640143,4.96185,4.95925,-0.011755329746961585
2021-11-17,4.953,4.974,4.941,4.959,226981757,1125215664,-0.00020161290322584513,4.96075,4.9582999999999995,-0.011363636363636465
2021-11-18,4.947,4.952,4.902,4.915,360601200,1774308236,-0.008872756604153986,4.9563500000000005,4.958483333333334,0.0022430668841761925
2021-11-19,4.91,4.976,4.905,4.97,275920589,1365616714,0.011190233977619535,4.95305,4.958699999999999,0.0026225539640911677
2021-11-22,4.974,4.995,4.967,4.983,353647489,1761554915,0.002615694164989968,4.94955,4.9597,0.01218769043266299
2021-11-23,4.976,5.0,4.966,4.986,317267246,1582334509,0.0006020469596628164,4.94705,4.962249999999999,0.03165735567970196
2021-11-24,4.986,5.016,4.974,4.997,178594706,891904463,0.002206177296430134,4.9484,4.963783333333334,0.018756371049948983
2021-11-25,4.998,4.999,4.97,4.978,137259970,683495479,-0.0038022813688213253,4.94985,4.964133333333334,0.004236433326608724
2021-11-26,4.965,4.966,4.927,4.936,204637800,1011650370,-0.008437123342707853,4.9475999999999996,4.96355,-0.007040836853751786
2021-11-29,4.9,4.938,4.9,4.929,233856000,1151391533,-0.0014181523500810256,4.9458,4.964266666666666,0.008800654932460183
2021-11-30,4.932,4.949,4.888,4.911,183680000,903625434,-0.0036518563603166188,4.9457,4.964466666666667,0.0024494794856091406
2021-12-01,4.911,4.929,4.907,4.924,211626158,1040600306,0.0026471187130931995,4.9472499999999995,4.965183333333333,0.008809670149559468
2021-12-02,4.92,4.945,4.903,4.934,161035147,794007121,0.002030869212022779,4.946949999999999,4.9661,0.011272801803648314
2021-12-03,4.934,4.98,4.926,4.979,219632143,1087954879,0.00912038913660318,4.94975,4.9666,0.006061830672863255
2021-12-06,4.982,5.016,4.969,4.974,332899117,1663482019,-0.0010042177144005127,4.9525,4.967083333333333,0.005864509605662205
2021-12-07,4.995,5.009,4.978,5.002,212426758,1060624162,0.005629272215520675,4.95675,4.968483333333333,0.017080113867425695
2021-12-08,5.007,5.079,4.989,5.074,341191710,1721655416,0.01439424230307873,4.9658500000000005,4.969683333333334,0.01439424230307873
2021-12-09,5.078,5.204,5.076,5.158,633221175,3267970660,0.01655498620417828,4.97515,4.971233333333333,0.018361303060217216
2021-12-10,5.143,5.15,5.123,5.143,396126046,2035800619,-0.0029081039162467404,4.9838000000000005,4.972883333333333,0.019627279936558217
2021-12-13,5.167,5.227,5.149,5.156,429033771,2227870765,0.002527707563678705,4.993399999999999,4.974783333333334,0.022610075366917837
2021-12-14,5.137,5.155,5.115,5.125,362687781,1860581410,-0.006012412723041094,5.00165,4.975350000000001,0.006678452170497007
2021-12-15,5.12,5.136,5.075,5.079,203583199,1038757245,-0.008975609756097569,5.00765,4.9756,0.00296208530805675
2021-12-16,5.082,5.107,5.065,5.106,377304328,1919332421,0.005316007088009389,5.0172,4.9774,0.02160864345738278
2021-12-17,5.098,5.101,5.031,5.033,622618900,3145885077,-0.014296905601253296,5.02035,4.978866666666666,0.017795753286147686
2021-12-20,5.019,5.05,4.947,4.958,851825300,4250322969,-0.01490164911583547,5.0191,4.980016666666667,0.01411331560646345
2021-12-21,4.953,4.992,4.949,4.979,517133515,2572582597,0.004235578862444411,5.01875,4.9808666666666666,0.010349025974025983
2021-12-22,4.992,5.004,4.97,4.982,666046188,3320651900,0.000602530628640352,5.018,4.982316666666667,0.01777323799795716
2021-12-23,4.993,5.026,4.978,5.02,302305260,1512949495,0.007627458851866553,5.0201,4.9839166666666666,0.019496344435418145
2021-12-24,5.026,5.032,4.978,4.997,260396101,1301806385,-0.004581673306772838,5.023149999999999,4.985016666666667,0.013384708983978921
2021-12-27,4.997,5.018,4.97,5.001,504491326,2520394801,0.0008004802881729223,5.02675,4.985650000000001,0.0076566592786622145
2021-12-28,5.001,5.037,4.992,5.027,639914174,3209575435,0.005198960207958292,5.03255,4.986866666666668,0.014735567218409518
2021-12-29,5.025,5.031,4.959,4.96,403865556,2011288440,-0.013328028645315348,5.034350000000001,4.987516666666667,0.007925218451534155
2021-12-30,4.96,5.017,4.955,4.996,474498019,2369943644,0.007258064516129092,5.037450000000001,4.988533333333334,0.01236068895643383
2021-12-31,5.01,5.029,4.994,5.008,351416595,1760912797,0.0024019215372297342,5.0389,4.988566666666667,0.0003995205753095643
2022-01-04,5.025,5.027,4.942,4.99,486355276,2417587490,-0.0035942492012779326,5.039700000000001,4.988316666666666,-0.0029970029970028955
2022-01-05,4.979,4.992,4.925,4.943,464073106,2300116660,-0.009418837675350789,5.03675,4.988150000000001,-0.0020189783969313257
2022-01-06,4.923,4.933,4.857,4.887,517272800,2530768429,-0.011329152336637671,5.0274,4.986116666666667,-0.02435615891395504
2022-01-07,4.9,4.93,4.893,4.899,478519700,2349400429,0.0024554941682013443,5.01445,4.984733333333334,-0.016659975913287828
2022-01-10,4.888,4.923,4.859,4.912,491122307,2406258642,0.0026536027760766245,5.0028999999999995,4.9831666666666665,-0.01877746703955263
2022-01-11,4.912,4.924,4.864,4.867,412218898,2014962361,-0.009161237785016318,4.98845,4.981816666666666,-0.016370250606305703
2022-01-12,4.884,4.933,4.884,4.919,511332582,2511098388,0.010684199712348352,4.97815,4.980549999999999,-0.015215215215215294
2022-01-13,4.93,4.932,4.836,4.838,488272297,2379000209,-0.016466761536897634,4.966099999999999,4.978166666666667,-0.028709094559325354
2022-01-14,4.825,4.84,4.791,4.794,410029000,1972987305,-0.009094667217858676,4.9505,4.974683333333333,-0.04177493503897667
2022-01-17,4.798,4.851,4.797,4.835,498349057,2407274463,0.008552357113058129,4.9406,4.971333333333333,-0.03991262907069093
2022-01-18,4.832,4.897,4.815,4.881,624167062,3038466592,0.00951396070320576,4.93675,4.968466666666667,-0.034039184642786435
2022-01-19,4.815,4.839,4.756,4.78,522439260,2501399275,-0.020692481048965372,4.9268,4.9642,-0.05083399523431287
2022-01-20,4.775,4.847,4.774,4.818,541278488,2608626685,0.00794979079497904,4.9186,4.961666666666668,-0.03058350100603624
2022-01-21,4.81,4.815,4.764,4.784,781436980,3739337873,-0.007056870070568655,4.9068000000000005,4.958916666666667,-0.03334006870074768
2022-01-24,4.76,4.799,4.748,4.786,460574013,2197609279,0.0004180602006689238,4.89625,4.9556666666666676,-0.03914876530817113
2022-01-25,4.762,4.777,4.676,4.68,595270865,2814468229,-0.02214793146677807,4.8802,4.950916666666667,-0.05740181268882183
2022-01-26,4.695,4.711,4.65,4.706,521842100,2449571754,0.005555555555555758,4.86415,4.947466666666667,-0.04213311622226745
2022-01-27,4.693,4.699,4.616,4.625,607621674,2827030197,-0.017212069698257615,4.8474,4.943,-0.05477212344165128
2022-01-28,4.637,4.659,4.55,4.554,858391702,3950302957,-0.015351351351351239,4.8253,4.936566666666667,-0.07813765182186239
2022-02-07,4.625,4.663,4.606,4.626,484586760,2243165816,0.015810276679841806,4.8062,4.931616666666667,-0.06032906764168189
2022-02-08,4.626,4.626,4.515,4.604,448141306,2050015387,-0.004755728491137146,4.7869,4.926366666666667,-0.0640374059768245
2022-02-09,4.606,4.653,4.59,4.643,458938095,2124086971,0.008470894874022417,4.7719,4.9218,-0.05572503559080744
2022-02-10,4.65,4.653,4.606,4.632,495383095,2291737788,-0.002369157872065486,4.75915,4.917466666666667,-0.05314799672935422
2022-02-11,4.614,4.658,4.593,4.596,461743608,2134586500,-0.007772020725388518,4.744,4.9112,-0.0756234915526951
2022-02-14,4.58,4.594,4.526,4.547,329967908,1503834184,-0.010661444734551884,4.72575,4.90415,-0.08511066398390343
2022-02-15,4.548,4.593,4.546,4.589,604314440,2765515057,0.009236859467781189,4.71185,4.897899999999999,-0.0755439161966156
2022-02-16,4.61,4.634,4.598,4.61,449800548,2076275356,0.004576160383525707,4.6964,4.892066666666667,-0.07056451612903214
2022-02-17,4.605,4.644,4.599,4.62,629040692,2909007334,0.002169197396963085,4.6855,4.886416666666666,-0.06836055656382323
2022-02-18,4.6,4.645,4.595,4.644,304105215,1405440367,0.0051948051948051965,4.678,4.8819,-0.05513733468972526
2022-02-21,4.636,4.637,4.605,4.627,324195053,1497429121,-0.003660637381567744,4.6676,4.8761833333333335,-0.06901408450704227
2022-02-22,4.59,4.597,4.549,4.567,315316769,1438664973,-0.012967365463583236,4.6518999999999995,4.86925,-0.08348384507324891
2022-02-23,4.58,4.618,4.571,4.615,446903932,2054646295,0.010510181738559332,4.64365,4.863066666666667,-0.07440834336141189
2022-02-24,4.59,4.602,4.489,4.53,591236542,2683234005,-0.018418201516793076,4.629250000000001,4.855283333333333,-0.0934560736441864
2022-02-25,4.553,4.611,4.553,4.565,384466069,1760979832,0.007726269315673218,4.6183,4.8484,-0.08296504620329437
2022-02-28,4.562,4.573,4.522,4.571,269317076,1225032615,0.001314348302299928,4.60755,4.842316666666666,-0.07394651539708275
2022-03-01,4.588,4.617,4.573,4.609,326162903,1499507431,0.008313279369940973,4.604,4.836983333333333,-0.06492189085007105
2022-03-02,4.589,4.59,4.552,4.574,194601292,889476591,-0.007593838142764153,4.5973999999999995,4.831366666666667,-0.06862146202402764
2022-03-03,4.59,4.6,4.535,4.545,200689920,914647557,-0.006340183646698749,4.5934,4.82505,-0.07696994313566219
2022-03-04,4.505,4.534,4.48,4.494,405376626,1823719304,-0.011221122112211268,4.5904,4.817716666666667,-0.0891771382245643
2022-03-07,4.459,4.459,4.328,4.346,583112990,2553534379,-0.03293279928793935,4.5764000000000005,4.807166666666666,-0.12713396264310106
2022-03-08,4.347,4.371,4.248,4.264,691708074,2976687582,-0.018867924528301883,4.5594,4.795333333333334,-0.14274225975070365
2022-03-09,4.272,4.294,4.07,4.224,786748812,3301655736,-0.009380863039399667,4.53845,4.782366666666666,-0.15553778488604553
2022-03-10,4.3,4.326,4.282,4.284,552846528,2377355398,0.014204545454545414,4.521050000000001,4.7692,-0.15569570358691365
2022-03-11,4.228,4.318,4.175,4.312,397342208,1687296407,0.0065359477124184995,4.50685,4.7551000000000005,-0.16401706087630863
2022-03-14,4.25,4.274,4.171,4.172,433100428,1828943108,-0.032467532467532645,4.4881,4.738916666666666,-0.18880031110246942
2022-03-15,4.135,4.164,3.968,3.973,1044477802,4244938233,-0.047698945349952004,4.4573,4.7192,-0.22944142746314966
2022-03-16,4.035,4.17,3.942,4.146,1325138541,5383854367,0.04354392146992203,4.4341,4.702883333333333,-0.1910243902439025
2022-03-17,4.223,4.294,4.205,4.23,1147561626,4866876953,0.02026049204052116,4.4146,4.6887333333333325,-0.16715888954518598
2022-03-18,4.21,4.276,4.189,4.258,403021732,1703858645,0.006619385342789608,4.3953,4.6746,-0.16607912260086166
2022-03-21,4.263,4.28,4.212,4.252,372016391,1581985311,-0.0014091122592767569,4.37655,4.6615833333333345,-0.15517583945956692
2022-03-22,4.232,4.282,4.231,4.248,250422476,1064168279,-0.0009407337723422726,4.3606,4.64975,-0.14320290439693428
2022-03-23,4.258,4.286,4.24,4.273,308244671,1314097169,0.005885122410546062,4.3435,4.637983333333334,-0.14179554127334815
2022-03-24,4.25,4.27,4.213,4.246,220641762,935511944,-0.006318745611982091,4.3293,4.6257166666666665,-0.1477318346045764
2022-03-25,4.245,4.254,4.167,4.169,356808307,1499894627,-0.01813471502590691,4.3095,4.611533333333333,-0.16952191235059766
2022-03-28,4.134,4.174,4.083,4.144,415593846,1715993645,-0.005996641880546716,4.28815,4.597316666666667,-0.17070242145287173
2022-03-29,4.155,4.173,4.119,4.126,231033117,957679748,-0.004343629343629307,4.264,4.5827333333333335,-0.1749650069986003
2022-03-30,4.154,4.252,4.154,4.249,500257530,2107747773,0.029810954920019173,4.247750000000001,4.569766666666666,-0.15476427292619865
2022-03-31,4.239,4.244,4.21,4.218,424278996,1791950308,-0.007295834313956195,4.2314,4.5574,-0.14959677419354833
2022-04-01,4.187,4.289,4.185,4.269,375247241,1594296080,0.012091038406828014,4.22015,4.545283333333333,-0.14551641313050445
2022-04-06,4.243,4.269,4.228,4.257,339893770,1443714218,-0.0028109627547435734,4.2157,4.5327666666666655,-0.14996006389776362
2022-04-07,4.237,4.268,4.202,4.205,278398351,1177384174,-0.012215175005872547,4.212750000000001,4.519683333333334,-0.15731462925851702
2022-04-08,4.208,4.236,4.175,4.233,320271297,1349449555,0.006658739595719387,4.2132,4.50785,-0.14363746712522762
2022-04-11,4.205,4.206,4.088,4.101,580058497,2391596005,-0.03118355776045345,4.20405,4.49475,-0.16083486801718838
2022-04-12,4.103,4.176,4.076,4.171,806475900,3334403949,0.017069007559131988,4.197,4.482616666666667,-0.14860175546029797
2022-04-13,4.151,4.187,4.135,4.139,387260208,1609161765,-0.0076720210980579795,4.1953499999999995,4.469733333333334,-0.15736970684039087
2022-04-14,4.176,4.212,4.153,4.183,573689243,2400662554,0.010630587098332756,4.20585,4.458333333333333,-0.14053831929319915
2022-04-15,4.16,4.206,4.15,4.181,532237966,2224422362,-0.00047812574707140065,4.2076,4.446033333333333,-0.15003049400284607
2022-04-18,4.145,4.164,4.117,4.161,279709272,1159501389,-0.004783544606553614,4.20415,4.434749999999999,-0.13993385696568839
2022-04-19,4.16,4.186,4.11,4.134,313996240,1301465627,-0.006488824801730186,4.1979500000000005,4.42375,-0.1376720901126407
2022-04-20,4.132,4.138,4.058,4.064,390343438,1596762869,-0.0169327527818095,4.18855,4.4109,-0.15946225439503614
2022-04-21,4.052,4.081,3.975,3.996,792508456,3193817666,-0.0167322834645669,4.17595,4.3961500000000004,-0.18131530424093423
2022-04-22,3.965,4.037,3.952,4.006,617378397,2469379279,0.0025025025025025016,4.1626,4.38325,-0.16192468619246858
2022-04-25,3.945,3.959,3.807,3.813,1654284344,6447291622,-0.04817773339990017,4.14095,4.366499999999999,-0.20859277708592772
2022-04-26,3.816,3.873,3.774,3.783,1543759738,5888627373,-0.007867820613690069,4.12165,4.349816666666666,-0.2092391304347826
2022-04-27,3.771,3.891,3.76,3.889,1372583856,5260465092,0.02802008987575988,4.1089,4.334866666666667,-0.1874216464688675
2022-04-28,3.872,3.935,3.869,3.915,1072926129,4183266934,0.00668552327076366,4.09835,4.322116666666667,-0.16346153846153844
2022-04-29,3.929,4.019,3.893,4.015,763121189,3024738240,0.025542784163473664,4.08665,4.3106,-0.14683382915427123
2022-05-05,3.98,4.031,3.97,4.0,736095393,2950065279,-0.0037359900373598043,4.07575,4.300183333333334,-0.1351351351351351
2022-05-06,3.925,3.943,3.9,3.903,520669718,2042557049,-0.024249999999999994,4.05745,4.289333333333333,-0.14295125164690392
2022-05-09,3.878,3.906,3.85,3.871,318700633,1234844482,-0.008198821419420965,4.03815,4.276750000000001,-0.1632079550367489
2022-05-10,3.833,3.933,3.808,3.916,547467162,2129935211,0.011624903125807329,4.0237,4.2652833333333335,-0.14943527367506515
2022-05-11,3.909,4.026,3.909,3.971,629011561,2502148839,0.014044943820224809,4.0106,4.254083333333333,-0.14473400818436355
2022-05-12,3.955,3.979,3.933,3.951,307105783,1215316563,-0.0050365147318055525,4.003100000000001,4.242733333333333,-0.147020725388601
2022-05-13,3.988,3.999,3.952,3.982,279973247,1113468054,0.007846114907618329,3.99365,4.2325,-0.13359442993907744
2022-05-16,4.0,4.014,3.94,3.951,442584342,1755248937,-0.007785032646911105,3.9842500000000003,4.222566666666667,-0.13107543435232016
2022-05-17,3.96,4.001,3.949,4.0,300849564,1197703803,0.012401923563654771,3.9751,4.21275,-0.12835040313793866
2022-05-18,4.007,4.017,3.96,3.986,264017324,1052734331,-0.0034999999999999476,3.96535,4.20235,-0.13535791757049898
2022-05-19,3.947,3.997,3.936,3.995,324962036,1289180789,0.002257902659307476,3.95705,4.191933333333333,-0.13528138528138522
2022-05-20,4.02,4.08,4.01,4.079,600461424,2434115747,0.02102628285356678,3.9543,4.182516666666666,-0.12166236003445319
2022-05-23,4.079,4.079,4.021,4.047,512091273,2070370273,-0.007845060063741083,3.95345,4.17285,-0.12535119948130535
2022-05-24,4.046,4.049,3.96,3.965,415664500,1664349497,-0.020261922411662914,3.9518999999999997,4.162816666666667,-0.13181519597109703
2022-05-25,3.96,3.984,3.948,3.982,457684097,1814584625,0.004287515762925631,3.9507,4.152266666666667,-0.13716143011917659
2022-05-26,3.983,4.02,3.932,3.992,481614068,1914318710,0.0025113008538422132,3.95965,4.1433,-0.11876379690949235
2022-05-27,4.022,4.057,3.985,4.002,553297211,2228537581,0.0025050100200401104,3.9705999999999997,4.133916666666667,-0.12332968236582709
2022-05-30,4.02,4.043,4.007,4.025,450531920,1813277775,0.005747126436781658,3.9774000000000003,4.124816666666667,-0.1194486983154669
2022-05-31,4.025,4.103,4.016,4.089,452258118,1836840908,0.01590062111801238,3.9861000000000004,4.11615,-0.11282273812106736
2022-06-01,4.089,4.096,4.06,4.083,377434508,1540652770,-0.0014673514306676738,3.9895000000000005,4.107966666666667,-0.10734586794927847
2022-06-02,4.066,4.098,4.058,4.094,290132608,1183803267,0.0026940974773450588,3.9942,4.1004499999999995,-0.09922992299229916
2022-06-06,4.092,4.177,4.065,4.176,423835904,1751273369,0.02002931118710305,4.0078499999999995,4.09515,-0.07076101468624829
2022-06-07,4.161,4.202,4.155,4.182,380864188,1592929720,0.001436781609195359,4.0234000000000005,4.092416666666667,-0.037735849056603654
2022-06-08,4.185,4.23,4.165,4.224,427291052,1796493323,0.010043041606886627,4.0388,4.09175,-0.009380863039399667
2022-06-09,4.215,4.234,4.173,4.19,291614828,1226358662,-0.008049242424242431,4.04975,4.091183333333333,-0.008049242424242431
2022-06-10,4.159,4.26,4.158,4.248,648069142,2738650040,0.013842482100238529,4.0646,4.090583333333333,-0.008403361344537674
2022-06-13,4.21,4.223,4.17,4.196,579900248,2431783718,-0.012241054613936098,4.0753,4.08865,-0.026901669758812696
2022-06-14,4.165,4.24,4.115,4.236,624902550,2613833382,0.009532888465205058,4.08955,4.089716666666666,0.015340364333652934
2022-06-15,4.233,4.364,4.233,4.285,1121885205,4834544988,0.011567516525023747,4.103800000000001,4.094916666666666,0.07853007802668022
2022-06-16,4.298,4.317,4.249,4.258,507512036,2175195322,-0.006301050175029244,4.1174,4.096783333333333,0.027013989387361326
2022-06-17,4.241,4.337,4.235,4.321,715647404,3070562903,0.014795678722404837,4.133699999999999,4.0983,0.021513002364065947
2022-06-20,4.331,4.388,4.308,4.342,732434457,3177526646,0.004859986114325476,4.14685,4.0997,0.019727571629873042
2022-06-21,4.342,4.378,4.305,4.34,422401546,1833860937,-0.0004606172270842368,4.1615,4.101166666666667,0.02069614299153333
2022-06-22,4.34,4.347,4.282,4.29,361964272,1560986297,-0.011520737327188946,4.1777500000000005,4.101866666666667,0.009887005649717562
2022-06-23,4.291,4.367,4.284,4.365,405693924,1755177553,0.0174825174825175,4.1969,4.1034,0.021530540603791337
2022-06-24,4.375,4.426,4.363,4.413,414833849,1823076991,0.010996563573883122,4.21795,4.106183333333333,0.039331135186057464
2022-06-27,4.429,4.499,4.429,4.461,455981050,2036731655,0.010876954452753163,4.2409,4.1110500000000005,0.07004077716478796
2022-06-28,4.46,4.526,4.433,4.513,374882378,1678987256,0.011656579242322218,4.2653,4.1171999999999995,0.08904440154440141
2022-06-29,4.498,4.527,4.443,4.458,544835604,2437464367,-0.012187015289164549,4.2837499999999995,4.122733333333334,0.08046534173533693
2022-06-30,4.454,4.545,4.453,4.508,568051561,2558737770,0.0112157918349034,4.305,4.12705,0.060955518945634335
2022-07-01,4.52,4.525,4.474,4.493,445571244,2004084502,-0.0033274179236911783,4.32495,4.131633333333333,0.06519677572309157
2022-07-04,4.478,4.523,4.449,4.521,387421725,1742756113,0.006231916314266561,4.3422,4.135833333333333,0.059030217849613376
2022-07-05,4.526,4.565,4.462,4.511,392115820,1764375389,-0.0022119000221189067,4.35865,4.140066666666667,0.059666431759455074
2022-07-06,4.5,4.51,4.423,4.452,318962717,1422718113,-0.013079139880292634,4.37005,4.144183333333333,0.0587395957193817
2022-07-07,4.445,4.488,4.422,4.468,403045946,1799540021,0.003593890386343279,4.3839500000000005,4.1481,0.05551618237656508
2022-07-08,4.491,4.513,4.457,4.464,208249030,933514536,-0.0008952551477170445,4.39475,4.1541500000000005,0.08851499634235571
2022-07-11,4.446,4.446,4.37,4.388,452207498,1985923671,-0.0170250896057349,4.40435,4.157766666666666,0.052025893071205864
2022-07-12,4.382,4.407,4.338,4.352,343539200,1500811278,-0.008204193254329861,4.41015,4.161316666666667,0.05146170572602071
2022-07-13,4.355,4.379,4.328,4.359,295600301,1286893961,0.0016084558823528106,4.41385,4.16425,0.04207506574229036
2022-07-14,4.355,4.389,4.336,4.36,326414269,1423957223,0.0002294104152329446,4.418950000000001,4.167233333333333,0.042812724228653565
2022-07-15,4.35,4.4,4.293,4.295,737307108,3198511731,-0.01490825688073405,4.41765,4.169466666666667,0.032203797164143344
2022-07-18,4.312,4.359,4.274,4.341,389115108,1680718462,0.010710128055879009,4.4176,4.1729166666666675,0.0500725689404935
2022-07-19,4.337,4.337,4.285,4.319,353527001,1526690226,-0.005067956692006548,4.41655,4.1771666666666665,0.06274606299212593
2022-07-20,4.34,4.36,4.318,4.331,299838373,1301780820,0.002778420930771075,4.4186,4.18275,0.08383383383383403
2022-07-21,4.315,4.338,4.285,4.286,310492643,1336941254,-0.01039021011313801,4.41465,4.187416666666667,0.06989515726410378
2022-07-22,4.301,4.335,4.259,4.289,314768801,1353688808,0.0006999533364442367,4.40845,4.19535,0.12483608707054805
2022-07-25,4.285,4.288,4.253,4.271,251676078,1074518097,-0.004196782466775462,4.39895,4.203483333333334,0.1289981496167063
2022-07-26,4.277,4.32,4.274,4.3,376254537,1616765933,0.006789978927651541,4.3883,4.210333333333334,0.10568269478014924
2022-07-27,4.29,4.297,4.268,4.276,257178619,1100930340,-0.00558139534883717,4.3792,4.21635,0.09220945083014032
2022-07-28,4.292,4.33,4.275,4.279,369581028,1591342846,0.0007015902712816935,4.36775,4.22075,0.06575342465753442
2022-07-29,4.283,4.305,4.211,4.22,471265353,2000643545,-0.013788268286982985,4.3541,4.2244166666666665,0.05499999999999994
2022-08-01,4.206,4.248,4.181,4.238,298391483,1259938955,0.004265402843601995,4.33995,4.23,0.08583141173456332
2022-08-02,4.21,4.21,4.132,4.167,543973256,2264729834,-0.016753185464842058,4.32275,4.234933333333333,0.07646602944975456
2022-08-03,4.18,4.209,4.111,4.122,376662823,1569163066,-0.010799136069114423,4.30625,4.238366666666667,0.05260469867211448
2022-08-04,4.139,4.162,4.122,4.153,261750872,1084601677,0.007520621057738985,4.2905,4.2414,0.04583228405943074
2022-08-05,4.156,4.224,4.153,4.218,393385248,1643679832,0.01565133638333749,4.2782,4.24585,0.06757782839787385
2022-08-08,4.201,4.219,4.193,4.204,157282357,661606877,-0.0033191085822665833,4.269,4.24955,0.05575087895529873
2022-08-09,4.202,4.219,4.19,4.211,241824356,1017515521,0.0016650808753568835,4.261950000000001,4.2538833333333335,0.06580612503163752
2022-08-10,4.202,4.216,4.148,4.166,203763174,851095724,-0.010686297791498434,4.2523,4.25665,0.04150000000000009
2022-08-11,4.183,4.26,4.176,4.254,348050252,1469915003,0.021123379740758397,4.247,4.261116666666667,0.06723532363271434
2022-08-12,4.252,4.266,4.238,4.255,205589752,874286490,0.0002350728725906137,4.244999999999999,4.26545,0.06508135168961204
2022-08-15,4.242,4.286,4.238,4.245,232822800,991661294,-0.00235017626321965,4.2402,4.2682166666666665,0.040696249080657054
2022-08-16,4.25,4.272,4.227,4.235,168483356,715599992,-0.002355712603062332,4.236,4.27135,0.04645416357795917
2022-08-17,4.236,4.287,4.211,4.276,281022766,1196207108,0.009681227863045816,4.23325,4.276533333333333,0.07843631778058002
2022-08-18,4.27,4.274,4.234,4.239,199968110,849821038,-0.008652946679139406,4.2309,4.2808166666666665,0.06454043194374681
2022-08-19,4.235,4.251,4.207,4.209,289441065,1223343184,-0.007077140835102691,4.2269000000000005,4.284433333333334,0.05435871743486964
2022-08-22,4.2,4.248,4.196,4.236,310932370,1316161171,0.006414825374198241,4.22515,4.288333333333333,0.058470764617691184
2022-08-23,4.233,4.25,4.203,4.222,275877595,1164226234,-0.003305004721435134,4.2212499999999995,4.291616666666667,0.04894409937888189
2022-08-24,4.234,4.238,4.136,4.145,403161100,1683776031,-0.018237801989578584,4.2147,4.29255,0.013695280019564438
2022-08-25,4.153,4.186,4.124,4.181,332510691,1381245566,0.00868516284680343,4.2097999999999995,4.294183333333334,0.024001959343619816
2022-08-26,4.179,4.201,4.168,4.175,226855432,949304012,-0.001435063381966084,4.2075499999999995,4.295533333333334,0.019785051294577416
2022-08-29,4.141,4.161,4.125,4.15,234594502,972243824,-0.0059880239520956335,4.20315,4.295100000000001,-0.00622605363984674
2022-08-30,4.154,4.156,4.106,4.141,232094792,958534782,-0.0021686746987952255,4.20185,4.294416666666667,-0.009803921568627527
2022-08-31,4.124,4.182,4.113,4.141,555279634,2299526279,0.0,4.2028,4.293033333333333,-0.019649621212121215
2022-09-01,4.13,4.153,4.098,4.107,320251600,1320917293,-0.00821057715527651,4.2005,4.291650000000001,-0.019809069212410546
2022-09-02,4.11,4.119,4.064,4.084,263737445,1078568286,-0.005600194789384116,4.1938,4.288916666666666,-0.038606403013182855
2022-09-05,4.075,4.083,4.04,4.082,215865010,876596965,-0.0004897159647403448,4.1876999999999995,4.287016666666667,-0.02716873212583415
2022-09-06,4.095,4.116,4.074,4.111,264101508,1081646065,0.007104360607545379,4.1827,4.284933333333333,-0.029508970727101014
2022-09-07,4.097,4.131,4.094,4.119,183572795,755009708,0.0019459985405010372,4.18035,4.282166666666667,-0.038739789964994276
2022-09-08,4.123,4.131,4.1,4.101,171632183,705978922,-0.004369992716678706,4.1727,4.27955,-0.036871770784405844
2022-09-09,4.107,4.167,4.106,4.159,392975947,1630730745,0.014142891977566352,4.1679,4.27685,-0.03749132145336731
2022-09-13,4.166,4.195,4.162,4.173,327431190,1368323051,0.00336619379658587,4.1643,4.274033333333334,-0.03892215568862267
2022-09-14,4.134,4.155,4.114,4.127,429913863,1777685334,-0.01102324466810456,4.1589,4.270483333333334,-0.04907834101382491
2022-09-15,4.134,4.147,4.065,4.09,588844446,2414072683,-0.008965350133268712,4.1496,4.26715,-0.04662004662004671
2022-09-16,4.077,4.087,3.996,4.0,725780900,2929005272,-0.022004889975550057,4.13765,4.261066666666667,-0.08361970217640324
2022-09-19,3.994,4.015,3.975,3.989,397790449,1588020723,-0.00275000000000003,4.12665,4.2540000000000004,-0.09607976433265364
2022-09-20,4.006,4.023,3.98,3.991,301514995,1206397489,0.0005013787916772205,4.1144,4.246166666666666,-0.10535754315175971
2022-09-21,3.98,3.99,3.943,3.961,363488622,1441702412,-0.007516913054372409,4.10135,4.2369666666666665,-0.12231331708397963
2022-09-22,3.945,3.964,3.92,3.932,279846800,1101764633,-0.007321383489017896,4.0907,4.228199999999999,-0.11799013010318538
2022-09-23,3.932,3.951,3.892,3.924,520249045,2042024441,-0.0020345879959308144,4.07785,4.218466666666667,-0.12954747116237797
2022-09-26,3.9,3.958,3.894,3.899,756033583,2966154628,-0.006371049949031593,4.06405,4.208566666666667,-0.13220565323837086
2022-09-27,3.91,3.957,3.892,3.949,519160341,2035835677,0.01282380097460889,4.054,4.199033333333333,-0.12652068126520688
2022-09-28,3.935,3.938,3.89,3.893,530081606,2073607923,-0.01418080526715626,4.0416,4.188733333333333,-0.1369984482376414
2022-09-29,3.916,3.937,3.873,3.894,506083627,1977736758,0.0002568713074750928,4.02925,4.179433333333333,-0.12533692722371959
2022-09-30,3.895,3.915,3.865,3.868,638378801,2480624616,-0.00667693888032872,4.0173000000000005,4.169433333333333,-0.1342882721575649
2022-10-10,3.867,3.87,3.777,3.789,684109248,2614912261,-0.02042399172699061,4.00255,4.158183333333334,-0.15120967741935487
2022-10-11,3.791,3.804,3.77,3.786,491380691,1861116628,-0.0007917656373713777,3.9877499999999997,4.14815,-0.13719234275296255
2022-10-12,3.787,3.851,3.719,3.848,731512983,2765038458,0.01637612255678822,3.9746,4.13975,-0.11580882352941191
2022-10-13,3.816,3.847,3.806,3.815,345140276,1318777601,-0.00857588357588357,3.9594,4.130683333333333,-0.12479926588667123
2022-10-14,3.852,3.923,3.843,3.903,749629133,2913802969,0.023066841415465333,3.9495000000000005,4.123066666666667,-0.10481651376146794
2022-10-17,3.895,3.906,3.869,3.902,388760090,1512958472,-0.000256213169356867,3.9366499999999993,4.116516666666667,-0.09150174621653084
2022-10-18,3.924,3.93,3.887,3.895,431134380,1683477555,-0.0017939518195797532,3.9227499999999997,4.109083333333333,-0.10274130384703983
2022-10-19,3.89,3.902,3.834,3.836,288162283,1112398864,-0.015147625160462197,3.9082,4.101033333333333,-0.11183144246353327
2022-10-20,3.82,3.876,3.791,3.824,372305013,1422560648,-0.0031282586027111536,3.8949,4.092583333333334,-0.1170630339413532
2022-10-21,3.837,3.839,3.784,3.802,327572110,1248398834,-0.005753138075313746,3.8849999999999993,4.084516666666667,-0.11292580494633686
2022-10-24,3.799,3.833,3.686,3.704,629793970,2356237577,-0.025775907417148858,3.87075,4.074766666666666,-0.13639543017020272
2022-10-25,3.692,3.739,3.661,3.688,823516971,3041126027,-0.004319654427645814,3.8556000000000004,4.06505,-0.13650199016623732
2022-10-26,3.69,3.768,3.689,3.716,686287021,2555494776,0.00759219088937102,3.8433499999999996,4.055316666666666,-0.135813953488372
2022-10-27,3.739,3.75,3.689,3.69,512397050,1906381171,-0.006996770721205636,3.83125,4.04555,-0.137043966323667
2022-10-28,3.677,3.683,3.595,3.604,738137151,2686507817,-0.023306233062330595,3.81525,4.0343,-0.1577471371815844
2022-10-31,3.58,3.616,3.552,3.565,597656387,2139122276,-0.01082130965593786,3.79855,4.023383333333333,-0.15521327014218
2022-11-01,3.585,3.705,3.58,3.703,1069157204,3904744293,0.038709677419354716,3.78625,4.014466666666666,-0.12623879188296383
2022-11-02,3.685,3.767,3.678,3.737,751646303,2800488062,0.009181744531461034,3.7784500000000003,4.0073,-0.10319174466042713
2022-11-03,3.717,3.732,3.689,3.707,488110710,1811025929,-0.008027829810008047,3.7690999999999995,4.000383333333334,-0.10067928190198938
2022-11-04,3.705,3.851,3.704,3.834,1129245726,4301093449,0.03425950903695707,3.7674,3.9950666666666668,-0.07681194317360929
2022-11-07,3.81,3.855,3.809,3.834,534073373,2046292254,0.0,3.76965,3.9886666666666666,-0.09103840682788045
2022-11-08,3.834,3.843,3.787,3.811,801257895,3048899191,-0.005998956703182068,3.7708999999999997,3.982116666666667,-0.0934823977164605
2022-11-09,3.811,3.824,3.767,3.771,520923983,1973017696,-0.010495932826029897,3.76705,3.9747833333333333,-0.10448824507242949
2022-11-10,3.75,3.766,3.727,3.75,506496368,1895277956,-0.005568814638027053,3.7638,3.96785,-0.0998559769563131
2022-11-11,3.842,3.898,3.81,3.848,1376702267,5298752150,0.026133333333333342,3.7610499999999996,3.9610833333333337,-0.0954395862717442
2022-11-14,3.898,3.919,3.84,3.85,850966866,3301268208,0.0005197505197505059,3.7584500000000007,3.954333333333333,-0.09518213866039948
2022-11-15,3.842,3.934,3.835,3.925,767183469,2991368782,0.01948051948051943,3.75995,3.949,-0.07538280329799774
2022-11-16,3.918,3.938,3.891,3.896,537797213,2102969877,-0.00738853503184711,3.76295,3.94335,-0.08004722550177101
2022-11-17,3.886,3.886,3.835,3.879,791622815,3054875919,-0.004363449691991761,3.7657,3.936733333333333,-0.09284377923292797
2022-11-18,3.882,3.902,3.859,3.866,649194923,2516386318,-0.0033513792214487914,3.768900000000001,3.930516666666667,-0.08799245104977582
2022-11-21,3.837,3.837,3.79,3.833,518248908,1975747610,-0.008535954474909402,3.7753500000000004,3.9242500000000002,-0.08933238298883328
2022-11-22,3.827,3.871,3.805,3.831,649025638,2485266857,-0.0005217845030003332,3.7824999999999998,3.9174999999999995,-0.09560906515580736
2022-11-23,3.82,3.856,3.814,3.834,548791595,2103792365,0.000783085356303781,3.7884,3.9110333333333336,-0.0918995736617717
2022-11-24,3.85,3.868,3.81,3.816,482148926,1848016848,-0.0046948356807512415,3.7947,3.90555,-0.07937273823884194
2022-11-25,3.819,3.854,3.805,3.837,549215773,2105975532,0.005503144654088077,3.8063500000000006,3.8998166666666663,-0.08227696723271938
2022-11-28,3.772,3.799,3.73,3.792,626091449,2355441434,-0.011727912431587328,3.8177,3.8934333333333333,-0.09173652694610779
2022-11-29,3.814,3.917,3.814,3.908,720706845,2792262749,0.030590717299578074,3.8279500000000004,3.8894,-0.05831325301204826
2022-11-30,3.898,3.927,3.895,3.911,459485800,1796654800,0.0007676560900715668,3.8366499999999997,3.885566666666667,-0.05554213957981169
2022-12-01,3.98,4.01,3.955,3.956,635412583,2528610659,0.011506008693428882,3.8491,3.882483333333333,-0.04467519922723984
2022-12-02,3.955,3.964,3.931,3.933,1030421029,4066062110,-0.005813953488372103,3.85405,3.879583333333333,-0.04236669101533974
2022-12-05,3.974,4.007,3.957,4.004,876177074,3492977853,0.01805237732011178,3.8625499999999997,3.87825,-0.019588638589618013
2022-12-06,3.992,4.05,3.988,4.027,765807260,3081714196,0.005744255744255966,3.87335,3.877333333333333,-0.013473787359137623
2022-12-07,4.02,4.066,4.0,4.015,682075053,2745026152,-0.002979885771045576,3.88555,3.8757333333333337,-0.023351982486013112
2022-12-08,4.015,4.033,4.003,4.024,509409492,2047176131,0.0022415940224160824,3.89925,3.87415,-0.023063850449138057
2022-12-09,4.023,4.069,4.008,4.058,647455186,2613255569,0.008449304174950267,3.9097500000000003,3.8734333333333333,-0.01048524750060964
2022-12-12,4.045,4.045,4.012,4.016,466857524,1880206885,-0.010349926071956617,3.9180499999999996,3.87105,-0.03438326520798263
2022-12-13,4.018,4.028,4.0,4.005,363674333,1459236500,-0.0027390438247012483,3.92205,3.86825,-0.040258806613946874
2022-12-14,4.01,4.033,3.995,4.015,621907353,2495651006,0.0024968789013732895,3.928,3.8663833333333333,-0.027138357160164772
2022-12-15,4.016,4.025,3.988,4.013,530751298,2126027806,-0.0004981320049812776,3.9347000000000003,3.8651,-0.018826405867970686
2022-12-16,4.011,4.026,3.992,4.017,908368692,3639862008,0.000996760528283236,3.94225,3.8653833333333334,0.004250000000000087
2022-12-19,4.022,4.033,3.942,3.959,745196491,2965759177,-0.0144386357978592,3.9485499999999996,3.8648833333333332,-0.007520681875156643
2022-12-20,3.945,3.948,3.873,3.896,815565496,3188456650,-0.01591310937105339,3.9518,3.8633,-0.023803558005512482
2022-12-21,3.901,3.911,3.882,3.893,523055800,2038360701,-0.0007700205338809774,3.9547499999999998,3.8621666666666665,-0.01716738197424894
2022-12-22,3.916,3.944,3.881,3.901,687820977,2690306339,0.002054970459799632,3.9589999999999996,3.86165,-0.007884028484231975
2022-12-23,3.884,3.912,3.872,3.891,1084791027,4222061974,-0.0025634452704433874,3.9616999999999996,3.8611,-0.00840978593272168
2022-12-26,3.89,3.92,3.888,3.9,651193684,2542745278,0.0023130300693907646,3.9671,3.8611166666666668,0.0002564760194920801
2022-12-27,3.94,3.953,3.919,3.947,582048797,2292894562,0.012051282051282142,3.9690499999999993,3.8610833333333336,-0.0005064573309697673
2022-12-28,3.939,3.945,3.917,3.934,649268983,2553573421,-0.003293640739802317,3.9702000000000006,3.861766666666667,0.010531723606473253
2022-12-29,3.919,3.933,3.896,3.922,721271003,2825957366,-0.0030503304524657215,3.9685,3.8622333333333336,0.007190549563431015
2022-12-30,3.937,3.951,3.934,3.938,630228576,2485143924,0.004079551249362545,3.96875,3.8634,0.018097207859358866
2023-01-03,3.937,3.961,3.89,3.949,656310782,2576087718,0.0027932960893854997,3.966,3.8660666666666668,0.04222750065980452
2023-01-04,3.948,3.965,3.931,3.954,980799721,3874438389,0.0012661433274248068,3.96235,3.868866666666667,0.044374009508716394
2023-01-05,3.975,4.035,3.972,4.029,774502293,3108571448,0.01896813353565996,3.96305,3.871883333333334,0.047037422037422116
2023-01-06,4.03,4.062,4.026,4.045,541080825,2187353311,0.0039712087366592375,3.9640999999999997,3.875716666666667,0.0602883355176933
2023-01-09,4.065,4.086,4.052,4.07,780959941,3178181433,0.006180469715698411,3.9646999999999997,3.8785,0.04278759928260323
2023-01-10,4.068,4.092,4.062,4.076,744262224,3033001135,0.0014742014742012977,3.9677,3.8814,0.044592516658123804
2023-01-11,4.077,4.105,4.069,4.076,571511439,2334923330,0.0,3.97125,3.8844166666666666,0.0464698331193838
2023-01-12,4.083,4.095,4.068,4.082,325587208,1328948654,0.0014720314033367377,3.9745999999999997,3.888516666666667,0.06412930135557882
2023-01-13,4.089,4.148,4.089,4.144,655908997,2702284069,0.015188633023027975,3.9811500000000004,3.89385,0.08368200836820083
2023-01-16,4.085,4.184,4.083,4.143,1716375927,7109168359,-0.00024131274131278246,3.98745,3.8995333333333333,0.08968963703314037
2023-01-17,4.143,4.152,4.122,4.139,601513127,2488168863,-0.0009654839488292266,3.9964500000000003,3.9067833333333337,0.11744060475161988
2023-01-18,4.146,4.152,4.126,4.13,445690058,1843406132,-0.0021744382701136544,4.00815,3.9141500000000002,0.11984815618221245
2023-01-19,4.121,4.16,4.103,4.158,607432404,2513066753,0.006779661016949268,4.0214,3.9215166666666668,0.11894510226049526
2023-01-20,4.173,4.194,4.165,4.181,570082196,2382114372,0.005531505531505498,4.0354,3.9297,0.1330623306233063
2023-01-30,4.26,4.267,4.198,4.205,801347080,3386449597,0.005740253527864114,4.0511,3.9397166666666665,0.16675915649278572
2023-01-31,4.208,4.217,4.152,4.159,1139222231,4761842944,-0.010939357907253311,4.06405,3.9496166666666666,0.1666199158485273
2023-02-01,4.164,4.192,4.133,4.19,715651962,2981748341,0.007453714835297109,4.0762,3.957733333333333,0.1315149878476911
2023-02-02,4.202,4.205,4.163,4.18,1001852833,4188623374,-0.0023866348448688957,4.0885,3.9651166666666664,0.1185442868611184
2023-02-03,4.154,4.157,4.101,4.137,960052104,3961301299,-0.0102870813397129,4.09925,3.972283333333333,0.11599676288103589
2023-02-06,4.103,4.104,4.058,4.08,731459703,2982940562,-0.01377810007251623,4.10635,3.976383333333333,0.06416275430359941
2023-02-07,4.086,4.101,4.07,4.09,553988104,2263547380,0.002450980392156854,4.1134,3.98065,0.06677099634846106
2023-02-08,4.092,4.109,4.065,4.073,462871301,1889787994,-0.004156479217603759,4.11935,3.9850166666666667,0.06874836001049611
2023-02-09,4.067,4.131,4.063,4.127,595888582,2450554135,0.013258040756199296,4.124250000000001,3.9909499999999998,0.09440466719703
2023-02-10,4.128,4.128,4.086,4.103,520522436,2135893097,-0.005815362248606792,4.12715,3.9968333333333335,0.09413333333333318
2023-02-13,4.09,4.141,4.083,4.135,828010137,3415190764,0.007799171338045419,4.1304,4.001616666666666,0.0745841995841996
2023-02-14,4.141,4.147,4.119,4.144,332632366,1374345788,0.002176541717049618,4.1338,4.006516666666666,0.07636363636363641
2023-02-15,4.141,4.154,4.108,4.116,645506758,2658512888,-0.00675675675675691,4.1358,4.0097000000000005,0.048662420382165505
2023-02-16,4.12,4.168,4.062,4.087,792510051,3275079466,-0.0070456754130223676,4.13605,4.012883333333333,0.04902464065708423
2023-02-17,4.085,4.101,4.025,4.029,743394922,3025278809,-0.014191338390017072,4.1303,4.015383333333333,0.03866976024748636
2023-02-20,4.034,4.137,4.028,4.134,1049525486,4282521265,0.026061057334326287,4.129849999999999,4.01985,0.0693222969477496
2023-02-21,4.134,4.15,4.114,4.139,560902494,2318009475,0.0012094823415578215,4.129849999999999,4.02495,0.07983302895903988
2023-02-22,4.123,4.134,4.092,4.099,452945439,1861371777,-0.009664170089393576,4.1283,4.029416666666667,0.0699556251631428
2023-02-23,4.103,4.125,4.081,4.099,465559533,1908740957,0.0,4.12535,4.033833333333333,0.0691184141888368
2023-02-24,4.098,4.098,4.04,4.06,808776154,3282777177,-0.009514515735545404,4.1193,4.0379,0.06394129979035634
2023-02-27,4.04,4.063,4.028,4.045,456957503,1848791379,-0.003694581280788145,4.1113,4.041366666666667,0.05420901746155837
2023-02-28,4.057,4.076,4.02,4.071,484545431,1963458643,0.006427688504326179,4.1069,4.046016666666667,0.07357594936708867
2023-03-01,4.067,4.136,4.06,4.12,1180480952,4856375177,0.012036354704004104,4.1034,4.04955,0.054247697031729825
2023-03-02,4.11,4.134,4.107,4.115,439132860,1808866225,-0.0012135922330096527,4.10015,4.05295,0.05216057274354391
2023-03-03,4.126,4.136,4.094,4.124,420175727,1730990673,0.0021871202916159405,4.0995,4.05575,0.04246713852376138
2023-03-06,4.125,4.127,4.08,4.099,929302452,3808515076,-0.006062075654704069,4.10045,4.058516666666667,0.04220696669209256
2023-03-07,4.095,4.118,4.039,4.042,674649418,2756431261,-0.013905830690412402,4.09805,4.05915,0.009490509490509558
2023-03-08,4.03,4.035,4.01,4.026,431315362,1735039806,-0.003958436417615063,4.0957,4.0591333333333335,-0.0002483238142538813
2023-03-09,4.032,4.036,3.992,4.016,407936491,1639051249,-0.0024838549428712886,4.09015,4.05915,0.00024906600249074984
2023-03-10,3.99,4.004,3.959,3.961,498112925,1982846713,-0.01369521912350602,4.08305,4.0581,-0.015656063618290306
2023-03-13,3.961,4.008,3.961,4.005,467452924,1865984620,0.011108305983337452,4.07655,4.057216666666666,-0.013060620995564265
2023-03-14,4.0,4.0,3.945,3.98,463541570,1842611053,-0.006242197253433224,4.068350000000001,4.056616666666667,-0.008964143426294813
2023-03-15,4.006,4.016,3.978,3.979,393301056,1571377024,-0.0002512562814069863,4.0615000000000006,4.056183333333333,-0.006491885143570464
2023-03-16,3.96,3.979,3.93,3.933,433143817,1713141943,-0.011560693641618602,4.0538,4.0548166666666665,-0.020423412204234048
2023-03-17,3.96,4.004,3.935,3.954,1123501196,4453754362,0.005339435545385296,4.050050000000001,4.053833333333333,-0.014702217792175398
2023-03-20,3.954,3.976,3.926,3.932,570954757,2258210593,-0.005563985837127028,4.03995,4.052416666666667,-0.021160069703759166
2023-03-21,3.943,3.979,3.941,3.975,556743661,2206195773,0.010935910478128141,4.031750000000001,4.052683333333333,0.004041424602172272
2023-03-22,3.985,4.009,3.979,3.993,581756157,2323803781,0.004528301886792319,4.02645,4.0543000000000005,0.024897330595482492
2023-03-23,3.98,4.032,3.978,4.031,534472929,2143951550,0.009516654144753334,4.02305,4.0565999999999995,0.03544824043154371
2023-03-24,4.023,4.034,4.014,4.026,254895254,1025007603,-0.0012403870007442475,4.02135,4.058683333333333,0.03204306588054351
2023-03-27,4.025,4.025,3.984,4.005,491254674,1966086521,-0.005216095380029762,4.019349999999999,4.060583333333333,0.029298380878951313
2023-03-28,4.006,4.018,3.99,3.997,507206125,2029086627,-0.001997503121098587,4.015649999999999,4.0622,0.024871794871794917
2023-03-29,4.018,4.019,3.991,3.997,616336308,2467227537,0.0,4.0095,4.063033333333333,0.012667848999239784
2023-03-30,3.998,4.041,3.981,4.04,557206977,2238129589,0.010758068551413702,4.00575,4.0648,0.02694458566344693
2023-03-31,4.045,4.063,4.039,4.05,671162479,2718176592,0.0024752475247524774,4.00205,4.066933333333333,0.032636409994900584
2023-04-03,4.05,4.091,4.045,4.08,551339698,2243377317,0.007407407407407529,4.001099999999999,4.0693,0.0360589131538851
2023-04-04,4.08,4.102,4.072,4.1,480308724,1960368642,0.004901960784313708,4.004,4.071816666666667,0.038237528488224815
2023-04-06,4.085,4.093,4.073,4.088,378286841,1544679079,-0.0029268292682925745,4.007099999999999,4.07405,0.03388973191704592
2023-04-07,4.088,4.129,4.086,4.117,329585683,1355999026,0.007093933463796498,4.01215,4.075516666666666,0.021841648051625695
2023-04-10,4.128,4.129,4.098,4.102,474361579,1948356331,-0.0036434296818070866,4.0192,4.076466666666667,0.014091470951792529
2023-04-11,4.105,4.112,4.078,4.092,535954987,2195224021,-0.0024378352023405325,4.02355,4.076833333333334,0.00540540540540535
2023-04-12,4.093,4.098,4.08,4.088,335833687,1373120380,-0.0009775171065492527,4.02895,4.0770333333333335,0.0029440628066732533
2023-04-13,4.079,4.085,4.057,4.063,402190738,1635782613,-0.0061154598825832185,4.03315,4.076816666666667,-0.003189401373896006
2023-04-14,4.075,4.094,4.071,4.084,456032644,1860596353,0.005168594634506585,4.0407,4.076849999999999,0.0004899559039686086
2023-04-17,4.081,4.147,4.08,4.145,632547999,2605868198,0.014936336924583626,4.05025,4.076866666666667,0.00024131274131256042
2023-04-18,4.144,4.163,4.136,4.152,416054295,1726660643,0.001688781664656247,4.061249999999999,4.077016666666666,0.0021723388848662317
2023-04-19,4.154,4.154,4.115,4.119,408573024,1688498846,-0.007947976878612817,4.06845,4.0766833333333325,-0.004832085044696899
2023-04-20,4.118,4.122,4.09,4.103,607308636,2491260807,-0.0038844379703811827,4.07395,4.076233333333333,-0.0065375302663438495
2023-04-21,4.103,4.106,4.024,4.03,683648627,2776624903,-0.017791859614915806,4.0739,4.0741,-0.030784030784030803
2023-04-24,4.029,4.032,3.963,3.979,594093664,2372492823,-0.012655086848635255,4.07155,4.070733333333333,-0.04831380052618994
2023-04-25,3.98,3.988,3.924,3.96,966426771,3820424644,-0.004775069112842423,4.0693,4.06665,-0.058263971462544584
2023-04-26,3.958,3.97,3.934,3.951,903465326,3570141037,-0.002272727272727204,4.067,4.063183333333333,-0.05001202212070199
2023-04-27,3.948,4.0,3.94,3.986,467769671,1857891159,0.008858516831182106,4.066450000000001,4.059783333333333,-0.048687350835322274
2023-04-28,3.997,4.03,3.991,4.025,451806234,1813115078,0.00978424485699958,4.0657,4.0572,-0.03708133971291849
2023-05-04,4.013,4.027,3.996,4.025,337861124,1356998397,0.0,4.06445,4.0553333333333335,-0.027072758037224864
2023-05-05,4.026,4.038,3.989,4.009,337949905,1355979468,-0.003975155279503095,4.0609,4.05415,-0.017401960784313664
2023-05-08,4.016,4.064,4.011,4.054,684815156,2769137971,0.01122474432526821,4.0586,4.0535499999999995,-0.008801955990219934
2023-05-09,4.059,4.085,4.019,4.019,566890688,2299963548,-0.008633448445979353,4.05515,4.05265,-0.013258040756199407
2023-05-10,4.017,4.019,3.98,3.988,916593316,3663507046,-0.00771336153271962,4.0487,4.050333333333334,-0.03368063968984725
2023-05-11,3.998,4.008,3.98,3.983,321615029,1284651681,-0.0012537612838515733,4.04275,4.048333333333334,-0.029246892517669876
2023-05-12,3.982,3.996,3.93,3.932,518774522,2053102560,-0.012804418779814197,4.03475,4.04495,-0.04909310761789598
2023-05-15,3.934,3.996,3.923,3.995,810757396,3203031252,0.016022380467955344,4.0301,4.042466666666667,-0.03595559845559848
2023-05-16,3.994,4.0,3.962,3.978,406820310,1620578488,-0.004255319148936176,4.02585,4.040166666666667,-0.033527696793002826
2023-05-17,3.971,3.982,3.941,3.951,640580508,2535368771,-0.006787330316742168,4.0192,4.0379,-0.03327624174210908
2023-05-18,3.958,3.978,3.931,3.95,700600219,2770097587,-0.00025310048089088877,4.00945,4.036583333333334,-0.019607843137254832
2023-05-19,3.94,3.966,3.922,3.944,341712585,1347166083,-0.0015189873417722488,3.9990499999999995,4.033416666666667,-0.045960328979196996
2023-05-22,3.943,3.985,3.93,3.964,500375723,1981482735,0.005070993914807254,3.9913,4.0305,-0.04228074414109695
2023-05-23,3.967,3.971,3.906,3.907,611757337,2405349012,-0.014379414732593299,3.9815000000000005,4.027299999999999,-0.04684069285191517
2023-05-24,3.902,3.903,3.852,3.854,767277616,2973586313,-0.013565395444074757,3.9727000000000006,4.023216666666666,-0.059770675774579174
2023-05-25,3.848,3.858,3.812,3.845,491856745,1888723116,-0.002335236118318651,3.966,4.019633333333333,-0.05295566502463045
2023-05-26,3.843,3.861,3.813,3.85,446203660,1713952910,0.0013003901170349774,3.9604999999999997,4.016383333333334,-0.04820766378244745
2023-05-29,3.858,3.87,3.819,3.834,403013549,1546653526,-0.004155844155844135,3.95465,4.012433333333333,-0.05821665438467194
2023-05-30,3.826,3.847,3.79,3.838,572097944,2186287405,0.0010432968179447943,3.9472499999999995,4.007733333333333,-0.06844660194174756
2023-05-31,3.828,3.828,3.785,3.802,733875712,2792006056,-0.009379885356956774,3.9361000000000006,4.002516666666667,-0.07606318347509111
2023-06-01,3.799,3.84,3.794,3.81,674975697,2579669883,0.002104155707522315,3.9253500000000003,3.9972833333333333,-0.07613967022308432
2023-06-02,3.83,3.873,3.83,3.863,692978097,2672332967,0.013910761154855678,3.91805,3.99335,-0.05757501829714573
2023-06-05,3.857,3.861,3.835,3.845,361154926,1389909743,-0.004659590991457407,3.9076,3.9900666666666664,-0.04873824839188512
2023-06-06,3.846,3.874,3.804,3.808,411569703,1579493947,-0.009622886866059943,3.8970499999999992,3.9864333333333333,-0.05414803775459509
2023-06-07,3.82,3.827,3.783,3.796,372176673,1416641429,-0.0031512605042016695,3.88745,3.982766666666667,-0.05478087649402397
2023-06-08,3.796,3.843,3.783,3.828,383488893,1462204388,0.008429926238145313,3.8797000000000006,3.98055,-0.033577379449633904
2023-06-09,3.829,3.847,3.822,3.844,527068856,2021624139,0.004179728317659448,3.8753,3.9778666666666664,-0.04019975031210987
2023-06-12,3.84,3.87,3.825,3.848,459659336,1768357700,0.0010405827263266776,3.8679499999999996,3.975666666666667,-0.03316582914572863
2023-06-13,3.84,3.88,3.837,3.877,350388028,1353181342,0.007536382536382558,3.8629000000000007,3.9739666666666666,-0.025634581553154123
2023-06-14,3.879,3.904,3.875,3.877,444113622,1727523754,0.0,3.8592,3.9730333333333334,-0.0142384947876939
2023-06-15,3.886,3.943,3.88,3.942,508430549,1990297387,0.016765540366262766,3.8587999999999996,3.9728333333333334,-0.003034901365705611
2023-06-16,3.949,3.988,3.949,3.979,602148804,2389873017,0.00938609842719429,3.86055,3.9736166666666666,0.011953204476093715
2023-06-19,3.979,3.979,3.944,3.949,400307379,1583693179,-0.007539582809751311,3.859800000000001,3.9731833333333335,-0.006540880503144719
2023-06-20,3.941,3.959,3.936,3.942,353892342,1396571289,-0.0017726006583944631,3.86155,3.9723333333333333,-0.012772351615326749
2023-06-21,3.935,3.939,3.885,3.887,489353700,1915610962,-0.013952308472856445,3.8632,3.969933333333334,-0.03572314562143386
2023-06-26,3.866,3.87,3.831,3.843,640495600,2462685974,-0.01131978389503474,3.8631,3.9668833333333335,-0.045454545454545414
2023-06-27,3.842,3.879,3.835,3.869,397102074,1532293882,0.006765547749154388,3.86405,3.9646166666666667,-0.03395755305867654
2023-06-28,3.863,3.878,3.837,3.877,462745613,1786039957,0.002067717756526033,3.8662,3.962616666666667,-0.030022516887665773
2023-06-29,3.877,3.879,3.847,3.859,300262647,1159259690,-0.004642765024503448,3.86725,3.9603166666666665,-0.03452589442081555
2023-06-30,3.858,3.9,3.853,3.882,529918250,2058017000,0.005960093288416735,3.87125,3.9576833333333337,-0.039108910891089144
2023-07-03,3.89,3.939,3.888,3.927,473909707,1857984547,0.011591962905718622,3.8771,3.955633333333333,-0.03037037037037027
2023-07-04,3.925,3.936,3.919,3.934,252121289,990312869,0.0017825311942958333,3.88065,3.9532,-0.03578431372549018
2023-07-05,3.928,3.934,3.901,3.907,271215241,1061461518,-0.00686324351804779,3.88375,3.9499833333333334,-0.04707317073170725
2023-07-06,3.9,3.92,3.874,3.879,346743884,1349288878,-0.007166624008190459,3.8873000000000006,3.9465,-0.051125244618395294
2023-07-07,3.875,3.884,3.859,3.868,302277670,1170006594,-0.00283578241814908,3.8909,3.9423500000000002,-0.06048093271799859
2023-07-10,3.886,3.91,3.872,3.884,428486811,1668025659,0.004136504653567741,3.8937,3.9387166666666666,-0.053144807411019124
2023-07-11,3.897,3.915,3.887,3.91,587438934,2292218456,0.006694129763130885,3.897,3.935683333333333,-0.04447702834799594
2023-07-12,3.914,3.92,3.881,3.891,389410768,1520311053,-0.004859335038363222,3.89915,3.9324,-0.048189823874755344
2023-07-13,3.91,3.957,3.91,3.954,572286552,2254997240,0.016191210485736462,3.9029999999999996,3.9305833333333333,-0.026827467388628956
2023-07-14,3.96,3.964,3.95,3.952,363262103,1437431006,-0.0005058168942843055,3.90675,3.9283833333333336,-0.03232125367286964
2023-07-17,3.946,3.946,3.908,3.924,448612566,1757874089,-0.007085020242915019,3.90585,3.9247,-0.05331724969843177
2023-07-18,3.925,3.932,3.905,3.918,266670716,1044528809,-0.001529051987767538,3.9028000000000005,3.9208000000000003,-0.05635838150289019
2023-07-19,3.91,3.924,3.895,3.916,501240659,1958620837,-0.0005104645227157478,3.90115,3.917416666666667,-0.04928380674921096
2023-07-20,3.923,3.942,3.881,3.888,871507069,3409059171,-0.007150153217568955,3.8984499999999995,3.9138333333333337,-0.052400682427492074
2023-07-21,3.888,3.917,3.875,3.89,727250149,2831069309,0.0005144032921811093,3.8985999999999996,3.9114999999999998,-0.0347394540942928
2023-07-24,3.87,3.897,3.864,3.873,454981986,1762582929,-0.004370179948586128,3.9000999999999997,3.9097333333333335,-0.02663985926112089
2023-07-25,3.92,3.986,3.92,3.985,1140982393,4516702930,0.028918151303898743,3.9059,3.9101500000000002,0.0063131313131312705
2023-07-26,3.98,3.982,3.961,3.976,588038574,2336248742,-0.0022584692597239497,3.91085,3.9105666666666665,0.006327512022272774
2023-07-27,3.985,3.998,3.96,3.972,602465765,2399970524,-0.001006036217303774,3.9165000000000005,3.9103333333333334,-0.003512293025589641
2023-07-28,3.953,4.075,3.953,4.068,1496488403,6045486970,0.024169184290030232,3.9258,3.91105,0.010683229813664319
2023-07-31,4.1,4.141,4.074,4.084,1790634998,7347223022,0.003933136676499416,3.93365,3.912033333333333,0.014658385093167414
2023-08-01,4.08,4.105,4.055,4.066,1135981581,4628166309,-0.004407443682663992,3.94025,3.9129833333333335,0.0142180094786728
2023-08-02,4.059,4.08,4.026,4.037,789439831,3195405068,-0.007132316773241443,3.94675,3.9127,-0.004193389245189971
2023-08-03,4.031,4.075,4.031,4.073,737931112,2990984772,0.008917513004706557,3.9564499999999994,3.9136,0.01343617815376974
2023-08-04,4.115,4.132,4.08,4.094,1422357458,5844695555,0.005155904738521899,3.96775,3.9153666666666664,0.026579739217652998
2023-08-07,4.076,4.076,4.049,4.063,1281422408,5203107906,-0.007572056668295191,3.9767,3.9166999999999996,0.020085362791865347
2023-08-08,4.048,4.075,4.035,4.048,1116579062,4524172048,-0.0036918533103617035,3.9836,3.918633333333333,0.029501525940996975
2023-08-09,4.038,4.055,4.034,4.04,1332507901,5388159549,-0.0019762845849802257,3.99105,3.9193833333333337,0.01126408010012514
2023-08-10,4.038,4.05,4.014,4.045,938250908,3788454446,0.0012376237623761277,3.9956000000000005,3.9204999999999997,0.016842634489693253
2023-08-11,4.045,4.048,3.948,3.95,1288559813,5137860063,-0.023485784919653807,3.9955,3.920483333333333,-0.00025310048089088877
2023-08-14,3.919,3.932,3.884,3.923,1038600330,4062406138,-0.0068354430379746756,3.9954500000000004,3.9200333333333335,-0.0068354430379746756
2023-08-15,3.927,3.935,3.881,3.919,816519410,3193418408,-0.0010196278358398647,3.9955,3.9196166666666667,-0.006338742393509067
2023-08-16,3.902,3.922,3.887,3.889,855849476,3338499228,-0.007655014034192442,3.99415,3.9183666666666666,-0.018920282542886024
2023-08-17,3.871,3.909,3.855,3.902,1156118339,4488757418,0.00334276163538183,3.9948500000000005,3.9182833333333336,-0.0012797542871768597
2023-08-18,3.904,3.914,3.851,3.852,1275546546,4949895035,-0.012813941568426523,3.9929500000000004,3.91825,-0.0005189413596263792
2023-08-21,3.843,3.854,3.797,3.8,1100924357,4211773045,-0.01349948078920038,3.9893,3.9174999999999995,-0.011703511053316129
2023-08-22,3.818,3.841,3.772,3.823,1331528873,5068251898,0.0060526315789473095,3.9812,3.91705,-0.007012987012987026
2023-08-23,3.81,3.821,3.759,3.768,1082419722,4103294099,-0.014386607376405958,3.9707999999999997,3.91595,-0.017214397496087663
2023-08-24,3.775,3.82,3.772,3.791,952654779,3613485225,0.006104033970276035,3.96175,3.9151666666666665,-0.012245961438249076
2023-08-25,3.776,3.809,3.768,3.784,1174535468,4441349667,-0.001846478501714599,3.9475499999999997,3.914866666666667,-0.004734350341925375
2023-08-28,4.011,4.011,3.81,3.837,2822011765,10967426433,0.014006342494714774,3.9351999999999996,3.915316666666667,0.007086614173228423
2023-08-29,3.82,3.888,3.818,3.859,2194052531,8447914072,0.005733646077664689,3.92485,3.9152500000000003,-0.0010354646647683374
2023-08-30,3.864,3.884,3.85,3.858,1036132286,4005949852,-0.0002591344908007276,3.9158999999999997,3.915466666666667,0.0033810143042911633
2023-08-31,3.858,3.865,3.83,3.839,838468826,3223625329,-0.004924831518921757,3.9042000000000003,3.9159833333333336,0.00814075630252109
2023-09-01,3.857,3.88,3.85,3.862,792692488,3061777815,0.005991143526960174,3.8926000000000003,3.9170833333333333,0.01738672286617504
2023-09-04,3.89,3.93,3.874,3.92,1185523274,4631839161,0.015018125323666531,3.8854499999999996,3.9186166666666664,0.024033437826541215
2023-09-05,3.91,3.912,3.885,3.893,629770096,2454185740,-0.006887755102040871,3.8777,3.919433333333333,0.012747138397502633
2023-09-06,3.88,3.893,3.866,3.883,715176127,2772119111,-0.0025687130747494846,3.8698500000000005,3.9200166666666667,0.009095634095634075
2023-09-07,3.875,3.876,3.826,3.83,941034963,3620025670,-0.01364924027813541,3.8591,3.919233333333333,-0.012122775341758985
2023-09-08,3.815,3.828,3.796,3.809,818635834,3117927088,-0.005483028720626559,3.8520499999999998,3.9181,-0.017539334537013063
2023-09-11,3.81,3.861,3.803,3.837,816650788,3130054721,0.007351010763980037,3.84775,3.91635,-0.026636225266362223
2023-09-12,3.834,3.846,3.825,3.832,594936910,2280742953,-0.0013031013812875303,3.8434,3.9139,-0.03694395576778087
2023-09-13,3.831,3.842,3.787,3.807,1032133123,3927790358,-0.006524008350730637,3.8393,3.9115333333333333,-0.03595847049886047
2023-09-14,3.806,3.818,3.785,3.804,928283035,3527433204,-0.0007880220646178104,3.8344,3.909233333333333,-0.03500761035007616
2023-09-15,3.811,3.818,3.769,3.787,1190622112,4515384978,-0.004468980021030466,3.8311499999999996,3.9075666666666664,-0.02572678157962438
2023-09-18,3.778,3.811,3.764,3.8,985926393,3740921119,0.003432796408766814,3.83115,3.90685,-0.011189175123601403
2023-09-19,3.796,3.798,3.772,3.795,727006269,2752539515,-0.001315789473684159,3.8297499999999998,3.9056166666666665,-0.019126389247867692
2023-09-20,3.785,3.793,3.777,3.777,634135498,2399486875,-0.004743083003952542,3.8302,3.90395,-0.02579313902501923
2023-09-21,3.769,3.783,3.741,3.742,899197017,3378417954,-0.009266613714588368,3.8277499999999995,3.902,-0.030318735423684906
2023-09-22,3.736,3.818,3.735,3.817,1247116554,4719058010,0.020042757883484752,3.8294000000000006,3.900916666666667,-0.01674394641937149
2023-09-25,3.806,3.809,3.782,3.789,700905651,2656946227,-0.0073356038773906285,3.8269999999999995,3.898616666666667,-0.035141329258976284
2023-09-26,3.786,3.797,3.766,3.768,862908481,3257834057,-0.005542359461599422,3.82245,3.8958500000000003,-0.042196237925775426
2023-09-27,3.767,3.805,3.766,3.778,1078053958,4074752971,0.002653927813163648,3.81845,3.8937000000000004,-0.033017660609163
2023-09-28,3.785,3.791,3.756,3.764,1120612353,4221645459,-0.0037056643726840477,3.8146999999999998,3.8917833333333336,-0.029646816189739633
2023-10-09,3.757,3.768,3.713,3.754,875213072,3273783140,-0.002656748140276277,3.8092999999999995,3.8898833333333327,-0.029472595656670042
2023-10-10,3.766,3.778,3.724,3.727,927932376,3475885457,-0.007192328183271202,3.7996500000000006,3.8872666666666666,-0.04042224510813597
2023-10-11,3.745,3.762,3.727,3.735,893498708,3346389864,0.002146498524282281,3.7917500000000004,3.88435,-0.04475703324808189
2023-10-12,3.77,3.785,3.752,3.771,933521569,3516113484,0.009638554216867545,3.78615,3.88235,-0.030840400925212008
2023-10-13,3.75,3.751,3.724,3.736,1135095339,4239502340,-0.009281357730045015,3.7814499999999995,3.878716666666667,-0.05513404147698531
2023-10-16,3.736,3.738,3.682,3.693,1138980584,4217878506,-0.0115096359743041,3.77565,3.8744,-0.06553643724696356
2023-10-17,3.7,3.713,3.687,3.705,888060300,3286594496,0.0032493907392363575,3.76905,3.87075,-0.0558103975535168
2023-10-18,3.699,3.703,3.675,3.677,810270594,2986654336,-0.0075573549257760275,3.7613,3.8667333333333334,-0.061510974987238454
2023-10-19,3.66,3.66,3.595,3.6,1690368777,6128588638,-0.02094098449823223,3.7509500000000005,3.8614666666666664,-0.08069458631256377
2023-10-20,3.583,3.6,3.565,3.582,1740446164,6233727376,-0.0050000000000001155,3.7398499999999997,3.8563666666666667,-0.07870370370370372
2023-10-23,3.568,3.57,3.512,3.544,2710241709,9591980200,-0.010608598548296988,3.7277,3.8506,-0.08894601542416458
2023-10-24,3.553,3.563,3.52,3.549,1535012975,5440874384,0.0014108352144468483,3.71515,3.8451999999999997,-0.08365608055770724
2023-10-25,3.588,3.603,3.567,3.569,1383351568,4957392955,0.005635390250774863,3.7038500000000005,3.8382666666666667,-0.10439146800501875
2023-10-26,3.555,3.586,3.548,3.582,1143609497,4074940755,0.0036424768842813204,3.6941,3.8317,-0.09909456740442657
2023-10-27,3.574,3.649,3.565,3.636,1647662397,5952697550,0.015075376884422287,3.6887999999999996,3.8261,-0.0845921450151057
2023-10-30,3.622,3.663,3.62,3.652,961401373,3503763582,0.004400440044004306,3.6805499999999993,3.819166666666667,-0.10226155358898714
2023-10-31,3.645,3.65,3.622,3.644,839660029,3053046237,-0.0021905805038334725,3.6733000000000002,3.8118333333333334,-0.10773751224289896
2023-11-01,3.68,3.68,3.632,3.642,811983400,2960433483,-0.0005488474204171645,3.6670000000000003,3.8047666666666666,-0.10427939006394493
2023-11-02,3.648,3.669,3.624,3.625,1075381583,3915900772,-0.004667764964305321,3.65935,3.7979,-0.10205598216497402
2023-11-03,3.631,3.668,3.63,3.653,1057822683,3863396873,0.007724137931034436,3.6538000000000004,3.7908999999999997,-0.10311809477043954
2023-11-06,3.675,3.705,3.674,3.701,1176649562,4344615629,0.013139885026006048,3.65115,3.7843500000000003,-0.09599413776257948
2023-11-07,3.692,3.701,3.676,3.69,657529091,2424393951,-0.0029721696838692635,3.6492999999999993,3.778133333333334,-0.09180408565099674
2023-11-08,3.683,3.696,3.658,3.679,1135321220,4175672872,-0.0029810298102981303,3.6464999999999996,3.7719833333333335,-0.0911561264822135
2023-11-09,3.671,3.695,3.669,3.682,818569445,3012831353,0.0008154389779830851,3.64205,3.7660166666666663,-0.08861386138613858
2023-11-10,3.668,3.668,3.643,3.655,784176792,2864208754,-0.007332971211298278,3.6380000000000003,3.759516666666667,-0.09641532756489501
2023-11-13,3.659,3.666,3.63,3.65,674463335,2456900620,-0.001367989056087482,3.63585,3.754516666666667,-0.07594936708860767
2023-11-14,3.654,3.67,3.635,3.65,753317217,2750944509,0.0,3.6330999999999998,3.749966666666667,-0.06958959979607449
2023-11-15,3.68,3.691,3.663,3.675,994063130,3654308894,0.006849315068493178,3.633,3.7459,-0.06226078081143149
2023-11-16,3.67,3.673,3.637,3.639,881556665,3216526669,-0.009795918367346945,3.63495,3.7417333333333334,-0.06428387760349707
2023-11-17,3.63,3.638,3.612,3.634,1198450872,4344183851,-0.0013740038472107585,3.63755,3.7372666666666663,-0.06868272680676579
2023-11-20,3.637,3.657,3.61,3.645,858430360,3119864711,0.0030269675288938647,3.6426000000000003,3.733816666666667,-0.053738317757009324
2023-11-21,3.655,3.686,3.64,3.65,931605485,3414862520,0.00137174211248281,3.64765,3.731316666666667,-0.03947368421052633
2023-11-22,3.641,3.646,3.61,3.611,762202706,2765607794,-0.010684931506849238,3.6497499999999996,3.7277833333333334,-0.05545383206905563
2023-11-23,3.609,3.632,3.595,3.63,774971808,2800813039,0.005261700360011057,3.6521500000000002,3.7254833333333335,-0.03662420382165599
2023-11-24,3.626,3.627,3.598,3.605,743453294,2684275512,-0.00688705234159781,3.6506,3.7223833333333336,-0.0490635716169876
2023-11-27,3.604,3.604,3.557,3.581,776295648,2773819650,-0.006657420249653212,3.64705,3.719,-0.05364693446088786
2023-11-28,3.575,3.59,3.566,3.585,727483741,2603222024,0.0011170064227870036,3.6440999999999995,3.7148,-0.0656763096168882
2023-11-29,3.586,3.589,3.545,3.558,759056998,2702123586,-0.007531380753138084,3.6399,3.709783333333333,-0.07799948173101845
2023-11-30,3.554,3.572,3.547,3.562,667810076,2377329010,0.0011242270938729426,3.63675,3.70485,-0.07672369103162269
2023-12-01,3.561,3.567,3.519,3.548,860468131,3046328676,-0.003930376193149843,3.6315,3.7,-0.0758009898411044
2023-12-04,3.551,3.554,3.523,3.524,692522952,2448340185,-0.006764374295377684,3.62265,3.6943666666666664,-0.08751941998964274
2023-12-05,3.519,3.519,3.457,3.458,1008789571,3519764103,-0.018728717366628733,3.61105,3.686666666666667,-0.11785714285714277
2023-12-06,3.454,3.483,3.444,3.463,1001944865,3471511576,0.0014459224985541308,3.60025,3.6795,-0.11045466221423061
2023-12-07,3.461,3.468,3.431,3.454,934505826,3222732043,-0.0025989026855327557,3.58885,3.67235,-0.11048158640226624
2023-12-08,3.455,3.473,3.45,3.461,709198592,2456531937,0.002026635784597497,3.57915,3.6662000000000003,-0.09634464751958227
2023-12-11,3.44,3.497,3.415,3.485,998247834,3440612626,0.006934412019647507,3.5708999999999995,3.6608000000000005,-0.0850616959831978
2023-12-12,3.476,3.495,3.473,3.493,640724215,2232549949,0.0022955523672882894,3.5630499999999996,3.655066666666667,-0.08965337503257764
2023-12-13,3.482,3.486,3.432,3.435,708815211,2449237490,-0.01660463784712274,3.55105,3.64845,-0.10360125260960329
2023-12-14,3.451,3.465,3.414,3.419,741533123,2548257393,-0.004657933042212514,3.5400499999999995,3.6419833333333336,-0.10191752035723667
2023-12-15,3.43,3.454,3.405,3.412,899976785,3083345817,-0.0020473822755191495,3.5289499999999996,3.63545,-0.10304942166140907
2023-12-18,3.398,3.419,3.38,3.398,847303752,2880805451,-0.004103165298944833,3.5165999999999995,3.6289666666666665,-0.10271983100079218
2023-12-19,3.397,3.414,3.38,3.4,1098536629,3728059629,0.0005885815185402432,3.5040999999999998,3.6223,-0.10526315789473684
2023-12-20,3.404,3.409,3.365,3.369,1034717610,3505163478,-0.009117647058823453,3.492,3.6152,-0.11225296442687738
2023-12-21,3.355,3.411,3.352,3.4,1592448074,5392955427,0.00920154348471347,3.4805,3.6089166666666666,-0.09981466772570824
2023-12-22,3.397,3.43,3.382,3.406,2076526541,7076759645,0.0017647058823531125,3.4705500000000002,3.6033166666666667,-0.08979155531801175
2023-12-25,3.405,3.42,3.401,3.415,1004146545,3425066434,0.002642395772166628,3.46225,3.596616666666667,-0.10531831281110826
2023-12-26,3.413,3.413,3.385,3.395,777169320,2637394901,-0.005856515373352855,3.4527500000000004,3.59005,-0.1039852203747691
2023-12-27,3.396,3.411,3.378,3.405,836172465,2840693989,0.002945508100147265,3.4451,3.584,-0.0963375796178344
2023-12-28,3.401,3.498,3.4,3.489,2383299192,8259924175,0.02466960352422909,3.4414500000000006,3.579183333333333,-0.07649550026469032
2023-12-29,3.488,3.505,3.482,3.499,2518873484,8806298908,0.002866150759530006,3.439,3.5747666666666666,-0.07040382571732196
2024-01-02,3.502,3.502,3.451,3.453,942930578,3269676679,-0.013146613318090972,3.4354500000000003,3.56975,-0.08018114011720834
2024-01-03,3.446,3.46,3.428,3.443,1061750273,3654757871,-0.002896032435563245,3.4347000000000003,3.5650166666666667,-0.07620069761202031
2024-01-04,3.442,3.442,3.387,3.413,1666152481,5674869534,-0.00871333139703756,3.4321999999999995,3.55965,-0.0862115127175368
2024-01-05,3.404,3.439,3.377,3.396,1699669666,5796964474,-0.004980955171403401,3.4293,3.5534000000000003,-0.09944311853619725
2024-01-08,3.389,3.403,3.346,3.349,1730424386,5816612453,-0.013839811542991631,3.4237,3.54695,-0.10358672376873657
2024-01-09,3.351,3.371,3.339,3.357,1131217813,3794394933,0.0023887727679905435,3.4173,3.54135,-0.09098294069861901
2024-01-10,3.35,3.381,3.332,3.341,958254057,3211385597,-0.00476616026213883,3.4097,3.535283333333333,-0.09824561403508769
2024-01-11,3.341,3.38,3.334,3.36,1266237158,4254642486,0.005686920083807223,3.40595,3.5300000000000002,-0.08621158553168351
2024-01-12,3.351,3.377,3.346,3.349,841327273,2826380699,-0.003273809523809401,3.4024499999999995,3.5258166666666666,-0.06972222222222224
2024-01-15,3.33,3.375,3.324,3.345,905570620,3030920178,-0.0011943863839952717,3.3991,3.5218666666666665,-0.06616415410385246
2024-01-16,3.34,3.368,3.326,3.367,1768952352,5925099758,0.006576980568011814,3.3975500000000003,3.5189166666666667,-0.049943566591422184
2024-01-17,3.357,3.357,3.29,3.292,1286215182,4278633103,-0.022275022275022316,3.39215,3.5146333333333333,-0.07241476472245711
2024-01-18,3.218,3.275,3.166,3.268,4754351134,15257021704,-0.007290400972053468,3.3871,3.5096166666666666,-0.08433734939759041
2024-01-19,3.249,3.285,3.242,3.275,3694452124,12079016731,0.0021419828641371375,3.3808499999999997,3.5044999999999997,-0.08570630932439971
2024-01-22,3.265,3.275,3.193,3.206,4647056467,15113081733,-0.02106870229007629,3.37085,3.497333333333333,-0.11826182618261827
2024-01-23,3.199,3.247,3.186,3.228,1392480372,4481443569,0.006862133499688117,3.3614999999999995,3.4902666666666664,-0.11610076670317637
2024-01-24,3.239,3.28,3.188,3.279,2278936853,7373901841,0.01579925650557601,3.3557,3.484183333333333,-0.1001646542261252
2024-01-25,3.27,3.34,3.261,3.335,1648701409,5449682868,0.01707837755413233,3.3522,3.4790666666666668,-0.08429434376716094
2024-01-26,3.328,3.35,3.312,3.329,2183305124,7273329362,-0.0017991004497750485,3.3442,3.4741333333333335,-0.08165517241379305
2024-01-29,3.331,3.345,3.298,3.299,1011393030,3358335864,-0.009011715229798822,3.3342,3.4682333333333335,-0.09690665206679439
2024-01-30,3.281,3.298,3.241,3.243,1889262338,6186331951,-0.01697484086086698,3.3237,3.4606,-0.12375033774655508
2024-01-31,3.233,3.249,3.197,3.222,1909099700,6157214385,-0.006475485661424529,3.31265,3.4527999999999994,-0.12682926829268293
2024-02-01,3.2,3.248,3.19,3.218,1890997581,6091552415,-0.0012414649286157653,3.3029,3.4451166666666664,-0.12530578961674366
2024-02-02,3.218,3.232,3.102,3.188,2538694215,8074716502,-0.009322560596643825,3.2924999999999995,3.4368833333333333,-0.13416621401412265
2024-02-05,3.158,3.234,3.111,3.208,2660178739,8439536816,0.006273525721455453,3.28545,3.4294333333333333,-0.12229822161422699
2024-02-06,3.185,3.314,3.182,3.311,2008918168,6562526022,0.032107231920199375,3.28315,3.423783333333333,-0.09287671232876715
2024-02-07,3.31,3.342,3.287,3.34,3465814670,11514587248,0.008758683177287896,3.2830999999999997,3.4186166666666664,-0.08493150684931505
2024-02-08,3.352,3.366,3.333,3.362,2394261979,8019665628,0.006586826347305452,3.2832,3.4134,-0.08517006802721083
2024-02-19,3.374,3.392,3.355,3.389,1486187642,5016056179,0.00803093396787613,3.2852000000000006,3.4092333333333333,-0.06870019236053859
2024-02-20,3.383,3.405,3.372,3.401,980166818,3322077448,0.0035408675125405686,3.2880000000000003,3.40535,-0.06411667583929559
2024-02-21,3.388,3.496,3.382,3.449,1600958050,5528334980,0.01411349603057932,3.2921,3.402083333333333,-0.05377229080932788
2024-02-22,3.447,3.477,3.441,3.475,944635129,3270537309,0.00753841693244417,3.3012500000000005,3.3991666666666664,-0.047945205479452024
2024-02-23,3.475,3.497,3.464,3.478,1090877384,3794512188,0.0008633093525181046,3.31175,3.39695,-0.03683190252007751
2024-02-26,3.476,3.482,3.437,3.443,1117236848,3865703825,-0.010063254744105854,3.3201499999999995,3.3938333333333333,-0.051515151515151514
2024-02-27,3.435,3.486,3.433,3.484,1046884914,3620336718,0.011908219575951229,3.33405,3.3918166666666663,-0.033564493758668545
2024-02-28,3.487,3.514,3.446,3.448,2854997884,9926190298,-0.010332950631458115,3.3450499999999996,3.3896,-0.037140463557665426
2024-02-29,3.44,3.507,3.437,3.503,1483585030,5163736038,0.01595127610208813,3.35625,3.388233333333333,-0.022873082287308222
2024-03-01,3.501,3.54,3.495,3.53,1225639313,4311480716,0.007707679132172407,3.3660000000000005,3.3877666666666664,-0.00786958965711071
2024-03-04,3.526,3.537,3.508,3.527,1014654993,3576642516,-0.0008498583569404028,3.3759,3.387183333333333,-0.009825940482874662
2024-03-05,3.515,3.566,3.508,3.556,2799101870,9924986737,0.008222285228239201,3.3887499999999995,3.387316666666666,0.0022547914317925244
2024-03-06,3.551,3.572,3.538,3.542,1299527425,4612496593,-0.003937007874015852,3.4036999999999997,3.3876166666666667,0.005107832009080493
2024-03-07,3.541,3.56,3.515,3.523,1058948004,3740550493,-0.005364201016374803,3.41875,3.3886999999999996,0.018796992481203034
2024-03-08,3.525,3.54,3.504,3.533,862187698,3038389403,0.0028384899233606653,3.4345,3.389866666666667,0.020213687554143656
2024-03-11,3.531,3.584,3.53,3.581,1120761515,3980306236,0.013586187376167569,3.45415,3.3919833333333336,0.03676896352055592
2024-03-12,3.583,3.599,3.568,3.586,1105839572,3962320648,0.0013962580284836434,3.4730499999999997,3.394066666666667,0.03611672926899745
2024-03-13,3.585,3.585,3.555,3.565,685870558,2448621615,-0.005856107083100914,3.4857499999999995,3.3954,0.022955523672883782
2024-03-14,3.56,3.587,3.535,3.552,701881148,2499760281,-0.003646563814866721,3.4963500000000005,3.396383333333333,0.016890924706556065
2024-03-15,3.542,3.566,3.522,3.561,849023790,3005272035,0.0025337837837837718,3.5062999999999995,3.398483333333333,0.03668122270742358
2024-03-18,3.561,3.593,3.561,3.592,787332932,2817049387,0.00870541982589157,3.51645,3.4013666666666666,0.05059959052354501
2024-03-19,3.586,3.6,3.565,3.569,654875208,2344663833,-0.006403118040089084,3.52485,3.4039833333333336,0.046014067995310715
2024-03-20,3.561,3.582,3.558,3.572,537962049,1920793104,0.0008405715886803389,3.531,3.4068833333333335,0.0512065921130076
2024-03-21,3.58,3.594,3.565,3.57,619733207,2218906080,-0.0005599104143337863,3.53575,3.4097166666666667,0.050000000000000044
2024-03-22,3.567,3.568,3.512,3.539,1450637754,5127448694,-0.008683473389355711,3.5387999999999997,3.41255,0.05046007717423562
2024-03-25,3.53,3.555,3.517,3.52,630542664,2227919111,-0.005368748233964382,3.5426500000000005,3.4145499999999998,0.03529411764705892
2024-03-26,3.52,3.538,3.512,3.531,879103283,3098650769,0.0031250000000000444,3.5449999999999995,3.416633333333333,0.036699941280093906
2024-03-27,3.526,3.532,3.492,3.493,874647452,3074186800,-0.010761823845936047,3.5472500000000005,3.417933333333333,0.02284040995607617
2024-03-28,3.491,3.544,3.481,3.51,1031925094,3626832966,0.004866876610363446,3.5476,3.4198499999999994,0.03387334315169355
2024-03-29,3.507,3.53,3.505,3.526,651195899,2290152714,0.004558404558404616,3.5474000000000006,3.421866666666667,0.03553597650513951
2024-04-01,3.54,3.594,3.539,3.584,1093262535,3911633845,0.016449234259784618,3.5502499999999997,3.4234500000000003,0.027228432215534504
2024-04-02,3.583,3.587,3.561,3.572,583191382,2083908476,-0.0033482142857143016,3.55105,3.424666666666667,0.02086310374392686
2024-04-03,3.57,3.572,3.548,3.558,598346410,2129802753,-0.00391937290033606,3.5518500000000004,3.426416666666667,0.03040834057341435
2024-04-08,3.55,3.556,3.524,3.529,709948668,2511699150,-0.008150646430578945,3.55215,3.42785,0.024978216671507347
2024-04-09,3.527,3.534,3.512,3.523,534537135,1882130476,-0.0017001983564748357,3.55165,3.4296833333333328,0.03222970993261076
2024-04-10,3.524,3.524,3.48,3.497,681671142,2385834189,-0.0073800738007381295,3.54745,3.431366666666667,0.029740871613663122
2024-04-11,3.481,3.513,3.475,3.494,539115871,1884073688,-0.0008578781812981218,3.54285,3.4337833333333334,0.04329650641982674
2024-04-12,3.494,3.505,3.457,3.466,740512912,2575786145,-0.00801373783629078,3.5379000000000005,3.4356000000000004,0.032469466785820744
2024-04-15,3.466,3.545,3.464,3.539,1099953730,3869936517,0.021061742642815906,3.5372500000000002,3.4389,0.05926369350493865
2024-04-16,3.524,3.535,3.491,3.507,913229847,3210005558,-0.009042102288782106,3.5345500000000003,3.44135,0.04375000000000018
2024-04-17,3.507,3.557,3.491,3.553,996466434,3514407052,0.013116623895066848,3.5326,3.44475,0.060913705583756306
2024-04-18,3.544,3.594,3.541,3.559,930219267,3319194193,0.0016887137630172688,3.5321000000000007,3.4483166666666665,0.06397608370702534
2024-04-19,3.545,3.554,3.518,3.531,644275741,2277856492,-0.007867378477100284,3.53005,3.4510500000000004,0.04870804870804868
2024-04-22,3.53,3.552,3.518,3.524,725182362,2562064527,-0.0019824412347777542,3.5277499999999997,3.454916666666667,0.07047387606318356
2024-04-23,3.524,3.53,3.493,3.499,942847430,3302843911,-0.007094211123722993,3.52575,3.458766666666667,0.07068543451652398
2024-04-24,3.505,3.517,3.489,3.513,594231908,2081789894,0.004001143183766764,3.5254,3.4627333333333334,0.0726717557251908
2024-04-25,3.503,3.537,3.495,3.523,664755214,2337486533,0.002846569883290684,3.525,3.4680166666666663,0.09887710542732386
2024-04-26,3.524,3.581,3.524,3.573,1374313959,4889467155,0.01419244961680377,3.529,3.473766666666667,0.10687732342007417
2024-04-29,3.577,3.638,3.572,3.616,1530322426,5523568416,0.012034704729918966,3.5343000000000004,3.4793833333333333,0.10277523635254648
2024-04-30,3.615,3.624,3.596,3.598,823109014,2971763282,-0.004977876106194712,3.5378999999999996,3.483766666666667,0.07886056971514233
2024-05-06,3.64,3.664,3.635,3.648,1309061067,4778963455,0.0138966092273487,3.5411,3.4890833333333333,0.09582457194352667
2024-05-07,3.645,3.656,3.637,3.65,686018359,2503006857,0.0005482456140351033,3.5450000000000004,3.4949333333333334,0.10639587753864799
2024-05-08,3.643,3.644,3.618,3.621,638775858,2318202807,-0.007945205479451989,3.5481499999999997,3.501233333333333,0.11655874190564286
2024-05-09,3.62,3.662,3.619,3.656,650202324,2372500248,0.009665838166252438,3.5545,3.5084666666666666,0.1346989447548108
2024-05-10,3.663,3.67,3.631,3.658,865095400,3157134930,0.000547045951859948,3.5612500000000002,3.5158,0.13673088875077677
2024-05-13,3.637,3.666,3.619,3.655,741159442,2701728525,-0.0008201202843084454,3.5691500000000005,3.5235833333333337,0.1464868255959848
2024-05-14,3.655,3.67,3.638,3.649,587666800,2144402883,-0.0016415868673049783,3.5768999999999997,3.530933333333333,0.13746882793017456
2024-05-15,3.647,3.651,3.617,3.623,855946284,3109209781,-0.0071252397917237476,3.5847499999999997,3.5361333333333334,0.09423135004530359
2024-05-16,3.63,3.651,3.621,3.635,1051197527,3822598483,0.003312172232956101,3.58955,3.54105,0.08832335329341312
2024-05-17,3.635,3.679,3.623,3.676,932046931,3401620100,0.011279229711141703,3.5980000000000003,3.5462833333333337,0.09339678762641279
2024-05-20,3.682,3.7,3.67,3.684,936535896,3450627455,0.0021762785636560977,3.6045500000000006,3.5512,0.0870463263499559
2024-05-21,3.679,3.683,3.66,3.672,496983882,1824951018,-0.0032573289902280145,3.6102,3.555716666666667,0.07968244633931199
2024-05-22,3.67,3.689,3.663,3.68,676684556,2488949571,0.002178649237472685,3.6176500000000003,3.559566666666667,0.06697593505363875
2024-05-23,3.671,3.674,3.631,3.643,698806053,2548466424,-0.010054347826087051,3.6236000000000006,3.562366666666667,0.048345323741007196
2024-05-24,3.632,3.65,3.598,3.602,841274200,3048259226,-0.01125446060938784,3.62875,3.564433333333333,0.035652673950546276
2024-05-27,3.605,3.634,3.601,3.632,669622487,2421614804,0.008328706274292053,3.6347,3.5675833333333333,0.05489398780133614
2024-05-28,3.631,3.633,3.602,3.609,531753198,1923959394,-0.006332599118942794,3.6390000000000002,3.569666666666667,0.035878300803674046
2024-05-29,3.608,3.633,3.601,3.61,615245082,2225724205,0.0002770850651150347,3.6408499999999995,3.5723666666666665,0.04698375870069604
2024-05-30,3.603,3.625,3.588,3.596,777925303,2801007806,-0.0038781163434902233,3.63985,3.573916666666667,0.026548672566371723
2024-05-31,3.602,3.616,3.58,3.582,723218340,2602439724,-0.0038932146829812053,3.63905,3.574783333333334,0.014730878186968832
2024-06-03,3.58,3.599,3.565,3.587,707511590,2533469501,0.0013958682300392322,3.636,3.5757833333333333,0.017011624610150378
2024-06-04,3.585,3.624,3.579,3.612,681737902,2455442420,0.006969612489545529,3.6341,3.576716666666667,0.015748031496062964
2024-06-05,3.613,3.622,3.597,3.599,583939433,2108415409,-0.003599114064230302,3.633,3.5776666666666666,0.016092603049124854
2024-06-06,3.606,3.63,3.585,3.599,1026699323,3703349866,0.0,3.6301499999999995,3.5789333333333335,0.0215725234175419
2024-06-07,3.602,3.61,3.555,3.576,1028127109,3679748332,-0.006390664073353758,3.62605,3.57965,0.012170959524483438
2024-06-11,3.567,3.569,3.533,3.551,879916985,3120655858,-0.006991051454138697,3.62085,3.5791500000000003,-0.008377548170901972
2024-06-12,3.544,3.556,3.536,3.547,569835311,2021361645,-0.0011264432554209947,3.6157500000000007,3.5785,-0.010875627440044555
2024-06-13,3.555,3.558,3.525,3.534,548803711,1942881857,-0.0036650690724556734,3.6113,3.5779833333333335,-0.008695652173913104
2024-06-14,3.527,3.558,3.517,3.554,674103954,2384388229,0.005659309564233217,3.6072499999999996,3.578016666666667,0.0005630630630630851
2024-06-17,3.537,3.553,3.532,3.544,393017195,1393127820,-0.002813731007315634,3.6006499999999995,3.577733333333333,-0.0047739399045211295
2024-06-18,3.549,3.565,3.543,3.555,549035200,1951607303,0.003103837471783333,3.5942,3.577116666666667,-0.01030066815144759
2024-06-19,3.557,3.561,3.54,3.545,530859528,1883345443,-0.002812939521800395,3.5878500000000004,3.576716666666667,-0.006724572709442378
2024-06-20,3.543,3.551,3.516,3.522,554655780,1957492953,-0.006488011283497963,3.5799499999999993,3.575883333333333,-0.01399776035834277
2024-06-21,3.517,3.525,3.493,3.516,1965867737,6909858710,-0.0017035775127767216,3.5736,3.5749833333333334,-0.015126050420168013
2024-06-24,3.502,3.526,3.493,3.499,2087545529,7315197212,-0.004835039817974951,3.56845,3.574316666666667,-0.011302627860977688
2024-06-25,3.495,3.504,3.459,3.478,1738458468,6057065481,-0.0060017147756501465,3.56075,3.5736166666666667,-0.011931818181818099
2024-06-26,3.47,3.507,3.464,3.499,1045489522,3639499501,0.006037952846463357,3.55525,3.5730833333333334,-0.00906258850184083
2024-06-27,3.49,3.496,3.474,3.48,1433704942,4995169625,-0.005430122892254974,3.5487500000000005,3.572866666666667,-0.0037217291726309165
2024-06-28,3.474,3.511,3.473,3.487,1275543418,4457663634,0.0020114942528735025,3.5433,3.5724833333333335,-0.006552706552706455
2024-07-01,3.487,3.507,3.467,3.501,853604020,2977313191,0.0040149125322626045,3.53925,3.5720666666666667,-0.007090187180941565
2024-07-02,3.494,3.511,3.489,3.496,599204907,2097312039,-0.00142816338189089,3.5347,3.5705999999999998,-0.024553571428571397
2024-07-03,3.494,3.503,3.48,3.49,791424029,2761083445,-0.0017162471395880674,3.5286,3.5692333333333335,-0.022956326987681908
2024-07-04,3.493,3.509,3.473,3.475,1559923712,5436186195,-0.004297994269340966,3.5224,3.56785,-0.023327712197863892
2024-07-05,3.47,3.478,3.428,3.458,1636384501,5643439643,-0.004892086330935186,3.51535,3.566666666666667,-0.020119013884953185
2024-07-08,3.451,3.458,3.426,3.434,942625516,3240708452,-0.006940427993059606,3.5082499999999994,3.565183333333333,-0.025262560317910854
2024-07-09,3.429,3.484,3.418,3.471,1068895639,3689270214,0.010774606872451908,3.5042500000000003,3.5647499999999996,-0.0074349442379181285
2024-07-10,3.464,3.482,3.46,3.463,579282100,2010659819,-0.002304811293575293,3.5000499999999994,3.564233333333333,-0.00887235260446484
2024-07-11,3.49,3.519,3.477,3.509,1052437774,3685787239,0.013283280392722974,3.4988,3.56495,0.012406231967686088
2024-07-12,3.511,3.524,3.505,3.519,872369380,3066853429,0.0028498147620406034,3.49705,3.5646166666666668,-0.005651313930488788
2024-07-15,3.511,3.531,3.508,3.526,1255008224,4423002980,0.001989201477692326,3.49615,3.5649333333333333,0.005417735956658065
2024-07-16,3.52,3.555,3.517,3.551,1612508698,5710212236,0.007090187180941676,3.4959499999999997,3.5649,-0.0005629045876722749
2024-07-17,3.549,3.57,3.54,3.556,2256564400,8028962162,0.0014080540692762433,3.4964999999999997,3.56485,-0.0008429334082608042
2024-07-18,3.541,3.579,3.532,3.577,1961181500,6976289739,0.0059055118110236116,3.49925,3.565616666666666,0.013027470971396227
2024-07-19,3.565,3.606,3.552,3.6,3169662602,11368072270,0.006429969247973233,3.50345,3.5668833333333336,0.02156640181611813
2024-07-22,3.595,3.598,3.551,3.571,1716307285,6131911990,-0.008055555555555483,3.5070500000000004,3.5680833333333335,0.020577307802229328
2024-07-23,3.566,3.571,3.498,3.501,919533700,3244779189,-0.019602352282273916,3.5082,3.5678833333333335,-0.0034158838599487318
2024-07-24,3.495,3.509,3.466,3.479,1491083494,5196094516,-0.006283918880319872,3.5072,3.56715,-0.012489355662787416
2024-07-25,3.464,3.476,3.441,3.459,2045552535,7073298526,-0.005748778384593312,3.5061500000000003,3.56525,-0.031905961376994085
2024-07-26,3.46,3.483,3.452,3.474,1357970329,4708501591,0.004336513443191636,3.5055,3.562883333333333,-0.039269911504424715
2024-07-29,3.47,3.472,3.453,3.454,594937600,2058113230,-0.005757052389176787,3.50315,3.560483333333333,-0.040022234574763726
2024-07-30,3.446,3.446,3.417,3.431,1525086114,5228653801,-0.006658946149391998,3.4999000000000002,3.5568666666666666,-0.05948464912280704
2024-07-31,3.431,3.51,3.427,3.508,1538908320,5353003146,0.02244243660740297,3.5007999999999995,3.5544999999999995,-0.038904109589041114
2024-08-01,3.502,3.515,3.481,3.483,796540400,2783731528,-0.007126567844925824,3.5012,3.5522,-0.03811101905550951
2024-08-02,3.46,3.483,3.441,3.447,1299773300,4492045041,-0.01033591731266148,3.5006500000000003,3.5487166666666665,-0.05716630196936545
2024-08-05,3.431,3.474,3.407,3.408,2018310938,6920794410,-0.011314186248912117,3.4993500000000006,3.54455,-0.06834335702569705
2024-08-06,3.428,3.438,3.381,3.408,1293627530,4403870273,0.0,3.4962000000000004,3.540433333333333,-0.06757865937072505
2024-08-07,3.401,3.425,3.391,3.401,612543796,2088374404,-0.0020539906103286265,3.4931000000000005,3.5363,-0.06796382570567283
2024-08-08,3.396,3.429,3.383,3.405,854107231,2910131505,0.0011761246692150173,3.4879000000000007,3.5326666666666666,-0.0601711288987028
2024-08-09,3.416,3.43,3.392,3.393,604053582,2060032809,-0.0035242290748899174,3.4816000000000003,3.5286333333333335,-0.06657496561210452
2024-08-12,3.391,3.402,3.383,3.389,510219975,1730501718,-0.0011788977306218529,3.4747500000000002,3.52385,-0.0780739934711644
2024-08-13,3.391,3.398,3.372,3.394,695806300,2355493509,0.0014753614635587553,3.4669000000000003,3.5190166666666665,-0.07871878393051035
2024-08-14,3.395,3.395,3.369,3.37,561099800,1895836817,-0.00707130229817321,3.4576000000000002,3.5139833333333335,-0.08224400871459692
2024-08-15,3.365,3.423,3.361,3.408,1904638108,6477429750,0.011275964391691318,3.4491500000000004,3.5094499999999997,-0.07391304347826089
2024-08-16,3.404,3.422,3.398,3.41,1640761708,5598868064,0.0005868544600939885,3.4396499999999994,3.5055666666666663,-0.06395827614603344
2024-08-19,3.409,3.444,3.407,3.419,747825318,2564014063,0.0026392961876833265,3.4320500000000003,3.5025166666666667,-0.05080510827318152
2024-08-20,3.424,3.426,3.388,3.403,1594474848,5419638977,-0.004679730915472358,3.4271499999999997,3.4987,-0.06305066079295152
2024-08-21,3.391,3.406,3.374,3.388,1055369805,3580301585,-0.004407875404055295,3.4226,3.4950166666666664,-0.061235799390412904
2024-08-22,3.39,3.395,3.371,3.379,1250479415,4229630780,-0.002656434474616276,3.4186,3.491166666666667,-0.06398891966759002
2024-08-23,3.371,3.405,3.371,3.393,820342800,2781431192,0.004143237644273379,3.4145499999999998,3.4877833333333332,-0.05645161290322587
2024-08-26,3.395,3.407,3.378,3.394,1400679914,4747763549,0.0002947244326556575,3.4115499999999996,3.4846500000000002,-0.052484645449469514
2024-08-27,3.387,3.39,3.367,3.377,1214220097,4098131754,-0.005008839127872866,3.4088499999999997,3.48115,-0.05854474491218298
2024-08-28,3.37,3.377,3.345,3.357,1995580276,6698906857,-0.005922416345868986,3.4013,3.4769,-0.07059800664451821
2024-08-29,3.349,3.362,3.34,3.347,1508247743,5052924865,-0.0029788501638368103,3.3945,3.4727000000000006,-0.07001944984717978
2024-08-30,3.342,3.423,3.342,3.392,1785899811,6055678708,0.013444876008365636,3.3917499999999996,3.46925,-0.05751597666018349
2024-09-02,3.381,3.383,3.33,3.332,1133306500,3798026307,-0.017688679245283057,3.38795,3.4651833333333335,-0.06823266219239377
2024-09-03,3.33,3.352,3.328,3.344,1293552308,4323110376,0.0036014405762305746,3.3847499999999995,3.4617333333333336,-0.05829343846803725
2024-09-04,3.331,3.343,3.321,3.323,680305800,2264442533,-0.006279904306220052,3.3808499999999997,3.4579999999999997,-0.06315195940231189
2024-09-05,3.326,3.34,3.32,3.33,1600555757,5326213535,0.002106530243755733,3.3771,3.4546,-0.05772495755517815
2024-09-06,3.335,3.345,3.3,3.302,793315700,2635539673,-0.008408408408408397,3.3725499999999995,3.4504,-0.07090602138435564
2024-09-09,3.292,3.296,3.25,3.261,1018897104,3333497562,-0.012416717141126576,3.3661499999999998,3.4456833333333337,-0.07985327313769752
2024-09-10,3.263,3.275,3.239,3.261,866655438,2821540043,0.0,3.3594999999999997,3.4407833333333335,-0.0827004219409283
2024-09-11,3.253,3.267,3.241,3.254,780890193,2540394225,-0.00214658080343455,3.3537,3.435933333333333,-0.0820874471086036
2024-09-12,3.259,3.272,3.241,3.243,642379317,2090444738,-0.0033804548248310695,3.3454500000000005,3.4312833333333335,-0.07921635434412266
2024-09-13,3.245,3.257,3.227,3.228,850468092,2758508174,-0.0046253469010174575,3.3363500000000004,3.426483333333333,-0.08191126279863481
2024-09-18,3.227,3.251,3.215,3.238,1225439069,3961249915,0.0030978934324659146,3.3273,3.4221333333333335,-0.07459274078308087
2024-09-19,3.243,3.286,3.216,3.265,1634887021,5332278336,0.008338480543545357,3.3204000000000002,3.4185833333333333,-0.06124209315698681
2024-09-20,3.258,3.279,3.239,3.274,2306561983,7514201387,0.0027565084226646164,3.3146999999999998,3.4148333333333336,-0.06430408688196632
2024-09-23,3.269,3.3,3.263,3.283,897316534,2948484470,0.002748930971288921,3.3099000000000003,3.4115499999999996,-0.05660919540229892
2024-09-24,3.314,3.429,3.293,3.427,3918516217,13212614699,0.04386232104782217,3.3116,3.41055,-0.017206767995411543
2024-09-25,3.489,3.544,3.467,3.474,3237346937,11342949010,0.013714619200466904,3.3156,3.4101,-0.007712082262210762
2024-09-26,3.468,3.643,3.467,3.64,4442962141,15792061339,0.04778353483016695,3.3287500000000003,3.4125,0.041189931350114506
2024-09-27,3.7,3.933,3.67,3.869,2559461161,9610052344,0.06291208791208791,3.35435,3.4188166666666664,0.10859598853868202
2024-09-30,4.007,4.24,3.876,4.233,6370234083,25799279642,0.0940811579219436,3.39865,3.43145,0.2181294964028775
2024-10-08,4.656,4.656,4.208,4.412,8629822438,38303717305,0.042286794235766756,3.4496500000000005,3.44735,0.27588201272411794
2024-10-09,4.285,4.285,4.005,4.022,5409196572,22450547643,-0.08839528558476872,3.4841499999999996,3.45715,0.17122888759464172
2024-10-10,4.07,4.185,3.999,4.086,3779000075,15473060494,0.015912481352560848,3.5212499999999998,3.4674,0.17718236819360422
2024-10-11,4.057,4.06,3.923,3.977,4090077741,16347430929,-0.026676456191874753,3.5539500000000004,3.475966666666667,0.14842622004042738
2024-10-14,3.987,4.06,3.946,4.04,3104931745,12444027076,0.01584108624591396,3.5894500000000003,3.4848166666666667,0.1513251638643489
2024-10-15,4.014,4.046,3.927,3.931,2613870743,10426846503,-0.026980198019802004,3.6209000000000002,3.4916833333333335,0.11707871554418858
2024-10-16,3.891,3.96,3.882,3.906,2161119628,8450464021,-0.0063597049096921765,3.65315,3.4980166666666666,0.1077708451503121
2024-10-17,3.93,3.96,3.862,3.863,2935435621,11450617810,-0.011008704557091686,3.6832499999999997,3.5032166666666664,0.0878625739228387
2024-10-18,3.858,4.118,3.846,4.016,3620917893,14349439594,0.03960652342738813,3.72135,3.5108833333333336,0.12935883014623162
2024-10-21,4.017,4.06,3.98,4.016,2529336395,10167737315,0.0,3.7600000000000002,3.5182,0.12272854347218343
2024-10-22,4.002,4.046,4.001,4.04,1666924499,6711416525,0.005976095617529875,3.8006,3.525533333333333,0.12222222222222223
2024-10-23,4.04,4.097,4.021,4.055,2266629209,9196021921,0.003712871287128605,3.8414500000000005,3.5336,0.13553626435172217
2024-10-24,4.038,4.042,3.993,4.011,1598248721,6418011399,-0.01085080147965467,3.87875,3.5420999999999996,0.1456726649528708
2024-10-25,4.012,4.078,4.003,4.04,1685265820,6801807389,0.0072301171777611195,3.9170500000000006,3.5514500000000004,0.1612532336878414
2024-10-28,4.035,4.047,4.0,4.046,1396308141,5622580497,0.0014851485148514865,3.9552,3.5612333333333335,0.169702226076901
2024-10-29,4.05,4.079,4.003,4.013,1794628159,7237339621,-0.008156203657933903,3.9844999999999997,3.570216666666667,0.15515256188831317
2024-10-30,4.001,4.011,3.945,3.971,1812859109,7210707530,-0.010465985546972312,4.00935,3.5788333333333338,0.14968152866242024
2024-10-31,3.969,4.007,3.938,3.971,1763649256,7004839523,0.0,4.0259,3.587833333333333,0.15738851646750218
2024-11-01,3.964,4.018,3.961,3.979,1817756019,7259471612,0.0020146058927221766,4.0314,3.5956833333333336,0.13426453819840378
2024-11-04,3.982,4.034,3.971,4.032,1249314386,4997179234,0.01331992963056039,4.02135,3.6048333333333336,0.15762273901808777
2024-11-05,4.024,4.139,4.01,4.137,2763014444,11308231751,0.02604166666666652,4.0076,3.616333333333334,0.20017406440382923
2024-11-06,4.137,4.18,4.085,4.111,2173424760,8976072158,-0.006284747401498647,4.01205,3.62805,0.20627934272300474
2024-11-07,4.08,4.25,4.076,4.248,2788718924,11598082835,0.03332522500608137,4.02015,3.64205,0.24647887323943674
2024-11-08,4.282,4.29,4.178,4.194,2808023160,11867165449,-0.012711864406779738,4.031000000000001,3.655266666666667,0.2331667156718613
2024-11-11,4.152,4.219,4.13,4.215,2304365136,9617369865,0.005007153075822668,4.03975,3.668766666666666,0.23788546255506615
2024-11-12,4.21,4.268,4.145,4.169,2304166776,9698713979,-0.010913404507710611,4.05165,3.6816999999999998,0.22870615974064235
2024-11-13,4.15,4.206,4.146,4.195,1572794347,6569000903,0.006236507555768878,4.0661000000000005,3.695133333333333,0.23782826792564205
2024-11-14,4.188,4.203,4.117,4.124,1443885260,6015521584,-0.016924910607866606,4.07915,3.7072999999999996,0.21508544490276948
2024-11-15,4.114,4.134,4.05,4.055,1676993542,6875318302,-0.01673132880698347,4.0811,3.7187166666666664,0.20326409495548958
2024-11-18,4.071,4.118,4.013,4.038,1610092584,6552723785,-0.004192355117139224,4.082199999999999,3.729216666666667,0.1848591549295775
2024-11-19,4.04,4.061,3.981,4.058,1670544920,6731130787,0.004952947003467045,4.0831,3.740016666666667,0.1900293255131964
2024-11-20,4.046,4.085,4.038,4.068,1548530434,6285302021,0.002464268112370549,4.08375,3.7508333333333335,0.1898215852588474
2024-11-21,4.06,4.082,4.048,4.073,1045470681,4249179703,0.0012291052114061785,4.08685,3.762,0.19688510138113435
2024-11-22,4.071,4.074,3.946,3.953,1757191250,7058103342,-0.029462312791554313,4.0825,3.7714166666666666,0.1667650531286895
2024-11-25,3.955,3.972,3.894,3.931,1359085769,5349569691,-0.0055653933721223625,4.07675,3.7806166666666665,0.16336194140278182
2024-11-26,3.914,3.956,3.913,3.923,784707886,3086739740,-0.0020351055711015364,4.0722499999999995,3.7894500000000004,0.15620394930739767
2024-11-27,3.916,3.992,3.901,3.987,1451987366,5739351636,0.016314045373438724,4.07305,3.7993333333333337,0.17472009428403057
2024-11-28,3.984,3.989,3.948,3.958,1072407289,4256335685,-0.007273639327815329,4.0724,3.8090166666666665,0.17204619484749784
2024-11-29,3.96,4.047,3.957,4.001,1529771604,6126864756,0.010864072764022348,4.0735,3.81975,0.1918379505510872
2024-12-02,3.997,4.043,3.987,4.031,981634781,3948066718,0.007498125468632599,4.073449999999999,3.83115,0.20436211532715864
2024-12-03,4.03,4.052,4.005,4.035,1524423707,6140454912,0.0009923096005954868,4.06835,3.8418666666666668,0.18956367924528306
2024-12-04,4.03,4.041,4.003,4.014,1006947918,4047901833,-0.005204460966542701,4.0635,3.8532333333333337,0.20468187274909977
2024-12-05,4.006,4.022,3.994,4.007,759522918,3042872203,-0.0017438963627305348,4.05145,3.8642833333333333,0.1982655502392343
2024-12-06,4.007,4.085,4.006,4.057,1776229382,7198784380,0.012478163214375115,4.0446,3.876516666666667,0.22088474270237746
2024-12-09,4.054,4.08,4.03,4.054,1246418685,5050072365,-0.0007394626571358698,4.03655,3.8885833333333335,0.2174174174174175
2024-12-10,4.179,4.198,4.073,4.085,2482795311,10257484391,0.00764676862358149,4.032349999999999,3.9016333333333333,0.23712901271956377
2024-12-11,4.078,4.094,4.065,4.075,1258715973,5136178221,-0.00244798041615657,4.02635,3.9152,0.2496166819993868
2024-12-12,4.077,4.122,4.066,4.117,1360180433,5577925837,0.010306748466257565,4.026,3.929466666666667,0.2624961668199939
2024-12-13,4.092,4.092,4.012,4.02,2346569729,9490500688,-0.02356084527568625,4.02425,3.9422333333333337,0.23540258143822967
2024-12-16,4.018,4.021,3.986,3.996,989323074,3956401792,-0.005970149253731294,4.02215,3.954783333333333,0.2321924144310823
2024-12-17,3.993,4.043,3.991,4.007,1364669228,5482919074,0.002752752752752663,4.0196,3.967766666666667,0.24132589838909513
2024-12-18,4.02,4.039,4.015,4.024,1023609617,4121893615,0.004242575492887424,4.0174,3.9808666666666666,0.24274243360098824
2024-12-19,4.0,4.038,3.981,4.03,990362211,3977931242,0.0014910536779324524,4.01525,3.9936166666666666,0.23430321592649306
2024-12-20,4.024,4.045,4.012,4.018,1223061986,4921231692,-0.0029776674937966874,4.0185,4.006016666666667,0.22724496029321917
2024-12-23,4.017,4.053,4.015,4.022,1424702200,5749434770,0.0009955201592832807,4.02305,4.0183333333333335,0.2250989948218094
2024-12-24,4.024,4.076,4.022,4.069,1456343427,5907574012,0.011685728493286751,4.03035,4.0290333333333335,0.18733586227020704
2024-12-25,4.072,4.094,4.054,4.072,1418137500,5775975676,0.0007372818874415987,4.034599999999999,4.039,0.17213586643638457
2024-12-26,4.072,4.079,4.056,4.073,947023402,3855435790,0.000245579567780041,4.04035,4.046216666666667,0.11895604395604398
2024-12-27,4.076,4.099,4.061,4.067,1086963910,4428609591,-0.001473115639577749,4.04365,4.049516666666666,0.05117601447402431
2024-12-30,4.066,4.093,4.065,4.086,1311933462,5359063002,0.004671748217359273,4.0464,4.047066666666667,-0.034727143869595856
2024-12-31,4.087,4.094,4.02,4.022,1843618788,7479851076,-0.01566324033284383,4.04575,4.040566666666667,-0.08839528558476872
2025-01-02,4.02,4.021,3.881,3.909,2172980338,8582891966,-0.02809547488811548,4.0405,4.038683333333333,-0.02809547488811548
2025-01-03,3.909,3.921,3.853,3.869,1593022599,6191152281,-0.010232796111537379,4.0336,4.035066666666666,-0.053108174253548746
2025-01-06,3.865,3.873,3.828,3.853,1298673930,5000830631,-0.00413543551305251,4.0234000000000005,4.0329999999999995,-0.03117928086497357
2025-01-07,3.845,3.882,3.836,3.88,968974000,3741067135,0.007007526602647252,4.0146999999999995,4.030333333333333,-0.03960396039603964
2025-01-08,3.87,3.899,3.815,3.874,1409796811,5440502616,-0.001546391752577314,4.00415,4.029383333333333,-0.014500127194098211
2025-01-09,3.863,3.88,3.857,3.866,806065805,3119907404,-0.0020650490449147796,3.9936999999999996,4.028716666666667,-0.010240655401945742
2025-01-10,3.865,3.875,3.822,3.823,826572500,3179602825,-0.01112260734609416,3.979,4.02805,-0.010354646647683152
2025-01-13,3.801,3.826,3.793,3.808,949394700,3613570705,-0.0039236201935652915,3.9684,4.024583333333333,-0.05179282868525903
2025-01-14,3.815,3.918,3.809,3.906,1644546233,6369926277,0.02573529411764719,3.9639,4.02275,-0.027390438247011928
2025-01-15,3.896,3.904,3.877,3.883,742049621,2886729493,-0.005888376856118871,3.9577,4.020133333333333,-0.038861386138613896
2025-01-16,3.896,3.933,3.861,3.885,1109005172,4322396833,0.000515065670873005,3.95075,4.0173000000000005,-0.04192355117139335
2025-01-17,3.875,3.922,3.868,3.898,847699295,3304922190,0.0033462033462035023,3.9441499999999996,4.015416666666667,-0.028172525554724492
2025-01-20,3.921,3.949,3.908,3.917,920294300,3619235609,0.004874294510005095,3.9391,4.013366666666666,-0.030445544554455473
2025-01-21,3.937,3.941,3.905,3.922,743926440,2916284005,0.0012764871074804063,3.9341,4.0113,-0.03064755313890266
2025-01-22,3.916,3.916,3.868,3.886,1099680655,4270106497,-0.009178990311065838,3.9249500000000004,4.0091833333333335,-0.031647146772987744
2025-01-23,3.915,3.958,3.894,3.897,1038592839,4075002566,0.002830674215131168,3.9162,4.007949999999999,-0.0186351045076808
2025-01-24,3.889,3.943,3.883,3.929,1143647489,4485387449,0.008211444701052173,3.909,4.00725,-0.01057668093679176
2025-01-27,3.936,3.945,3.904,3.907,1305384964,5123431141,-0.0055993891575464305,3.901,4.00605,-0.018094998743402924
2025-02-05,3.93,3.934,3.879,3.887,751549710,2927530877,-0.005119017148707439,3.89105,4.003633333333333,-0.035962301587301626
2025-02-06,3.884,3.937,3.881,3.932,1388636482,5435915349,0.011577051710830899,3.8865499999999997,4.000216666666666,-0.04955281605027795
2025-02-07,3.933,4.014,3.926,3.988,1930631373,7669642167,0.014242115971515812,3.8905000000000003,3.9981666666666666,-0.029919727560204223
2025-02-10,3.989,4.0,3.974,3.992,1267264550,5055466090,0.0010030090270811698,3.89665,3.9939000000000004,-0.06026365348399254
2025-02-11,3.997,3.998,3.963,3.976,999035889,3973032663,-0.004008016032064132,3.9028,3.9902666666666664,-0.05197901764425372
2025-02-12,3.974,4.019,3.96,4.014,978953664,3903102518,0.009557344064386353,3.9095,3.9869166666666667,-0.04768683274021346
2025-02-13,4.009,4.034,3.998,4.004,1175822696,4719508133,-0.0024912805181864783,3.9160000000000004,3.984166666666667,-0.0395778364116095
2025-02-14,4.0,4.04,3.997,4.034,1292428680,5196144834,0.007492507492507627,3.9244,3.9814833333333337,-0.03837902264600723
2025-02-17,4.044,4.053,4.012,4.041,1334102006,5380966546,0.0017352503718395251,3.9353000000000002,3.9800999999999997,-0.020126091173617633
2025-02-18,4.035,4.058,3.996,4.012,1246591063,5027787885,-0.007176441474882611,3.9455000000000005,3.9793833333333333,-0.010604192355117226
2025-02-19,4.005,4.041,4.0,4.033,1019076858,4102654822,0.005234297108674069,3.9518500000000003,3.9793000000000003,-0.0012382367508667613
2025-02-20,4.029,4.033,4.008,4.021,1018603498,4094980472,-0.0029754525167370316,3.9587500000000007,3.9786833333333336,-0.009117792015771342
2025-02-21,4.032,4.08,4.02,4.075,1437266514,5834090272,0.013429495150460102,3.96825,3.9787999999999997,0.0017207472959686054
2025-02-24,4.07,4.089,4.041,4.062,1538578218,6256202737,-0.0031901840490797806,3.97645,3.978616666666667,-0.0027007120058925027
2025-02-25,4.035,4.051,4.008,4.021,892489991,3596194905,-0.0100935499753817,3.9816499999999997,3.97975,0.017202124968378474
2025-02-26,4.028,4.055,4.019,4.054,1345658133,5430499637,0.008206913703058927,3.98825,3.9818,0.031289748155685526
2025-02-27,4.056,4.069,4.028,4.067,1128585642,4570197712,0.003206709422792331,3.9973,3.9842,0.03670660209023713
2025-02-28,4.049,4.065,3.982,3.994,1329334000,5343803359,-0.01794934841406437,4.00215,3.9843166666666665,0.0017557060446451445
2025-03-03,3.995,4.027,3.966,3.981,1145768613,4581300848,-0.003254882323485364,4.00475,3.9846999999999997,0.005811015664476837
2025-03-04,3.96,3.984,3.952,3.977,1012184770,4019370464,-0.0010047726701833959,4.00825,3.9842999999999997,-0.005998500374906346
2025-03-05,3.98,3.999,3.968,3.994,1191901642,4748819507,0.004274578828262543,4.0136,3.983683333333333,-0.009178863805507143
2025-03-06,4.015,4.062,4.011,4.049,1371007879,5540793752,0.013770655983976088,4.019450000000001,3.9839166666666666,0.0034696406443619487
2025-03-07,4.04,4.061,4.03,4.039,1155997084,4671741021,-0.002469745616201724,4.022,3.9843333333333333,0.006228201295465752
2025-03-10,4.037,4.042,3.999,4.023,1442783688,5792520821,-0.003961376578360931,4.02355,3.9846000000000004,0.003993012228600046
2025-03-11,3.994,4.036,3.99,4.035,1002917003,4027510341,0.002982848620432632,4.0265,3.9842333333333335,-0.005422726152329416
2025-03-12,4.038,4.05,4.018,4.025,609231681,2456951615,-0.0024783147459727095,4.02705,3.9837499999999997,-0.007153428712382781
2025-03-13,4.024,4.033,3.993,4.005,641043804,2572874364,-0.00496894409937898,4.0271,3.982416666666667,-0.019583843329253336
2025-03-14,4.012,4.113,4.01,4.106,1903718328,7767222868,0.025218476903870135,4.0307,3.9829333333333334,0.007607361963190007
2025-03-17,4.118,4.123,4.088,4.094,1133042029,4647468370,-0.002922552362396358,4.03335,3.9825500000000003,-0.005586592178770888
2025-03-18,4.108,4.115,4.091,4.103,811404323,3329371908,0.0021983390327307006,4.0379,3.9839333333333333,0.020646766169154285
2025-03-19,4.098,4.121,4.084,4.109,879831286,3609853058,0.0014623446258834605,4.0417,3.9858166666666666,0.028278278278278224
2025-03-20,4.109,4.109,4.068,4.076,875142561,3573521339,-0.008031151131662306,4.044449999999999,3.986966666666667,0.017219865235837295
2025-03-21,4.063,4.079,4.0,4.01,1014915677,4092584085,-0.01619234543670256,4.0412,3.9867333333333335,-0.0034791252485090185
2025-03-24,4.009,4.031,4.004,4.027,791222086,3179823658,0.004239401496259454,4.03945,3.986683333333333,-0.0007444168734491718
2025-03-25,4.028,4.039,4.017,4.029,611531644,2463223975,0.0004966476285075405,4.03985,3.986866666666667,0.0027376804380288
2025-03-26,4.025,4.04,4.01,4.013,774255385,3114333330,-0.0039712087366592375,4.0378,3.9867166666666667,-0.0022376926902040184
2025-03-27,4.011,4.05,3.995,4.027,801525164,3224972886,0.0034886618489908816,4.0358,3.9860166666666665,-0.010321946424182826
2025-03-28,4.027,4.029,4.0,4.008,704304791,2826192921,-0.004718152470821968,4.036499999999999,3.9849499999999995,-0.015717092337917515
2025-03-31,4.004,4.024,3.969,3.984,902172863,3600807135,-0.005988023952095856,4.03665,3.9834666666666663,-0.021851215320402795
2025-04-01,3.988,4.003,3.979,3.982,615015541,2452333015,-0.0005020080321284093,4.0369,3.98205,-0.020899926235554478
2025-04-02,3.983,3.996,3.971,3.979,629117600,2505793835,-0.0007533902561527306,4.03615,3.9802666666666666,-0.026186979931473342
2025-04-03,3.948,3.98,3.943,3.959,1114330792,4411676416,-0.00502638853983417,4.031650000000001,3.979216666666667,-0.01566384883142724
2025-04-07,3.8,3.84,3.604,3.695,6560988000,24314516116,-0.06668350593584249,4.01445,3.9756500000000004,-0.054745459196725466
2025-04-08,3.698,3.739,3.671,3.73,5853533299,21668647143,0.009472259810554773,3.9997999999999996,3.9733333333333336,-0.03592659601964343
2025-04-09,3.695,3.774,3.678,3.766,1698201419,6334479041,0.00965147453083115,3.9863500000000003,3.9718833333333334,-0.02257980794186354
2025-04-10,3.817,3.847,3.798,3.829,1429631663,5465041115,0.016728624535315983,3.9765499999999996,3.971033333333333,-0.01314432989690717
2025-04-11,3.81,3.851,3.8,3.84,861984187,3298517131,0.0028728127448418572,3.9683,3.970466666666667,-0.008776458440888035
2025-04-14,3.859,3.865,3.842,3.848,941570983,3627429751,0.002083333333333437,3.9554,3.9701666666666666,-0.004655975168132542
2025-04-15,3.844,3.857,3.825,3.851,981793477,3773853446,0.0007796257796257589,3.94325,3.9706333333333332,0.0073240910279885885
2025-04-16,3.841,3.869,3.811,3.86,2177133740,8373466072,0.002337055310309033,3.9311,3.9715,0.013655462184873901
2025-04-17,3.842,3.871,3.841,3.863,1387340598,5357723628,0.0007772020725389517,3.9188,3.970783333333333,-0.011008704557091686
2025-04-18,3.857,3.879,3.847,3.873,1378050739,5327127532,0.0025886616619208436,3.90865,3.970616666666667,-0.002575328354365136
2025-04-21,3.865,3.886,3.857,3.875,712631513,2762708291,0.0005163955589981839,3.9019000000000004,3.97045,-0.002574002574002532
2025-04-22,3.875,3.893,3.873,3.878,752043609,2919236921,0.0007741935483871476,3.8944500000000004,3.9701166666666667,-0.005130836326321164
2025-04-23,3.892,3.907,3.873,3.882,615504094,2391310228,0.001031459515214106,3.8870999999999993,3.969533333333333,-0.0089354097523614
2025-04-24,3.882,3.903,3.871,3.882,487361469,1894334207,0.0,3.8805500000000004,3.9688666666666665,-0.010198878123406474
2025-04-25,3.887,3.899,3.875,3.882,577193480,2243036186,0.0,3.8733000000000004,3.9688000000000003,-0.0010293360782295258
2025-04-28,3.883,3.886,3.864,3.876,624709030,2421364302,-0.0015455950540959051,3.8666999999999994,3.96845,-0.005388760585065433
2025-04-29,3.874,3.88,3.862,3.869,494734986,1914265261,-0.00180598555211553,3.86095,3.96745,-0.015271061338762992
2025-04-30,3.87,3.886,3.864,3.866,500453684,1937487287,-0.0007753941586973179,3.8551499999999996,3.9667666666666666,-0.010493985154850227
2025-05-06,3.886,3.906,3.88,3.903,717825309,2795762534,0.009570615623383238,3.85135,3.967033333333333,0.004116285052739865
2025-05-07,3.95,3.962,3.91,3.927,1047081171,4110994908,0.006149116064565696,3.8497500000000002,3.9669499999999998,-0.0012716174974567451
2025-05-08,3.918,3.966,3.918,3.95,782005719,3087094214,0.005856888209829325,3.8625,3.9663166666666667,-0.00952858575727178
2025-05-09,3.946,3.95,3.932,3.945,693374829,2734071470,-0.0012658227848102444,3.87325,3.965533333333333,-0.01177354709418843
2025-05-12,3.963,3.992,3.957,3.99,836500229,3327197559,0.011406844106463865,3.8844499999999997,3.9657666666666667,0.0035211267605634866
2025-05-13,4.011,4.012,3.988,3.994,793400917,3170416334,0.001002506265664227,3.8927,3.965433333333334,-0.004982561036372735
2025-05-14,3.995,4.066,3.992,4.045,1214790218,4893477242,0.01276915373059584,3.9029499999999997,3.9661166666666663,0.010239760239760365
2025-05-15,4.038,4.041,4.004,4.011,817722375,3287897242,-0.008405438813349764,3.9111,3.965733333333333,-0.005701536936043583
2025-05-16,4.002,4.009,3.977,3.989,730283731,2913902471,-0.005484916479680968,3.918,3.9648666666666665,-0.012868101954961797
2025-05-19,3.984,3.988,3.965,3.983,556298093,2212057936,-0.0015041363750313286,3.92415,3.964383333333333,-0.007228315054835344
2025-05-20,3.984,4.016,3.98,4.003,549987479,2198868086,0.005021340697966448,3.93115,3.9638833333333334,-0.0074386312918424125
2025-05-21,4.004,4.031,4.003,4.019,560603133,2253851046,0.003997002248313786,3.9384499999999996,3.96385,-0.0004973887092762919
2025-05-22,4.018,4.027,4.003,4.017,491932009,1975447858,-0.0004976362279173197,3.94555,3.9628833333333335,-0.01423312883435579
2025-05-23,4.012,4.039,3.987,3.988,845089070,3391996057,-0.0072193178989296,3.95105,3.96165,-0.018217626784835073
2025-05-26,3.982,3.993,3.956,3.967,740485719,2939168237,-0.0052657973921764745,3.9553000000000003,3.96075,-0.013429495150459991
2025-05-27,3.965,3.969,3.939,3.946,578288400,2285272068,-0.005293672800604998,3.9585,3.95895,-0.026640355204736066
2025-05-28,3.947,3.956,3.938,3.942,539920166,2130111536,-0.0010136847440446184,3.9614999999999996,3.956866666666667,-0.030735185640521245
2025-05-29,3.945,3.979,3.939,3.966,891039442,3531865335,0.0060882800608828,3.966,3.9564000000000004,-0.0070105157736605195
2025-05-30,3.959,3.964,3.932,3.959,737030741,2910576351,-0.0017650025214321907,3.9705000000000004,3.9560333333333335,-0.005526249686008455
2025-06-03,3.946,3.972,3.942,3.957,596786798,2361902723,-0.0005051780752716173,3.9750500000000004,3.9557,-0.005028916268544181
2025-06-04,3.959,3.985,3.958,3.974,464543350,1846404388,0.004296183977761103,3.9786,3.955366666666667,-0.005007511266900355
2025-06-05,3.978,3.994,3.967,3.984,531965733,2116243913,0.0025163563160544022,3.98145,3.9542833333333336,-0.016053346505310095
2025-06-06,3.987,3.999,3.978,3.986,488880795,1948178948,0.0005020080321285203,3.9832500000000004,3.9534000000000002,-0.013122059915820605
2025-06-09,3.989,4.01,3.984,3.995,581098178,2322756628,0.002257902659307476,3.9857500000000003,3.952933333333333,-0.006959980114342401
2025-06-10,3.997,4.005,3.958,3.972,771051770,3069054930,-0.005757196495619565,3.9848500000000002,3.9518833333333334,-0.015613382899628325
2025-06-11,3.974,4.024,3.974,4.004,1103509525,4422015632,0.008056394763343189,3.9853500000000004,3.9515333333333333,-0.005217391304348062
2025-06-12,3.998,4.013,3.98,4.006,690087151,2758909222,0.0004995004995007601,3.9834000000000005,3.9515499999999997,0.0002496878901374622
2025-06-13,3.998,4.002,3.967,3.98,698016832,2779843230,-0.00649026460309543,3.98185,3.9494499999999997,-0.0306867998051632
2025-06-16,3.974,3.994,3.971,3.99,649326744,2586770171,0.002512562814070307,3.9819000000000004,3.9477166666666665,-0.025403028822667317
2025-06-17,3.991,3.997,3.974,3.989,482891300,1925078391,-0.00025062656641616776,3.9821999999999997,3.9458166666666665,-0.027784547891786415
2025-06-18,3.903,3.91,3.882,3.904,480803410,1874167101,-0.02130859864627721,3.97725,3.9424,-0.049890484302750115
2025-06-19,3.898,3.899,3.863,3.873,600788572,2331339243,-0.007940573770491732,3.96995,3.9390166666666664,-0.049803729146221665
2025-06-20,3.872,3.888,3.871,3.878,423044140,1641824026,0.0012909888974954598,3.9629999999999996,3.9368166666666666,-0.032917705735660774
2025-06-23,3.869,3.902,3.862,3.891,749244714,2908735828,0.0033522434244455113,3.95815,3.93455,-0.03377203873851509
2025-06-24,3.896,3.95,3.896,3.936,1224554880,4815432117,0.01156515034695449,3.9566000000000003,3.933,-0.023082650781831693
2025-06-25,3.939,4.003,3.935,4.001,1724116122,6841352725,0.016514227642276502,3.9593499999999997,3.9328000000000003,-0.0029902815848491526
2025-06-26,3.995,4.004,3.985,3.986,937967872,3745893284,-0.0037490627343164107,3.9615500000000003,3.9321166666666665,-0.010181276384405247
2025-06-27,3.99,4.013,3.958,3.963,1069691383,4258505726,-0.005770195684897228,3.9614,3.9313666666666665,-0.011227544910179632
2025-06-30,3.961,3.985,3.956,3.982,1081958996,4300171928,0.004794347716376546,3.9625499999999994,3.9313333333333333,-0.0005020080321284093
2025-07-01,3.98,3.992,3.969,3.988,640686095,2551468709,0.0015067805123052391,3.9641000000000006,3.9314333333333336,0.0015067805123052391
2025-07-02,3.985,3.999,3.975,3.992,518883509,2069608324,0.0010030090270811698,3.965,3.93165,0.0032671525508920496
2025-07-03,3.994,4.02,3.991,4.015,686381903,2748927253,0.005761523046092121,3.9665500000000002,3.932583333333333,0.014144986107602842
2025-07-04,4.011,4.065,4.004,4.032,1052562084,4241383565,0.004234122042341415,3.9688499999999998,3.9382,0.09120433017591356
2025-07-07,4.026,4.032,4.005,4.014,402251440,1614976763,-0.004464285714285698,3.9698,3.942933333333334,0.07613941018766757
2025-07-08,4.016,4.056,4.013,4.048,612248738,2473798113,0.008470353761833582,3.9736000000000002,3.9476333333333335,0.07488050982474781
2025-07-09,4.048,4.069,4.04,4.045,647660804,2626402688,-0.0007411067193676679,3.9756499999999995,3.9512333333333336,0.056411595716897356
2025-07-10,4.045,4.09,4.044,4.065,632387667,2569715942,0.004944375772558907,3.9786,3.9549833333333333,0.05859375000000022
2025-07-11,4.066,4.13,4.065,4.079,1264855146,5184103110,0.0034440344403441348,3.98355,3.958833333333333,0.060031185031184986
2025-07-14,4.078,4.094,4.076,4.078,820547885,3351107668,-0.00024515812699177353,3.98795,3.962616666666667,0.05894572838223855
2025-07-15,4.082,4.104,4.053,4.078,807481346,3292797650,0.0,3.992400000000001,3.9662500000000005,0.0564766839378239
2025-07-16,4.079,4.093,4.056,4.069,479181889,1951853024,-0.002206964198136374,4.00065,3.9696833333333337,0.05332643023556827
2025-07-17,4.069,4.103,4.068,4.102,597822533,2443096232,0.00811010076185803,4.0121,3.9735,0.05912729150529317
2025-07-18,4.108,4.136,4.105,4.132,713129616,2940955208,0.00731350560702082,4.024800000000001,3.9777833333333334,0.06632258064516128
2025-07-21,4.137,4.16,4.134,4.157,767461325,3184284274,0.006050338818973877,4.0381,3.9824333333333333,0.07194430118617845
2025-07-22,4.159,4.203,4.142,4.201,1082109050,4516788944,0.010584556170315063,4.05135,3.98775,0.08217413704276133
2025-07-23,4.204,4.234,4.188,4.199,994731531,4188253000,-0.0004760771244941564,4.06125,3.9930333333333334,0.08165893869139618
2025-07-24,4.195,4.228,4.19,4.225,885235951,3729028292,0.006191950464396134,4.0732,3.99875,0.08835651725914473
2025-07-25,4.225,4.225,4.193,4.203,820085976,3452281674,-0.0052071005917158075,4.0852,4.0042,0.08436532507739947
2025-07-28,4.203,4.223,4.186,4.214,602771297,2535151857,0.002617178206043347,4.0968,4.00995,0.08917032825019389
2025-07-29,4.208,4.236,4.192,4.235,805978553,3395606595,0.004983388704318914,4.1091500000000005,4.0161,0.0954474909467149
2025-07-30,4.227,4.265,4.207,4.232,950252156,4023783503,-0.0007083825265643551,4.12115,4.021583333333334,0.08429413271842168
2025-07-31,4.221,4.221,4.142,4.155,1122912575,4687659264,-0.018194706994328902,4.12815,4.025383333333333,0.058059587471352314
2025-08-01,4.148,4.162,4.118,4.133,611567102,2531113831,-0.005294825511432122,4.1332,4.028433333333333,0.04632911392405048
2025-08-04,4.122,4.154,4.117,4.152,435567200,1801388564,0.004597144931042907,4.1400999999999994,4.031883333333334,0.05247148288973391
2025-08-05,4.154,4.185,4.151,4.183,548068072,2282989180,0.007466281310211764,4.14685,4.0351,0.04837092731829573
2025-08-06,4.181,4.199,4.176,4.194,408944907,1713095761,0.0026296916088932587,4.154300000000001,4.038433333333334,0.05007511266900333
2025-08-07,4.196,4.21,4.171,4.193,533965616,2236786690,-0.00023843586075356082,4.1607,4.0409,0.03658838071693449
2025-08-08,4.188,4.201,4.175,4.183,423062400,1771777749,-0.0023849272597185056,4.1659,4.0437666666666665,0.0428820742956868
2025-08-11,4.183,4.218,4.183,4.202,688151892,2891923703,0.004542194597179083,4.1720999999999995,4.047316666666666,0.05339684131361255
2025-08-12,4.2,4.237,4.2,4.228,482487210,2036818306,0.006187529747739173,4.1796,4.0514,0.06151142355008776
2025-08-13,4.234,4.272,4.229,4.263,758840813,3227703467,0.008278145695364225,4.189299999999999,4.055733333333333,0.06495128653509852
2025-08-14,4.265,4.303,4.248,4.256,887934379,3797429985,-0.0016420361247946325,4.197,4.059683333333334,0.05896989300821098
2025-08-15,4.242,4.302,4.24,4.295,1071833947,4584387161,0.009163533834586346,4.20515,4.064316666666667,0.06920587503111775
2025-08-18,4.298,4.36,4.285,4.327,1009247534,4362087157,0.007450523864959369,4.2136499999999995,4.069966666666667,0.08500501504513536
2025-08-19,4.326,4.347,4.297,4.305,774332431,3347920291,-0.005084354055927998,4.21885,4.0756,0.08520292412402308
2025-08-20,4.295,4.365,4.267,4.364,1378416563,5938089045,0.013704994192799136,4.2271,4.082566666666667,0.10593005575266079
2025-08-21,4.368,4.394,4.358,4.378,913002468,3997377735,0.0032080659945004086,4.23475,4.089833333333334,0.11060375443937076
2025-08-22,4.375,4.484,4.374,4.479,1360263420,6031204221,0.023069894929191426,4.24855,4.0983833333333335,0.1293494704992435
2025-08-25,4.501,4.572,4.497,4.565,1456091826,6599627199,0.01920071444518867,4.2661,4.108483333333333,0.15306895680727473
2025-08-26,4.554,4.572,4.527,4.541,1114294146,5068845227,-0.005257393209200489,4.2814,4.118216666666666,0.14758655547131672
2025-08-27,4.541,4.585,4.473,4.475,1412690404,6408311259,-0.01453424355868771,4.29355,4.126566666666666,0.12606945143432302
2025-08-28,4.469,4.561,4.452,4.559,1276415694,5746035433,0.018770949720670504,4.313750000000001,4.13615,0.14432730923694792
2025-08-29,4.55,4.613,4.54,4.601,1355057364,6208498370,0.009212546611098826,4.33715,4.146400000000001,0.15429001505268425
2025-09-01,4.607,4.624,4.58,4.616,1193986671,5495420182,0.0032601608346010114,4.36035,4.15675,0.15544430538172693
2025-09-02,4.613,4.643,4.55,4.59,1034412186,4755250317,-0.0056325823223569715,4.380699999999999,4.16705,0.15558912386706947
2025-09-03,4.592,4.609,4.52,4.549,918862472,4187703184,-0.008932461873638275,4.3984499999999995,4.1761333333333335,0.13611388611388642
2025-09-04,4.546,4.555,4.416,4.456,1420822833,6352441030,-0.020444053638162263,4.4116,4.183633333333334,0.1123315027458811
2025-09-05,4.45,4.563,4.442,4.554,1060332474,4780253830,0.021992818671454195,4.43015,4.1932,0.14422110552763834
2025-09-08,4.554,4.573,4.524,4.555,1034021993,4701185135,0.00021958717610881529,4.4478,4.202616666666667,0.14160401002506262
2025-09-09,4.545,4.564,4.502,4.528,680354536,3084847254,-0.005927552140504999,4.4628,4.2116,0.13512158435698174
2025-09-10,4.526,4.562,4.507,4.538,608658332,2761984289,0.0022084805653712625,4.4765500000000005,4.222166666666667,0.1623975409836067
2025-09-11,4.527,4.662,4.517,4.66,978341822,4504295390,0.026884089907448283,4.4967500000000005,4.235283333333333,0.2032016524657887
2025-09-12,4.662,4.664,4.615,4.621,915858027,4251540392,-0.008369098712446288,4.513050000000001,4.2476666666666665,0.19159360495100586
2025-09-15,4.622,4.662,4.614,4.629,721191518,3346337207,0.0017312270071410119,4.52815,4.259966666666667,0.1896684656900538
2025-09-16,4.632,4.652,4.591,4.62,788903361,3642646550,-0.0019442644199609838,4.5439,4.271366666666666,0.1737804878048781
2025-09-17,4.615,4.659,4.599,4.653,715407882,3315621289,0.0071428571428571175,4.55835,4.282233333333333,0.16295926018495366
2025-09-18,4.655,4.676,4.554,4.594,1187372710,5488692045,-0.012679991403395485,4.56915,4.292366666666667,0.1525338685398896
2025-09-19,4.59,4.633,4.587,4.604,731613811,3369611818,0.002176752285589778,4.5754,4.30305,0.16174615190512243
2025-09-22,4.604,4.621,4.582,4.619,629276623,2896946428,0.0032580364900085534,4.5781,4.313666666666666,0.1599698643897538
2025-09-23,4.627,4.656,4.558,4.622,1055000135,4859849641,0.0006494912318684154,4.58215,4.324233333333334,0.15897693079237718
2025-09-24,4.597,4.664,4.596,4.663,1004485867,4656117026,0.008870618779749151,4.59155,4.335416666666666,0.16808617234468937
2025-09-25,4.663,4.718,4.657,4.695,771336231,3614405601,0.0068625348488098314,4.59835,4.34675,0.16936488169364905
2025-09-26,4.677,4.699,4.65,4.651,715305937,3344592886,-0.009371671991480368,4.600849999999999,4.357066666666667,0.15352182539682535
2025-09-29,4.648,4.755,4.64,4.728,1195436520,5620190347,0.01655557944528052,4.60645,4.368966666666667,0.177877428998505
2025-09-30,4.734,4.75,4.72,4.741,740380927,3508639995,0.0027495769881555887,4.614,4.380516666666667,0.17119565217391286
2025-10-09,4.754,4.836,4.75,4.816,897090608,4308933449,0.015819447373971673,4.62735,4.393366666666666,0.19060568603213834
2025-10-10,4.787,4.794,4.704,4.719,1174642559,5581932563,-0.020141196013288898,4.6405,4.404266666666667,0.1608856088560886
2025-10-13,4.598,4.704,4.596,4.692,965836187,4499844601,-0.005721551176096629,4.647399999999999,4.414483333333333,0.15028193184604088
2025-10-14,4.725,4.74,4.62,4.645,1161909516,5445976980,-0.010017050298380403,4.6518999999999995,4.423933333333334,0.13903874448258935
2025-10-15,4.648,4.715,4.627,4.706,997401276,4649845988,0.013132400430570623,4.6608,4.434399999999999,0.15399705738106917
2025-10-16,4.689,4.747,4.689,4.721,812463337,3835512324,0.003187420314492151,4.66995,4.445266666666667,0.1602359302039813
2025-10-17,4.715,4.724,4.612,4.624,840058205,3909864092,-0.020546494386782577,4.66815,4.453966666666667,0.12725499756216463
2025-10-20,4.651,4.678,4.624,4.64,764417805,3554256321,0.0034602076124568004,4.669099999999999,4.462433333333333,0.1229428848015488
2025-10-21,4.656,4.723,4.652,4.71,959868519,4511371971,0.015086206896551824,4.673150000000001,4.47165,0.13302862641327873
2025-10-22,4.69,4.708,4.668,4.695,554484198,2601506365,-0.0031847133757960666,4.6769,4.479883333333333,0.11759104975005963
2025-10-23,4.687,4.719,4.642,4.713,699342841,3267824361,0.003833865814696358,4.6799,4.488449999999999,0.12241009764229593
2025-10-24,4.728,4.772,4.727,4.77,865303618,4110591097,0.01209420751113921,4.6887,4.497533333333334,0.12899408284023672
2025-10-27,4.808,4.831,4.796,4.826,758524912,3652922851,0.011740041928721245,4.6998,4.507916666666666,0.14822745657863412
2025-10-28,4.815,4.85,4.792,4.802,725949138,3497088820,-0.004973062577704135,4.70895,4.517716666666667,0.13953488372093004
2025-10-29,4.81,4.864,4.81,4.862,679278356,3284668925,0.012494793835901907,4.72095,4.5281666666666665,0.148051948051948
2025-10-30,4.858,4.874,4.816,4.823,816461854,3955485339,-0.008021390374331472,4.72895,4.538016666666667,0.13965028355387532
2025-10-31,4.819,4.826,4.755,4.756,1432568620,6851751220,-0.013891768608749744,4.732,4.548033333333334,0.14464500601684716
2025-11-03,4.752,4.767,4.705,4.763,775988137,3674194550,0.0014718250630780805,4.7376,4.558533333333333,0.15243164771352524
2025-11-04,4.76,4.773,4.706,4.729,1201524329,5708778783,-0.007138358177619097,4.73765,4.56815,0.1389691714836223
2025-11-05,4.692,4.751,4.668,4.735,763353285,3599158874,0.0012687671812223744,4.73735,4.57735,0.13196270619172856
2025-11-06,4.742,4.813,4.742,4.805,732664905,3506780405,0.014783526927138135,4.736800000000001,4.587533333333334,0.14568431092036227
2025-11-07,4.79,4.812,4.774,4.795,539255553,2584816479,-0.002081165452653466,4.7406,4.597566666666666,0.14357262103505852
2025-11-10,4.797,4.811,4.763,4.807,448348844,2146884969,0.0025026068821689673,4.7463500000000005,4.607966666666667,0.14917523308630187
2025-11-11,4.814,4.824,4.757,4.763,565193563,2702663134,-0.009153318077803285,4.75225,4.6173166666666665,0.1335078534031413
2025-11-12,4.754,4.783,4.731,4.765,523690675,2491775456,0.000419903422212764,4.7552,4.626266666666667,0.12701040681173126
2025-11-13,4.757,4.815,4.752,4.812,645956059,3096198221,0.009863588667366363,4.7597499999999995,4.635416666666667,0.12878254750175944
2025-11-14,4.785,4.796,4.739,4.741,593631715,2832605947,-0.014754779717373379,4.7656,4.6435,0.11395676691729317
2025-11-17,4.73,4.74,4.691,4.71,752466929,3545084093,-0.006538704914574867,4.7691,4.650416666666667,0.09662398137369044
2025-11-18,4.7,4.717,4.664,4.683,856823933,4018390178,-0.00573248407643312,4.7677499999999995,4.65635,0.08227409290501497
2025-11-19,4.678,4.717,4.678,4.697,856961494,4026545623,0.002989536621823774,4.76785,4.662883333333332,0.0910569105691057
2025-11-20,4.724,4.729,4.673,4.676,561939501,2644705315,-0.0044709388971684305,4.766,4.668083333333333,0.07149404216315314
2025-11-21,4.645,4.654,4.562,4.564,1496400410,6884359920,-0.0239520958083832,4.7557,4.6711833333333335,0.04248515303791689
2025-11-24,4.579,4.585,4.533,4.557,1155747722,5269730484,-0.0015337423312882237,4.74225,4.672483333333333,0.017414601473543234
2025-11-25,4.58,4.623,4.579,4.597,895940577,4120829562,0.008777704630239302,4.732,4.673016666666666,0.007009857612267245
2025-11-26,4.6,4.646,4.594,4.626,914079306,4228349386,0.006308462040461205,4.7202,4.674433333333334,0.018718343977097485
2025-11-27,4.629,4.674,4.618,4.622,479369411,2226374836,-0.0008646779074795719,4.7101500000000005,4.6768833333333335,0.03284916201117327
2025-11-28,4.621,4.642,4.603,4.635,519234054,2403092677,0.0028126352228472484,4.7040999999999995,4.67815,0.016670322439131358
2025-12-01,4.646,4.688,4.639,4.687,578301370,2698559001,0.011218985976267692,4.7003,4.6795833333333325,0.01869158878504673
2025-12-02,4.686,4.686,4.651,4.666,383444900,1790231961,-0.004480477917644499,4.697150000000001,4.680416666666667,0.010831889081456048
2025-12-03,4.665,4.684,4.635,4.645,395034780,1840202209,-0.004500642948992883,4.69265,4.681333333333334,0.011982570806100101
2025-12-04,4.648,4.671,4.628,4.657,402618836,1871831892,0.00258342303552217,4.68525,4.683133333333333,0.02374148164431733
2025-12-05,4.656,4.71,4.643,4.698,687203054,3217071412,0.008803951041443048,4.680400000000001,4.687166666666666,0.0543087971274685
2025-12-08,4.711,4.754,4.709,4.732,826343751,3908784386,0.007237122179650779,4.67665,4.690133333333334,0.039086517347386884
2025-12-09,4.727,4.739,4.694,4.708,700105499,3302885875,-0.005071851225697421,4.673900000000001,4.692683333333333,0.03358946212952807
2025-12-10,4.7,4.709,4.658,4.702,620776436,2903153594,-0.0012744265080714134,4.67075,4.6955833333333326,0.03842756183745588
2025-12-11,4.708,4.722,4.662,4.668,619944253,2910601742,-0.007230965546575874,4.66355,4.69775,0.028646981048920273
2025-12-12,4.678,4.702,4.648,4.694,867153920,4057237306,0.005569837189374427,4.6612,4.698316666666667,0.007296137339055653
2025-12-15,4.674,4.712,4.55,4.667,691785514,3241015143,-0.005752023860247202,4.65905,4.699083333333333,0.009954555291062483
2025-12-16,4.66,4.667,4.601,4.62,769355001,3559031617,-0.010070709235054598,4.655900000000001,4.698933333333333,-0.0019442644199609838
2025-12-17,4.619,4.715,4.616,4.699,1085613318,5079203142,0.01709956709956706,4.656000000000001,4.70025,0.01709956709956706
2025-12-18,4.683,4.692,4.661,4.668,678018855,3169750209,-0.006597148329431701,4.6556,4.7005,0.003223726627981982
2025-12-19,4.68,4.714,4.666,4.688,831788937,3901916782,0.00428449014567267,4.6618,4.702066666666666,0.020461471484545024
2025-12-22,4.702,4.735,4.702,4.73,837121964,3956863485,0.008959044368600733,4.670450000000001,4.704166666666667,0.027367506516073004
2025-12-23,4.735,4.763,4.726,4.74,808340536,3833240598,0.0021141649048626032,4.6776,4.706183333333334,0.026196146352024385
2025-12-24,4.74,4.765,4.726,4.757,533429378,2531260594,0.0035864978902953037,4.68415,4.708433333333334,0.029208135006490554
2025-12-25,4.75,4.777,4.744,4.766,427244304,2033628744,0.001891948707168467,4.691350000000001,4.71015,0.022088784044606458
2025-12-26,4.766,4.801,4.755,4.784,816080091,3902900785,0.003776751993285643,4.6988,4.711633333333333,0.018956336528221485
2025-12-29,4.78,4.794,4.749,4.763,852905033,4069832489,-0.004389632107023367,4.7026,4.7135,0.02408084282949896
2025-12-30,4.746,4.79,4.742,4.773,477224225,2275508778,0.002099517111064486,4.707949999999999,4.714249999999999,0.009517766497461944
2025-12-31,4.777,4.789,4.742,4.753,666829236,3175879377,-0.004190236748376153,4.71335,4.71445,0.0025311115798356543
2026-01-05,4.783,4.848,4.78,4.844,1017132485,4902061805,0.019145802650957222,4.722700000000001,4.714916666666667,0.005813953488372103
2026-01-06,4.85,4.92,4.848,4.919,1052301545,5141603633,0.015483071841453144,4.73375,4.718249999999999,0.04238186056367854
2026-01-07,4.92,4.927,4.876,4.901,933402554,4578481053,-0.0036592803415328445,4.7421999999999995,4.721733333333334,0.0445439045183289
2026-01-08,4.888,4.894,4.843,4.863,682719778,3324674355,-0.007753519689859045,4.74995,4.725366666666667,0.04693218514531772
2026-01-09,4.857,4.903,4.844,4.885,1134855258,5535581862,0.004523956405510843,4.7591,4.728350000000001,0.03803654908627263
2026-01-12,4.893,4.929,4.861,4.913,1333075333,6529675045,0.005731832139201698,4.77135,4.73155,0.04066934971404357
2026-01-13,4.922,4.965,4.876,4.896,1271783195,6249488306,-0.0034602076124568004,4.78145,4.736083333333334,0.05882352941176472
2026-01-14,4.896,4.949,4.841,4.866,2136722288,10465332592,-0.006127450980392246,4.7914,4.739850000000001,0.04870689655172411
2026-01-15,4.849,4.894,4.843,4.875,5217148860,25390672681,0.0018495684340320562,4.80415,4.7425999999999995,0.035031847133758065
2026-01-16,4.905,4.919,4.838,4.859,5320166468,25922582412,-0.0032820512820512793,4.81215,4.745333333333333,0.03493077742279005
2026-01-19,4.737,4.769,4.718,4.738,2913439864,13792576409,-0.024902243259929957,4.81565,4.74575,0.00530447697856995
2026-01-20,4.735,4.751,4.688,4.724,2886765633,13613769428,-0.0029548332629801832,4.81745,4.744983333333333,-0.009643605870020888
2026-01-21,4.709,4.764,4.709,4.73,4903973986,23207895509,0.0012701100762066986,4.81745,4.743383333333333,-0.019892250310816206
2026-01-22,4.741,4.76,4.703,4.727,4316344208,20376067887,-0.0006342494714588476,4.816800000000001,4.742133333333333,-0.015618492294876996
2026-01-23,4.732,4.742,4.687,4.704,6769378109,31834663643,-0.004865665326845847,4.81415,4.7395000000000005,-0.03249691484985606
2026-01-26,4.712,4.76,4.694,4.712,5939852882,28002364939,0.001700680272108901,4.81145,4.73765,-0.023014721127928794
2026-01-27,4.712,4.742,4.679,4.71,4339135015,20450057577,-0.0004244482173174635,4.80775,4.736883333333334,-0.009671993271656909
2026-01-28,4.725,4.743,4.704,4.725,8497782253,40100175381,0.0031847133757960666,4.80585,4.73625,-0.007978165022044958
2026-01-29,4.724,4.779,4.704,4.768,3545664739,16773879626,0.009100529100529053,4.8056,4.7369,0.008246986677944435
2026-01-30,4.736,4.758,4.642,4.711,1670274801,7860479504,-0.011954697986577112,4.8035000000000005,4.7365,-0.005068637803590237
2026-02-02,4.68,4.719,4.591,4.6,2651134391,12299263716,-0.023561876459350595,4.7913,4.733083333333332,-0.042663891779396446
2026-02-03,4.64,4.668,4.585,4.664,1052944612,4881749326,0.013913043478260834,4.77855,4.730900000000001,-0.02732012513034421
2026-02-04,4.652,4.709,4.643,4.707,1052505916,4914865553,0.009219554030874821,4.76885,4.729233333333334,-0.020802995631371002
2026-02-05,4.68,4.695,4.645,4.679,933982876,4364498239,-0.0059485872105373705,4.75965,4.727833333333334,-0.017635943732941306
2026-02-06,4.643,4.691,4.61,4.649,881673740,4106577054,-0.006411626415900873,4.74785,4.725899999999999,-0.02434417628541441
2026-02-09,4.695,4.73,4.686,4.727,701119504,3304026961,0.016777801677780202,4.73855,4.7244833333333345,-0.017664172901080577
2026-02-10,4.733,4.739,4.72,4.733,680461663,3219183511,0.0012693039983073806,4.7304,4.72435,-0.0016874077198902881
2026-02-11,4.727,4.732,4.714,4.723,372078690,1757895647,-0.0021128248468201827,4.72325,4.724566666666666,0.0027600849256899096
2026-02-12,4.729,4.735,4.716,4.727,398012411,1881073591,0.0008469193309337264,4.71585,4.725300000000001,0.009395686525731417
2026-02-13,4.714,4.714,4.667,4.671,1367357151,6405790170,-0.01184683731753755,4.70645,4.724866666666667,-0.0055354481583989035
2026-02-24,4.725,4.736,4.705,4.716,624245587,2946760847,0.009633911368015502,4.70535,4.725533333333334,0.008554319931565413
2026-02-25,4.717,4.778,4.716,4.75,873403106,4148107679,0.007209499575911771,4.70665,4.728633333333334,0.04075372480280448
2026-02-26,4.751,4.754,4.712,4.735,766372132,3624553287,-0.0031578947368420263,4.706899999999999,4.731599999999999,0.039060785604564385
2026-02-27,4.72,4.732,4.7,4.725,606245261,2859792911,-0.0021119324181627652,4.706799999999999,4.733733333333333,0.02784424624755255
2026-03-02,4.694,4.743,4.674,4.739,1242367525,5860854055,0.002962962962963056,4.70855,4.735616666666668,0.02442715088629477
2026-03-03,4.741,4.751,4.665,4.678,966557866,4550837091,-0.012871913905887267,4.70685,4.73655,0.012115967113803583
2026-03-04,4.64,4.65,4.587,4.61,829224020,3830984400,-0.014536126549807515,4.70185,4.736133333333333,-0.005393743257820827
2026-03-05,4.647,4.678,4.639,4.654,568420959,2646464156,0.009544468546637708,4.6983,4.7355833333333335,-0.007040751013441482
2026-03-06,4.64,4.682,4.624,4.667,504375859,2349185776,0.0027932960893854997,4.693250000000001,4.735600000000001,0.00021431633090429614
2026-03-09,4.623,4.638,4.56,4.629,838098260,3854535508,-0.008142275551746403,4.68915,4.735333333333333,-0.003444564047362708
2026-03-10,4.642,4.689,4.641,4.683,546012517,2550822882,0.01166558651976679,4.6933,4.735766666666667,0.0055829933433539924
2026-03-11,4.686,4.719,4.682,4.711,593712221,2792866730,0.005979073243647326,4.69565,4.735983333333333,0.002767134951042971
2026-03-12,4.711,4.711,4.665,4.694,343383626,1610201018,-0.0036085756739546726,4.695,4.7353499999999995,-0.008030431107354241
2026-03-13,4.672,4.716,4.67,4.677,325112905,1526480622,-0.0036216446527482793,4.6949,4.7348333333333334,-0.006584536958368803
2026-03-16,4.675,4.686,4.632,4.68,403862701,1881524447,0.0006414368184735064,4.6964500000000005,4.734466666666667,-0.004678860059549206
2026-03-17,4.686,4.731,4.645,4.646,723337660,3388771831,-0.007264957264957239,4.6924,4.7341,-0.0047129391602399595
2026-03-18,4.652,4.67,4.616,4.662,770262709,3575798297,0.0034438226431339203,4.6888499999999995,4.7335666666666665,-0.006817213463996552
2026-03-19,4.621,4.641,4.581,4.599,772241809,3558170504,-0.013513513513513487,4.68265,4.732433333333334,-0.014570387829440645
2026-03-20,4.598,4.635,4.573,4.576,761273568,3509938019,-0.005001087192868181,4.6751000000000005,4.731700000000001,-0.009523809523809601
2026-03-23,4.528,4.537,4.406,4.43,1523498110,6799292790,-0.03190559440559437,4.66305,4.727216666666666,-0.05724622260055334
2026-03-24,4.463,4.48,4.405,4.479,850435100,3784113263,0.011060948081264232,4.6512,4.724066666666667,-0.04048843187660667
2026-03-25,4.51,4.549,4.504,4.544,867712637,3932266869,0.014512167894619177,4.6409,4.721666666666667,-0.030716723549488067
2026-03-26,4.536,4.547,4.477,4.488,474242414,2139118213,-0.012323943661971648,4.62855,4.717633333333334,-0.051162790697674376
2026-03-27,4.45,4.53,4.445,4.508,562690826,2529639239,0.004456327985739694,4.6177,4.713766666666666,-0.048945147679324896
2026-03-30,4.462,4.505,4.453,4.5,543994287,2434696108,-0.0017746228926353025,4.6057500000000005,4.709483333333333,-0.054025646415808204
2026-03-31,4.501,4.529,4.462,4.463,530565553,2385310576,-0.008222222222222242,4.595,4.704433333333333,-0.06357532522031051
2026-04-01,4.52,4.542,4.501,4.534,501228066,2267466693,0.015908581671521427,4.5912,4.700266666666667,-0.05225752508361203
2026-04-02,4.521,4.526,4.47,4.489,466351103,2098973595,-0.009925011027789976,4.582949999999999,4.6956999999999995,-0.0575267688431661
2026-04-03,4.495,4.506,4.446,4.454,426109595,1903072420,-0.007796836711962629,4.5723,4.690383333333333,-0.06683427613660176
2026-04-07,4.455,4.47,4.431,4.446,428568561,1908516206,-0.0017961383026493527,4.56315,4.685266666666666,-0.06459078476751534
2026-04-08,4.519,4.604,4.517,4.602,996884580,4550818244,0.03508771929824572,4.5591,4.681233333333333,-0.04995871180842282
2026-04-09,4.573,4.586,4.56,4.572,704955323,3223934997,-0.006518904823989646,4.55215,4.67545,-0.0705427932506606
2026-04-10,4.588,4.664,4.588,4.642,906387271,4203124967,0.01531058617672798,4.54955,4.671133333333333,-0.052846357886145556
2026-04-13,4.629,4.66,4.623,4.652,392892599,1825187755,0.0021542438604049696,4.5483,4.6676166666666665,-0.04338885461649189
2026-04-14,4.679,4.712,4.663,4.712,427657077,2005429241,0.012897678417884695,4.5499,4.664733333333333,-0.03541453428863872
2026-04-15,4.732,4.746,4.684,4.694,675980605,3185349113,-0.0038200339558573937,4.5523,4.661083333333333,-0.04457561571341351
2026-04-16,4.704,4.747,4.7,4.746,853234423,4036951794,0.011077971878994619,4.556500000000001,4.6585833333333335,-0.030637254901960675
2026-04-17,4.737,4.75,4.722,4.739,736150074,3485941360,-0.001474926253687392,4.5634999999999994,4.656466666666666,-0.02609946568023014
2026-04-20,4.735,4.777,4.728,4.765,762457819,3627929894,0.005486389533656766,4.57295,4.654633333333333,-0.022564102564102684
2026-04-21,4.764,4.786,4.73,4.776,636108137,3026895923,0.0023084994753410637,4.59025,4.65325,-0.01708170405433218
2026-04-22,4.76,4.813,4.756,4.811,1012592563,4851593064,0.0073283082077051365,4.60685,4.654466666666667,0.015407344871253503
2026-04-23,4.82,4.834,4.772,4.801,1008518112,4848688474,-0.002078569943878561,4.6197,4.65575,0.01629974597798478
2026-04-24,4.785,4.798,4.75,4.782,719322606,3432906825,-0.003957508852322489,4.6344,4.656616666666666,0.010993657505285359
2026-04-27,4.786,4.81,4.773,4.782,928036020,4443760487,0.0,4.6480999999999995,4.657533333333333,0.011635286651152876
2026-04-28,4.766,4.79,4.757,4.77,864420229,4125806962,-0.0025094102885823144,4.6616,4.658633333333333,0.014030612244897878
2026-04-29,4.755,4.828,4.755,4.821,1279679774,6139314265,0.010691823899371178,4.6795,4.660449999999999,0.023132427843802983
2026-04-30,4.83,4.841,4.808,4.824,1651786402,7965711080,0.000622277535780924,4.694,4.66235,0.02420382165605095
2026-05-06,4.866,4.914,4.852,4.888,1867782757,9131466569,0.013266998341625147,4.7139500000000005,4.665066666666666,0.03449735449735458
2026-05-07,4.905,4.914,4.879,4.912,2094622649,10262731527,0.004909983633387904,4.73685,4.667466666666667,0.030201342281879207
2026-05-08,4.89,4.902,4.862,4.886,1253564919,6121164078,-0.005293159609120468,4.75885,4.670383333333333,0.03714710252600284
2026-05-11,4.911,4.98,4.9,4.966,2116521779,10456512044,0.016373311502251298,4.77705,4.6764833333333335,0.0795652173913044
2026-05-12,4.975,4.987,4.944,4.963,1002170459,4976355850,-0.000604107933950937,4.7966,4.681466666666666,0.06410806174957129
2026-05-13,4.94,5.023,4.939,5.017,1272615005,6331249194,0.010880515817046188,4.8153500000000005,4.686633333333333,0.06585935840237944
2026-05-14,5.037,5.041,4.931,4.941,1028164563,5118663487,-0.015148495116603655,4.8298000000000005,4.691000000000001,0.055994870698867105
2026-05-15,4.935,4.954,4.852,4.878,1047902445,5135152285,-0.012750455373406133,4.8381,4.694816666666667,0.04925790492579041
2026-05-18,4.855,4.885,4.819,4.852,583576370,2832450612,-0.005330053300532933,4.846,4.696899999999999,0.02644383329807498
2026-05-19,4.843,4.874,4.789,4.869,967499889,4670192858,0.00350370981038739,4.85215,4.699166666666667,0.028734417916754795
2026-05-20,4.845,4.882,4.84,4.871,959720086,4664422387,0.00041076196344236315,4.858750000000001,4.7016333333333336,0.0313360152445481
2026-05-21,4.897,4.954,4.801,4.808,1205577337,5913215496,-0.012933689180866459,4.8609,4.702983333333333,0.017135603977152414
2026-05-22,4.828,4.868,4.807,4.862,1325051845,6421618436,0.011231281198003318,4.8652,4.706166666666666,0.04089060158424318
2026-05-25,4.88,4.938,4.872,4.937,1625055928,7970991059,0.015425750719868514,4.8715,4.70985,0.04686174724342673
2026-05-26,4.912,4.975,4.91,4.972,968675161,4786813577,0.00708932550131669,4.88005,4.71355,0.04673684210526319
2026-05-27,4.963,4.993,4.913,4.932,640521540,3174582673,-0.008045052292839916,4.88755,4.7168333333333345,0.041605068637803555
2026-05-28,4.917,4.948,4.866,4.932,439649824,2155076599,0.0,4.8950499999999995,4.720283333333333,0.043809523809523965
2026-05-29,4.946,4.978,4.9,4.923,656685445,3243446893,-0.0018248175182482562,4.9027,4.723349999999999,0.038826756699725795
