date,strategy_nav,strategy_drawdown,benchmark_nav,benchmark_drawdown
2020-01-02,1.0,0.0,1.0,0.0
2020-01-03,1.0,0.0,0.997589780670041,-0.002410219329958996
2020-01-06,1.0,0.0,0.9937334297421067,-0.006266570257893345
2020-01-07,1.0,0.0,1.0014461315979755,0.0
2020-01-08,1.0,0.0,0.9915642323451433,-0.009867629362214303
2020-01-09,1.0,0.0,1.002169197396963,0.0
2020-01-10,1.0,0.0,1.001928175463967,-0.00024050024050037422
2020-01-13,1.0,0.0,1.0127741624487827,0.0
2020-01-14,1.0,0.0,1.0084357676548565,-0.004283674440742402
2020-01-15,1.0,0.0,1.0007230657989876,-0.011899095668729154
2020-01-16,1.0,0.0,0.9992769342010122,-0.013326987148976732
2020-01-17,1.0,0.0,1.0004820438659916,-0.012137077582103806
2020-01-20,1.0,0.0,1.0077127018558687,-0.004997620180866358
2020-01-21,1.0,0.0,0.9893950349481802,-0.023084245597334574
2020-01-22,1.0,0.0,0.9927693420101226,-0.01975249881009067
2020-01-23,1.0,0.0,0.9631236442516266,-0.049024274155164416
2020-02-03,1.0,0.0,0.8818992528320074,-0.12922417896239902
2020-02-04,1.0,0.0,0.9086526873945527,-0.1028081865778201
2020-02-05,1.0,0.0,0.9175704989154011,-0.09400285578296053
2020-02-06,1.0,0.0,0.9392624728850324,-0.07258448357924796
2020-02-07,1.0,0.0,0.9370932754880693,-0.07472632079961916
2020-02-10,1.0,0.0,0.9402265606170159,-0.0716325559257498
2020-02-11,1.0,0.0,0.950349481802844,-0.06163731556401708
2020-02-12,1.0,0.0,0.9570980959267293,-0.054973821989528715
2020-02-13,1.0,0.0,0.9520366353338153,-0.05997144217039496
2020-02-14,1.0,0.0,0.9585442275247047,-0.05354593050928125
2020-02-17,1.0,0.0,0.9795131356953484,-0.032841504045692305
2020-02-18,1.0,0.0,0.9734875873704507,-0.03879105188005694
2020-02-19,1.0,0.0,0.9737286093034467,-0.038553069966682285
2020-02-20,1.0,0.0,0.995661605206074,-0.016896715849594957
2020-02-21,1.0,0.0,0.9990359122680165,-0.013564969062351051
2020-02-24,1.0,0.0,0.9910821884791519,-0.02141837220371212
2020-02-25,1.0,0.0,0.9891540130151847,-0.023322227510708782
2020-02-26,1.0,0.0,0.980959267293324,-0.031413612565444504
2020-02-27,1.0,0.0,0.9812002892263199,-0.031175630652070074
2020-02-28,1.0,0.0,0.9479392624728853,-0.0640171346977626
2020-03-02,1.0,0.0,0.9824053988912992,-0.02998572108519737
2020-03-03,1.0,0.0,0.9816823330923117,-0.03069966682532088
2020-03-04,1.0,0.0,0.9886719691491929,-0.023798191337457975
2020-03-05,1.0,0.0,1.0122921185827913,-0.0004759638267487487
2020-03-06,1.0,0.0,0.9932513858761151,-0.01927653498334081
2020-03-09,1.0,0.0,0.9616775126536518,-0.05045216563541133
2020-03-10,1.0,0.0,0.9828874427572911,-0.029509757258448066
2020-03-11,1.0,0.0,0.9667389732465657,-0.04545454545454508
2020-03-12,1.0,0.0,0.9515545914678237,-0.06044740599714393
2020-03-13,1.0,0.0,0.9373342974210654,-0.0744883388862444
2020-03-16,1.0,0.0,0.8980477223427333,-0.11327939076630156
2020-03-17,1.0,0.0,0.8900939985538686,-0.12113279390766274
2020-03-18,1.0,0.0,0.8751506387081226,-0.13588767253688694
2020-03-19,1.0,0.0,0.8667148710532661,-0.1442170395049973
2020-03-20,1.0,0.0,0.8782839238370693,-0.13279390766301735
2020-03-23,1.0,0.0,0.8498433357435528,-0.16087577344121828
2020-03-24,1.0,0.0,0.8703302000482045,-0.14064731080437864
2020-03-25,1.0,0.0,0.8932272836828151,-0.11803902903379337
2020-03-26,1.0,0.0,0.8876837792239094,-0.1235126130414087
2020-03-27,1.0,0.0,0.8917811520848399,-0.11946692051404062
2020-03-30,1.0,0.0,0.8835864063629791,-0.12755830556877656
2020-03-31,1.0,0.0,0.8843094721619669,-0.12684435982865283
2020-04-01,1.0,0.0,0.8852735598939504,-0.12589243217515456
2020-04-02,1.0,0.0,0.8973246565437456,-0.11399333650642529
2020-04-03,1.0,0.0,0.8910580862858521,-0.12018086625416446
2020-04-07,1.0,0.0,0.9110629067245121,-0.10042836744407402
2020-04-08,1.0,0.0,0.9074475777295736,-0.10399809614469269
2020-04-09,1.0,0.0,0.9100988189925284,-0.1013802950975724
2020-04-10,1.0,0.0,0.9072065557965775,-0.10423607805806745
2020-04-13,1.0,0.0,0.9021450952036636,-0.1092336982389337
2020-04-14,1.0,0.0,0.9170884550494096,-0.09447881960970939
2020-04-15,1.0,0.0,0.9117859725234997,-0.09971442170395028
2020-04-16,1.0,0.0,0.9122680163894915,-0.0992384578772012
2020-04-17,1.0,0.0,0.9204627621113523,-0.09114707282246526
2020-04-20,1.0,0.0,0.9243191130392867,-0.08733936220847194
2020-04-21,1.0,0.0,0.9146782357194506,-0.09685863874345524
2020-04-22,1.0,0.0,0.9228729814413114,-0.0887672536887193
2020-04-23,1.0,0.0,0.92118582791034,-0.09043312708234152
2020-04-24,1.0,0.0,0.9134731260544711,-0.09804854831032817
2020-04-27,1.0,0.0,0.9175704989154013,-0.09400285578296041
2020-04-28,1.0,0.0,0.923355025307303,-0.08829128986197043
2020-04-29,1.0,0.0,0.928175463967221,-0.08353165159447873
2020-04-30,1.0,0.0,0.9419137141479874,-0.06996668253212746
2020-05-06,1.0,0.0,0.9443239334779464,-0.06758686339838171
2020-05-07,1.0,0.0,0.9426367799469751,-0.06925273679200372
2020-05-08,1.0,0.0,0.952759701132803,-0.05925749643027134
2020-05-11,1.0,0.0,0.9510725476018317,-0.06092336982389335
2020-05-12,1.0,0.0,0.9508315256688357,-0.061161351737268
2020-05-13,1.0,0.0,0.9530007230657989,-0.05901951451689669
2020-05-14,1.0,0.0,0.945046999276934,-0.06687291765825798
2020-05-15,1.0,0.0,0.940467582550012,-0.07139457401237503
2020-05-18,1.0,0.0,0.9433598457459628,-0.0685387910518801
2020-05-19,1.0,0.0,0.9503494818028438,-0.06163731556401719
2020-05-20,1.0,0.0,0.9464931308749094,-0.06544502617801062
2020-05-21,1.0,0.0,0.9402265606170159,-0.0716325559257498
2020-05-22,1.0,0.0,0.9194986743793683,-0.09209900047596398
2020-05-25,1.0,0.0,0.9199807182453602,-0.09162303664921467
2020-05-26,1.0,0.0,0.9310677271631717,-0.0806758686339839
2020-05-27,1.0,0.0,0.9267293323692454,-0.08495954307472642
2020-05-28,1.0,0.0,0.9279344420342248,-0.0837696335078536
2020-05-29,1.0,0.0,0.9317907929621594,-0.07996192289386017
2020-06-01,1.0,0.0,0.9563750301277413,-0.05568776772965278
2020-06-02,1.0,0.0,0.9590262713906962,-0.05306996668253239
2020-06-03,1.0,0.0,0.9587852494577004,-0.05330794859590682
2020-06-04,1.0,0.0,0.9592672933236922,-0.052831984769157625
2020-06-05,1.0,0.0,0.9648107977825979,-0.047358400761542296
2020-06-08,1.0,0.0,0.9693902145095201,-0.04283674440742513
2020-06-09,1.0,0.0,0.9758978067004096,-0.036411232746311306
2020-06-10,1.0,0.0,0.9737286093034464,-0.03855306996668262
2020-06-11,1.0,0.0,0.964810797782598,-0.047358400761542185
2020-06-12,1.0,0.0,0.9672210171125569,-0.04497858162779644
2020-06-15,1.0,0.0,0.9534827669317905,-0.058543550690147717
2020-06-16,1.0,0.0,0.9684261267775363,-0.04378867206092374
2020-06-17,1.0,0.0,0.9693902145095199,-0.04283674440742535
2020-06-18,1.0,0.0,0.9768618944323928,-0.035459305092813365
2020-06-19,1.0,0.0,0.9893950349481798,-0.023084245597334907
2020-06-22,1.0,0.0,0.9903591226801634,-0.022132317943836632
2020-06-23,1.0,0.0,0.9949385394070854,-0.01761066158971969
2020-06-24,1.0,0.0,1.0036153289949377,-0.009043312708234885
2020-06-29,1.0,0.0,0.9949385394070852,-0.01761066158971991
2020-06-30,1.0,0.0,1.0069896360568802,-0.005711565920990869
2020-07-01,1.0,0.0,1.0296456977584951,0.0
2020-07-02,1.0,0.0,1.0532658471920935,0.0
2020-07-03,1.0,0.0,1.074234755362737,0.0
2020-07-06,1.0,0.0,1.153048927452397,0.0
2020-07-07,1.0,0.0,1.1414798746685937,-0.010033444816053505
2020-07-08,1.0,0.0,1.1564232345143397,0.0
2020-07-09,1.0,0.0,1.1742588575560364,0.0
2020-07-10,1.0,0.0,1.153289949385393,-0.017857142857142794
2020-07-13,1.0,0.0,1.1773921426849832,0.0
2020-07-14,1.0,0.0,1.1670281995661593,-0.008802456499488298
2020-07-15,1.0,0.0,1.153048927452397,-0.020675537359263085
2020-07-16,1.0,0.0,1.0980959267293313,-0.06734902763561923
2020-07-17,1.0,0.0,1.1099060014461306,-0.057318321392016314
2020-07-20,1.0,0.0,1.1393106772716306,-0.03234390992835212
2020-07-21,1.0,0.0,1.1422029404675815,-0.029887410440122775
2020-07-22,1.0,0.0,1.1549771029163645,-0.019037871033776632
2020-07-23,1.0,0.0,1.148710532658471,-0.024360286591606717
2020-07-24,1.0,0.0,1.0976138828633397,-0.06775844421699062
2020-07-27,1.0,0.0,1.1043624969872248,-0.062026612077789145
2020-07-28,1.0,0.0,1.1127982646420813,-0.05486182190378708
2020-07-29,1.0,0.0,1.1446131597975404,-0.027840327533265152
2020-07-30,1.0,0.0,1.1361773921426839,-0.03500511770726711
2020-07-31,1.0,0.0,1.1448541817305362,-0.0276356192425794
2020-08-03,1.0,0.0,1.162930826705229,-0.0122824974411464
2020-08-04,1.0,0.0,1.1638949144372124,-0.011463664278403507
2020-08-05,1.0,0.0,1.1643769583032044,-0.011054247697031783
2020-08-06,1.0,0.0,1.160038563509278,-0.014738996929375747
2020-08-07,1.0,0.0,1.1484695107254748,-0.0245649948822928
2020-08-10,1.0,0.0,1.1523258616534093,-0.02128966223132034
2020-08-11,1.0,0.0,1.1409978308026019,-0.030910951893551752
2020-08-12,1.0,0.0,1.133285128946733,-0.037461617195496455
2020-08-13,1.0,0.0,1.1296697999517944,-0.040532241555783055
2020-08-14,1.0,0.0,1.1516027958544215,-0.021903787103377814
2020-08-17,1.0,0.0,1.1754639672210159,-0.0016376663254862311
2020-08-18,1.0,0.0,1.1737768136900446,-0.0030706243602866
2020-08-19,1.0,0.0,1.1554591467823558,-0.018628454452405463
2020-08-20,1.0,0.0,1.143167028199565,-0.02906857727737977
2020-08-21,1.0,0.0,1.1528079055194012,-0.020880245649948836
2020-08-24,1.0,0.0,1.1600385635092783,-0.014738996929375636
2020-08-25,1.0,0.0,1.1622077609062416,-0.012896622313203432
2020-08-26,1.0,0.0,1.1479874668594832,-0.024974411463664192
2020-08-27,1.0,0.0,1.1566642564473357,-0.017604912998976263
2020-08-28,1.0,0.0,1.185104844540852,0.0
2020-08-31,1.0,0.0,1.1747409014220282,-0.008745169818995313
2020-09-01,1.0,0.0,1.182935647143889,-0.0018303843807199183
2020-09-02,1.0,0.0,1.1819715594119053,-0.002643888549928808
2020-09-03,1.0,0.0,1.1771511207519874,-0.006711409395973145
2020-09-04,1.0,0.0,1.1638949144372126,-0.017897091722595126
2020-09-07,1.0,0.0,1.1405157869366103,-0.03762456782590995
2020-09-08,1.0,0.0,1.146300313328512,-0.032743542810656834
2020-09-09,1.0,0.0,1.1195468787659666,-0.05531828350620305
2020-09-10,1.0,0.0,1.1205109664979505,-0.054504779336993936
2020-09-11,1.0,0.0,1.129187756085803,-0.04718324181411404
2020-09-14,1.0,0.0,1.1356953482766925,-0.041692088671954064
2020-09-15,1.0,0.0,1.1441311159315493,-0.03457392719137631
2020-09-16,1.0,0.0,1.137382501807664,-0.040268456375838424
2020-09-17,1.0,0.0,1.130392865750783,-0.04616636160260268
2020-09-18,1.0,0.0,1.1595565196432869,-0.02155786048403463
2020-09-21,1.0,0.0,1.1463003133285123,-0.03274354281065639
2020-09-22,1.0,0.0,1.1325620631477458,-0.04433597722188287
2020-09-23,1.0,0.0,1.1359363702096885,-0.041488712629651814
2020-09-24,1.0,0.0,1.117377681369004,-0.05714866788692252
2020-09-25,1.0,0.0,1.1181007471679918,-0.05653853976001577
2020-09-28,1.0,0.0,1.120510966497951,-0.05450477933699349
2020-09-29,1.0,0.0,1.1231622077609058,-0.052267642871669184
2020-09-30,1.0,0.0,1.119787900698963,-0.05511490746390035
2020-10-09,1.0,0.0,1.142202940467582,-0.0362009355297942
2020-10-12,1.0,0.0,1.1778741865509756,-0.00610128126906595
2020-10-13,1.0,0.0,1.18173053747891,-0.002847264592230614
2020-10-14,1.0,0.0,1.1759460110870084,-0.007728289607483729
2020-10-15,1.0,0.0,1.1730537478910577,-0.010168802115110287
2020-10-16,1.0,0.0,1.169679440829115,-0.013016066707341345
2020-10-19,1.0,0.0,1.162207760906242,-0.01932072401870999
2020-10-20,1.0,0.0,1.169438418896119,-0.013219442749643484
2020-10-21,1.0,0.0,1.1708845504940943,-0.011999186495830316
2020-10-22,1.0,0.0,1.1670281995661598,-0.015253203172665986
2020-10-23,1.0,0.0,1.1535309713183892,-0.026642261541590107
2020-10-26,1.0,0.0,1.1448541817305369,-0.03396379906446978
2020-10-27,1.0,0.0,1.1482284887924794,-0.031116534472238833
2020-10-28,1.0,0.0,1.1578693661123154,-0.02298149278015027
2020-10-29,1.0,0.0,1.168474331164135,-0.014032946918852818
2020-10-30,1.0,0.0,1.146541335261508,-0.03254016676835447
2020-11-02,1.0,0.0,1.1532899493853932,-0.026845637583892468
2020-11-03,1.0,0.0,1.1655820679681843,-0.016473459426479264
2020-11-04,1.0,0.0,1.1744998794890327,-0.00894854586129723
2020-11-05,1.0,0.0,1.1928175463967212,0.0
2020-11-06,1.0,0.0,1.1932995902627128,0.0
2020-11-09,1.0,0.0,1.2166787177633154,0.0
2020-11-10,1.0,0.0,1.210171125572426,-0.00534865293185427
2020-11-11,1.0,0.0,1.1988430947216184,-0.014659270998415352
2020-11-12,1.0,0.0,1.1981200289226306,-0.015253565768621469
2020-11-13,1.0,0.0,1.1858279103398395,-0.025356576862123892
2020-11-16,1.0,0.0,1.1986020727886222,-0.01485736925515102
2020-11-17,1.0,0.0,1.196432875391659,-0.016640253565769036
2020-11-18,1.0,0.0,1.1947457218606876,-0.018026941362916493
2020-11-19,1.0,0.0,1.2048686430465154,-0.009706814580032308
2020-11-20,1.0,0.0,1.208483972041454,-0.0067353407290021705
2020-11-23,1.0,0.0,1.2224632441552161,0.0
2020-11-24,1.0,0.0,1.2147505422993472,-0.006309148264984299
2020-11-25,1.0,0.0,1.1998071824536012,-0.018533123028391274
2020-11-26,1.0,0.0,1.2014943359845727,-0.017152996845425816
2020-11-27,1.0,0.0,1.2186068932272818,-0.003154574132492094
2020-11-30,1.0,0.0,1.2125813449023841,-0.008083596214511046
2020-12-01,1.0376432078559739,0.0,1.2393347794649294,0.0
2020-12-02,1.0351882160392798,-0.0023659305993691815,1.2366835382019745,-0.0021392454297938235
2020-12-03,1.0368248772504092,-0.0007886435331230235,1.2362014943359825,-0.0025281991443020235
2020-12-04,1.021276595744681,-0.01577287066246047,1.2388527355989376,-0.000388953714507978
2020-12-07,1.000818330605565,-0.03548895899053606,1.228247770547118,-0.008945935433683383
2020-12-08,1.0032733224222588,-0.0331230283911671,1.2243914196191834,-0.012057565149747207
2020-12-09,0.9713584288052375,-0.06388012618296512,1.2099301036394292,-0.023726176584986547
2020-12-10,0.9664484451718496,-0.06861198738170338,1.20751988430947,-0.025670945157526437
2020-12-11,0.9549918166939445,-0.0796529968454257,1.1940226560616995,-0.03656164916374971
2020-12-14,0.9541734860883798,-0.08044164037854884,1.2046276211135192,-0.028004667444574305
2020-12-15,0.9566284779050738,-0.07807570977917977,1.2082429501084577,-0.025087514585764525
2020-12-16,0.9459901800327333,-0.08832807570977919,1.2106531694384166,-0.023142746013224746
2020-12-17,0.9713584288052374,-0.06388012618296524,1.2277657266811257,-0.009334889148191694
2020-12-18,0.9599018003273323,-0.07492113564668768,1.2207760906242446,-0.014974718008557208
2020-12-21,0.969721767594108,-0.0654574132492114,1.23162207760906,-0.006223259432127981
2020-12-22,0.9288052373158756,-0.10488958990536279,1.2130633887683755,-0.02119797744068508
2020-12-23,0.9361702127659575,-0.09779179810725558,1.2229452880212073,-0.013224426293271696
2020-12-24,0.9271685761047463,-0.10646687697160884,1.2229452880212073,-0.013224426293271696
2020-12-25,0.9386252045826515,-0.0954258675078864,1.233068209207035,-0.00505639828860438
2020-12-28,0.9337152209492636,-0.10015772870662454,1.2364425162689778,-0.002333722287048423
2020-12-29,0.9386252045826515,-0.0954258675078864,1.2325861653410433,-0.005445352003112358
2020-12-30,0.9566284779050738,-0.07807570977917977,1.2480115690527809,0.0
2020-12-31,1.0,-0.0362776025236593,1.2742829597493344,0.0
2021-01-04,1.038381018841591,0.0,1.2856109906001416,0.0
2021-01-05,1.0425680390788556,0.0,1.309472161966736,0.0
2021-01-06,1.0478018143754364,0.0,1.321282236683535,0.0
2021-01-07,1.066294487090021,0.0,1.3494818028440556,0.0
2021-01-08,1.0593161200279135,-0.006544502617801151,1.3427331887201701,-0.0050008930166103305
2021-01-11,1.042916957431961,-0.021924083769633507,1.3275488069414283,-0.01625290230398302
2021-01-12,1.0732728541521286,0.0,1.3661123162207724,0.0
2021-01-13,1.0554780181437544,-0.016579973992197794,1.3608098336948626,-0.003881439661256203
2021-01-14,1.0422191207257503,-0.0289336801040313,1.3359845745962848,-0.02205363443895547
2021-01-15,1.0432658757850664,-0.027958387516255012,1.3318872017353545,-0.02505292872265341
2021-01-18,1.0628053035589673,-0.009752925877763441,1.3287539166064077,-0.02734650670430483
2021-01-19,1.0383810188415912,-0.03250975292587788,1.310677271631715,-0.04057868736767822
2021-01-20,1.080251221214236,0.0,1.317907929621592,-0.035285815102328866
2021-01-21,1.108164689462666,0.0,1.3405639913232068,-0.01870148200423427
2021-01-22,1.1308443824145151,0.0,1.3412870571221946,-0.01817219477769927
2021-01-25,1.1311933007676205,0.0,1.3571945046999243,-0.00652787579393066
2021-01-26,1.0997906489881368,-0.02776064157927205,1.3282718727404161,-0.02769936485532798
2021-01-27,1.104675505931612,-0.02344231955582976,1.330682092070375,-0.025935074100211564
2021-01-28,1.0666434054431264,-0.057063541024059194,1.2979031091829323,-0.0499294283697953
2021-01-29,1.0568736915561758,-0.065700185070944,1.288985297662084,-0.056457304163726074
2021-02-01,1.0821512135908098,-0.04335429421614423,1.3041696794408257,-0.04534227240649247
2021-02-02,1.1053792068118247,-0.022820232349571534,1.323451434080498,-0.03122794636556092
2021-02-03,1.1108446169814752,-0.017988688380966233,1.3220053024825227,-0.032286520818630704
2021-02-04,1.0985474440997616,-0.028859662310328105,1.3193540612195678,-0.03422724064925875
2021-02-05,1.1309983169820617,-0.00017236999673397868,1.3212822366835348,-0.032815808045165706
2021-02-08,1.1634491898643617,0.0,1.3386358158592397,-0.020112914608327315
2021-02-09,1.1863355949497734,0.0,1.3718968426126743,0.0
2021-02-10,1.2160537627472483,0.0,1.399614364907203,0.0
2021-02-18,1.1603748966439331,-0.04578651685393276,1.3892504217883792,-0.007404856208024779
2021-02-19,1.1596917203727268,-0.046348314606741714,1.3969631236442481,-0.0018942655415877807
2021-02-22,1.0988890322353644,-0.09634831460674176,1.3470715835140965,-0.03754089891510237
2021-02-23,1.0971810915573486,-0.09775280898876415,1.3434562545191577,-0.04012398828999497
2021-02-24,1.0479924000304934,-0.13820224719101148,1.30802603036876,-0.06543826416394016
2021-02-25,1.0507251051153186,-0.13595505617977566,1.3203181489515512,-0.05665576028930608
2021-02-26,1.0339872864707638,-0.14971910112359588,1.2844058809351617,-0.08231444807990362
2021-03-01,1.047711046435298,-0.13843361327351078,1.305856832971797,-0.06698811778887559
2021-03-02,1.0418294350219262,-0.14327025092354728,1.2892263195950797,-0.07887032891338053
2021-03-03,1.067316417813204,-0.12231148777338952,1.3145336225596493,-0.060788703289133994
2021-03-04,1.0657479881029714,-0.12360125781339926,1.2742829597493337,-0.08954709832960239
2021-03-05,1.054768980131344,-0.13262964809346722,1.2692214991564197,-0.09316342345445183
2021-03-08,1.0504557984282046,-0.1361765157034941,1.2243914196191819,-0.1251937317031172
2021-03-09,1.0461426167250654,-0.13972338331352074,1.2000482043865959,-0.14258653349405914
2021-03-10,1.0402610053116936,-0.14456002096355702,1.2051096649795099,-0.1389702083692097
2021-03-11,1.0586900544069253,-0.12940522299344293,1.236201494335981,-0.11675563974513559
2021-03-12,1.0692769549509944,-0.12069927522337753,1.2393347794649279,-0.11451696228689534
2021-03-15,1.0790796406399474,-0.11263821247331673,1.2147505422993459,-0.1320819700361635
2021-03-16,1.0802559629226218,-0.11167088494330946,1.2227042660882106,-0.12639917341140028
2021-03-17,1.0747664589368082,-0.11618508008334338,1.2282477705471162,-0.1224384363698987
2021-03-18,1.0747664589368082,-0.11618508008334338,1.2378886478669522,-0.11555019803685251
2021-03-19,1.0681006326683202,-0.12166660275338459,1.2043865991805218,-0.1394868262441885
2021-03-22,1.0782954257848314,-0.11328309749332144,1.2181248493612882,-0.12967108661959748
2021-03-23,1.0700611698061109,-0.12005439020337239,1.2072788623764728,-0.1374203547442745
2021-03-24,1.051240013283321,-0.13553163068348906,1.188961195468784,-0.15050800757706262
2021-03-25,1.0520242281384373,-0.13488674566348413,1.1879971077368006,-0.1511968314103671
2021-03-26,1.064571665820297,-0.12456858534340653,1.2130633887683744,-0.1332874117444467
2021-03-29,1.0786875332123893,-0.1129606549833192,1.2154736080983333,-0.13156535216118526
2021-03-30,1.0782954257848312,-0.11328309749332166,1.226078573150153,-0.12398828999483436
2021-03-31,1.0755506737919243,-0.11554019506333868,1.2171607616293045,-0.13035991045290218
2021-04-01,1.0971510682101833,-0.09777749814979064,1.2321041214750506,-0.11968314103668032
2021-04-02,1.1053443212653848,-0.09103992345844492,1.2439141961918496,-0.11124504907869859
2021-04-06,1.086723291594472,-0.10635259321150348,1.2371655820679646,-0.11606681591183088
2021-04-07,1.08076456209978,-0.11125264753248221,1.228729814413108,-0.12209402445324646
2021-04-08,1.1023649565180387,-0.09348995061893439,1.231381055676063,-0.12019975891165868
2021-04-09,1.0818818238800345,-0.11033388734729888,1.214268498433354,-0.13242638195281575
2021-04-12,1.0509709146263193,-0.13575291913737597,1.1940226560616982,-0.14689168245221318
2021-04-13,1.0610262706486122,-0.12748407747072443,1.192335502530727,-0.14809712416049625
2021-04-14,1.0610262706486122,-0.12748407747072443,1.1990841166546122,-0.14327535732736374
2021-04-15,1.052088176406574,-0.13483415895219264,1.1923355025307272,-0.14809712416049603
2021-04-16,1.0461294469118818,-0.13973421327317137,1.1961918534586615,-0.14534182882727753
2021-04-19,1.0774127767590151,-0.1140089280880332,1.2265606170161452,-0.12364387807818167
2021-04-20,1.080019720912943,-0.11186515432260491,1.2246324415521779,-0.12502152574479097
2021-04-21,1.103482218298293,-0.09257119043375117,1.2275247047481286,-0.12295505424487718
2021-04-22,1.1038546388917112,-0.0922649370386901,1.2265606170161452,-0.12364387807818167
2021-04-23,1.1291792392441526,-0.07143970617453055,1.238852735598936,-0.1148613742035477
2021-04-26,1.123965350936297,-0.07572725370538691,1.2234273318871982,-0.12588255553642191
2021-04-27,1.1537589984097576,-0.05122698210049326,1.226560617016145,-0.12364387807818178
2021-04-28,1.177593916388526,-0.03162676481657822,1.235719450469989,-0.11710005166178794
2021-04-29,1.173124869267507,-0.03530180555731233,1.2468064593878008,-0.10917857757878446
2021-04-30,1.1924907401252562,-0.019376629014131508,1.2359604724029851,-0.11692784570346171
2021-05-06,1.1399794364532823,-0.06255835771775642,1.2198120028922597,-0.1284656449113143
2021-05-07,1.1116754713534949,-0.08583361574240533,1.2051096649795097,-0.13897020836920992
2021-05-10,1.133648286365172,-0.06776466543379622,1.2048686430465136,-0.13914241432753616
2021-05-11,1.1556211013768491,-0.04969571512518711,1.2111352133044073,-0.1346650594110559
2021-05-12,1.1727524486740888,-0.0356080589523734,1.21860689322728,-0.12932667470294512
2021-05-13,1.1794560193556172,-0.030095497841272523,1.2053506869125055,-0.1387980024108838
2021-05-14,1.2073875638619864,-0.007126493211684681,1.235719450469989,-0.11710005166178794
2021-05-17,1.233084584807846,0.0,1.2504217883827393,-0.10659548820389209
2021-05-18,1.2222843875987166,-0.008758683177287785,1.2509038322487314,-0.10625107628723962
2021-05-19,1.218560181664534,-0.011778918755662948,1.2475295251867886,-0.10866195970380588
2021-05-20,1.2140911345435148,-0.015403201449713189,1.2509038322487314,-0.10625107628723962
2021-05-21,1.1969597872462752,-0.02929628511023863,1.2376476259339566,-0.11572240399517841
2021-05-24,1.190628637158165,-0.034430685593476174,1.244396240057842,-0.11090063716204579
2021-05-25,1.2263810141263176,-0.0054364240410750275,1.28392383706917,-0.08265885999655598
2021-05-26,1.2248913317526446,-0.006644518272425071,1.284164859002166,-0.08248665403822975
2021-05-27,1.234201846588101,0.0,1.2887442757290881,-0.07921474083003266
2021-05-28,1.209622087422496,-0.01991550995775504,1.2851289467341496,-0.08179783020492515
2021-05-31,1.2274982759065722,-0.005431502715751546,1.286575078332125,-0.08076459445496809
2021-06-01,1.2201111247978065,-0.011416869800711882,1.2885032537960923,-0.07938694678835878
2021-06-02,1.2114927818375798,-0.01839979806649905,1.2781393106772685,-0.08679180299638367
2021-06-03,1.1917937122142046,-0.03436077695972661,1.2682574114244365,-0.0938522472877561
2021-06-04,1.209030398134658,-0.020394920428152385,1.2762111352133012,-0.08816945066299298
2021-06-07,1.1893313285112825,-0.03635589932138017,1.2747650036153257,-0.08920268641294993
2021-06-08,1.178250601848134,-0.04533394994882067,1.264642082429498,-0.09643533666264847
2021-06-09,1.1844065611054388,-0.04034614404468695,1.2665702578934652,-0.09505768899603917
2021-06-10,1.234885427015338,0.0,1.274765003615326,-0.08920268641294982
2021-06-11,1.2570468803416353,0.0,1.262954928898527,-0.09764077837093144
2021-06-15,1.2447349618270258,-0.009794319294808895,1.2487346348517685,-0.10780092991217483
2021-06-16,1.180712985551056,-0.06072477962781586,1.2316220776090596,-0.120027552953332
2021-06-17,1.2016432470258924,-0.04407443682664047,1.2342733188720145,-0.11813328741174423
2021-06-18,1.2447349618270258,-0.009794319294808895,1.235478428536994,-0.11727225762011351
2021-06-21,1.2619716477474792,0.0,1.2337912750060225,-0.11847769932839669
2021-06-22,1.265665223301862,0.0,1.240057845263916,-0.11400034441191664
2021-06-23,1.2939826358854638,0.0,1.247529525186789,-0.10866195970380566
2021-06-24,1.3038321706971514,0.0,1.2506628103157358,-0.10642328224556552
2021-06-25,1.322300048469066,0.0,1.2701855868884038,-0.09247459962114679
2021-06-28,1.343230309943902,0.0,1.2723547842853669,-0.09092474599621136
2021-06-29,1.3616981877158165,0.0,1.2593395999035881,-0.10022386774582392
2021-06-30,1.3900156002994184,0.0,1.266811279826461,-0.09488548303771316
2021-07-01,1.3555422284585117,-0.024800708591674048,1.266329235960469,-0.09522989495436562
2021-07-02,1.345692693646824,-0.03188662533215225,1.232345143408047,-0.11951093507835375
2021-07-05,1.3740101062304262,-0.011514614703277082,1.234032296939018,-0.11830549337007079
2021-07-06,1.3592358040128947,-0.02214348981399461,1.235719450469989,-0.11710005166178794
2021-07-07,1.4429568499122394,0.0,1.2484936129187718,-0.10797313587050161
2021-07-08,1.481123797307529,0.0,1.2378886478669522,-0.11555019803685251
2021-07-09,1.4983604832279827,0.0,1.2321041214750506,-0.11968314103668032
2021-07-12,1.5537641165437255,0.0,1.2484936129187718,-0.10797313587050161
2021-07-13,1.5574576920981082,0.0,1.2523499638467062,-0.10521784053728311
2021-07-14,1.5057476343367484,-0.03320158102766779,1.2386117136659398,-0.11503358016187404
2021-07-15,1.5562265002466473,-0.0007905138339920903,1.255001205109661,-0.10332357499569544
2021-07-16,1.5119035935940528,-0.029249011857707563,1.24270908652687,-0.11210607887032953
2021-07-19,1.486048564713373,-0.04584980237154146,1.24801156905278,-0.10831754778715397
2021-07-20,1.506978826188209,-0.032411067193675924,1.2448782839238333,-0.11055622524539399
2021-07-21,1.5808503372758664,0.0,1.2542781393106732,-0.10384019287067392
2021-07-22,1.6091677498594685,0.0,1.2554832489756527,-0.1029791630790432
2021-07-23,1.596855831344859,-0.007651109410864554,1.242950108459866,-0.1119338729120033
2021-07-26,1.5882374883846324,-0.013006885998469664,1.2007712701855833,-0.1420699156190809
2021-07-27,1.488510948416295,-0.07498087222647276,1.1590744757772922,-0.17186154640950624
2021-07-28,1.48235498915899,-0.0788064269319052,1.161484695107251,-0.1701394868262448
2021-07-29,1.5894686802360931,-0.012241775057383442,1.1824536032778945,-0.155157568451869
2021-07-30,1.6116301335623904,0.0,1.1742588575560338,-0.16101257103495847
2021-08-02,1.6116301335623904,0.0,1.203422511448538,-0.14017565007749333
2021-08-03,1.6116301335623904,0.0,1.2039045553145298,-0.13983123816084098
2021-08-04,1.6116301335623904,0.0,1.2145095203663494,-0.13225417599449008
2021-08-05,1.6116301335623904,0.0,1.2072788623764725,-0.1374203547442746
2021-08-06,1.6116301335623904,0.0,1.2034225114485382,-0.1401756500774931
2021-08-09,1.6116301335623904,0.0,1.2166787177633127,-0.13070432236955443
2021-08-10,1.6116301335623904,0.0,1.2304169679440793,-0.12088858274496339
2021-08-11,1.6116301335623904,0.0,1.2239093757531898,-0.12553814361976967
2021-08-12,1.6116301335623904,0.0,1.216196673897321,-0.13104873428620678
2021-08-13,1.6116301335623904,0.0,1.2096890817064314,-0.13569829516101317
2021-08-16,1.6116301335623904,0.0,1.2089660159074438,-0.13621491303599154
2021-08-17,1.6116301335623904,0.0,1.181971559411903,-0.15550198036852114
2021-08-18,1.6116301335623904,0.0,1.1947457218606856,-0.14637506457723493
2021-08-19,1.6116301335623904,0.0,1.1865509761388249,-0.15223006716032428
2021-08-20,1.6116301335623904,0.0,1.1648590021691938,-0.16772860340967843
2021-08-23,1.6116301335623904,0.0,1.1822125813448987,-0.15532977441019513
2021-08-24,1.6116301335623904,0.0,1.1947457218606854,-0.14637506457723504
2021-08-25,1.6116301335623904,0.0,1.198120028922628,-0.1439641811606689
2021-08-26,1.6116301335623904,0.0,1.1776331646179763,-0.15860168761839233
2021-08-27,1.6116301335623904,0.0,1.1807664497469228,-0.15636301016015242
2021-08-30,1.6116301335623904,0.0,1.1764280549529966,-0.15946271741002316
2021-08-31,1.6116301335623904,0.0,1.1759460110870048,-0.1598071293266755
2021-09-01,1.6116301335623904,0.0,1.1928175463967179,-0.14775271224384445
2021-09-02,1.6116301335623904,0.0,1.1918534586647345,-0.14844153607714905
2021-09-03,1.6116301335623904,0.0,1.1853458664738452,-0.15309109695195522
2021-09-06,1.6116301335623904,0.0,1.2055917088455008,-0.13862579645255801
2021-09-07,1.6116301335623904,0.0,1.2207760906242426,-0.12777682107801003
2021-09-08,1.6116301335623904,0.0,1.2157146300313284,-0.13139314620285958
2021-09-09,1.6116301335623904,0.0,1.2152325861653366,-0.13173755811951193
2021-09-10,1.6116301335623904,0.0,1.2270426608821359,-0.12329946616153009
2021-09-13,1.6116301335623904,0.0,1.2205350686912464,-0.12794902703633648
2021-09-14,1.6116301335623904,0.0,1.204627621113517,-0.13931462028586283
2021-09-15,1.6116301335623904,0.0,1.1918534586647342,-0.14844153607714916
2021-09-16,1.6116301335623904,0.0,1.1783562304169637,-0.15808506974341408
2021-09-17,1.6116301335623904,0.0,1.1877560858038037,-0.151369037368694
2021-09-22,1.6116301335623904,0.0,1.179802362014939,-0.15705183399345723
2021-09-23,1.6116301335623904,0.0,1.1867919980718202,-0.1520578612019985
2021-09-24,1.6116301335623904,0.0,1.1884791516027913,-0.15085241949371564
2021-09-27,1.6116301335623904,0.0,1.1961918534586602,-0.14534182882727853
2021-09-28,1.6116301335623904,0.0,1.194022656061697,-0.14689168245221396
2021-09-29,1.6116301335623904,0.0,1.1860689322728324,-0.15257447907697708
2021-09-30,1.6116301335623904,0.0,1.189443239334775,-0.15016359566041093
2021-10-08,1.6116301335623904,0.0,1.206555796577484,-0.13793697261925375
2021-10-11,1.6116301335623904,0.0,1.206314774644488,-0.13810917857757998
2021-10-12,1.6116301335623904,0.0,1.1937816341287013,-0.14706388841053997
2021-10-13,1.6116301335623904,0.0,1.2072788623764719,-0.13742035474427516
2021-10-14,1.6116301335623904,0.0,1.2007712701855826,-0.14206991561908133
2021-10-15,1.6116301335623904,0.0,1.2065557965774842,-0.13793697261925353
2021-10-18,1.6116301335623904,0.0,1.192576524463722,-0.14792491820217057
2021-10-19,1.6116301335623904,0.0,1.2039045553145293,-0.1398312381608413
2021-10-20,1.6116301335623904,0.0,1.2005302482525866,-0.14224212157740757
2021-10-21,1.6116301335623904,0.0,1.2058327307784964,-0.13845359049423211
2021-10-22,1.6116301335623904,0.0,1.2137864545673611,-0.13277079386946888
2021-10-25,1.6116301335623904,0.0,1.2178838274282915,-0.12984329257792426
2021-10-26,1.6116301335623904,0.0,1.2137864545673611,-0.13277079386946888
2021-10-27,1.6116301335623904,0.0,1.1978790069896317,-0.14413638711899535
2021-10-28,1.6116301335623904,0.0,1.1928175463967177,-0.14775271224384467
2021-10-29,1.6116301335623904,0.0,1.2005302482525864,-0.14224212157740768
2021-11-01,1.6116301335623904,0.0,1.1966738973246518,-0.1449974169106264
2021-11-02,1.6116301335623904,0.0,1.184140756808865,-0.15395212674358638
2021-11-03,1.6116301335623904,0.0,1.1793203181489469,-0.1573962459101097
2021-11-04,1.6116301335623904,0.0,1.1906483489997544,-0.1493025658687802
2021-11-05,1.6116301335623904,0.0,1.186550976138824,-0.15223006716032494
2021-11-08,1.6116301335623904,0.0,1.1855868884068403,-0.15291889099362954
2021-11-09,1.6116301335623904,0.0,1.1851048445408485,-0.1532633029102819
2021-11-10,1.6116301335623904,0.0,1.179079296215951,-0.15756845186843582
2021-11-11,1.6116301335623904,0.0,1.198361050855623,-0.14379197520234333
2021-11-12,1.6116301335623904,0.0,1.197879006989631,-0.1441363871189958
2021-11-15,1.6116301335623904,0.0,1.1964328753916558,-0.14516962286895263
2021-11-16,1.6116301335623904,0.0,1.1954687876596721,-0.14585844670225723
2021-11-17,1.6116301335623904,0.0,1.195227765726676,-0.14603065266058346
2021-11-18,1.6116301335623904,0.0,1.1846228006748565,-0.15360771482693436
2021-11-19,1.6116301335623904,0.0,1.197879006989631,-0.1441363871189958
2021-11-22,1.6116301335623904,0.0,1.2010122921185777,-0.14189770966075577
2021-11-23,1.6116301335623904,0.0,1.2017353579175654,-0.1413810917857773
2021-11-24,1.6116301335623904,0.0,1.2043865991805205,-0.1394868262441894
2021-11-25,1.6116301335623904,0.0,1.1998071824535983,-0.14275873945238648
2021-11-26,1.6116301335623904,0.0,1.1896842612677705,-0.14999138970208503
2021-11-29,1.6116301335623904,0.0,1.1879971077367992,-0.1511968314103681
2021-11-30,1.6116301335623904,0.0,1.1836587129428728,-0.15429653866023907
2021-12-01,1.6116301335623904,0.0,1.1867919980718198,-0.15205786120199882
2021-12-02,1.6116301335623904,0.0,1.189202217401779,-0.15033580161873716
2021-12-03,1.6116301335623904,0.0,1.2000482043865945,-0.14258653349406003
2021-12-06,1.6116301335623904,0.0,1.198843094721615,-0.14344756328569075
2021-12-07,1.6116301335623904,0.0,1.2055917088455004,-0.13862579645255835
2021-12-08,1.6116301335623904,0.0,1.2229452880212053,-0.12622696745307505
2021-12-09,1.6116301335623904,0.0,1.243191130392861,-0.11176166695367773
2021-12-10,1.6116301335623904,0.0,1.2395758013979223,-0.11434475632857022
2021-12-13,1.6116301335623904,0.0,1.242709086526869,-0.1121060788703302
2021-12-14,1.6116301335623904,0.0,1.2352374066039962,-0.11744446357844107
2021-12-15,1.6116301335623904,0.0,1.2241503976861847,-0.12536593766144422
2021-12-16,1.6116301335623904,0.0,1.230657989877074,-0.12071637678663805
2021-12-17,1.6116301335623904,0.0,1.2130633887683733,-0.13328741174444747
2021-12-20,1.6116301335623904,0.0,1.1949867437936808,-0.14620285861890925
2021-12-21,1.6116301335623904,0.0,1.2000482043865945,-0.14258653349406003
2021-12-22,1.6116301335623904,0.0,1.2007712701855824,-0.14206991561908144
2021-12-23,1.6116301335623904,0.0,1.2099301036394265,-0.1355260892026876
2021-12-24,1.6116301335623904,0.0,1.204386599180521,-0.13948682624418907
2021-12-27,1.6116301335623904,0.0,1.2053506869125046,-0.13879800241088447
2021-12-28,1.6116301335623904,0.0,1.2116172571703978,-0.13432064749440453
2021-12-29,1.6116301335623904,0.0,1.1954687876596723,-0.14585844670225712
2021-12-30,1.6116301335623904,0.0,1.204145577247525,-0.1396590322025153
2021-12-31,1.6116301335623904,0.0,1.2070378404434756,-0.1375925607026015
2022-01-04,1.6116301335623904,0.0,1.2026994456495494,-0.14069226795247236
2022-01-05,1.6116301335623904,0.0,1.191371414798742,-0.14878594799380185
2022-01-06,1.6116301335623904,0.0,1.1778741865509714,-0.15842948166006665
2022-01-07,1.6116301335623904,0.0,1.1807664497469221,-0.15636301016015286
2022-01-10,1.6116301335623904,0.0,1.1838997348758686,-0.15412433270191295
2022-01-11,1.6116301335623904,0.0,1.173053747891053,-0.16187360082659008
2022-01-12,1.6116301335623904,0.0,1.1855868884068397,-0.1529188909936301
2022-01-13,1.6116301335623904,0.0,1.1660641118341717,-0.16686757361804883
2022-01-14,1.6116301335623904,0.0,1.155459146782352,-0.17444463578439973
2022-01-17,1.6116301335623904,0.0,1.1653410460351843,-0.16738419149302708
2022-01-18,1.6116301335623904,0.0,1.1764280549529957,-0.15946271741002382
2022-01-19,1.6116301335623904,0.0,1.1520848397204098,-0.17685551920096576
2022-01-20,1.6116301335623904,0.0,1.161243673174254,-0.1703116927845718
2022-01-21,1.6116301335623904,0.0,1.1530489274523934,-0.17616669536766105
2022-01-24,1.6116301335623904,0.0,1.1535309713183852,-0.1758222834510087
2022-01-25,1.6116301335623904,0.0,1.1279826464208196,-0.19407611503358146
2022-01-26,1.6116301335623904,0.0,1.1342492166787133,-0.1895987601171012
2022-01-27,1.6116301335623904,0.0,1.114726440106045,-0.20354744274152015
2022-01-28,1.6116301335623904,0.0,1.0976138828633362,-0.21577406578267722
2022-02-07,1.6116301335623904,0.0,1.114967462039041,-0.2033752367831939
2022-02-08,1.6116301335623904,0.0,1.109664979513131,-0.20716376786636947
2022-02-09,1.6116301335623904,0.0,1.119064834899971,-0.20044773549164951
2022-02-10,1.6116301335623904,0.0,1.116413593637016,-0.20234200103323718
2022-02-11,1.6116301335623904,0.0,1.1077368040491637,-0.20854141553297878
2022-02-14,1.6116301335623904,0.0,1.0959267293323645,-0.21697950749096062
2022-02-15,1.6116301335623904,0.0,1.1060496505181925,-0.20974685724126185
2022-02-16,1.6116301335623904,0.0,1.1111111111111063,-0.20613053211641263
2022-02-17,1.6116301335623904,0.0,1.1135213304410652,-0.2044084725331512
2022-02-18,1.6116301335623904,0.0,1.1193058568329668,-0.2002755295333234
2022-02-21,1.6116301335623904,0.0,1.1152084839720364,-0.20320303082486812
2022-02-22,1.6116301335623904,0.0,1.1007471679922824,-0.21353538832443753
2022-02-23,1.6116301335623904,0.0,1.112316220776086,-0.2052695023247818
2022-02-24,1.6116301335623904,0.0,1.0918293564714343,-0.21990700878250524
2022-02-25,1.6116301335623904,0.0,1.1002651241262908,-0.21387980024108966
2022-02-28,1.6116301335623904,0.0,1.101711255724266,-0.21284656449113282
2022-03-01,1.6116301335623904,0.0,1.1108700891781105,-0.20630273807473876
2022-03-02,1.6116301335623904,0.0,1.102434321523254,-0.21232994661615423
2022-03-03,1.6116301335623904,0.0,1.0954446854663729,-0.21732391940761275
2022-03-04,1.6116301335623904,0.0,1.0831525668835817,-0.22610642328224695
2022-03-07,1.6116301335623904,0.0,1.0474813208001885,-0.25159290511451815
2022-03-08,1.6116301335623904,0.0,1.0277175222945245,-0.2657137936972631
2022-03-09,1.6116301335623904,0.0,1.0180766449746883,-0.2726020320303095
2022-03-10,1.6116301335623904,0.0,1.0325379609544423,-0.2622696745307401
2022-03-11,1.6116301335623904,0.0,1.0392865750783278,-0.2574479076976076
2022-03-14,1.6116301335623904,0.0,1.0055435044589014,-0.28155674186326973
2022-03-15,1.6116301335623904,0.0,0.9575801397927171,-0.31582572757017513
2022-03-16,1.6116301335623904,0.0,0.999276934201008,-0.2860340967797498
2022-03-17,1.6116301335623904,0.0,1.019522776572664,-0.27156879628035246
2022-03-18,1.6116301335623904,0.0,1.0262713906965493,-0.26674702944721995
2022-03-21,1.6116301335623904,0.0,1.0248252590985738,-0.2677802651971769
2022-03-22,1.6116301335623904,0.0,1.0238611713665904,-0.2684690890304815
2022-03-23,1.6116301335623904,0.0,1.0298867196914878,-0.2641639400723276
2022-03-24,1.6116301335623904,0.0,1.0233791275005986,-0.26881350094713374
2022-03-25,1.6116301335623904,0.0,1.004820438659914,-0.282073359738248
2022-03-28,1.6116301335623904,0.0,0.9987948903350167,-0.2863785086964018
2022-03-29,1.6116301335623904,0.0,0.9944564955410905,-0.28947821594627265
2022-03-30,1.6116301335623904,0.0,1.0241021932995862,-0.2682968830721554
2022-03-31,1.6116301335623904,0.0,1.0166305133767133,-0.27363526778026626
2022-04-01,1.6116301335623904,0.0,1.0289226319595044,-0.26485276390563206
2022-04-06,1.6116301335623904,0.0,1.0260303687635535,-0.2669192354055461
2022-04-07,1.6116301335623904,0.0,1.0134972282477668,-0.27587394523850617
2022-04-08,1.6116301335623904,0.0,1.020245842371652,-0.27105217840537366
2022-04-11,1.6116301335623904,0.0,0.9884309472161932,-0.29378336490442636
2022-04-12,1.6116301335623904,0.0,1.0053024825259063,-0.2817289478215954
2022-04-13,1.6116301335623904,0.0,0.9975897806700375,-0.2872395384880324
2022-04-14,1.6116301335623904,0.0,1.008194745721857,-0.2796624763216816
2022-04-15,1.6116301335623904,0.0,1.0077127018558651,-0.28000688823833386
2022-04-18,1.6116301335623904,0.0,1.002892263195947,-0.2834510074048572
2022-04-19,1.6116301335623904,0.0,0.9963846710050578,-0.28810056827966335
2022-04-20,1.6116301335623904,0.0,0.9795131356953446,-0.3001549853624944
2022-04-21,1.6116301335623904,0.0,0.9631236442516233,-0.3118649905286731
2022-04-22,1.6116301335623904,0.0,0.9655338635815823,-0.31014293094541157
2022-04-25,1.6116301335623904,0.0,0.9190166305133732,-0.34337868090236
2022-04-26,1.6116301335623904,0.0,0.9117859725234961,-0.3485448596521449
2022-04-27,1.6116301335623904,0.0,0.9373342974210617,-0.3302910280695721
2022-04-28,1.6116301335623904,0.0,0.9436008676789551,-0.32581367315309206
2022-04-29,1.6116301335623904,0.0,0.9677030609785452,-0.30859307732047625
2022-05-05,1.6116301335623904,0.0,0.9640877319836068,-0.31117616669536863
2022-05-06,1.6116301335623904,0.0,0.9407086044830043,-0.32788014465300586
2022-05-09,1.6116301335623904,0.0,0.9329959026271355,-0.33339073531944297
2022-05-10,1.6116301335623904,0.0,0.9438418896119511,-0.3256414671947657
2022-05-11,1.6116301335623904,0.0,0.9570980959267258,-0.31617013948682704
2022-05-12,1.6116301335623904,0.0,0.9522776572668078,-0.31961425865335014
2022-05-13,1.6116301335623904,0.0,0.9597493371896808,-0.31427587394523926
2022-05-16,1.6116301335623904,0.0,0.9522776572668078,-0.31961425865335014
2022-05-17,1.6116301335623904,0.0,0.964087731983607,-0.3111761666953684
2022-05-18,1.6116301335623904,0.0,0.9607134249216644,-0.31358705011193455
2022-05-19,1.6116301335623904,0.0,0.9628826223186274,-0.31203719648699924
2022-05-20,1.6116301335623904,0.0,0.983128464690283,-0.29757189598760214
2022-05-23,1.6116301335623904,0.0,0.9754157628344142,-0.30308248665403914
2022-05-24,1.6116301335623904,0.0,0.9556519643287503,-0.317203375236784
2022-05-25,1.6116301335623904,0.0,0.9597493371896807,-0.31427587394523937
2022-05-26,1.6116301335623904,0.0,0.9621595565196397,-0.3125538143619777
2022-05-27,1.6116301335623904,0.0,0.9645697758495987,-0.31083175477871616
2022-05-30,1.6116301335623904,0.0,0.9701132803085045,-0.3068710177372145
2022-05-31,1.6116301335623904,0.0,0.9855386840202421,-0.2958498364043405
2022-06-01,1.6116301335623904,0.0,0.9840925524222667,-0.29688307215429743
2022-06-02,1.6116301335623904,0.0,0.9867437936852216,-0.29498880661270976
2022-06-06,1.6116301335623904,0.0,1.0065075921908855,-0.2808679180299648
2022-06-07,1.6116301335623904,0.0,1.007953723788861,-0.27983468228000785
2022-06-08,1.6116301335623904,0.0,1.0180766449746887,-0.2726020320303092
2022-06-09,1.6116301335623904,0.0,1.009881899252828,-0.27845703461339866
2022-06-10,1.6116301335623904,0.0,1.0238611713665902,-0.2684690890304816
2022-06-13,1.6116301335623904,0.0,1.0113280308508033,-0.2774237988634418
2022-06-14,1.6116301335623904,0.0,1.0209689081706395,-0.2705355605303954
2022-06-15,1.6116301335623904,0.0,1.0327789828874387,-0.26209746857241356
2022-06-16,1.6116301335623904,0.0,1.0262713906965493,-0.26674702944721995
2022-06-17,1.6116301335623904,0.0,1.041455772475291,-0.25589805407267197
2022-06-20,1.6116301335623904,0.0,1.046517233068205,-0.25228172894782264
2022-06-21,1.6116301335623904,0.0,1.0460351892022133,-0.252626140864475
2022-06-22,1.6116301335623904,0.0,1.0339840925524182,-0.26123643878078284
2022-06-23,1.6116301335623904,0.0,1.052060737527111,-0.24832099190632095
2022-06-24,1.6116301335623904,0.0,1.0636297903109142,-0.24005510590666534
2022-06-27,1.6116301335623904,0.0,1.0751988430947175,-0.23178921990700985
2022-06-28,1.6116301335623904,0.0,1.0877319836105042,-0.22283451007404975
2022-06-29,1.6116301335623904,0.0,1.0744757772957296,-0.23230583778198843
2022-06-30,1.6116301335623904,0.0,1.0865268739455245,-0.2236955398656807
2022-07-01,1.6116301335623904,0.0,1.082911544950586,-0.22627862924057307
2022-07-04,1.6116301335623904,0.0,1.089660159074471,-0.22145686240744078
2022-07-05,1.6116301335623904,0.0,1.0872499397445121,-0.22317892199070222
2022-07-06,1.6116301335623904,0.0,1.073029645697754,-0.2333390735319455
2022-07-07,1.6116301335623904,0.0,1.0768859966256885,-0.23058377819872689
2022-07-08,1.6116301335623904,0.0,1.0759219088937049,-0.2312726020320316
2022-07-11,1.6116301335623904,0.0,1.057604241986016,-0.24436025486481971
2022-07-12,1.6116301335623904,0.0,1.0489274523981638,-0.2505596693645613
2022-07-13,1.6116301335623904,0.0,1.050614605929135,-0.24935422765627824
2022-07-14,1.6116301335623904,0.0,1.050855627862131,-0.249182021697952
2022-07-15,1.6116301335623904,0.0,1.0351892022173974,-0.26037540898915223
2022-07-18,1.6116301335623904,0.0,1.0462762111352089,-0.2524539349061491
2022-07-19,1.6116301335623904,0.0,1.0409737286092988,-0.25624246598932465
2022-07-20,1.6116301335623904,0.0,1.0438659918052497,-0.25417599448941064
2022-07-21,1.6116301335623904,0.0,1.033020004820434,-0.2619252626140879
2022-07-22,1.6116301335623904,0.0,1.0337430706194217,-0.2614086447391094
2022-07-25,1.6116301335623904,0.0,1.0294046758254956,-0.26450835198898026
2022-07-26,1.6116301335623904,0.0,1.0363943118823766,-0.25951437919752174
2022-07-27,1.6116301335623904,0.0,1.030609785490475,-0.26364732219734954
2022-07-28,1.6116301335623904,0.0,1.0313328512894628,-0.26313070432237096
2022-07-29,1.6116301335623904,0.0,1.0171125572427047,-0.27329085586361423
2022-08-01,1.6116301335623904,0.0,1.021450952036631,-0.27019114861374327
2022-08-02,1.6116301335623904,0.0,1.004338394793922,-0.28241777165490056
2022-08-03,1.6116301335623904,0.0,0.9934924078091064,-0.2901670397795776
2022-08-04,1.6116301335623904,0.0,1.0009640877319794,-0.2848286550714667
2022-08-05,1.6116301335623904,0.0,1.016630513376713,-0.27363526778026637
2022-08-08,1.6116301335623904,0.0,1.0132562063147703,-0.27604615119683273
2022-08-09,1.6116301335623904,0.0,1.0149433598457418,-0.27484070948854944
2022-08-10,1.6116301335623904,0.0,1.0040973728609262,-0.2825899776132266
2022-08-11,1.6116301335623904,0.0,1.0253073029645654,-0.26743585328052477
2022-08-12,1.6116301335623904,0.0,1.0255483248975614,-0.26726364732219854
2022-08-15,1.6116301335623904,0.0,1.0231381055676025,-0.26898570690546
2022-08-16,1.6116301335623904,0.0,1.0207278862376437,-0.2707077664887215
2022-08-17,1.6116301335623904,0.0,1.0306097854904754,-0.2636473221973492
2022-08-18,1.6116301335623904,0.0,1.021691973969627,-0.27001894265541704
2022-08-19,1.6116301335623904,0.0,1.01446131597975,-0.2751851214052018
2022-08-22,1.6116301335623904,0.0,1.0209689081706395,-0.2705355605303954
2022-08-23,1.6116301335623904,0.0,1.017594601108697,-0.27294644394696155
2022-08-24,1.6116301335623904,0.0,0.9990359122680124,-0.2862063027380758
2022-08-25,1.6116301335623904,0.0,1.007712701855865,-0.2800068882383341
2022-08-26,1.6116301335623904,0.0,1.0062665702578895,-0.28104012398829104
2022-08-29,1.6116301335623904,0.0,1.000241021932992,-0.28534527294644496
2022-08-30,1.6116301335623904,0.0,0.9980718245360288,-0.2868951265713804
2022-08-31,1.6116301335623904,0.0,0.9980718245360288,-0.2868951265713804
2022-09-01,1.6116301335623904,0.0,0.9898770788141682,-0.29275012915446974
2022-09-02,1.6116301335623904,0.0,0.9843335743552624,-0.2967108661959714
2022-09-05,1.6116301335623904,0.0,0.9838515304892707,-0.29705527811262367
2022-09-06,1.6116301335623904,0.0,0.9908411665461518,-0.29206130532116514
2022-09-07,1.6116301335623904,0.0,0.992769342010119,-0.29068365765455584
2022-09-08,1.6116301335623904,0.0,0.9884309472161928,-0.2937833649044267
2022-09-09,1.6116301335623904,0.0,1.002410219329955,-0.28379541932150953
2022-09-13,1.6116301335623904,0.0,1.0057845263918979,-0.28138453590494317
2022-09-14,1.6116301335623904,0.0,0.9946975174740863,-0.28930600998794653
2022-09-15,1.6116301335623904,0.0,0.9857797059532379,-0.29567763044601436
2022-09-16,1.6116301335623904,0.0,0.9640877319836069,-0.3111761666953685
2022-09-19,1.6116301335623904,0.0,0.961436490720652,-0.3130704322369563
2022-09-20,1.6116301335623904,0.0,0.9619185345866439,-0.31272602032030383
2022-09-21,1.6116301335623904,0.0,0.9546878765967668,-0.3178921990700886
2022-09-22,1.6116301335623904,0.0,0.9476982405398857,-0.3228861718615471
2022-09-23,1.6116301335623904,0.0,0.9457700650759185,-0.3242638195281564
2022-09-26,1.6116301335623904,0.0,0.939744516751021,-0.32856896848631034
2022-09-27,1.6116301335623904,0.0,0.9517956134008161,-0.3199586705700024
2022-09-28,1.6116301335623904,0.0,0.9382983851530455,-0.3296022042362673
2022-09-29,1.6116301335623904,0.0,0.9385394070860416,-0.32942999827794106
2022-09-30,1.6116301335623904,0.0,0.9322728368281481,-0.3339073531944212
2022-10-10,1.6116301335623904,0.0,0.9132321041214719,-0.3475116239021876
2022-10-11,1.6116301335623904,0.0,0.9125090383224842,-0.34802824177716607
2022-10-12,1.6116301335623904,0.0,0.9274523981682301,-0.3373514723609443
2022-10-13,1.6116301335623904,0.0,0.9194986743793654,-0.34303426898570755
2022-10-14,1.6116301335623904,0.0,0.9407086044830049,-0.3278801446530055
2022-10-17,1.6116301335623904,0.0,0.940467582550009,-0.32805235061133164
2022-10-18,1.6116301335623904,0.0,0.9387804290190376,-0.32925779231961483
2022-10-19,1.6116301335623904,0.0,0.9245601349722793,-0.3394179438608582
2022-10-20,1.6116301335623904,0.0,0.9216678717763285,-0.3414844153607721
2022-10-21,1.6116301335623904,0.0,0.9163653892504187,-0.34527294644394757
2022-10-24,1.6116301335623904,0.0,0.8927452398168203,-0.36214913035991103
2022-10-25,1.6116301335623904,0.0,0.8888888888888858,-0.36490442569312953
2022-10-26,1.6116301335623904,0.0,0.8956375030127711,-0.36008265885999713
2022-10-27,1.6116301335623904,0.0,0.8893709327548777,-0.3645600137764773
2022-10-28,1.6116301335623904,0.0,0.8686430465172301,-0.37936972619252685
2022-10-31,1.6116301335623904,0.0,0.8592431911303899,-0.38608575856724703
2022-11-01,1.6116301335623904,0.0,0.8925042178838243,-0.36232133631823726
2022-11-02,1.6116301335623904,0.0,0.900698963605685,-0.3564663337351478
2022-11-03,1.6116301335623904,0.0,0.8934683056158079,-0.36163251248493256
2022-11-04,1.6116301335623904,0.0,0.9240780911062875,-0.33976235577751057
2022-11-07,1.6116301335623904,0.0,0.9240780911062875,-0.33976235577751057
2022-11-08,1.6116301335623904,0.0,0.9185345866473817,-0.34372309281901214
2022-11-09,1.6116301335623904,0.0,0.9088937093275457,-0.35061133115205845
2022-11-10,1.6116301335623904,0.0,0.9038322487346317,-0.3542276562769078
2022-11-11,1.6116301335623904,0.0,0.9274523981682301,-0.3373514723609443
2022-11-14,1.6116301335623904,0.0,0.9279344420342219,-0.33700706044429196
2022-11-15,1.6116301335623904,0.0,0.9460110870089146,-0.3240916135698302
2022-11-16,1.6116301335623904,0.0,0.9390214509520335,-0.3290855863612887
2022-11-17,1.6116301335623904,0.0,0.9349240780911032,-0.3320130876528333
2022-11-18,1.6116301335623904,0.0,0.9317907929621565,-0.33425176511107335
2022-11-21,1.6116301335623904,0.0,0.9238370691732918,-0.3399345617358366
2022-11-22,1.6116301335623904,0.0,0.9233550253073,-0.3402789736524888
2022-11-23,1.6116301335623904,0.0,0.9240780911062876,-0.33976235577751046
2022-11-24,1.6116301335623904,0.0,0.9197396963123613,-0.3428620630273813
2022-11-25,1.6116301335623904,0.0,0.9248011569052753,-0.339245737902532
2022-11-28,1.6116301335623904,0.0,0.9139551699204596,-0.34699500602720923
2022-11-29,1.6116301335623904,0.0,0.9419137141479842,-0.3270191148613748
2022-11-30,1.6116301335623904,0.0,0.9426367799469718,-0.32650249698639644
2022-12-01,1.6116301335623904,0.0,0.9534827669317875,-0.3187532288617193
2022-12-02,1.6116301335623904,0.0,0.9479392624728817,-0.3227139659032209
2022-12-05,1.6116301335623904,0.0,0.9650518197155907,-0.3104873428620637
2022-12-06,1.6116301335623904,0.0,0.9705953241744967,-0.3065266058205619
2022-12-07,1.6116301335623904,0.0,0.9677030609785457,-0.3085930773204759
2022-12-08,1.6116301335623904,0.0,0.969872258375509,-0.3070432236955404
2022-12-09,1.6116301335623904,0.0,0.9780670040973697,-0.301188221112451
2022-12-12,1.6116301335623904,0.0,0.9679440829115418,-0.3084208713621497
2022-12-13,1.6116301335623904,0.0,0.9652928416485868,-0.31031513690373747
2022-12-14,1.6116301335623904,0.0,0.9677030609785457,-0.3085930773204759
2022-12-15,1.6116301335623904,0.0,0.967221017112554,-0.30893748923712816
2022-12-16,1.6116301335623904,0.0,0.9681851048445378,-0.30824866540382345
2022-12-19,1.6116301335623904,0.0,0.9542058327307754,-0.3182366109867406
2022-12-20,1.6116301335623904,0.0,0.9390214509520335,-0.3290855863612887
2022-12-21,1.6116301335623904,0.0,0.9382983851530458,-0.3296022042362672
2022-12-22,1.6116301335623904,0.0,0.9402265606170129,-0.3282245565696579
2022-12-23,1.6116301335623904,0.0,0.937816341287054,-0.3299466161529194
2022-12-26,1.6116301335623904,0.0,0.939985538684017,-0.3283967625279841
2022-12-27,1.6116301335623904,0.0,0.9513135695348245,-0.3203030824866546
2022-12-28,1.6116301335623904,0.0,0.9481802844058779,-0.32254175994489453
2022-12-29,1.6116301335623904,0.0,0.945288021209927,-0.32460823144480844
2022-12-30,1.6116301335623904,0.0,0.9491443721378615,-0.32185293611158994
2023-01-03,1.6116301335623904,0.0,0.9517956134008164,-0.31995867057000216
2023-01-04,1.6116301335623904,0.0,0.9530007230657961,-0.3190976407783713
2023-01-05,1.6116301335623904,0.0,0.9710773680404886,-0.30618219390390955
2023-01-06,1.6116301335623904,0.0,0.9749337189684231,-0.30342689857069094
2023-01-09,1.6116301335623904,0.0,0.9809592672933206,-0.299121749612537
2023-01-10,1.6116301335623904,0.0,0.9824053988912959,-0.2980885138625802
2023-01-11,1.6116301335623904,0.0,0.9824053988912959,-0.2980885138625802
2023-01-12,1.6116301335623904,0.0,0.9838515304892714,-0.2970552781126231
2023-01-13,1.6116301335623904,0.0,0.9987948903350174,-0.28637850869640125
2023-01-16,1.6116301335623904,0.0,0.9985538684020215,-0.2865507146547275
2023-01-17,1.6116301335623904,0.0,0.997589780670038,-0.28723953848803196
2023-01-18,1.6116301335623904,0.0,0.9954205832730748,-0.2887893921129675
2023-01-19,1.6116301335623904,0.0,1.0021691973969602,-0.283967625279835
2023-01-20,1.6116301335623904,0.0,1.0077127018558658,-0.2800068882383334
2023-01-30,1.6116301335623904,0.0,1.0134972282477674,-0.2758739452385056
2023-01-31,1.6116301335623904,0.0,1.002410219329956,-0.28379541932150887
2023-02-01,1.6537752730383941,0.0,1.0098818992528291,-0.2784570346133979
2023-02-02,1.620059161457591,-0.020387359836901098,1.00747167992287,-0.28017909419665954
2023-02-03,1.6065727168252697,-0.02854230377166156,0.9971077368040463,-0.2875839504046842
2023-02-06,1.576228216402547,-0.04689092762487257,0.9833694866232799,-0.29739969002927524
2023-02-07,1.5812856331396674,-0.04383282364933738,0.9857797059532389,-0.2956776304460137
2023-02-08,1.5661133829283063,-0.05300713557594272,0.9816823330923088,-0.2986051317375582
2023-02-09,1.5914004666139083,-0.03771661569826701,0.9946975174740874,-0.28930600998794576
2023-02-10,1.5779140219815873,-0.04587155963302736,0.9889129910821857,-0.29343895298777356
2023-02-13,1.5880288554558282,-0.039755351681957096,0.9966256929380546,-0.28792836232133656
2023-02-14,1.5846572442977478,-0.041794087665647184,0.9987948903350178,-0.286378508696401
2023-02-15,1.5694849940863864,-0.050968399592252744,0.9920462762111324,-0.29120027552953354
2023-02-16,1.5610559661911856,-0.05606523955147802,0.9850566401542512,-0.29619424832099217
2023-02-17,1.532397271347503,-0.07339449541284393,0.9710773680404889,-0.3061821939039093
2023-02-20,1.5947720777719887,-0.03567787971457692,0.9963846710050588,-0.28810056827966257
2023-02-21,1.598143688930069,-0.03363914373088672,0.9975897806700383,-0.28723953848803174
2023-02-22,1.5829714387187075,-0.042813455657492394,0.9879489033502022,-0.29412777682107816
2023-02-23,1.5964578833510288,-0.03465851172273193,0.9879489033502022,-0.29412777682107816
2023-02-24,1.5694849940863864,-0.050968399592252744,0.978549047963362,-0.30084380919579834
2023-02-27,1.5492553271379046,-0.06320081549439338,0.9749337189684234,-0.3034268985706907
2023-02-28,1.5627417717702259,-0.05504587155963292,0.9812002892263167,-0.29894954365421067
2023-03-01,1.5719089940338882,-0.049502662386587404,0.9930103639431161,-0.29051145169622883
2023-03-02,1.5794584711921982,-0.044937666597020476,0.9918052542781367,-0.29137248148785955
2023-03-03,1.5875471967189592,-0.040046599679627315,0.9939744516750997,-0.28982262786292423
2023-03-06,1.579997719560649,-0.04461159546919424,0.9879489033502022,-0.29412777682107816
2023-03-07,1.5762229809814938,-0.04689409336397776,0.9742106531694358,-0.3039435164456692
2023-03-08,1.5751444842445923,-0.04754623561963023,0.9703543022415013,-0.3066988117788877
2023-03-09,1.5729874907707893,-0.04885052013093516,0.9679440829115423,-0.30842087136214924
2023-03-10,1.5514175560327599,-0.0618933652439837,0.9546878765967677,-0.31789219907008803
2023-03-13,1.5692127521916341,-0.05113301802571868,0.9652928416485873,-0.310315136903737
2023-03-14,1.561124026664873,-0.05602408494311195,0.9592672933236898,-0.31462028586189106
2023-03-15,1.5740659875076903,-0.048198377875282916,0.959026271390694,-0.31479249182021707
2023-03-16,1.562741771770225,-0.055045871559633364,0.9479392624728824,-0.32271396590322043
2023-03-17,1.5729874907707888,-0.04885052013093538,0.9530007230657964,-0.3190976407783711
2023-03-20,1.5659772619809293,-0.05308944479267619,0.9476982405398865,-0.32288617186154656
2023-03-21,1.5616632750333235,-0.05569801381528583,0.9580621836587102,-0.3154813156535219
2023-03-22,1.569212752191634,-0.05113301802571879,0.9624005784526363,-0.31238160840365115
2023-03-23,1.5702912489285354,-0.050480875770066325,0.9715594119064805,-0.3058377819872571
2023-03-24,1.5605847782964222,-0.056350156070938184,0.970354302241501,-0.3066988117788879
2023-03-27,1.5492605625589568,-0.06319764975528863,0.9652928416485871,-0.31031513690373724
2023-03-28,1.5519568044012104,-0.06156729411615758,0.9633646661846199,-0.31169278457034644
2023-03-29,1.550878307664309,-0.062219436371810044,0.9633646661846199,-0.31169278457034644
2023-03-30,1.556810039717267,-0.058632653965721704,0.9737286093034438,-0.30428792836232155
2023-03-31,1.5605847782964222,-0.056350156070938184,0.9761388286334028,-0.30256586877906
2023-04-03,1.5605847782964222,-0.056350156070938184,0.98336948662328,-0.29739969002927513
2023-04-04,1.5605847782964222,-0.056350156070938184,0.988189925283198,-0.29395557086275204
2023-04-06,1.5605847782964222,-0.056350156070938184,0.9852976620872473,-0.2960220423626658
2023-04-07,1.5605847782964222,-0.056350156070938184,0.9922872981441285,-0.2910280695712072
2023-04-10,1.5605847782964222,-0.056350156070938184,0.9886719691491901,-0.29361115894609957
2023-04-11,1.5605847782964222,-0.056350156070938184,0.9862617498192309,-0.29533321852936123
2023-04-12,1.5605847782964222,-0.056350156070938184,0.9852976620872473,-0.2960220423626658
2023-04-13,1.5605847782964222,-0.056350156070938184,0.9792721137623498,-0.30032719132081975
2023-04-14,1.5605847782964222,-0.056350156070938184,0.9843335743552638,-0.2967108661959704
2023-04-17,1.5605847782964222,-0.056350156070938184,0.9990359122680137,-0.2862063027380749
2023-04-18,1.5605847782964222,-0.056350156070938184,1.000723065798985,-0.28500086102979183
2023-04-19,1.5605847782964222,-0.056350156070938184,0.9927693420101201,-0.29068365765455506
2023-04-20,1.5605847782964222,-0.056350156070938184,0.9889129910821857,-0.29343895298777356
2023-04-21,1.5605847782964222,-0.056350156070938184,0.971318389973485,-0.3060099879455831
2023-04-24,1.5605847782964222,-0.056350156070938184,0.959026271390694,-0.31479249182021707
2023-04-25,1.5605847782964222,-0.056350156070938184,0.9544468546637718,-0.31806440502841415
2023-04-26,1.5605847782964222,-0.056350156070938184,0.9522776572668087,-0.3196142586533496
2023-04-27,1.5605847782964222,-0.056350156070938184,0.9607134249216653,-0.313587050111934
2023-04-28,1.5605847782964222,-0.056350156070938184,0.9701132803085056,-0.3068710177372137
2023-05-04,1.5605847782964222,-0.056350156070938184,0.9701132803085056,-0.3068710177372137
2023-05-05,1.5605847782964222,-0.056350156070938184,0.9662569293805712,-0.3096263130704323
2023-05-08,1.5605847782964222,-0.056350156070938184,0.9771029163653868,-0.30187704494575507
2023-05-09,1.5605847782964222,-0.056350156070938184,0.9686671487105302,-0.30790425348717065
2023-05-10,1.5605847782964222,-0.056350156070938184,0.9611954687876572,-0.31324263819528164
2023-05-11,1.5605847782964222,-0.056350156070938184,0.9599903591226776,-0.31410366798691247
2023-05-12,1.5605847782964222,-0.056350156070938184,0.9476982405398866,-0.32288617186154656
2023-05-15,1.5605847782964222,-0.056350156070938184,0.9628826223186285,-0.31203719648699846
2023-05-16,1.5605847782964222,-0.056350156070938184,0.9587852494576982,-0.3149646977785432
2023-05-17,1.5605847782964222,-0.056350156070938184,0.9522776572668087,-0.3196142586533496
2023-05-18,1.5605847782964222,-0.056350156070938184,0.9520366353338128,-0.3197864646116757
2023-05-19,1.5605847782964222,-0.056350156070938184,0.9505905037358373,-0.32081970036163265
2023-05-22,1.5605847782964222,-0.056350156070938184,0.9554109423957553,-0.31737558119510956
2023-05-23,1.5605847782964222,-0.056350156070938184,0.941672692214989,-0.3271913208197006
2023-05-24,1.5605847782964222,-0.056350156070938184,0.9288985297662061,-0.3363182366109869
2023-05-25,1.5605847782964222,-0.056350156070938184,0.926729332369243,-0.33786809023592235
2023-05-26,1.5605847782964222,-0.056350156070938184,0.9279344420342224,-0.33700706044429163
2023-05-29,1.5605847782964222,-0.056350156070938184,0.9240780911062879,-0.33976235577751024
2023-05-30,1.5605847782964222,-0.056350156070938184,0.9250421788382716,-0.33907353194420553
2023-05-31,1.5605847782964222,-0.056350156070938184,0.9163653892504191,-0.34527294644394724
2023-06-01,1.5605847782964222,-0.056350156070938184,0.9182935647143863,-0.34389529877733804
2023-06-02,1.5605847782964222,-0.056350156070938184,0.9310677271631691,-0.3347683829860516
2023-06-05,1.5605847782964222,-0.056350156070938184,0.9267293323692428,-0.33786809023592246
2023-06-06,1.5605847782964222,-0.056350156070938184,0.9178115208483943,-0.3442397106939904
2023-06-07,1.5605847782964222,-0.056350156070938184,0.9149192576524435,-0.3463061821939043
2023-06-08,1.5605847782964222,-0.056350156070938184,0.9226319595083123,-0.3407955915274673
2023-06-09,1.5605847782964222,-0.056350156070938184,0.9264883104362469,-0.3380402961942487
2023-06-12,1.5605847782964222,-0.056350156070938184,0.9274523981682304,-0.3373514723609441
2023-06-13,1.5605847782964222,-0.056350156070938184,0.9344420342251116,-0.33235749956948546
2023-06-14,1.5605847782964222,-0.056350156070938184,0.9344420342251116,-0.33235749956948546
2023-06-15,1.5605847782964222,-0.056350156070938184,0.9501084598698454,-0.3211641122782851
2023-06-16,1.5605847782964222,-0.056350156070938184,0.9590262713906937,-0.3147924918202173
2023-06-19,1.5605847782964222,-0.056350156070938184,0.9517956134008165,-0.31995867057000216
2023-06-20,1.5605847782964222,-0.056350156070938184,0.9501084598698453,-0.32116411227828523
2023-06-21,1.5605847782964222,-0.056350156070938184,0.9368522535550706,-0.3306354399862239
2023-06-26,1.5605847782964222,-0.056350156070938184,0.9262472885032509,-0.3382125021525749
2023-06-27,1.5605847782964222,-0.056350156070938184,0.9325138587611445,-0.33373514723609465
2023-06-28,1.5605847782964222,-0.056350156070938184,0.9344420342251115,-0.33235749956948557
2023-06-29,1.5605847782964222,-0.056350156070938184,0.9301036394311853,-0.3354572068193563
2023-06-30,1.5605847782964222,-0.056350156070938184,0.9356471438900912,-0.33149646977785463
2023-07-03,1.5605847782964222,-0.056350156070938184,0.9464931308749067,-0.3237472016531776
2023-07-04,1.5605847782964222,-0.056350156070938184,0.948180284405878,-0.32254175994489453
2023-07-05,1.5605847782964222,-0.056350156070938184,0.9416726922149886,-0.3271913208197008
2023-07-06,1.5605847782964222,-0.056350156070938184,0.9349240780911033,-0.3320130876528332
2023-07-07,1.5605847782964222,-0.056350156070938184,0.9322728368281483,-0.333907353194421
2023-07-10,1.5605847782964222,-0.056350156070938184,0.9361291877560828,-0.3311520578612025
2023-07-11,1.5605847782964222,-0.056350156070938184,0.9423957580139763,-0.32667470294472223
2023-07-12,1.5605847782964222,-0.056350156070938184,0.9378163412870542,-0.3299466161529193
2023-07-13,1.5605847782964222,-0.056350156070938184,0.9530007230657961,-0.3190976407783713
2023-07-14,1.5605847782964222,-0.056350156070938184,0.9525186791998043,-0.31944205269502357
2023-07-17,1.5605847782964222,-0.056350156070938184,0.945770065075919,-0.3242638195281561
2023-07-18,1.5605847782964222,-0.056350156070938184,0.9443239334779436,-0.3252970552781129
2023-07-19,1.5605847782964222,-0.056350156070938184,0.9438418896119518,-0.3256414671947653
2023-07-20,1.5605847782964222,-0.056350156070938184,0.9370932754880665,-0.3304632340278978
2023-07-21,1.5605847782964222,-0.056350156070938184,0.9375753193540584,-0.33011882211124544
2023-07-24,1.5605847782964222,-0.056350156070938184,0.933477946493128,-0.33304632340279017
2023-07-25,1.5605847782964222,-0.056350156070938184,0.960472402988669,-0.31375925607026045
2023-07-26,1.5605847782964222,-0.056350156070938184,0.9583032055917059,-0.3153091096951959
2023-07-27,1.5605847782964222,-0.056350156070938184,0.9573391178597224,-0.31599793352850036
2023-07-28,1.5605847782964222,-0.056350156070938184,0.980477223427329,-0.29946616152918915
2023-07-31,1.5605847782964222,-0.056350156070938184,0.9843335743552634,-0.29671086619597076
2023-08-01,1.5575036632356196,-0.05821323572331549,0.9799951795613372,-0.2998105734458415
2023-08-02,1.5682875659484283,-0.051692456939995024,0.9730055435044561,-0.3048045462373
2023-08-03,1.6237476370428718,-0.018157023197205024,0.9816823330923087,-0.2986051317375583
2023-08-04,1.6376126548164827,-0.00977316476150758,0.9867437936852226,-0.294988806612709
2023-08-07,1.6422343274076865,-0.006978545282941617,0.9792721137623495,-0.30032719132082
2023-08-08,1.631450424694878,-0.013499324066261975,0.975656784767411,-0.30291028069571235
2023-08-09,1.6222070795124708,-0.019088563023393568,0.9737286093034438,-0.30428792836232155
2023-08-10,1.6545587876508965,0.0,0.9749337189684233,-0.30342689857069083
2023-08-11,1.5821525837220396,-0.043761638733705865,0.9520366353338127,-0.3197864646116758
2023-08-14,1.5667470084180275,-0.05307262569832416,0.9455290431429233,-0.3244360254864821
2023-08-15,1.5960176014956509,-0.035381750465549144,0.9445649554109398,-0.3251248493197867
2023-08-16,1.5990987165564534,-0.03351955307262544,0.9373342974210627,-0.33029102806957145
2023-08-17,1.5990987165564534,-0.03351955307262544,0.9404675825500094,-0.3280523506113313
2023-08-18,1.5729092385396326,-0.04934823091247664,0.9284164859002142,-0.3366626485276394
2023-08-21,1.5174491674451893,-0.0828677839851023,0.9158833453844273,-0.3456173583605996
2023-08-22,1.5467197605228122,-0.06517690875232762,0.921426849843333,-0.3416566213190979
2023-08-23,1.5051247072019798,-0.09031657355679679,0.9081706435285584,-0.3511279490270367
2023-08-24,1.5282330701579978,-0.07635009310986951,0.9137141479874641,-0.347167211985535
2023-08-25,1.537476415340405,-0.07076350093109851,0.9120269944564927,-0.3483726536938182
2023-08-28,1.575990353600435,-0.04748603351955305,0.9248011569052756,-0.33924573790253176
2023-08-29,1.5652064508876267,-0.054003724394785735,0.9301036394311853,-0.3354572068193563
2023-08-30,1.5205302825059916,-0.0810055865921786,0.9298626174981894,-0.33562941277768255
2023-08-31,1.4912596894283687,-0.09869646182495329,0.9252832007712672,-0.3389013259858795
2023-09-01,1.4912596894283687,-0.09869646182495329,0.930826705230173,-0.33494058894437795
2023-09-04,1.4912596894283687,-0.09869646182495329,0.9448059773439353,-0.3249526433614607
2023-09-05,1.4912596894283687,-0.09869646182495329,0.938298385153046,-0.32960220423626696
2023-09-06,1.4912596894283687,-0.09869646182495329,0.935888165823087,-0.3313242638195285
2023-09-07,1.4912596894283687,-0.09869646182495329,0.9231140033743043,-0.34045117961081484
2023-09-08,1.4912596894283687,-0.09869646182495329,0.9180525427813904,-0.34406750473566416
2023-09-11,1.4912596894283687,-0.09869646182495329,0.9248011569052756,-0.33924573790253176
2023-09-12,1.4912596894283687,-0.09869646182495329,0.9235960472402961,-0.3401067676941626
2023-09-13,1.4912596894283687,-0.09869646182495329,0.9175704989153985,-0.3444119166523165
2023-09-14,1.4912596894283687,-0.09869646182495329,0.9168474331164108,-0.344928534527295
2023-09-15,1.4912596894283687,-0.09869646182495329,0.9127500602554806,-0.3478560358188396
2023-09-18,1.4912596894283687,-0.09869646182495329,0.9158833453844273,-0.3456173583605996
2023-09-19,1.4912596894283687,-0.09869646182495329,0.9146782357194478,-0.3464783881522303
2023-09-20,1.4912596894283687,-0.09869646182495329,0.9103398409255217,-0.34957809540210105
2023-09-21,1.4912596894283687,-0.09869646182495329,0.901904073270665,-0.35560530394351664
2023-09-22,1.4912596894283687,-0.09869646182495329,0.9199807182453577,-0.34268985706905486
2023-09-25,1.4912596894283687,-0.09869646182495329,0.9132321041214724,-0.34751162390218726
2023-09-26,1.4912596894283687,-0.09869646182495329,0.9081706435285584,-0.3511279490270367
2023-09-27,1.4912596894283687,-0.09869646182495329,0.9105808628585176,-0.34940588944377493
2023-09-28,1.4912596894283687,-0.09869646182495329,0.9072065557965748,-0.3518167728603412
2023-10-09,1.4912596894283687,-0.09869646182495329,0.9047963364666158,-0.35353883244360285
2023-10-10,1.4912596894283687,-0.09869646182495329,0.8982887442757265,-0.3581883933184091
2023-10-11,1.4912596894283687,-0.09869646182495329,0.9002169197396938,-0.3568107456517997
2023-10-12,1.4912596894283687,-0.09869646182495329,0.9088937093275463,-0.350611331152058
2023-10-13,1.4912596894283687,-0.09869646182495329,0.9004579416726898,-0.3566385396934735
2023-10-16,1.4912596894283687,-0.09869646182495329,0.890093998553866,-0.36404339590149837
2023-10-17,1.4912596894283687,-0.09869646182495329,0.8929862617498168,-0.36197692440158447
2023-10-18,1.4912596894283687,-0.09869646182495329,0.8862376476259315,-0.36679869123471687
2023-10-19,1.4912596894283687,-0.09869646182495329,0.867678958785247,-0.3800585500258311
2023-10-20,1.4912596894283687,-0.09869646182495329,0.8633405639913208,-0.38315825727570196
2023-10-23,1.4912596894283687,-0.09869646182495329,0.8541817305374765,-0.3897020836920959
2023-10-24,1.4912596894283687,-0.09869646182495329,0.8553868402024559,-0.3888410539004652
2023-10-25,1.4912596894283687,-0.09869646182495329,0.8602072788623739,-0.3853969347339421
2023-10-26,1.4912596894283687,-0.09869646182495329,0.8633405639913206,-0.3831582572757021
2023-10-27,1.4912596894283687,-0.09869646182495329,0.8763557483730995,-0.3738591355260894
2023-10-30,1.4912596894283687,-0.09869646182495329,0.8802120993010338,-0.3711038401928709
2023-10-31,1.4912596894283687,-0.09869646182495329,0.8782839238370667,-0.3724814878594802
2023-11-01,1.4912596894283687,-0.09869646182495329,0.8778018799710748,-0.37282589977613245
2023-11-02,1.4912596894283687,-0.09869646182495329,0.8737045071101445,-0.3757534010676772
2023-11-03,1.4912596894283687,-0.09869646182495329,0.8804531212340296,-0.3709316342345448
2023-11-06,1.4912596894283687,-0.09869646182495329,0.8920221740178329,-0.3626657482348893
2023-11-07,1.4912596894283687,-0.09869646182495329,0.889370932754878,-0.36456001377647695
2023-11-08,1.4912596894283687,-0.09869646182495329,0.8867196914919231,-0.36645427931806474
2023-11-09,1.4912596894283687,-0.09869646182495329,0.8874427572909107,-0.36593766144308626
2023-11-10,1.4912596894283687,-0.09869646182495329,0.8809351651000213,-0.37058722231789254
2023-11-13,1.4912596894283687,-0.09869646182495329,0.8797300554350419,-0.37144825210952337
2023-11-14,1.4912596894283687,-0.09869646182495329,0.8797300554350419,-0.37144825210952337
2023-11-15,1.4912596894283687,-0.09869646182495329,0.8857556037599394,-0.36714310315136933
2023-11-16,1.4912596894283687,-0.09869646182495329,0.877078814172087,-0.37334251765111104
2023-11-17,1.4912596894283687,-0.09869646182495329,0.8758737045071076,-0.37420354744274176
2023-11-20,1.4912596894283687,-0.09869646182495329,0.8785249457700626,-0.372309281901154
2023-11-21,1.4912596894283687,-0.09869646182495329,0.879730055435042,-0.37144825210952326
2023-11-22,1.4912596894283687,-0.09869646182495329,0.8703302000482019,-0.37816428448424333
2023-11-23,1.4912596894283687,-0.09869646182495329,0.874909616775124,-0.37489237127604635
2023-11-24,1.4912596894283687,-0.09869646182495329,0.8688840684502265,-0.3791975202342003
2023-11-27,1.4912596894283687,-0.09869646182495329,0.8630995420583248,-0.3833304632340281
2023-11-28,1.4912596894283687,-0.09869646182495329,0.8640636297903085,-0.3826416394007235
2023-11-29,1.4912596894283687,-0.09869646182495329,0.8575560375994191,-0.38729120027552977
2023-11-30,1.4912596894283687,-0.09869646182495329,0.8585201253314028,-0.38660237644222506
2023-12-01,1.4912596894283687,-0.09869646182495329,0.8551458182694602,-0.3890132598587912
2023-12-04,1.4912596894283687,-0.09869646182495329,0.8493612918775586,-0.393146202858619
2023-12-05,1.4912596894283687,-0.09869646182495329,0.8334538442998292,-0.40451179610814536
2023-12-06,1.4912596894283687,-0.09869646182495329,0.8346589539648087,-0.40365076631651453
2023-12-07,1.4912596894283687,-0.09869646182495329,0.8324897565678456,-0.40520061994144996
2023-12-08,1.4912596894283687,-0.09869646182495329,0.8341769100988169,-0.4039951782331669
2023-12-11,1.4912596894283687,-0.09869646182495329,0.8399614364907185,-0.3998622352333391
2023-12-12,1.4912596894283687,-0.09869646182495329,0.8418896119546857,-0.3984845875667299
2023-12-13,1.4912596894283687,-0.09869646182495329,0.8279103398409234,-0.40847253314964693
2023-12-14,1.4912596894283687,-0.09869646182495329,0.824053988912989,-0.41122782848286554
2023-12-15,1.4912596894283687,-0.09869646182495329,0.8223668353820177,-0.4124332701911486
2023-12-18,1.4912596894283687,-0.09869646182495329,0.8189925283200752,-0.41484415360771476
2023-12-19,1.4912596894283687,-0.09869646182495329,0.8194745721860669,-0.4144997416910625
2023-12-20,1.4912596894283687,-0.09869646182495329,0.812002892263194,-0.4198381263991734
2023-12-21,1.4912596894283687,-0.09869646182495329,0.8194745721860669,-0.4144997416910625
2023-12-22,1.4912596894283687,-0.09869646182495329,0.8209207037840425,-0.41346650594110546
2023-12-25,1.4912596894283687,-0.09869646182495329,0.8230899011810054,-0.41191665231617014
2023-12-26,1.4912596894283687,-0.09869646182495329,0.8182694625210875,-0.41536077148269324
2023-12-27,1.4912596894283687,-0.09869646182495329,0.8206796818510464,-0.4136387118994317
2023-12-28,1.4912596894283687,-0.09869646182495329,0.8409255242227023,-0.3991734114000344
2023-12-29,1.4912596894283687,-0.09869646182495329,0.8433357435526614,-0.3974513518167727
2024-01-02,1.4912596894283687,-0.09869646182495329,0.8322487346348498,-0.4053728258997761
2024-01-03,1.4912596894283687,-0.09869646182495329,0.8298385153048908,-0.4070948854830376
2024-01-04,1.4912596894283687,-0.09869646182495329,0.8226078573150137,-0.4122610642328224
2024-01-05,1.4912596894283687,-0.09869646182495329,0.8185104844540835,-0.415188565524367
2024-01-08,1.4912596894283687,-0.09869646182495329,0.8071824536032762,-0.42328224556569627
2024-01-09,1.4912596894283687,-0.09869646182495329,0.8091106290672435,-0.42190459789908696
2024-01-10,1.4912596894283687,-0.09869646182495329,0.805254278139309,-0.4246598932323056
2024-01-11,1.4912596894283687,-0.09869646182495329,0.8098336948662311,-0.4213879800241086
2024-01-12,1.4912596894283687,-0.09869646182495329,0.8071824536032763,-0.42328224556569627
2024-01-15,1.4912596894283687,-0.09869646182495329,0.8062183658712927,-0.42397106939900087
2024-01-16,1.4912596894283687,-0.09869646182495329,0.8115208483972024,-0.4201825383158255
2024-01-17,1.4912596894283687,-0.09869646182495329,0.7934442034225097,-0.4330979851902874
2024-01-18,1.4912596894283687,-0.09869646182495329,0.787659677030608,-0.4372309281901152
2024-01-19,1.4912596894283687,-0.09869646182495329,0.7893468305615794,-0.43602548648183204
2024-01-22,1.4912596894283687,-0.09869646182495329,0.7727163171848622,-0.447907697606337
2024-01-23,1.4912596894283687,-0.09869646182495329,0.7780187997107721,-0.4441191665231614
2024-01-24,1.4912596894283687,-0.09869646182495329,0.790310918293563,-0.43533666264852744
2024-01-25,1.4912596894283687,-0.09869646182495329,0.8038081465413335,-0.42569312898226264
2024-01-26,1.4912596894283687,-0.09869646182495329,0.8023620149433581,-0.4267263647322195
2024-01-29,1.4912596894283687,-0.09869646182495329,0.795131356953481,-0.43189254348200434
2024-01-30,1.4912596894283687,-0.09869646182495329,0.7816341287057105,-0.44153607714826915
2024-01-31,1.4912596894283687,-0.09869646182495329,0.7765726681127966,-0.4451524022731185
2024-02-01,1.4912596894283687,-0.09869646182495329,0.7756085803808129,-0.44584122610642307
2024-02-02,1.4912596894283687,-0.09869646182495329,0.7683779223909359,-0.4510074048562078
2024-02-05,1.4912596894283687,-0.09869646182495329,0.7731983610508539,-0.44756328568968473
2024-02-06,1.4912596894283687,-0.09869646182495329,0.7980236201494317,-0.42982607198209044
2024-02-07,1.4912596894283687,-0.09869646182495329,0.8050132562063129,-0.4248320991906319
2024-02-08,1.4912596894283687,-0.09869646182495329,0.8103157387322228,-0.42104356810745636
2024-02-19,1.4912596894283687,-0.09869646182495329,0.8168233309231121,-0.4163940072326502
2024-02-20,1.4912596894283687,-0.09869646182495329,0.8197155941190629,-0.4143275357327363
2024-02-21,1.4912596894283687,-0.09869646182495329,0.8312846469028663,-0.40606164973308057
2024-02-22,1.4912596894283687,-0.09869646182495329,0.8375512171607598,-0.4015842948166005
2024-02-23,1.4912596894283687,-0.09869646182495329,0.8382742829597476,-0.40106767694162193
2024-02-26,1.4912596894283687,-0.09869646182495329,0.829838515304891,-0.4070948854830375
2024-02-27,1.4912596894283687,-0.09869646182495329,0.839720414557723,-0.400034441191665
2024-02-28,1.4912596894283687,-0.09869646182495329,0.8310436249698705,-0.4062338556914067
2024-02-29,1.4912596894283687,-0.09869646182495329,0.844299831284645,-0.396762527983468
2024-03-01,1.4912596894283687,-0.09869646182495329,0.8508074234755344,-0.3921129671086617
2024-03-04,1.4912596894283687,-0.09869646182495329,0.8500843576765468,-0.3926295849836402
2024-03-05,1.4912596894283687,-0.09869646182495329,0.8570739937334279,-0.3876356121921817
2024-03-06,1.4912596894283687,-0.09869646182495329,0.8536996866714851,-0.39004649560874793
2024-03-07,1.4912596894283687,-0.09869646182495329,0.849120269944563,-0.3933184088169449
2024-03-08,1.4912596894283687,-0.09869646182495329,0.8515304892745219,-0.39159634923368347
2024-03-11,1.4912596894283687,-0.09869646182495329,0.8630995420583252,-0.38333046323402786
2024-03-12,1.4912596894283687,-0.09869646182495329,0.8643046517233046,-0.38246943344239714
2024-03-13,1.4912596894283687,-0.09869646182495329,0.8592431911303907,-0.3860857585672465
2024-03-14,1.4912596894283687,-0.09869646182495329,0.856109906001444,-0.3883244360254865
2024-03-15,1.4912596894283687,-0.09869646182495329,0.8582791033984071,-0.38677458240055107
2024-03-18,1.4912596894283687,-0.09869646182495329,0.86575078332128,-0.3814361976924402
2024-03-19,1.4912596894283687,-0.09869646182495329,0.8602072788623742,-0.3853969347339419
2024-03-20,1.4912596894283687,-0.09869646182495329,0.860930344661362,-0.3848803168589634
2024-03-21,1.4912596894283687,-0.09869646182495329,0.8604483007953702,-0.38522472877561564
2024-03-22,1.4912596894283687,-0.09869646182495329,0.8529766208724973,-0.3905631134837265
2024-03-25,1.4912596894283687,-0.09869646182495329,0.8483972041455752,-0.3938350266919235
2024-03-26,1.4912596894283687,-0.09869646182495329,0.8510484454085301,-0.3919407611503357
2024-03-27,1.4912596894283687,-0.09869646182495329,0.8418896119546858,-0.3984845875667298
2024-03-28,1.4912596894283687,-0.09869646182495329,0.8459869848156161,-0.39555708627518515
2024-03-29,1.4912596894283687,-0.09869646182495329,0.8498433357435505,-0.39280179094196654
2024-04-01,1.4912596894283687,-0.09869646182495329,0.863822607857313,-0.3828138453590493
2024-04-02,1.4912596894283687,-0.09869646182495329,0.8609303446613622,-0.3848803168589632
2024-04-03,1.4912596894283687,-0.09869646182495329,0.8575560375994195,-0.38729120027552943
2024-04-08,1.4912596894283687,-0.09869646182495329,0.8505664015425384,-0.39228517306698807
2024-04-09,1.4912596894283687,-0.09869646182495329,0.849120269944563,-0.3933184088169449
2024-04-10,1.4912596894283687,-0.09869646182495329,0.8428536996866695,-0.39779576373342507
2024-04-11,1.4912596894283687,-0.09869646182495329,0.8421306338876818,-0.39831238160840354
2024-04-12,1.4912596894283687,-0.09869646182495329,0.8353820197637966,-0.40313414844153594
2024-04-15,1.4912596894283687,-0.09869646182495329,0.8529766208724974,-0.3905631134837264
2024-04-16,1.4912596894283687,-0.09869646182495329,0.8452639190166286,-0.3960737041501635
2024-04-17,1.4912596894283687,-0.09869646182495329,0.8563509279344399,-0.38815223006716026
2024-04-18,1.4912596894283687,-0.09869646182495329,0.8577970595324154,-0.3871189943172033
2024-04-19,1.4912596894283687,-0.09869646182495329,0.8510484454085301,-0.3919407611503357
2024-04-22,1.4912596894283687,-0.09869646182495329,0.8493612918775587,-0.3931462028586189
2024-04-23,1.4912596894283687,-0.09869646182495329,0.8433357435526612,-0.3974513518167728
2024-04-24,1.4912596894283687,-0.09869646182495329,0.8467100506146038,-0.3950404684002067
2024-04-25,1.4912596894283687,-0.09869646182495329,0.8491202699445629,-0.393318408816945
2024-04-26,1.4912596894283687,-0.09869646182495329,0.8611713665943579,-0.38470811090063717
2024-04-29,1.4912596894283687,-0.09869646182495329,0.8715353097131818,-0.3773032546926123
2024-04-30,1.4912596894283687,-0.09869646182495329,0.8671969149192555,-0.38040296194248313
2024-05-06,1.4912596894283687,-0.09869646182495329,0.8792480115690507,-0.37179266402617517
2024-05-07,1.4912596894283687,-0.09869646182495329,0.8797300554350426,-0.3714482521095228
2024-05-08,1.4912596894283687,-0.09869646182495329,0.8727404193781615,-0.37644222490098134
2024-05-09,1.4912596894283687,-0.09869646182495329,0.881176187033018,-0.37041501635956586
2024-05-10,1.4912596894283687,-0.09869646182495329,0.8816582308990099,-0.3700706044429135
2024-05-13,1.4912596894283687,-0.09869646182495329,0.8809351651000221,-0.370587222317892
2024-05-14,1.4912596894283687,-0.09869646182495329,0.8794890335020468,-0.37162045806784894
2024-05-15,1.4912596894283687,-0.09869646182495329,0.8732224632441533,-0.3760978129843291
2024-05-16,1.4912596894283687,-0.09869646182495329,0.8761147264401041,-0.3740313414844152
2024-05-17,1.4912596894283687,-0.09869646182495329,0.8859966256929361,-0.36697089719304266
2024-05-20,1.4912596894283687,-0.09869646182495329,0.8879248011569033,-0.36559324952643346
2024-05-21,1.4912596894283687,-0.09869646182495329,0.8850325379609525,-0.36765972102634736
2024-05-22,1.4912596894283687,-0.09869646182495329,0.8869607134249197,-0.36628207335973806
2024-05-23,1.4912596894283687,-0.09869646182495329,0.8780429019040712,-0.372653693817806
2024-05-24,1.4912596894283687,-0.09869646182495329,0.8681610026512392,-0.37971413810917853
2024-05-27,1.4912596894283687,-0.09869646182495329,0.8753916606411163,-0.3745479593593938
2024-05-28,1.4912596894283687,-0.09869646182495329,0.8698481561822105,-0.37850869640089546
2024-05-29,1.4912596894283687,-0.09869646182495329,0.8700891781152064,-0.37833649044256923
2024-05-30,1.4912596894283687,-0.09869646182495329,0.8667148710532638,-0.3807473738591354
2024-05-31,1.4912596894283687,-0.09869646182495329,0.8633405639913211,-0.38315825727570174
2024-06-03,1.4912596894283687,-0.09869646182495329,0.8645456736563008,-0.3822972274840708
2024-06-04,1.4912596894283687,-0.09869646182495329,0.8705712219811983,-0.3779920785259169
2024-06-05,1.4912596894283687,-0.09869646182495329,0.8674379368522516,-0.3802307559841569
2024-06-06,1.4912596894283687,-0.09869646182495329,0.8674379368522516,-0.3802307559841569
2024-06-07,1.4912596894283687,-0.09869646182495329,0.8618944323933457,-0.3841914930256586
2024-06-11,1.4912596894283687,-0.09869646182495329,0.8558688840684482,-0.3884966419838125
2024-06-12,1.4912596894283687,-0.09869646182495329,0.8549047963364645,-0.3891854658171172
2024-06-13,1.4912596894283687,-0.09869646182495329,0.8517715112075177,-0.39142414327535735
2024-06-14,1.4912596894283687,-0.09869646182495329,0.8565919498674358,-0.38798002410883414
2024-06-17,1.4912596894283687,-0.09869646182495329,0.8541817305374768,-0.3897020836920957
2024-06-18,1.4912596894283687,-0.09869646182495329,0.8568329718004317,-0.387807818150508
2024-06-19,1.4912596894283687,-0.09869646182495329,0.8544227524704726,-0.38952987773376957
2024-06-20,1.4912596894283687,-0.09869646182495329,0.8488792480115668,-0.39349061477527136
2024-06-21,1.4912596894283687,-0.09869646182495329,0.8474331164135914,-0.3945238505252282
2024-06-24,1.4912596894283687,-0.09869646182495329,0.843335743552661,-0.39745135181677294
2024-06-25,1.4912596894283687,-0.09869646182495329,0.8382742829597472,-0.40106767694162226
2024-06-26,1.4912596894283687,-0.09869646182495329,0.8433357435526609,-0.39745135181677305
2024-06-27,1.4912596894283687,-0.09869646182495329,0.8387563268257388,-0.40072326502497
2024-06-28,1.4912596894283687,-0.09869646182495329,0.84044348035671,-0.39951782331668695
2024-07-01,1.4912596894283687,-0.09869646182495329,0.8438177874186525,-0.3971069399001208
2024-07-02,1.4912596894283687,-0.09869646182495329,0.842612677753673,-0.39796796969175163
2024-07-03,1.4912596894283687,-0.09869646182495329,0.8411665461556976,-0.3990012054417086
2024-07-04,1.4912596894283687,-0.09869646182495329,0.8375512171607591,-0.40158429481660096
2024-07-05,1.4912596894283687,-0.09869646182495329,0.8334538442998288,-0.4045117961081456
2024-07-08,1.4912596894283687,-0.09869646182495329,0.8276693179079272,-0.4086447391079734
2024-07-09,1.4912596894283687,-0.09869646182495329,0.8365871294287756,-0.40227311864990556
2024-07-10,1.4912596894283687,-0.09869646182495329,0.8346589539648084,-0.40365076631651475
2024-07-11,1.4912596894283687,-0.09869646182495329,0.8457459628826198,-0.3957292922335115
2024-07-12,1.4912596894283687,-0.09869646182495329,0.8481561822125789,-0.39400723265024995
2024-07-15,1.4912596894283687,-0.09869646182495329,0.8498433357435501,-0.3928017909419669
2024-07-16,1.4912596894283687,-0.09869646182495329,0.8558688840684477,-0.38849664198381284
2024-07-17,1.4912596894283687,-0.09869646182495329,0.8570739937334272,-0.3876356121921821
2024-07-18,1.4912596894283687,-0.09869646182495329,0.8621354543263411,-0.3840192870673328
2024-07-19,1.4912596894283687,-0.09869646182495329,0.8676789587852469,-0.3800585500258311
2024-07-22,1.4912596894283687,-0.09869646182495329,0.8606893227283658,-0.38505252281728963
2024-07-23,1.4912596894283687,-0.09869646182495329,0.8438177874186527,-0.3971069399001208
2024-07-24,1.4912596894283687,-0.09869646182495329,0.8385153048927428,-0.40089547098329625
2024-07-25,1.4912596894283687,-0.09869646182495329,0.8336948662328247,-0.40433959014981946
2024-07-26,1.4912596894283687,-0.09869646182495329,0.8373101952277633,-0.4017565007749271
2024-07-29,1.4912596894283687,-0.09869646182495329,0.8324897565678452,-0.4052006199414503
2024-07-30,1.4912596894283687,-0.09869646182495329,0.8269462521089395,-0.40916135698295186
2024-07-31,1.4912596894283687,-0.09869646182495329,0.8455049409496238,-0.39590149819183773
2024-08-01,1.4912596894283687,-0.09869646182495329,0.8394793926247263,-0.40020664714999177
2024-08-02,1.4912596894283687,-0.09869646182495329,0.8308026030368738,-0.40640606164973336
2024-08-05,1.4912596894283687,-0.09869646182495329,0.8214027476500336,-0.41312209402445355
2024-08-06,1.4912596894283687,-0.09869646182495329,0.8214027476500336,-0.41312209402445355
2024-08-07,1.4912596894283687,-0.09869646182495329,0.8197155941190624,-0.4143275357327366
2024-08-08,1.4912596894283687,-0.09869646182495329,0.820679681851046,-0.413638711899432
2024-08-09,1.4912596894283687,-0.09869646182495329,0.8177874186550952,-0.4157051833993459
2024-08-12,1.4912596894283687,-0.09869646182495329,0.8168233309231115,-0.4163940072326505
2024-08-13,1.4912596894283687,-0.09869646182495329,0.8180284405880912,-0.4155329774410197
2024-08-14,1.4912596894283687,-0.09869646182495329,0.8122439141961896,-0.4196659204408474
2024-08-15,1.4912596894283687,-0.09869646182495329,0.8214027476500337,-0.41312209402445355
2024-08-16,1.4912596894283687,-0.09869646182495329,0.8218847915160257,-0.4127776821078011
2024-08-19,1.4912596894283687,-0.09869646182495329,0.8240539889129889,-0.41122782848286565
2024-08-20,1.4912596894283687,-0.09869646182495329,0.8201976379850544,-0.41398312381608415
2024-08-21,1.4912596894283687,-0.09869646182495329,0.8165823089901159,-0.41656621319097653
2024-08-22,1.4912596894283687,-0.09869646182495329,0.8144131115931528,-0.41811606681591196
2024-08-23,1.4912596894283687,-0.09869646182495329,0.8177874186550953,-0.4157051833993458
2024-08-26,1.4912596894283687,-0.09869646182495329,0.8180284405880913,-0.4155329774410196
2024-08-27,1.4912596894283687,-0.09869646182495329,0.8139310677271608,-0.4184604787325643
2024-08-28,1.4912596894283687,-0.09869646182495329,0.809110629067243,-0.4219045978990874
2024-08-29,1.4912596894283687,-0.09869646182495329,0.8067004097372839,-0.42362665748234907
2024-08-30,1.4912596894283687,-0.09869646182495329,0.8175463967220994,-0.41587738935767193
2024-09-02,1.4912596894283687,-0.09869646182495329,0.8030850807423452,-0.42620974685724156
2024-09-03,1.4912596894283687,-0.09869646182495329,0.8059773439382961,-0.42414327535732754
2024-09-04,1.4912596894283687,-0.09869646182495329,0.8009158833453822,-0.42775960048217687
2024-09-05,1.4912596894283687,-0.09869646182495329,0.8026030368763536,-0.4265541587738937
2024-09-06,1.4912596894283687,-0.09869646182495329,0.7958544227524683,-0.4313759256070261
2024-09-09,1.4912596894283687,-0.09869646182495329,0.7859725234996363,-0.4384363698983986
2024-09-10,1.4912596894283687,-0.09869646182495329,0.7859725234996363,-0.4384363698983986
2024-09-11,1.4912596894283687,-0.09869646182495329,0.7842853699686649,-0.4396418116066818
2024-09-12,1.4912596894283687,-0.09869646182495329,0.7816341287057099,-0.4415360771482696
2024-09-13,1.4912596894283687,-0.09869646182495329,0.7780187997107715,-0.44411916652316186
2024-09-18,1.4912596894283687,-0.09869646182495329,0.7804290190407305,-0.4423971069399003
2024-09-19,1.4912596894283687,-0.09869646182495329,0.7869366112316198,-0.43774754606509403
2024-09-20,1.4912596894283687,-0.09869646182495329,0.7891058086285829,-0.4361976924401586
2024-09-23,1.4912596894283687,-0.09869646182495329,0.791275006025546,-0.4346478388152233
2024-09-24,1.4912596894283687,-0.09869646182495329,0.8259821643769559,-0.40985018081625646
2024-09-25,1.4912596894283687,-0.09869646182495329,0.8373101952277633,-0.4017565007749271
2024-09-26,1.4912596894283687,-0.09869646182495329,0.877319836105083,-0.3731703116927848
2024-09-27,1.4912596894283687,-0.09869646182495329,0.9325138587611446,-0.33373514723609465
2024-09-30,1.4912596894283687,-0.09869646182495329,1.0202458423716527,-0.2710521784053732
2024-10-08,1.789244376473643,0.0,1.0633887683779193,-0.2402273118649908
2024-10-09,1.4979409604383525,-0.16280806572068707,0.9693902145095177,-0.3073876356121924
2024-10-10,1.4525083175704632,-0.1882001493651978,0.9848156182212553,-0.2963664542793183
2024-10-11,1.3763418280566488,-0.2307692307692305,0.9585442275247019,-0.31513690373686964
2024-10-14,1.4137569457125578,-0.20985810306198627,0.9737286093034437,-0.30428792836232166
2024-10-15,1.3663199215416733,-0.2363704256908138,0.9474572186068904,-0.3230583778198729
2024-10-16,1.3362542019967465,-0.25317401045556365,0.9414316702819928,-0.3273635267780268
2024-10-17,1.3329135664917546,-0.25504107542942467,0.931067727163169,-0.3347683829860517
2024-10-18,1.4404820297524927,-0.19492158327109754,0.9679440829115421,-0.30842087136214946
2024-10-21,1.4478314278634747,-0.19081404032860327,0.9679440829115421,-0.30842087136214946
2024-10-22,1.4531764446714617,-0.18782673637042546,0.9737286093034437,-0.30428792836232166
2024-10-23,1.4444907923584829,-0.1926811053024643,0.9773439382983822,-0.3017048389874293
2024-10-24,1.424446979328532,-0.20388349514563076,0.9667389732465625,-0.3092819011537803
2024-10-25,1.4672071137924279,-0.1799850634802087,0.9737286093034436,-0.30428792836232177
2024-10-28,1.461862096984441,-0.1829723674383864,0.9751747409014191,-0.3032546926123647
2024-10-29,1.4264513606315268,-0.2027632561613142,0.9672210171125541,-0.30893748923712805
2024-10-30,1.4104163102075662,-0.2117251680358473,0.9570980959267263,-0.3161701394868267
2024-10-31,1.417765708318548,-0.20761762509335302,0.9570980959267263,-0.3161701394868267
2024-11-01,1.4020418742152,-0.21640559967642115,0.9590262713906935,-0.3147924918202174
2024-11-04,1.4125244302840987,-0.21054694995437573,0.9718004338394762,-0.3056655760289311
2024-11-05,1.4524891752967748,-0.1882108478890775,0.9971077368040457,-0.28758395040468465
2024-11-06,1.4518340155424685,-0.18857701349670541,0.9908411665461523,-0.2920613053211648
2024-11-07,1.4623165716113673,-0.1827183637746599,1.023861171366591,-0.26846908903048095
2024-11-08,1.4610062521027547,-0.18345069498991573,1.0108459869848123,-0.2777682107800935
2024-11-11,1.5107983934300238,-0.15562210881019978,1.0159074475777263,-0.2741518856552442
2024-11-12,1.5062122751498805,-0.15818526806359468,1.0048204386599149,-0.28207335973824743
2024-11-13,1.5186603104816976,-0.15122812151866571,1.0110870089178083,-0.2775960048217673
2024-11-14,1.4708336484173474,-0.177958210875498,0.9939744516750992,-0.28982262786292456
2024-11-15,1.4203863473357725,-0.20615296266284178,0.9773439382983821,-0.3017048389874294
2024-11-18,1.4007315547065873,-0.2171379308916771,0.9732465654374518,-0.304632340278974
2024-11-19,1.4518340155424685,-0.18857701349670541,0.9780670040973698,-0.3011882211124509
2024-11-20,1.4479030570166314,-0.1907740071424726,0.9804772234273288,-0.29946616152918937
2024-11-21,1.4472478972623253,-0.1911401727501003,0.9816823330923083,-0.29860513173755854
2024-11-22,1.3954902766721378,-0.22006725575269992,0.9527597011328,-0.31926984673669756
2024-11-25,1.4099037912668735,-0.21201161238488742,0.9474572186068901,-0.3230583778198731
2024-11-26,1.3836974010946266,-0.22665823669000107,0.9455290431429229,-0.3244360254864824
2024-11-27,1.4105589510211796,-0.2116454467772596,0.9609544468546606,-0.3134148441536083
2024-11-28,1.3987660754436684,-0.21823642771456075,0.9539648107977795,-0.31840881694506684
2024-11-29,1.415145069301323,-0.2090822875238646,0.9643287539166034,-0.31100396073704184
2024-12-02,1.4258254094469933,-0.20311309724102578,0.9715594119064803,-0.3058377819872573
2024-12-03,1.4111399417466965,-0.2113207338799291,0.9725234996384641,-0.3051489581539525
2024-12-04,1.401794644119235,-0.21654377537741298,0.9674620390455502,-0.3087652832788018
2024-12-05,1.4057997716738613,-0.21430532902134858,0.9657748855145788,-0.309970724987085
2024-12-06,1.4244903669287845,-0.20385924602638072,0.9778259821643741,-0.3013604270707769
2024-12-09,1.4071348141920703,-0.21355918023599363,0.9771029163653864,-0.3018770449457554
2024-12-10,1.4191501968559495,-0.20684384116779997,0.9845745962882592,-0.29653866023764464
2024-12-11,1.4138100267831142,-0.20982843630921943,0.9821643769583003,-0.2982607198209062
2024-12-12,1.4191501968559492,-0.20684384116780008,0.9922872981441281,-0.2910280695712075
2024-12-13,1.3911143039735647,-0.2225129656602517,0.9689081706435255,-0.307732047528845
2024-12-16,1.368418581164015,-0.23519749501128417,0.9631236442516239,-0.31186499052867267
2024-12-17,1.3604083260547624,-0.2396743877234132,0.9657748855145787,-0.3099707249870851
2024-12-18,1.3790989213096856,-0.22922830472844535,0.9698722583755089,-0.3070432236955404
2024-12-19,1.3951194315281912,-0.22027451930418718,0.9713183899734844,-0.30600998794558343
2024-12-20,1.4218202818923673,-0.20535154359709018,0.9684261267775335,-0.30807645944549744
2024-12-23,1.4044647291556531,-0.21505147780670308,0.9693902145095171,-0.30738763561219273
2024-12-24,1.4271604519652024,-0.20236694845567083,0.9807182453603244,-0.29929395557086347
2024-12-25,1.4311655795198288,-0.2001285020996063,0.981441311159312,-0.298777337695885
2024-12-26,1.443180962183708,-0.19341316303141265,0.981682333092308,-0.29860513173755876
2024-12-27,1.4338356645562464,-0.19863620452889652,0.9802362014943325,-0.2996383674875157
2024-12-30,1.4378407921108725,-0.19639775817283223,0.9848156182212547,-0.29636645427931874
2024-12-31,1.395119431528191,-0.2202745193041873,0.969390214509517,-0.30738763561219284
2025-01-02,1.3470579008726742,-0.24713587557696182,0.94215473608098,-0.3268469089030488
2025-01-03,1.3256972205813335,-0.25907425614263924,0.932513858761144,-0.333735147236095
2025-01-06,1.3203570505084983,-0.2620588512840587,0.9286575078332096,-0.3364904425693136
2025-01-07,1.3590732835365533,-0.24042053650876816,0.9351651000240989,-0.3318408816945073
2025-01-08,1.3577382410183443,-0.24116668529412322,0.9337189684261236,-0.33287411744446416
2025-01-09,1.3550681559819266,-0.2426589828648329,0.9317907929621564,-0.33425176511107346
2025-01-10,1.3417177307998387,-0.2501204707183813,0.9214268498433326,-0.34165662131909824
2025-01-13,1.3417177307998387,-0.2501204707183813,0.917811520848394,-0.3442397106939906
2025-01-14,1.3844390913825202,-0.22624370958702622,0.9414316702819925,-0.32736352677802705
2025-01-15,1.3777638787914763,-0.22997445351380041,0.9358881658230866,-0.33132426381952884
2025-01-16,1.3497279859090914,-0.24564357800625236,0.9363702096890785,-0.3309798519028765
2025-01-17,1.3617433685729707,-0.2389282389380586,0.9395034948180253,-0.32874117444463635
2025-01-20,1.3644134536093884,-0.2374359413673489,0.9440829115449474,-0.3254692612364394
2025-01-21,1.3764288362732675,-0.23072060229915525,0.945288021209927,-0.32460823144480844
2025-01-22,1.3737587512368499,-0.23221289986986504,0.9366112316220745,-0.33080764594455025
2025-01-23,1.3630784110911796,-0.23818209015270375,0.9392624728850294,-0.3289133804029625
2025-01-24,1.37375875123685,-0.23221289986986493,0.9469751747408983,-0.32340278973652536
2025-01-27,1.3470579008726742,-0.24713587557696182,0.9416726922149885,-0.3271913208197008
2025-02-05,1.3444009819360416,-0.24862081467838792,0.9368522535550705,-0.330635439986224
2025-02-06,1.3815978470488965,-0.2278316672584224,0.947698240539886,-0.3228861718615469
2025-02-07,1.4154735634909605,-0.20889869371523961,0.9611954687876566,-0.313242638195282
2025-02-10,1.4227800905667,-0.20481511118631768,0.9621595565196401,-0.3125538143619775
2025-02-11,1.4035174282761145,-0.21558091967165705,0.9583032055917057,-0.315309109695196
2025-02-12,1.428093928439965,-0.20184523298346557,0.96746203904555,-0.30876528327880204
2025-02-13,1.418130482427593,-0.2074137546138135,0.9650518197155908,-0.3104873428620636
2025-02-14,1.44403544205976,-0.1929355983749088,0.972282477705468,-0.30532116411227883
2025-02-17,1.449349279933025,-0.1899657201720566,0.9739696312364395,-0.30411572240399554
2025-02-18,1.421451631098384,-0.20555758073703068,0.9669799951795582,-0.3091096951954543
2025-02-19,1.4513419691354994,-0.188852015845987,0.9720414557724723,-0.30549337007060484
2025-02-20,1.4506777394013415,-0.18922325062134338,0.9691491925765213,-0.30755984157051885
2025-02-21,1.487210374780038,-0.16880533797673458,0.9821643769583001,-0.2982607198209063
2025-02-24,1.475254239565192,-0.1754875639331519,0.9790310918293533,-0.3004993972791463
2025-02-25,1.459312725945397,-0.18439719854170855,0.9691491925765212,-0.30755984157051897
2025-02-26,1.476582699033508,-0.17474509438243901,0.9771029163653859,-0.30187704494575573
2025-02-27,1.469276171957769,-0.17882867691136062,0.9802362014943327,-0.2996383674875157
2025-02-28,1.4134808742884866,-0.210012398041309,0.9626416003856318,-0.31220940244532525
2025-03-03,1.3960150911993086,-0.21977393946003942,0.959508315256685,-0.3144480799035654
2025-03-04,1.4209662098981346,-0.20582888029042434,0.9585442275247014,-0.31513690373687
2025-03-05,1.4247088777029582,-0.20373712141498224,0.9626416003856317,-0.31220940244532525
2025-03-06,1.4733635591656689,-0.17654425603423285,0.9758978067004065,-0.30273807473738645
2025-03-07,1.4558977760764906,-0.18630579745296338,0.9734875873704473,-0.3044601343206482
2025-03-10,1.4509075523367254,-0.1890948092868865,0.9696312364425129,-0.3072154296538667
2025-03-11,1.4446697726620188,-0.19258107407929026,0.9725234996384639,-0.3051489581539527
2025-03-12,1.4346893251824884,-0.19815909774713636,0.9701132803085049,-0.30687101773721426
2025-03-13,1.4047479827438973,-0.21489316875067432,0.9652928416485868,-0.31031513690373747
2025-03-14,1.4296991014427234,-0.20094810958105924,0.9896360568811728,-0.29292233511279553
2025-03-17,1.4222137658330758,-0.20513162733194368,0.9867437936852221,-0.2949888066127093
2025-03-18,1.4296991014427236,-0.20094810958105913,0.9889129910821851,-0.293438952987774
2025-03-19,1.4109857624186044,-0.21140690395827022,0.9903591226801605,-0.29240571723781705
2025-03-20,1.396015091199309,-0.2197739394600392,0.9824053988912956,-0.2980885138625804
2025-03-21,1.366073748760718,-0.23650801046357717,0.9664979513135662,-0.30945410711210675
2025-03-24,1.3735590843703658,-0.23232449271269262,0.9705953241744967,-0.3065266058205619
2025-03-25,1.3511030775414223,-0.24487504596534626,0.9710773680404885,-0.30618219390390966
2025-03-26,1.3486079656715397,-0.2462695518823078,0.967221017112554,-0.30893748923712816
2025-03-27,1.3623310809558942,-0.23859976933901939,0.9705953241744968,-0.3065266058205619
2025-03-28,1.3486079656715397,-0.2462695518823078,0.9660159074475746,-0.3097985190287589
2025-03-31,1.3398750741269507,-0.251150322591673,0.9602313810556729,-0.3139314620285868
2025-04-01,1.3398750741269507,-0.251150322591673,0.9597493371896811,-0.31427587394523904
2025-04-02,1.3398750741269507,-0.251150322591673,0.9590262713906934,-0.3147924918202175
2025-04-03,1.3398750741269507,-0.251150322591673,0.9542058327307753,-0.3182366109867407
2025-04-07,1.3398750741269507,-0.251150322591673,0.8905760424198571,-0.36369898398484646
2025-04-08,1.3398750741269507,-0.251150322591673,0.8990118100747136,-0.357671775443431
2025-04-09,1.3398750741269507,-0.251150322591673,0.9076885996625662,-0.3514723609436893
2025-04-10,1.3398750741269507,-0.251150322591673,0.922872981441308,-0.3406233855691413
2025-04-11,1.3398750741269507,-0.251150322591673,0.9255242227042628,-0.3387291200275536
2025-04-14,1.3398750741269507,-0.251150322591673,0.9274523981682301,-0.3373514723609443
2025-04-15,1.3398750741269507,-0.251150322591673,0.9281754639672178,-0.33683485448596584
2025-04-16,1.3398750741269507,-0.251150322591673,0.9303446613641809,-0.3352850008610304
2025-04-17,1.3398750741269507,-0.251150322591673,0.9310677271631688,-0.3347683829860518
2025-04-18,1.3398750741269507,-0.251150322591673,0.9334779464931279,-0.33304632340279017
2025-04-21,1.3398750741269507,-0.251150322591673,0.9339599903591197,-0.3327019114861379
2025-04-22,1.3398750741269507,-0.251150322591673,0.9346830561581074,-0.33218529361115934
2025-04-23,1.3398750741269507,-0.251150322591673,0.9356471438900911,-0.33149646977785474
2025-04-24,1.3398750741269507,-0.251150322591673,0.9356471438900911,-0.33149646977785474
2025-04-25,1.3398750741269507,-0.251150322591673,0.9356471438900911,-0.33149646977785474
2025-04-28,1.3398750741269507,-0.251150322591673,0.9342010122921156,-0.3325297055278117
2025-04-29,1.3398750741269507,-0.251150322591673,0.9325138587611443,-0.33373514723609476
2025-04-30,1.3398750741269507,-0.251150322591673,0.9317907929621566,-0.33425176511107324
2025-05-06,1.3656821421866578,-0.23672687747761356,0.9407086044830049,-0.3278801446530055
2025-05-07,1.3719595371201,-0.23321847190932887,0.9464931308749065,-0.3237472016531777
2025-05-08,1.395674140201993,-0.21996449531803108,0.9520366353338122,-0.31978646461167615
2025-05-09,1.3838168386610465,-0.22659148361367998,0.9508315256688326,-0.320647494403307
2025-05-12,1.4207837199357618,-0.20593087304489222,0.9616775126536481,-0.31289822627862995
2025-05-13,1.4159013016541955,-0.20865963293133605,0.9626416003856317,-0.31220940244532525
2025-05-14,1.4326410214767082,-0.19930388474924332,0.9749337189684226,-0.3034268985706913
2025-05-15,1.4033465117873114,-0.2156764440679052,0.966738973246562,-0.3092819011537806
2025-05-16,1.4005565584835593,-0.21723573543158725,0.9614364907206521,-0.3130704322369562
2025-05-19,1.396371628527931,-0.2195746724771105,0.9599903591226767,-0.31410366798691314
2025-05-20,1.4075314417429394,-0.2133375070223822,0.9648107977825948,-0.31065954882038993
2025-05-21,1.4186912549579478,-0.20710034156765378,0.9686671487105293,-0.3079042534871713
2025-05-22,1.4061364650910635,-0.21411715270422316,0.9681851048445376,-0.30824866540382356
2025-05-23,1.3907917219204269,-0.2226932552044747,0.9611954687876564,-0.3132426381952822
2025-05-26,1.3789344203794804,-0.2293202435001236,0.9561340081947425,-0.3168589633201315
2025-05-27,1.3719595371201,-0.23321847190932887,0.9510725476018286,-0.32047528844498074
2025-05-28,1.366379630512596,-0.23633705463669297,0.9501084598698449,-0.32116411227828545
2025-05-29,1.387304280290737,-0.22464236940907711,0.9558929862617466,-0.31703116927845765
2025-05-30,1.3754469787497903,-0.23126935770472623,0.9542058327307752,-0.31823661098674083
2025-06-03,1.382822029574186,-0.2271474775851805,0.9537237888647833,-0.3185810229033932
2025-06-04,1.3975721312229772,-0.21890371734608915,0.9578211617257137,-0.31565352161184845
2025-06-05,1.3865095549863837,-0.22508653752540764,0.9602313810556729,-0.3139314620285868
2025-06-06,1.3754469787497903,-0.23126935770472623,0.9607134249216647,-0.31358705011193444
2025-06-09,1.3938846058107794,-0.2209646574058619,0.9628826223186276,-0.3120371964869991
2025-06-10,1.3975721312229772,-0.21890371734608915,0.9573391178597218,-0.3159979335285008
2025-06-11,1.3938846058107792,-0.22096465740586202,0.9650518197155905,-0.3104873428620639
2025-06-12,1.4123222328717684,-0.2106599571069978,0.9655338635815826,-0.31014293094541134
2025-06-13,1.3901970803985815,-0.22302559746563488,0.959267293323689,-0.3146202858618916
2025-06-16,1.379134504161988,-0.22920841764495337,0.961677512653648,-0.31289822627863006
2025-06-17,1.3533218262766034,-0.2436349980633633,0.961436490720652,-0.3130704322369563
2025-06-18,1.3459467754522076,-0.24775687818290903,0.9409496264160003,-0.3277079386946796
2025-06-19,1.3311966738034164,-0.2560006384220004,0.9334779464931274,-0.3330463234027905
2025-06-20,1.338571724627812,-0.25187875830245476,0.9346830561581069,-0.3321852936111598
2025-06-23,1.338571724627812,-0.25187875830245476,0.9378163412870535,-0.32994661615291976
2025-06-24,1.3459467754522076,-0.24775687818290903,0.948662328271869,-0.32219734802824274
2025-06-25,1.3606968771009988,-0.2395131179438177,0.9643287539166027,-0.3110039607370424
2025-06-26,1.3496343008644054,-0.24569593812313617,0.9607134249216641,-0.3135870501119349
2025-06-27,1.3459467754522076,-0.24775687818290903,0.9551699204627583,-0.31754778715343657
2025-06-30,1.3570093516888013,-0.24157405800359033,0.9597493371896805,-0.3142758739452395
2025-07-01,1.3527036636347913,-0.24398048616434043,0.9611954687876557,-0.31324263819528264
2025-07-02,1.3684911864994944,-0.23515691624159007,0.9621595565196392,-0.31255381436197804
2025-07-03,1.384278709364198,-0.2263333463188395,0.967703060978545,-0.30859307732047647
2025-07-04,1.3727968745535046,-0.23275048808083987,0.9718004338394755,-0.30566557602893163
2025-07-07,1.367055957148158,-0.23595905896184,0.9674620390455493,-0.3087652832788025
2025-07-08,1.4115480670395941,-0.2110926346340889,0.9756567847674099,-0.30291028069571313
2025-07-09,1.4079599936612526,-0.21309799143471386,0.9749337189684222,-0.3034268985706916
2025-07-10,1.4194418284719459,-0.2066808496727135,0.9797541576283404,-0.2999827794041683
2025-07-11,1.4137009110665992,-0.20988942055371373,0.9831284646902827,-0.29757189598760236
2025-07-14,1.4165713697692723,-0.20828513511321378,0.9828874427572869,-0.2977441019459285
2025-07-15,1.4007838469045693,-0.21710870503596413,0.9828874427572869,-0.2977441019459285
2025-07-16,1.397913388201896,-0.2187129904764642,0.9807182453603237,-0.2992939555708639
2025-07-17,1.4122656817152623,-0.21069156327396388,0.9886719691491885,-0.2936111589461007
2025-07-18,1.4208770578232823,-0.20587870695246357,0.9959026271390654,-0.28844498019631604
2025-07-21,1.4395350393906585,-0.19545085158921327,1.001928175463963,-0.284139831238162
2025-07-22,1.4718276997957336,-0.17740264038358722,1.0125331405157827,-0.2765627690718111
2025-07-23,1.4589106356337036,-0.18462192486583762,1.0120510966497909,-0.27690718098846345
2025-07-24,1.4969442134441246,-0.16336514277921177,1.018317666907684,-0.2724298260719835
2025-07-25,1.4904856813631095,-0.16697478502033702,1.0130151843817745,-0.27621835715515874
2025-07-28,1.4854623786334313,-0.16978228454121214,1.0156664256447294,-0.2743240916135711
2025-07-29,1.4983794427954615,-0.16256300005896152,1.0207278862376434,-0.27070776648872164
2025-07-30,1.4696748557687285,-0.17860585446396238,1.0200048204386558,-0.2712243843637001
2025-07-31,1.426617975228629,-0.20267013607146345,1.0014461315979715,-0.28448424315481413
2025-08-01,1.402612384299301,-0.21608674435872255,0.9961436490720615,-0.2882727742379897
2025-08-04,1.402612384299301,-0.21608674435872255,1.0007230657989838,-0.2850008610297926
2025-08-05,1.409471124564823,-0.21225342770522004,1.0081947457218565,-0.27966247632168184
2025-08-06,1.406041754432062,-0.2141700860319713,1.0108459869848117,-0.27776821078009406
2025-08-07,1.3957536440337786,-0.21992006101222517,1.0106049650518156,-0.2779404167384203
2025-08-08,1.3923242739010175,-0.22183671933897642,1.0081947457218567,-0.27966247632168173
2025-08-11,1.3957536440337783,-0.2199200610122254,1.012774162448779,-0.27639056311348464
2025-08-12,1.3991830141665396,-0.21800340268547402,1.0190407327066724,-0.2719132081970046
2025-08-13,1.4334767154941508,-0.19883681941796116,1.027476500361529,-0.2658859996555891
2025-08-14,1.4231886050958675,-0.20458679439821492,1.0257893468305577,-0.2670914413638722
2025-08-15,1.4300473453613898,-0.2007534777447123,1.0351892022173976,-0.2603754089891521
2025-08-18,1.4334767154941508,-0.19883681941796116,1.0429019040732666,-0.254864818322715
2025-08-19,1.4094711245648228,-0.21225342770522015,1.0375994215473565,-0.2586533494058907
2025-08-20,1.4231886050958673,-0.20458679439821503,1.0518197155941147,-0.2484931978646473
2025-08-21,1.4403354557596728,-0.19500350276445866,1.0551940226560572,-0.24608231444808126
2025-08-22,1.4540529362907173,-0.18733686945745354,1.0795372378886432,-0.22868951265713933
2025-08-25,1.4883466376183285,-0.16817028618994068,1.1002651241262908,-0.21387980024108966
2025-08-26,1.4711997869545228,-0.17775357782369716,1.0944805977343892,-0.21801274324091746
2025-08-27,1.4403354557596726,-0.19500350276445877,1.0785731501566596,-0.22937833649044403
2025-08-28,1.4369060856269116,-0.19692016109121002,1.0988189925283154,-0.21491303599104672
2025-08-29,1.478058527220045,-0.17392026117019455,1.1089419137141432,-0.20768038574134806
2025-09-01,1.4979474167506266,-0.16280445731908522,1.1125572427090815,-0.2050972963664559
2025-09-02,1.459216421348968,-0.18445102271335068,1.106290672451188,-0.20957465128293595
2025-09-03,1.4288596952233439,-0.20141724964399121,1.0964087731983563,-0.21663509557430827
2025-09-04,1.3419766514844886,-0.24997576120410014,1.0739937334297374,-0.232650249698641
2025-09-05,1.3880351325026772,-0.22423389965416274,1.0976138828633357,-0.21577406578267755
2025-09-08,1.3901286998216857,-0.22306381503825645,1.0978549047963315,-0.21560185982435143
2025-09-09,1.3681462429720956,-0.23534970350527207,1.091347312605442,-0.22025142069915782
2025-09-10,1.3828012142051556,-0.2271591111939284,1.0937575319354014,-0.21852936111589605
2025-09-11,1.4581696376894637,-0.18503606502130387,1.1231622077609014,-0.19752023420010478
2025-09-12,1.4717778252630191,-0.1774305150179134,1.1137623523740612,-0.20423626657482497
2025-09-15,1.474918176241532,-0.17567538809405403,1.115690527838028,-0.202858618908216
2025-09-16,1.4927134984531045,-0.1657296688588511,1.1135213304410652,-0.2044084725331512
2025-09-17,1.5073684696861644,-0.15753907654750743,1.1214750542299299,-0.19872567590838797
2025-09-18,1.5178363062812072,-0.15168865346797633,1.107254760183172,-0.20888582744963113
2025-09-19,1.4979474167506261,-0.16280445731908544,1.1096649795131308,-0.2071637678663697
2025-09-22,1.5481930324068316,-0.13472242653733568,1.1132803085080691,-0.20458067849147743
2025-09-23,1.5440058977688145,-0.13706259576914814,1.114003374307057,-0.20406406061649884
2025-09-24,1.6015789990415497,-0.10488526883172677,1.123885273559889,-0.19700361632512642
2025-09-25,1.6204211049126267,-0.09435450728857064,1.131597975415758,-0.1914930256586893
2025-09-26,1.595298297084524,-0.10839552267944541,1.120993010363938,-0.19907008782504032
2025-09-29,1.615187186615105,-0.0972797188283363,1.1395516992046224,-0.1858102290339263
2025-09-30,1.6434503454217209,-0.08148357651360194,1.1426849843335691,-0.18357155157568616
2025-10-09,1.7059257545401807,-0.04656637350883952,1.1607616293082617,-0.1706561047012244
2025-10-10,1.6023785486864366,-0.10443840441488128,1.1373825018076593,-0.18736008265886162
2025-10-13,1.6133695928832028,-0.09829556314552479,1.13087490961677,-0.1920096435336679
2025-10-14,1.5792395082721917,-0.11737070182405285,1.1195468787659626,-0.20010332357499738
2025-10-15,1.6075848327796411,-0.10152863749781793,1.1342492166787128,-0.18959876011710153
2025-10-16,1.6145265449039146,-0.09764894827506654,1.1378645456736514,-0.18701567074220915
2025-10-17,1.5375892355265512,-0.14064883716056142,1.1144854181730488,-0.2037196486998465
2025-10-20,1.5427955196197565,-0.13773907024349774,1.1183417691009834,-0.20096435336662788
2025-10-21,1.5682484640754255,-0.12351354309340923,1.1352133044106967,-0.1889099362837967
2025-10-22,1.545109423661181,-0.13644584050258057,1.1315979754157584,-0.19149302565868898
2025-10-23,1.5688269400857817,-0.12319023565817988,1.1359363702096845,-0.18839331840881812
2025-10-24,1.5983292166139436,-0.10670155646148638,1.1496746203904507,-0.1785775787842273
2025-10-27,1.6133695928832026,-0.0982955631455249,1.1631718486382212,-0.1689340451179625
2025-10-28,1.600643120655368,-0.10540832672056932,1.1573873222463196,-0.1730669881177903
2025-10-29,1.7007194704469755,-0.0494761404259032,1.171848638226074,-0.16273463061822058
2025-10-30,1.7157598467162345,-0.041070147109941724,1.1624487828392338,-0.16945066299294076
2025-10-31,1.693199282312346,-0.05367913708388383,1.1463003133285083,-0.18098846220079334
2025-11-03,1.7140244186851663,-0.042040069415629544,1.1479874668594796,-0.17978302049251027
2025-11-04,1.6642754817945404,-0.06984450884534799,1.139792721137619,-0.1856380230755995
2025-11-05,1.7232800348508641,-0.036867150451960984,1.1412388527355946,-0.18460478732564256
2025-11-06,1.7510468833479576,-0.021348393560955303,1.1581103880453074,-0.17255037024281172
2025-11-07,1.7834415399279004,-0.003243177188115065,1.1557001687153485,-0.17427242982607316
2025-11-10,1.7718720197207778,-0.009709325892701015,1.1585924319112995,-0.17220595832615915
2025-11-11,1.757988595472231,-0.01746870433820391,1.1479874668594796,-0.17978302049251027
2025-11-12,1.712867466664454,-0.04268668428608802,1.1484695107254712,-0.17943860857585814
2025-11-13,1.7926971560935976,0.0,1.1597975415762787,-0.17134492853452865
2025-11-14,1.7649303075965044,-0.015488867376572957,1.1426849843335696,-0.18357155157568583
2025-11-17,1.7724504957311333,-0.01129396579541797,1.1352133044106967,-0.1889099362837967
2025-11-18,1.7192307027783709,-0.04098096160051645,1.1287057122198074,-0.19355949715860288
2025-11-19,1.728486318944069,-0.03581800580832528,1.1320800192817502,-0.19114861374203662
2025-11-20,1.7012979464573317,-0.050984188447886325,1.1270185586888362,-0.19476493886688595
2025-11-21,1.5965937885828747,-0.10939012584704755,1.1000241021932953,-0.21405200619941556
2025-11-24,1.5792395082721913,-0.11907066795740573,1.098336948662324,-0.21525744790769863
2025-11-25,1.6098987368210653,-0.10196837689577298,1.1079778259821602,-0.20836920957465221
2025-11-26,1.6133695928832021,-0.10003226847370128,1.1149674620390415,-0.20337523678319358
2025-11-27,1.6110556888417775,-0.10132300742174905,1.1140033743070579,-0.2040640606164983
2025-11-28,1.6365086332974463,-0.08712487899322385,1.1171366594360046,-0.20182538315825815
2025-12-01,1.6365086332974463,-0.08712487899322385,1.1296697999517917,-0.19287067332529784
2025-12-02,1.6365086332974463,-0.08712487899322385,1.124608339358878,-0.19648699845014705
2025-12-03,1.6365086332974463,-0.08712487899322385,1.1195468787659637,-0.2001033235749965
2025-12-04,1.6365086332974463,-0.08712487899322385,1.1224391419619146,-0.1980368520750826
2025-12-05,1.6365086332974463,-0.08712487899322385,1.1323210412147466,-0.19097640778371006
2025-12-08,1.6365086332974463,-0.08712487899322385,1.1405157869366072,-0.18512140520062081
2025-12-09,1.6365086332974463,-0.08712487899322385,1.1347312605447055,-0.18925434820044862
2025-12-10,1.6365086332974463,-0.08712487899322385,1.13328512894673,-0.19028758395040557
2025-12-11,1.6365086332974463,-0.08712487899322385,1.1250903832248695,-0.1961425865334948
2025-12-12,1.6365086332974463,-0.08712487899322385,1.131356953482763,-0.19166523161701476
2025-12-15,1.6365086332974463,-0.08712487899322385,1.1248493612918735,-0.19631479249182104
2025-12-16,1.6365086332974463,-0.08712487899322385,1.1135213304410663,-0.20440847253315042
2025-12-17,1.6365086332974463,-0.08712487899322385,1.1325620631477424,-0.19080420182538393
2025-12-18,1.6365086332974463,-0.08712487899322385,1.1250903832248695,-0.1961425865334948
2025-12-19,1.6365086332974463,-0.08712487899322385,1.1299108218847875,-0.19269846736697172
2025-12-22,1.6365086332974463,-0.08712487899322385,1.1400337430706156,-0.18546581711727295
2025-12-23,1.6365086332974463,-0.08712487899322385,1.1424439624005747,-0.1837437575340113
2025-12-24,1.6365086332974463,-0.08712487899322385,1.146541335261505,-0.18081625624246667
2025-12-25,1.6365086332974463,-0.08712487899322385,1.1487105326584683,-0.17926640261753102
2025-12-26,1.6365086332974463,-0.08712487899322385,1.1530489274523945,-0.17616669536766028
2025-12-29,1.6365086332974463,-0.08712487899322385,1.1479874668594807,-0.1797830204925095
2025-12-30,1.6365086332974463,-0.08712487899322385,1.1503976861894398,-0.17806096090924783
2025-12-31,1.6365086332974463,-0.08712487899322385,1.1455772475295218,-0.18150508007577093
2026-01-05,1.6805054389369665,-0.06258263799620456,1.167510243432149,-0.16583433786809054
2026-01-06,1.7169537730206867,-0.04225107560161501,1.1855868884068412,-0.152918890993629
2026-01-07,1.7251492564241266,-0.03767948169040558,1.181248493612915,-0.15601859824349973
2026-01-08,1.7305410218211266,-0.034671854117241496,1.172089660159071,-0.16256242465989368
2026-01-09,1.7719497800700867,-0.011573274355341057,1.1773921426849805,-0.15877389357671834
2026-01-12,1.8150839032460873,0.0,1.1841407568088658,-0.15395212674358594
2026-01-13,1.791360135499287,-0.013070342205323326,1.1800433839479354,-0.15687962803513067
2026-01-14,1.8040847018362072,-0.006059885931558928,1.1728127259580583,-0.16204580678491542
2026-01-15,1.7984772658233272,-0.009149239543726262,1.1749819233550214,-0.16049595315998
2026-01-16,1.788987758724607,-0.01437737642585557,1.171125572427087,-0.1632512484931985
2026-01-19,1.8004183013662471,-0.008079847908745275,1.141961918534583,-0.18408816945066353
2026-01-20,1.795242206585127,-0.010931558935361352,1.1385876114726403,-0.1864990528672298
2026-01-21,1.818534633100167,0.0,1.1400337430706158,-0.18546581711727284
2026-01-22,1.8265144458877267,0.0,1.139310677271628,-0.18598243499225142
2026-01-23,1.8804320998577269,0.0,1.133767172812722,-0.1899431720337531
2026-01-26,1.8470031543963268,-0.01777726803532509,1.1356953482766894,-0.1885655243671438
2026-01-27,1.8588650382697265,-0.0114692051840809,1.1352133044106976,-0.18890993628379615
2026-01-28,1.8743933226130867,-0.003211377451542652,1.138828633405636,-0.1863268469089039
2026-01-29,1.8528262610250863,-0.014680582635623551,1.1491925765244597,-0.178921990700879
2026-01-30,1.820259998027206,-0.031999082463585626,1.1354543263436934,-0.18873773032547003
2026-02-02,1.7359327872181258,-0.0768436747333412,1.108700891781148,-0.20785259169967374
2026-02-03,1.804300372452086,-0.040486294299805325,1.1241262954928857,-0.19683141036679963
2026-02-04,1.8090451260014464,-0.03796306915930736,1.1344902386117095,-0.18942655415877485
2026-02-05,1.7721654506859665,-0.05757541002408528,1.1277416244878244,-0.19424832099190714
2026-02-06,1.7713027682224463,-0.05803417823144863,1.1205109664979473,-0.1994144997416919
2026-02-09,1.8105548203126065,-0.03716022479642167,1.1393106772716277,-0.18598243499225153
2026-02-10,1.8066727492267667,-0.039224681729556066,1.140756808869603,-0.1849491992422947
2026-02-11,1.8140055501666865,-0.035325151966968726,1.1383465895396438,-0.18667125882555635
2026-02-12,1.8362196236023265,-0.023511870627365594,1.1393106772716275,-0.18598243499225176
2026-02-13,1.8058100667632464,-0.039683449936919524,1.125813449023857,-0.19562596865851656
2026-02-24,1.8265144458877267,-0.02867301296020186,1.1366594360086726,-0.18787670053383942
2026-02-25,1.855198637799767,-0.013418970065374403,1.1448541817305333,-0.18202169795074996
2026-02-26,1.8612374150444069,-0.010207592613831862,1.141238852735595,-0.18460478732564223
2026-02-27,1.884314170943567,0.0,1.138828633405636,-0.1863268469089039
2026-03-02,1.8834514884800468,-0.00045782305139063784,1.1422029404675786,-0.18391596349233752
2026-03-03,1.8062414079950064,-0.04143298615085278,1.1275006025548286,-0.19442052695023315
2026-03-04,1.7937325122739665,-0.04807142039601697,1.1111111111111074,-0.20613053211641186
2026-03-05,1.8053787255314864,-0.04189080920224342,1.121716076162927,-0.19855346995006096
2026-03-06,1.8161622563254862,-0.03616802105986061,1.1248493612918737,-0.19631479249182093
2026-03-09,1.8021436662932862,-0.04360764564495845,1.1156905278380294,-0.202858618908215
2026-03-10,1.8291024932782862,-0.029300675289001044,1.128705712219808,-0.19355949715860243
2026-03-11,1.8262987752718463,-0.03078860020602059,1.1354543263436934,-0.18873773032547003
2026-03-12,1.8172406094048863,-0.03559574224562223,1.131356953482763,-0.19166523161701476
2026-03-13,1.7924384885786862,-0.048758154973103096,1.1272595806218326,-0.1945927329085595
2026-03-16,1.7812236165529263,-0.05470985464118128,1.1279826464208205,-0.1940761150335809
2026-03-17,1.742187235078646,-0.07542634771660772,1.1197879006989597,-0.19993111761667026
2026-03-18,1.7590095431172863,-0.06649879821449023,1.1236442516268943,-0.19717582228345165
2026-03-19,1.713503043166606,-0.09064896417534629,1.1084598698481525,-0.20802479765799964
2026-03-20,1.6848188512545659,-0.10587158063408508,1.1029163653892466,-0.21198553469950132
2026-03-23,1.6201176664905654,-0.14020830948838303,1.067727163171845,-0.2371276046151204
2026-03-24,1.6503115527137657,-0.1241845026897106,1.0795372378886443,-0.22868951265713855
2026-03-25,1.6878382398768856,-0.10426919995421802,1.0952036635333777,-0.21749612536593843
2026-03-26,1.6606637422760058,-0.11869062607302294,1.0817064352856074,-0.22713965903220312
2026-03-27,1.6828778157116457,-0.1069016824997141,1.0865268739455254,-0.22369553986568003
2026-03-30,1.6861128749498457,-0.10518484605699918,1.084598698481558,-0.22507318753228933
2026-03-31,1.6569973418060455,-0.12063637404143324,1.0756808869607097,-0.23144480799035716
2026-04-01,1.6569973418060455,-0.12063637404143324,1.0927934442034188,-0.21921818494919987
2026-04-02,1.6569973418060455,-0.12063637404143324,1.0819474572186034,-0.2269674530738769
2026-04-03,1.6569973418060455,-0.12063637404143324,1.0735116895637469,-0.23299466161529236
2026-04-07,1.6569973418060455,-0.12063637404143324,1.0715835140997796,-0.23437230928190167
2026-04-08,1.6569973418060455,-0.12063637404143324,1.1091829356471403,-0.20750817978302105
2026-04-09,1.6569973418060455,-0.12063637404143324,1.1019522776572632,-0.2126743585328058
2026-04-10,1.6569973418060455,-0.12063637404143324,1.1188238129669765,-0.20061994144997464
2026-04-13,1.6569973418060455,-0.12063637404143324,1.1212340322969354,-0.1988978818667132
2026-04-14,1.6569973418060455,-0.12063637404143324,1.1356953482766894,-0.1885655243671438
2026-04-15,1.6569973418060455,-0.12063637404143324,1.1313569534827632,-0.19166523161701454
2026-04-16,1.6569973418060455,-0.12063637404143324,1.1438900939985504,-0.18271052178405423
2026-04-17,1.6569973418060455,-0.12063637404143324,1.1422029404675789,-0.1839159634923374
2026-04-20,1.6569973418060455,-0.12063637404143324,1.148469510725472,-0.17943860857585747
2026-04-21,1.6569973418060455,-0.12063637404143324,1.151120751988427,-0.1775443430342697
2026-04-22,1.6569973418060455,-0.12063637404143324,1.1595565196432835,-0.17151713449285422
2026-04-23,1.6569973418060455,-0.12063637404143324,1.1571463003133247,-0.17323919407611565
2026-04-24,1.6569973418060455,-0.12063637404143324,1.1525668835864025,-0.17651110728431274
2026-04-27,1.6569973418060455,-0.12063637404143324,1.1525668835864025,-0.17651110728431274
2026-04-28,1.6569973418060455,-0.12063637404143324,1.1496746203904515,-0.17857757878422675
2026-04-29,1.6569973418060455,-0.12063637404143324,1.1619667389732427,-0.16979507490959256
2026-04-30,1.6569973418060455,-0.12063637404143324,1.1626898047722303,-0.1692784570346142
2026-05-06,1.7471604377930736,-0.07278708363256314,1.178115208483968,-0.15825727570174009
2026-05-07,1.7722057422339146,-0.059495614074543735,1.1838997348758695,-0.1541243327019124
2026-05-08,1.7301296307733018,-0.0818252829320163,1.177633164617976,-0.15860168761839244
2026-05-11,1.8142818536945275,-0.03716594521707106,1.1969149192576483,-0.14482521095229983
2026-05-12,1.8192909145826957,-0.03450765130546729,1.1961918534586604,-0.1453418288272783
2026-05-13,1.8683797112867442,-0.008456370971749116,1.2092070378404391,-0.13604270707766586
2026-05-14,1.818289102405062,-0.035039310087788045,1.1908893709327504,-0.14913035991045398
2026-05-15,1.79023836143132,-0.04992575599276983,1.1757049891540086,-0.15997933528500197
2026-05-18,1.8062673562734584,-0.04141921547563732,1.169438418896115,-0.16445669020148201
2026-05-19,1.8743905843525461,-0.0052664182778243696,1.1735357917570453,-0.1615291889099375
2026-05-20,1.934499315010565,0.0,1.1740178356230373,-0.16118477699328504
2026-05-21,1.8633706503985763,-0.03676851372345935,1.1588334538442953,-0.17203375236783314
2026-05-22,1.8904195791946845,-0.02278612118073542,1.171848638226074,-0.16273463061822058
2026-05-25,2.001620730912019,0.0,1.1899252832007667,-0.1498191837437587
2026-05-26,1.9715663655830096,-0.01501501501501501,1.1983610508556235,-0.143791975202343
2026-05-27,1.914463071457892,-0.043543543543543506,1.1887201735357875,-0.15068021353538918
2026-05-28,1.9455192489645348,-0.028028028028028062,1.1887201735357875,-0.15068021353538918
2026-05-29,1.847341655556438,-0.077077077077077,1.1865509761388242,-0.15223006716032472
