date,strategy_nav,strategy_drawdown,benchmark_nav,benchmark_drawdown
2020-01-02,1.0,0.0,1.0,0.0
2020-01-03,1.0,0.0,0.997589780670041,-0.002410219329958996
2020-01-06,1.0,0.0,0.9937334297421067,-0.006266570257893345
2020-01-07,1.0,0.0,1.0014461315979755,0.0
2020-01-08,1.0,0.0,0.9915642323451433,-0.009867629362214303
2020-01-09,1.0,0.0,1.002169197396963,0.0
2020-01-10,1.0,0.0,1.001928175463967,-0.00024050024050037422
2020-01-13,1.0,0.0,1.0127741624487827,0.0
2020-01-14,1.0,0.0,1.0084357676548565,-0.004283674440742402
2020-01-15,1.0,0.0,1.0007230657989876,-0.011899095668729154
2020-01-16,1.0,0.0,0.9992769342010122,-0.013326987148976732
2020-01-17,1.0,0.0,1.0004820438659916,-0.012137077582103806
2020-01-20,1.0,0.0,1.0077127018558687,-0.004997620180866358
2020-01-21,1.0,0.0,0.9893950349481802,-0.023084245597334574
2020-01-22,1.0,0.0,0.9927693420101226,-0.01975249881009067
2020-01-23,1.0,0.0,0.9631236442516266,-0.049024274155164416
2020-02-03,1.0,0.0,0.8818992528320074,-0.12922417896239902
2020-02-04,1.0,0.0,0.9086526873945527,-0.1028081865778201
2020-02-05,1.0,0.0,0.9175704989154011,-0.09400285578296053
2020-02-06,1.0,0.0,0.9392624728850324,-0.07258448357924796
2020-02-07,1.0,0.0,0.9370932754880693,-0.07472632079961916
2020-02-10,1.0,0.0,0.9402265606170159,-0.0716325559257498
2020-02-11,1.0,0.0,0.950349481802844,-0.06163731556401708
2020-02-12,1.0,0.0,0.9570980959267293,-0.054973821989528715
2020-02-13,1.0,0.0,0.9520366353338153,-0.05997144217039496
2020-02-14,1.0,0.0,0.9585442275247047,-0.05354593050928125
2020-02-17,1.0,0.0,0.9795131356953484,-0.032841504045692305
2020-02-18,1.0,0.0,0.9734875873704507,-0.03879105188005694
2020-02-19,1.0,0.0,0.9737286093034467,-0.038553069966682285
2020-02-20,1.0,0.0,0.995661605206074,-0.016896715849594957
2020-02-21,1.0,0.0,0.9990359122680165,-0.013564969062351051
2020-02-24,1.0,0.0,0.9910821884791519,-0.02141837220371212
2020-02-25,1.0,0.0,0.9891540130151847,-0.023322227510708782
2020-02-26,1.0,0.0,0.980959267293324,-0.031413612565444504
2020-02-27,1.0,0.0,0.9812002892263199,-0.031175630652070074
2020-02-28,1.0,0.0,0.9479392624728853,-0.0640171346977626
2020-03-02,1.0,0.0,0.9824053988912992,-0.02998572108519737
2020-03-03,1.0,0.0,0.9816823330923117,-0.03069966682532088
2020-03-04,1.0,0.0,0.9886719691491929,-0.023798191337457975
2020-03-05,1.0,0.0,1.0122921185827913,-0.0004759638267487487
2020-03-06,1.0,0.0,0.9932513858761151,-0.01927653498334081
2020-03-09,1.0,0.0,0.9616775126536518,-0.05045216563541133
2020-03-10,1.0,0.0,0.9828874427572911,-0.029509757258448066
2020-03-11,1.0,0.0,0.9667389732465657,-0.04545454545454508
2020-03-12,1.0,0.0,0.9515545914678237,-0.06044740599714393
2020-03-13,1.0,0.0,0.9373342974210654,-0.0744883388862444
2020-03-16,1.0,0.0,0.8980477223427333,-0.11327939076630156
2020-03-17,1.0,0.0,0.8900939985538686,-0.12113279390766274
2020-03-18,1.0,0.0,0.8751506387081226,-0.13588767253688694
2020-03-19,1.0,0.0,0.8667148710532661,-0.1442170395049973
2020-03-20,1.0,0.0,0.8782839238370693,-0.13279390766301735
2020-03-23,1.0,0.0,0.8498433357435528,-0.16087577344121828
2020-03-24,1.0,0.0,0.8703302000482045,-0.14064731080437864
2020-03-25,1.0,0.0,0.8932272836828151,-0.11803902903379337
2020-03-26,1.0,0.0,0.8876837792239094,-0.1235126130414087
2020-03-27,1.0,0.0,0.8917811520848399,-0.11946692051404062
2020-03-30,1.0,0.0,0.8835864063629791,-0.12755830556877656
2020-03-31,1.0,0.0,0.8843094721619669,-0.12684435982865283
2020-04-01,1.0,0.0,0.8852735598939504,-0.12589243217515456
2020-04-02,1.0,0.0,0.8973246565437456,-0.11399333650642529
2020-04-03,1.0,0.0,0.8910580862858521,-0.12018086625416446
2020-04-07,1.0,0.0,0.9110629067245121,-0.10042836744407402
2020-04-08,1.0,0.0,0.9074475777295736,-0.10399809614469269
2020-04-09,1.0,0.0,0.9100988189925284,-0.1013802950975724
2020-04-10,1.0,0.0,0.9072065557965775,-0.10423607805806745
2020-04-13,1.0,0.0,0.9021450952036636,-0.1092336982389337
2020-04-14,1.0,0.0,0.9170884550494096,-0.09447881960970939
2020-04-15,1.0,0.0,0.9117859725234997,-0.09971442170395028
2020-04-16,1.0,0.0,0.9122680163894915,-0.0992384578772012
2020-04-17,1.0,0.0,0.9204627621113523,-0.09114707282246526
2020-04-20,1.0,0.0,0.9243191130392867,-0.08733936220847194
2020-04-21,1.0,0.0,0.9146782357194506,-0.09685863874345524
2020-04-22,1.0,0.0,0.9228729814413114,-0.0887672536887193
2020-04-23,1.0,0.0,0.92118582791034,-0.09043312708234152
2020-04-24,1.0,0.0,0.9134731260544711,-0.09804854831032817
2020-04-27,1.0,0.0,0.9175704989154013,-0.09400285578296041
2020-04-28,1.0,0.0,0.923355025307303,-0.08829128986197043
2020-04-29,1.0,0.0,0.928175463967221,-0.08353165159447873
2020-04-30,1.0,0.0,0.9419137141479874,-0.06996668253212746
2020-05-06,1.006398537477148,0.0,0.9443239334779464,-0.06758686339838171
2020-05-07,1.0204143814747106,0.0,0.9426367799469751,-0.06925273679200372
2020-05-08,1.0252894576477758,0.0,0.952759701132803,-0.05925749643027134
2020-05-11,1.0124923826934795,-0.012481426448737,0.9510725476018317,-0.06092336982389335
2020-05-12,1.0204143814747106,-0.0047548291233283,0.9508315256688357,-0.061161351737268
2020-05-13,1.0341255332114565,0.0,0.9530007230657989,-0.05901951451689669
2020-05-14,1.020109689213894,-0.0135533294048322,0.945046999276934,-0.06687291765825798
2020-05-15,1.0131017672151128,-0.0203299941072481,0.940467582550012,-0.07139457401237503
2020-05-18,1.040219378427788,0.0,0.9433598457459628,-0.0685387910518801
2020-05-19,1.0411334552102376,0.0,0.9503494818028438,-0.06163731556401719
2020-05-20,1.0316879951249238,-0.00907228563067,0.9464931308749094,-0.06544502617801062
2020-05-21,1.028641072516758,-0.0119988293824991,0.9402265606170159,-0.0716325559257498
2020-05-22,1.002437538086533,-0.0371671056482293,0.9194986743793683,-0.09209900047596398
2020-05-25,1.022851919561243,-0.0175592625109742,0.9199807182453602,-0.09162303664921467
2020-05-26,1.0289457647775748,-0.011706175007316,0.9310677271631717,-0.0806758686339839
2020-05-27,1.0185862279098117,-0.0216564237635348,0.9267293323692454,-0.08495954307472642
2020-05-28,1.0155393053016455,-0.0245829675153639,0.9279344420342248,-0.0837696335078536
2020-05-29,1.0268129189518589,-0.0137547556335964,0.9317907929621594,-0.07996192289386017
2020-06-01,1.0542352224253506,0.0,0.9563750301277413,-0.05568776772965278
2020-06-02,1.0508836075563683,-0.003179190751445,0.9590262713906962,-0.05306996668253239
2020-06-03,1.04539914686167,-0.0083815028901732,0.9587852494577004,-0.05330794859590682
2020-06-04,1.0536258379037178,-0.0005780346820806,0.9592672933236922,-0.052831984769157625
2020-06-05,1.052102376599635,-0.0020231213872828,0.9648107977825979,-0.047358400761542296
2020-06-08,1.0575868372943331,0.0,0.9693902145095201,-0.04283674440742513
2020-06-09,1.0652041438147477,0.0,0.9758978067004096,-0.036411232746311306
2020-06-10,1.0703839122486292,0.0,0.9737286093034464,-0.03855306996668262
2020-06-11,1.0511882998171849,-0.017933390264731,0.964810797782598,-0.047358400761542185
2020-06-12,1.0511882998171849,-0.017933390264731,0.9672210171125569,-0.04497858162779644
2020-06-15,1.0475319926873858,-0.0213492741246799,0.9534827669317905,-0.058543550690147717
2020-06-16,1.057282145033516,-0.01224025049815,0.9684261267775363,-0.04378867206092374
2020-06-17,1.0597196831200488,-0.0099629945915173,0.9693902145095199,-0.04283674440742535
2020-06-18,1.068860450944546,-0.0014232849416455,0.9768618944323928,-0.035459305092813365
2020-06-19,1.0874466788543573,0.0,0.9893950349481798,-0.023084245597334907
2020-06-22,1.089274832419257,0.0,0.9903591226801634,-0.022132317943836632
2020-06-23,1.1042047531992691,0.0,0.9949385394070854,-0.01761066158971969
2020-06-24,1.1148689823278493,0.0,1.0036153289949377,-0.009043312708234885
2020-06-29,1.117915904936015,0.0,0.9949385394070852,-0.01761066158971991
2020-06-30,1.132236441194394,0.0,1.0069896360568802,-0.005711565920990869
2020-07-01,1.1240770433561982,-0.0072064434082236,1.0296456977584951,0.0
2020-07-02,1.1279167599859374,-0.0038151759220007,1.0532658471920935,0.0
2020-07-03,1.14231569734746,0.0,1.074234755362737,0.0
2020-07-06,1.1759132178576794,0.0,1.153048927452397,0.0
2020-07-07,1.2013513405297027,0.0,1.1414798746685937,-0.010033444816053505
2020-07-08,1.2354288256186394,0.0,1.1564232345143397,0.0
2020-07-09,1.2834252834903814,0.0,1.1742588575560364,0.0
2020-07-10,1.288704893856273,0.0,1.153289949385393,-0.017857142857142794
2020-07-13,1.344860749566211,0.0,1.1773921426849832,0.0
2020-07-14,1.3280619893111014,-0.0124910778015702,1.1670281995661593,-0.008802456499488298
2020-07-15,1.3064635832688174,-0.0285510349750178,1.153048927452397,-0.020675537359263085
2020-07-16,1.2277493923591605,-0.0870806566738044,1.0980959267293313,-0.06734902763561923
2020-07-17,1.239748506827096,-0.0781584582441112,1.1099060014461306,-0.057318321392016314
2020-07-20,1.253187515031184,-0.0681655960028549,1.1393106772716306,-0.03234390992835212
2020-07-21,1.2685463815501412,-0.0567451820128479,1.1422029404675815,-0.029887410440122775
2020-07-22,1.285345141805251,-0.0442541042112776,1.1549771029163645,-0.019037871033776632
2020-07-23,1.298784150009339,-0.0342612419700213,1.148710532658471,-0.024360286591606717
2020-07-24,1.2176701362060949,-0.0945753033547465,1.0976138828633397,-0.06775844421699062
2020-07-27,1.219110029942247,-0.0935046395431834,1.1043624969872248,-0.062026612077789145
2020-07-28,1.234948861039922,-0.0817273376159885,1.1127982646420813,-0.05486182190378708
2020-07-29,1.286305070962686,-0.043540328336902,1.1446131597975404,-0.027840327533265152
2020-07-30,1.272866062758598,-0.0535331905781584,1.1361773921426839,-0.03500511770726711
2020-07-31,1.2997440791667736,-0.0335474660956459,1.1448541817305362,-0.0276356192425794
2020-08-03,1.3326052069168317,-0.0091128710934068,1.162930826705229,-0.0122824974411464
2020-08-04,1.3200660923806251,-0.0184365981337348,1.1638949144372124,-0.011463664278403507
2020-08-05,1.3408204888543465,-0.0030042223428468,1.1643769583032044,-0.011054247697031783
2020-08-06,1.3079593611042883,-0.027438817345086,1.160038563509278,-0.014738996929375747
2020-08-07,1.2824487487720064,-0.0464077792547189,1.1484695107254748,-0.0245649948822928
2020-08-10,1.2746658500943608,-0.0521949201763021,1.1523258616534093,-0.02128966223132034
2020-08-11,1.2660181848969772,-0.0586250767558387,1.1409978308026019,-0.030910951893551752
2020-08-12,1.2258065417291428,-0.088525304850684,1.133285128946733,-0.037461617195496455
2020-08-13,1.202890228956076,-0.105565219786456,1.1296697999517944,-0.040532241555783055
2020-08-14,1.2132674271929362,-0.0978490318910122,1.1516027958544215,-0.021903787103377814
2020-08-17,1.231427524107442,-0.0843457030739853,1.1754639672210159,-0.0016376663254862311
2020-08-18,1.2487228545022095,-0.071485389914912,1.1737768136900446,-0.0030706243602866
2020-08-19,1.2050521452554217,-0.103957680641572,1.1554591467823558,-0.018628454452405463
2020-08-20,1.1981340130975149,-0.1091018059052012,1.143167028199565,-0.02906857727737977
2020-08-21,1.2063492950350294,-0.1029931571546414,1.1528079055194012,-0.020880245649948836
2020-08-24,1.2132674271929365,-0.0978490318910121,1.1600385635092783,-0.014738996929375636
2020-08-25,1.219320792831105,-0.0933479222853365,1.1622077609062416,-0.012896622313203432
2020-08-26,1.2223474756501895,-0.0910973674824985,1.1479874668594832,-0.024974411463664192
2020-08-27,1.232292290627181,-0.0837026874160312,1.1566642564473357,-0.017604912998976263
2020-08-28,1.2729363170548844,-0.0534809514922092,1.185104844540852,0.0
2020-08-31,1.260397202518678,-0.0628046785325372,1.1747409014220282,-0.008745169818995313
2020-09-01,1.2580722230510275,-0.0645334667869349,1.182935647143889,-0.0018303843807199183
2020-09-02,1.2645304993500572,-0.0597312771913854,1.1819715594119053,-0.002643888549928808
2020-09-03,1.2554889125314157,-0.0664543426251548,1.1771511207519874,-0.006711409395973145
2020-09-04,1.2268141657637226,-0.0877760644293952,1.1638949144372126,-0.017897091722595126
2020-09-07,1.1867728527097372,-0.1175496399218027,1.1405157869366103,-0.03762456782590995
2020-09-08,1.168431348020492,-0.1311878583731638,1.146300313328512,-0.032743542810656834
2020-09-09,1.1363982975773037,-0.1550067187670898,1.1195468787659666,-0.05531828350620305
2020-09-10,1.1451815533439842,-0.1484757409171425,1.1205109664979505,-0.054504779336993936
2020-09-11,1.1650730443449964,-0.1336849969628496,1.129187756085803,-0.04718324181411404
2020-09-14,1.164814713293035,-0.1338770845466715,1.1356953482766925,-0.041692088671954064
2020-09-15,1.168689679072453,-0.130995770789342,1.1441311159315493,-0.03457392719137631
2020-09-16,1.151639829643014,-0.1436735513215928,1.137382501807664,-0.040268456375838424
2020-09-17,1.126581717602778,-0.1623060469523255,1.130392865750783,-0.04616636160260268
2020-09-18,1.1480231949155573,-0.1463627774951007,1.1595565196432869,-0.02155786048403463
2020-09-21,1.1312316765380794,-0.1588484704435298,1.1463003133285123,-0.03274354281065639
2020-09-22,1.12270675182336,-0.1651873607096552,1.1325620631477458,-0.04433597722188287
2020-09-23,1.1276150418106228,-0.1615376966170375,1.1359363702096885,-0.041488712629651814
2020-09-24,1.1087568750174557,-0.1755600902360423,1.117377681369004,-0.05714866788692252
2020-09-25,1.113665165004718,-0.1719104261434247,1.1181007471679918,-0.05653853976001577
2020-09-28,1.113665165004718,-0.1719104261434247,1.120510966497951,-0.05450477933699349
2020-09-29,1.124515069187088,-0.1638427476229016,1.1231622077609058,-0.052267642871669184
2020-09-30,1.1265817176027777,-0.1623060469523258,1.119787900698963,-0.05511490746390035
2020-10-09,1.1493148501753627,-0.1454023395759912,1.142202940467582,-0.0362009355297942
2020-10-12,1.1971060947881842,-0.1098661365689239,1.1778741865509756,-0.00610128126906595
2020-10-13,1.207439336866632,-0.1021826332160446,1.18173053747891,-0.002847264592230614
2020-10-14,1.1965894326842617,-0.110250311736568,1.1759460110870084,-0.007728289607483729
2020-10-15,1.186514521657775,-0.1177417275056254,1.1730537478910577,-0.010168802115110287
2020-10-16,1.1779895969430556,-0.1240806177717509,1.169679440829115,-0.013016066707341345
2020-10-19,1.1619730717214616,-0.1359900479687138,1.162207760906242,-0.01932072401870999
2020-10-20,1.1898728253332709,-0.1152445889159395,1.169438418896119,-0.013219442749643484
2020-10-21,1.1878061769175812,-0.1167812895865154,1.1708845504940943,-0.011999186495830316
2020-10-22,1.1885811700734648,-0.1162050268350495,1.1670281995661598,-0.015253203172665986
2020-10-23,1.1596480922538108,-0.1377188362231116,1.1535309713183892,-0.026642261541590107
2020-10-26,1.1475065328116345,-0.1467469526627449,1.1448541817305369,-0.03396379906446978
2020-10-27,1.1565481196302765,-0.1400238872289756,1.1482284887924794,-0.031116534472238833
2020-10-28,1.1813479006185512,-0.121583479182065,1.1578693661123154,-0.02298149278015027
2020-10-29,1.2064060126587872,-0.1029509835513325,1.168474331164135,-0.014032946918852818
2020-10-30,1.1650730443449957,-0.1336849969628502,1.146541335261508,-0.03254016676835447
2020-11-02,1.1679146859165688,-0.1315720335408083,1.1532899493853932,-0.026845637583892468
2020-11-03,1.1823812248263956,-0.1208151288467773,1.1655820679681843,-0.016473459426479264
2020-11-04,1.1862561906058136,-0.1179338150894476,1.1744998794890327,-0.00894854586129723
2020-11-05,1.2027893779313303,-0.1056402097248404,1.1928175463967212,0.0
2020-11-06,1.1909061495411155,-0.1144762385806515,1.1932995902627128,0.0
2020-11-09,1.2151892684254677,-0.0964200057013853,1.2166787177633154,0.0
2020-11-10,1.2200975584127305,-0.0927703416087675,1.210171125572426,-0.00534865293185427
2020-11-11,1.2105393094901662,-0.0998775822101809,1.1988430947216184,-0.014659270998415352
2020-11-12,1.2110559715940887,-0.0994934070425369,1.1981200289226306,-0.015253565768621469
2020-11-13,1.1896144942813096,-0.1154366764997615,1.1858279103398395,-0.025356576862123892
2020-11-16,1.21777257894508,-0.0944991298631652,1.1986020727886222,-0.01485736925515102
2020-11-17,1.2017560537234857,-0.1064085600601283,1.196432875391659,-0.016640253565769036
2020-11-18,1.1924561358528825,-0.1133237130777198,1.1947457218606876,-0.018026941362916493
2020-11-19,1.2107976405421277,-0.0996854946263587,1.2048686430465154,-0.009706814580032308
2020-11-20,1.2159642615813515,-0.095843742949919,1.208483972041454,-0.0067353407290021705
2020-11-23,1.225264179451955,-0.0889285899323274,1.2224632441552161,0.0
2020-11-24,1.2219058757764594,-0.0914257285220132,1.2147505422993472,-0.006309148264984299
2020-11-25,1.1903894874371932,-0.1148604137482954,1.1998071824536012,-0.018533123028391274
2020-11-26,1.196589432684262,-0.1102503117365679,1.2014943359845727,-0.017152996845425816
2020-11-27,1.205631019502904,-0.1035272463027984,1.2186068932272818,-0.003154574132492094
2020-11-30,1.1875478458656203,-0.116973377170337,1.2125813449023841,-0.008083596214511046
2020-12-01,1.1899805147202442,-0.1151645141669306,1.2393347794649294,0.0
2020-12-02,1.1907914043384522,-0.1145615598324617,1.2366835382019745,-0.0021392454297938235
2020-12-03,1.1806552841108522,-0.1220984890133226,1.2362014943359825,-0.0025281991443020235
2020-12-04,1.1761953912107082,-0.1254147378529014,1.2388527355989376,-0.000388953714507978
2020-12-07,1.1583558196101322,-0.1386797332112165,1.228247770547118,-0.008945935433683383
2020-12-08,1.155517705946404,-0.1407900733818576,1.2243914196191834,-0.012057565149747207
2020-12-09,1.140110803200452,-0.1522462057367664,1.2099301036394292,-0.023726176584986547
2020-12-10,1.14700336495522,-0.1471210938937808,1.20751988430947,-0.025670945157526437
2020-12-11,1.144165251291492,-0.1492314340644219,1.1940226560616995,-0.03656164916374971
2020-12-14,1.1287583485455397,-0.1606875664193306,1.2046276211135192,-0.028004667444574305
2020-12-15,1.1234875660271877,-0.1646067695933782,1.2082429501084577,-0.025087514585764525
2020-12-16,1.1226766764089795,-0.1652097239278471,1.2106531694384166,-0.023142746013224746
2020-12-17,1.1332182414456835,-0.1573713175797518,1.2277657266811257,-0.009334889148191694
2020-12-18,1.1405162480095556,-0.1519447285695321,1.2207760906242446,-0.014974718008557208
2020-12-21,1.1421380272459718,-0.1507388199005942,1.23162207760906,-0.006223259432127981
2020-12-22,1.1182167835088357,-0.1685259727674259,1.2130633887683755,-0.02119797744068508
2020-12-23,1.1194331179361476,-0.1676215412657227,1.2229452880212073,-0.013224426293271696
2020-12-24,1.1153786698451076,-0.1706363129380671,1.2229452880212073,-0.013224426293271696
2020-12-25,1.119433117936148,-0.1676215412657224,1.233068209207035,-0.00505639828860438
2020-12-28,1.114162335417796,-0.1715407444397702,1.2364425162689778,-0.002333722287048423
2020-12-29,1.1040262151901958,-0.1790776736206311,1.2325861653410433,-0.005445352003112358
2020-12-30,1.106053439235716,-0.1775702877844588,1.2480115690527809,0.0
2020-12-31,1.1105133321358598,-0.1742540389448801,1.2742829597493344,0.0
2021-01-04,1.162259207439602,-0.1357772856301352,1.2856109906001416,0.0
2021-01-05,1.2195416784548552,-0.0931836780512613,1.309472161966736,0.0
2021-01-06,1.222948814277324,-0.0906502292733356,1.321282236683535,0.0
2021-01-07,1.2348737896559638,-0.0817831585505962,1.3494818028440556,0.0
2021-01-08,1.202505999342512,-0.1058509219408894,1.3427331887201701,-0.0050008930166103305
2021-01-11,1.165453397273166,-0.1334021774008301,1.3275488069414283,-0.01625290230398302
2021-01-12,1.1931363758307234,-0.1128179060801847,1.3661123162207724,0.0
2021-01-13,1.1746100747960504,-0.126593533810155,1.3608098336948626,-0.003881439661256203
2021-01-14,1.1471400422273972,-0.1470194645821801,1.3359845745962848,-0.02205363443895547
2021-01-15,1.125632497348064,-0.1630118599928355,1.3318872017353545,-0.02505292872265341
2021-01-18,1.1245677674035426,-0.1638035627359372,1.3287539166064077,-0.02734650670430483
2021-01-19,1.1013566546129752,-0.1810626825355553,1.310677271631715,-0.04057868736767822
2021-01-20,1.1088097642246253,-0.1755207633338431,1.317907929621592,-0.035285815102328866
2021-01-21,1.1305302550928626,-0.1593700273745675,1.3405639913232068,-0.01870148200423427
2021-01-22,1.1318079310262883,-0.1584199840828453,1.3412870571221946,-0.01817219477769927
2021-01-25,1.1761006967183802,-0.1254851499698127,1.3571945046999243,-0.00652787579393066
2021-01-26,1.1609815315061758,-0.1367273289218575,1.3282718727404161,-0.02769936485532798
2021-01-27,1.1518248539832914,-0.1435359725125325,1.330682092070375,-0.025935074100211564
2021-01-28,1.128613741192724,-0.1607950923121507,1.2979031091829323,-0.0499294283697953
2021-01-29,1.133724444926427,-0.1569949191452622,1.288985297662084,-0.056457304163726074
2021-02-01,1.131594985037384,-0.1585783246314657,1.3041696794408257,-0.04534227240649247
2021-02-02,1.166944019195496,-0.1322937935604876,1.323451434080498,-0.03122794636556092
2021-02-03,1.1746100747960504,-0.126593533810155,1.3220053024825227,-0.032286520818630704
2021-02-04,1.176526588696189,-0.1251684688725718,1.3193540612195678,-0.03422724064925875
2021-02-05,1.1863221041857863,-0.1178848036360358,1.3212822366835348,-0.032815808045165706
2021-02-08,1.211023838898684,-0.099517299996075,1.3386358158592397,-0.020112914608327315
2021-02-09,1.2393456554229545,-0.0784580070295686,1.3718968426126743,0.0
2021-02-10,1.2829995831483334,-0.0459981945623969,1.399614364907203,0.0
2021-02-18,1.2446693051455615,-0.0744994933140599,1.3892504217883792,-0.007404856208024779
2021-02-19,1.2700098778251718,-0.0556569680282382,1.3969631236442481,-0.0018942655415877807
2021-02-22,1.2082555410429283,-0.1015757271281395,1.3470715835140965,-0.03754089891510237
2021-02-23,1.1918586998972982,-0.1137679493719064,1.3434562545191577,-0.04012398828999497
2021-02-24,1.1494824481053447,-0.145277718547356,1.30802603036876,-0.06543826416394016
2021-02-25,1.136918634759992,-0.1546198109159564,1.3203181489515512,-0.05665576028930608
2021-02-26,1.1094486021913388,-0.1750457416879816,1.2844058809351617,-0.08231444807990362
2021-03-01,1.1255753740765118,-0.1630543352242457,1.305856832971797,-0.06698811778887559
2021-03-02,1.0958874531060794,-0.1851294243961233,1.2892263195950797,-0.07887032891338053
2021-03-03,1.1189780583053044,-0.1679599105957742,1.3145336225596493,-0.060788703289133994
2021-03-04,1.075728988249613,-0.2001186824757933,1.2742829597493337,-0.08954709832960239
2021-03-05,1.076095505792458,-0.1998461505107084,1.2692214991564197,-0.09316342345445183
2021-03-08,1.0053576200234031,-0.2524448197720957,1.2243914196191819,-0.1251937317031172
2021-03-09,0.9797013920242644,-0.2715220573280392,1.2000482043865959,-0.14258653349405914
2021-03-10,1.0057241375662482,-0.2521722878070107,1.2051096649795099,-0.1389702083692097
2021-03-11,1.0324799181939217,-0.2322774543558124,1.236201494335981,-0.11675563974513559
2021-03-12,1.0335794708224562,-0.2314598584605578,1.2393347794649279,-0.11451696228689534
2021-03-15,0.9921629884809888,-0.2622559705151525,1.2147505422993459,-0.1320819700361635
2021-03-16,1.0002263744235755,-0.2562602672832844,1.2227042660882106,-0.12639917341140028
2021-03-17,1.0053576200234031,-0.2524448197720957,1.2282477705471162,-0.1224384363698987
2021-03-18,1.026982155051249,-0.2363654338320862,1.2378886478669522,-0.11555019803685251
2021-03-19,1.0031585147663342,-0.2540800115626052,1.2043865991805218,-0.1394868262441885
2021-03-22,1.0090227954518518,-0.2497195001212465,1.2181248493612882,-0.12967108661959748
2021-03-23,1.0090227954518518,-0.2497195001212465,1.2072788623764728,-0.1374203547442745
2021-03-24,1.003525032309179,-0.2538074795975202,1.188961195468784,-0.15050800757706262
2021-03-25,1.0148870761373694,-0.245358988679888,1.1879971077368006,-0.1511968314103671
2021-03-26,1.055570523393147,-0.2151079405554631,1.2130633887683744,-0.1332874117444467
2021-03-29,1.048606690079095,-0.2202860478920764,1.2154736080983333,-0.13156535216118526
2021-03-30,1.0661995321356472,-0.2072045135680008,1.226078573150153,-0.12398828999483436
2021-03-31,1.0585026637359056,-0.2129276848347838,1.2171607616293045,-0.13035991045290218
2021-04-01,1.0658205562692953,-0.2074863091862269,1.2321041214750506,-0.11968314103668032
2021-04-02,1.068259853780425,-0.2056725173033746,1.2439141961918496,-0.11124504907869859
2021-04-06,1.0703942391026635,-0.2040854494058789,1.2371655820679646,-0.11606681591183088
2021-04-07,1.0720712561415655,-0.2028384674864178,1.228729814413108,-0.12209402445324646
2021-04-08,1.0752728341249234,-0.2004578656401743,1.231381055676063,-0.12019975891165868
2021-04-09,1.0716138878582286,-0.2031785534644528,1.214268498433354,-0.13242638195281575
2021-04-12,1.0542338930914286,-0.2161018206297752,1.1940226560616982,-0.14689168245221318
2021-04-13,1.050879859013625,-0.2185957844686972,1.192335502530727,-0.14809712416049625
2021-04-14,1.0604845929636988,-0.2114539789299663,1.1990841166546122,-0.14327535732736374
2021-04-15,1.0615517856248182,-0.2106604449812182,1.1923355025307272,-0.14809712416049603
2021-04-16,1.0748154658415867,-0.200797951618209,1.1961918534586615,-0.14534182882727753
2021-04-19,1.085792304641671,-0.1926358881453735,1.2265606170161452,-0.12364387807818167
2021-04-20,1.0879266899639095,-0.1910488202478778,1.2246324415521779,-0.12502152574479097
2021-04-21,1.085030024169443,-0.1932026981087649,1.2275247047481286,-0.12295505424487718
2021-04-22,1.088993882625029,-0.19025528629913,1.2265606170161452,-0.12364387807818167
2021-04-23,1.0943298459306254,-0.1862876165553907,1.238852735598936,-0.1148613742035477
2021-04-26,1.089756163097257,-0.1896884763357387,1.2234273318871982,-0.12588255553642191
2021-04-27,1.0894512509083658,-0.1899152003210952,1.226560617016145,-0.12364387807818178
2021-04-28,1.0973789678195378,-0.1840203767018252,1.235719450469989,-0.11710005166178794
2021-04-29,1.0976838800084292,-0.1837936527164686,1.2468064593878008,-0.10917857757878446
2021-04-30,1.099360897047331,-0.1825466707970076,1.2359604724029851,-0.11692784570346171
2021-05-06,1.115709753332765,-0.1703901287232597,1.2198120028922597,-0.1284656449113143
2021-05-07,1.128071083694922,-0.1611985969114016,1.2051096649795097,-0.13897020836920992
2021-05-10,1.1444199399803556,-0.1490420548376537,1.2048686430465136,-0.13914241432753616
2021-05-11,1.133653619987509,-0.1570475825447561,1.2111352133044073,-0.1346650594110559
2021-05-12,1.138039898503113,-0.1537860712566774,1.21860689322728,-0.12932667470294512
2021-05-13,1.120893537033024,-0.1665356153828032,1.2053506869125055,-0.1387980024108838
2021-05-14,1.12328605258699,-0.1647566092256692,1.235719450469989,-0.11710005166178794
2021-05-17,1.1212922896253517,-0.1662391143566143,1.2504217883827393,-0.10659548820389209
2021-05-18,1.1260773207332837,-0.1626811020423466,1.2509038322487314,-0.10625107628723962
2021-05-19,1.1161085059250924,-0.1700936276970708,1.2475295251867886,-0.10866195970380588
2021-05-20,1.0985633918626758,-0.1831396728493854,1.2509038322487314,-0.10625107628723962
2021-05-21,1.100557154824314,-0.1816571677184406,1.2376476259339566,-0.11572240399517841
2021-05-24,1.0997596496396589,-0.1822501697708184,1.244396240057842,-0.11090063716204579
2021-05-25,1.1105259696325056,-0.1742446420637161,1.28392383706917,-0.08265885999655598
2021-05-26,1.118102268886731,-0.1686111225661256,1.284164859002166,-0.08248665403822975
2021-05-27,1.1228872999946629,-0.1650531102518579,1.2887442757290881,-0.07921474083003266
2021-05-28,1.121292289625352,-0.1662391143566139,1.2851289467341496,-0.08179783020492515
2021-05-31,1.1224885474023352,-0.1653496112780469,1.286575078332125,-0.08076459445496809
2021-06-01,1.1200292610699984,-0.1671782662768116,1.2885032537960923,-0.07938694678835878
2021-06-02,1.1007062970302086,-0.1815462698385355,1.2781393106772685,-0.08679180299638367
2021-06-03,1.0887611919874296,-0.1904283084039646,1.2682574114244365,-0.0938522472877561
2021-06-04,1.103516909981451,-0.1794563784113755,1.2762111352133012,-0.08816945066299298
2021-06-07,1.096841704222251,-0.18441987055088,1.2747650036153257,-0.08920268641294993
2021-06-08,1.0908691517008613,-0.1888608898335947,1.264642082429498,-0.09643533666264847
2021-06-09,1.0891125186063348,-0.1901670719755696,1.2665702578934652,-0.09505768899603917
2021-06-10,1.116867321499851,-0.1695293941323664,1.274765003615326,-0.08920268641294982
2021-06-11,1.1224885474023352,-0.1653496112780469,1.262954928898527,-0.09764077837093144
2021-06-15,1.1084354826461245,-0.175799068413846,1.2487346348517685,-0.10780092991217483
2021-06-16,1.0624116955695342,-0.210021040533588,1.2316220776090596,-0.120027552953332
2021-06-17,1.0848965991794717,-0.1933019091163095,1.2342733188720145,-0.11813328741174423
2021-06-18,1.1021116035058298,-0.1805013241249554,1.235478428536994,-0.11727225762011351
2021-06-21,1.1123000754540826,-0.1729254677015012,1.2337912750060225,-0.11847769932839669
2021-06-22,1.1151106884053246,-0.1708355762743414,1.240057845263916,-0.11400034441191664
2021-06-23,1.130217733018251,-0.1596024098533575,1.247529525186789,-0.10866195970380566
2021-06-24,1.1151106884053243,-0.1708355762743416,1.2506628103157358,-0.10642328224556552
2021-06-25,1.1393522251097878,-0.1528102627150882,1.2701855868884038,-0.09247459962114679
2021-06-28,1.1611344754819146,-0.1366136041545995,1.2723547842853669,-0.09092474599621136
2021-06-29,1.1583238625306724,-0.1387034955817594,1.2593395999035881,-0.10022386774582392
2021-06-30,1.185024685567473,-0.1188495270237409,1.266811279826461,-0.09488548303771316
2021-07-01,1.155635233666774,-0.1407026831294409,1.266329235960469,-0.09522989495436562
2021-07-02,1.1472382474094316,-0.1469464420167836,1.232345143408047,-0.11951093507835375
2021-07-05,1.1713795828992917,-0.1289956352156729,1.234032296939018,-0.11830549337007079
2021-07-06,1.1587841035132778,-0.1383612735466871,1.235719450469989,-0.11710005166178794
2021-07-07,1.2301584867006896,-0.0852893230042731,1.2484936129187718,-0.10797313587050161
2021-07-08,1.2626968084478922,-0.0610947573158194,1.2378886478669522,-0.11555019803685251
2021-07-09,1.2773915343982418,-0.0501681792629694,1.2321041214750506,-0.11968314103668032
2021-07-12,1.3246245820957938,-0.015047035521666,1.2484936129187718,-0.10797313587050161
2021-07-13,1.3277734519422972,-0.0127056259389125,1.2523499638467062,-0.10521784053728311
2021-07-14,1.2836892740912489,-0.0454853600974622,1.2386117136659398,-0.11503358016187404
2021-07-15,1.3267238286601295,-0.0134860957998302,1.255001205109661,-0.10332357499569544
2021-07-16,1.2889373905020878,-0.0415830107928731,1.24270908652687,-0.11210607887032953
2021-07-19,1.2668953015765636,-0.057972877872148,1.24801156905278,-0.10831754778715397
2021-07-20,1.2847388973734166,-0.0447048902365444,1.2448782839238333,-0.11055622524539399
2021-07-21,1.3477162943034862,0.0,1.2542781393106732,-0.10384019287067392
2021-07-22,1.3718576297933462,0.0,1.2554832489756527,-0.1029791630790432
2021-07-23,1.361361396971668,-0.0076511094108645,1.242950108459866,-0.1119338729120033
2021-07-26,1.3540140339964934,-0.0130068859984696,1.2007712701855833,-0.1420699156190809
2021-07-27,1.2689945481408995,-0.0749808722264726,1.1590744757772922,-0.17186154640950624
2021-07-28,1.2637464317300604,-0.0788064269319051,1.161484695107251,-0.1701394868262448
2021-07-29,1.3550636572786612,-0.0122417750573832,1.1824536032778945,-0.155157568451869
2021-07-30,1.373956876357682,0.0,1.1742588575560338,-0.16101257103495847
2021-08-02,1.3823538626150245,0.0,1.203422511448538,-0.14017565007749333
2021-08-03,1.3225253355314586,-0.0432801822323462,1.2039045553145298,-0.13983123816084098
2021-08-04,1.4138425610800591,0.0,1.2145095203663494,-0.13225417599449008
2021-08-05,1.4201403007730662,0.0,1.2072788623764725,-0.1374203547442746
2021-08-06,1.444281636262926,0.0,1.2034225114485382,-0.1401756500774931
2021-08-09,1.4001974584118777,-0.0305232558139533,1.2166787177633127,-0.13070432236955443
2021-08-10,1.3907508488723672,-0.0370639534883719,1.2304169679440793,-0.12088858274496339
2021-08-11,1.404395951540549,-0.0276162790697671,1.2239093757531898,-0.12553814361976967
2021-08-12,1.4022967049762134,-0.0290697674418602,1.216196673897321,-0.13104873428620678
2021-08-13,1.3876019790258638,-0.0392441860465114,1.2096890817064314,-0.13569829516101317
2021-08-16,1.344567424456983,-0.0690406976744184,1.2089660159074438,-0.13621491303599154
2021-08-17,1.3424681778926473,-0.0704941860465114,1.181971559411903,-0.15550198036852114
2021-08-18,1.3277734519422977,-0.0806686046511627,1.1947457218606856,-0.14637506457723493
2021-08-19,1.3603117736895003,-0.0581395348837208,1.1865509761388249,-0.15223006716032428
2021-08-20,1.3603117736895003,-0.0581395348837208,1.1648590021691938,-0.16772860340967843
2021-08-23,1.397048588565374,-0.0327034883720929,1.1822125813448987,-0.15532977441019513
2021-08-24,1.4264380404660733,-0.0123546511627905,1.1947457218606854,-0.14637506457723504
2021-08-25,1.457926738931108,0.0,1.198120028922628,-0.1439641811606689
2021-08-26,1.4390335198520874,-0.0129589632829373,1.1776331646179763,-0.15860168761839233
2021-08-27,1.465274101906283,0.0,1.1807664497469228,-0.15636301016015242
2021-08-30,1.5167056427325067,0.0,1.1764280549529966,-0.15946271741002316
2021-08-31,1.496762800371318,-0.0131487889273356,1.1759460110870048,-0.1598071293266755
2021-09-01,1.4180410542087314,-0.0650519031141867,1.1928175463967179,-0.14775271224384445
2021-09-02,1.4600259854954445,-0.0373702422145327,1.1918534586647345,-0.14844153607714905
2021-09-03,1.4106936912335566,-0.0698961937716261,1.1853458664738452,-0.15309109695195522
2021-09-06,1.426438040466074,-0.0595155709342559,1.2055917088455008,-0.13862579645255801
2021-09-07,1.46212523205978,-0.03598615916955,1.2207760906242426,-0.12777682107801003
2021-09-08,1.43798389656992,-0.0519031141868511,1.2157146300313284,-0.13139314620285958
2021-09-09,1.4390335198520876,-0.0512110726643599,1.2152325861653366,-0.13173755811951193
2021-09-10,1.4537282458024372,-0.041522491349481,1.2270426608821359,-0.12329946616153009
2021-09-13,1.4285372870304094,-0.0581314878892733,1.2205350686912464,-0.12794902703633648
2021-09-14,1.4495297526737658,-0.0442906574394464,1.204627621113517,-0.13931462028586283
2021-09-15,1.4831176977031364,-0.0221453287197231,1.1918534586647342,-0.14844153607714916
2021-09-16,1.4127929377978925,-0.0685121107266434,1.1783562304169637,-0.15808506974341408
2021-09-17,1.4127929377978925,-0.0685121107266434,1.1877560858038037,-0.151369037368694
2021-09-22,1.4222395473374028,-0.0622837370242213,1.179802362014939,-0.15705183399345723
2021-09-23,1.4232891706195705,-0.06159169550173,1.1867919980718202,-0.1520578612019985
2021-09-24,1.4390335198520876,-0.0512110726643599,1.1884791516027913,-0.15085241949371564
2021-09-27,1.411743314515724,-0.069204152249135,1.1961918534586602,-0.14534182882727853
2021-09-28,1.393899718718871,-0.080968858131488,1.194022656061697,-0.14689168245221396
2021-09-29,1.3718576297933467,-0.0955017301038063,1.1860689322728324,-0.15257447907697708
2021-09-30,1.4148921843622275,-0.0671280276816609,1.189443239334775,-0.15016359566041093
2021-10-08,1.3813042393328574,-0.089273356401384,1.206555796577484,-0.13793697261925375
2021-10-11,1.3666095133825078,-0.0989619377162629,1.206314774644488,-0.13810917857757998
2021-10-12,1.3382696847639763,-0.1176470588235295,1.1937816341287013,-0.14706388841053997
2021-10-13,1.3865523557436965,-0.0858131487889274,1.2072788623764719,-0.13742035474427516
2021-10-14,1.4064951981048852,-0.0726643598615917,1.2007712701855826,-0.14206991561908133
2021-10-15,1.4421823896985917,-0.0491349480968856,1.2065557965774842,-0.13793697261925353
2021-10-18,1.481018451138801,-0.0235294117647056,1.192576524463722,-0.14792491820217057
2021-10-19,1.4831176977031366,-0.0221453287197229,1.2039045553145293,-0.1398312381608413
2021-10-20,1.5072590331929965,-0.006228373702422,1.2005302482525866,-0.14224212157740757
2021-10-21,1.487316190831808,-0.0193771626297575,1.2058327307784964,-0.13845359049423211
2021-10-22,1.464224478624116,-0.0346020761245672,1.2137864545673611,-0.13277079386946888
2021-10-25,1.5240530057076818,0.0,1.2178838274282915,-0.12984329257792426
2021-10-26,1.516705642732507,-0.0048209366391184,1.2137864545673611,-0.13277079386946888
2021-10-27,1.5544920808905485,0.0,1.1978790069896317,-0.14413638711899535
2021-10-28,1.533499615247192,-0.013504388926401,1.1928175463967177,-0.14775271224384467
2021-10-29,1.563938690430059,0.0,1.2005302482525864,-0.14224212157740768
2021-11-01,1.551343211044045,-0.0080536912751677,1.1966738973246518,-0.1449974169106264
2021-11-02,1.5418966015045348,-0.0140939597315434,1.184140756808865,-0.15395212674358638
2021-11-03,1.5051597866286608,-0.0375838926174496,1.1793203181489469,-0.1573962459101097
2021-11-04,1.5345492385293598,-0.0187919463087249,1.1906483489997544,-0.1493025658687802
2021-11-05,1.5072590331929965,-0.0362416107382551,1.186550976138824,-0.15223006716032494
2021-11-08,1.5513432110440448,-0.0080536912751679,1.1855868884068403,-0.15291889099362954
2021-11-09,1.562889067147891,-0.0006711409395974,1.1851048445408485,-0.1532633029102819
2021-11-10,1.538747731658031,-0.0161073825503357,1.179079296215951,-0.15756845186843582
2021-11-11,1.5397973549401989,-0.0154362416107383,1.198361050855623,-0.14379197520234333
2021-11-12,1.542946224786702,-0.0134228187919465,1.197879006989631,-0.1441363871189958
2021-11-15,1.4904650606783107,-0.0469798657718123,1.1964328753916558,-0.14516962286895263
2021-11-16,1.465274101906283,-0.0630872483221479,1.1954687876596721,-0.14585844670225723
2021-11-17,1.502010916782157,-0.0395973154362419,1.195227765726676,-0.14603065266058346
2021-11-18,1.502010916782157,-0.0395973154362419,1.1846228006748565,-0.15360771482693436
2021-11-19,1.518804889296842,-0.0288590604026849,1.197879006989631,-0.1441363871189958
2021-11-22,1.573385299969569,0.0,1.2010122921185777,-0.14189770966075577
2021-11-23,1.5681371835587297,-0.0033355570380254,1.2017353579175654,-0.1413810917857773
2021-11-24,1.531400368682856,-0.0266844563042029,1.2043865991805205,-0.1394868262441894
2021-11-25,1.5146063961681706,-0.037358238825884,1.1998071824535983,-0.14275873945238648
2021-11-26,1.5324499919650236,-0.0260173448965979,1.1896842612677705,-0.14999138970208503
2021-11-29,1.5586905740192196,-0.0093395597064708,1.1879971077367992,-0.1511968314103681
2021-11-30,1.5597401973013874,-0.0086724482988658,1.1836587129428728,-0.15429653866023907
2021-12-01,1.5570579269706886,-0.0103772248280165,1.1867919980718198,-0.15205786120199882
2021-12-02,1.5637636027974358,-0.0061152835051396,1.189202217401779,-0.15033580161873716
2021-12-03,1.6093621984193165,0.0,1.2000482043865945,-0.14258653349406003
2021-12-06,1.595950846765822,-0.0083333333333331,1.198843094721615,-0.14344756328569075
2021-12-07,1.6026565225925695,-0.0041666666666664,1.2055917088455004,-0.13862579645255835
2021-12-08,1.6415494423877028,0.0,1.2229452880212053,-0.12622696745307505
2021-12-09,1.6643487401986434,0.0,1.243191130392861,-0.11176166695367773
2021-12-10,1.6616664698679446,-0.0016116035455278,1.2395758013979223,-0.11434475632857022
2021-12-13,1.6643487401986434,0.0,1.242709086526869,-0.1121060788703302
2021-12-14,1.6710544160253906,0.0,1.2352374066039962,-0.11744446357844107
2021-12-15,1.6388671720570045,-0.0192616372391652,1.2241503976861847,-0.12536593766144422
2021-12-16,1.6294792258995583,-0.0248796147672551,1.230657989877074,-0.12071637678663805
2021-12-17,1.597291981931172,-0.0441412520064204,1.2130633887683733,-0.13328741174444747
2021-12-20,1.6026565225925695,-0.0409309791332263,1.1949867437936808,-0.14620285861890925
2021-12-21,1.603997657757919,-0.0401284109149279,1.2000482043865945,-0.14258653349406003
2021-12-22,1.6147267390807143,-0.0337078651685395,1.2007712701855824,-0.14206991561908144
2021-12-23,1.6415494423877028,-0.0176565008025684,1.2099301036394265,-0.1355260892026876
2021-12-24,1.6670310105293422,-0.0024077046548957,1.204386599180521,-0.13948682624418907
2021-12-27,1.6630076050332938,-0.0048154093097915,1.2053506869125046,-0.13879800241088447
2021-12-28,1.6630076050332938,-0.0048154093097915,1.2116172571703978,-0.13432064749440453
2021-12-29,1.6066799280886177,-0.0385232744783308,1.1954687876596723,-0.14585844670225712
2021-12-30,1.6214324149074617,-0.0296950240770464,1.204145577247525,-0.1396590322025153
2021-12-31,1.6174090094114133,-0.0321027287319423,1.2070378404434756,-0.1375925607026015
2022-01-04,1.634843766560956,-0.0216693418940608,1.2026994456495494,-0.14069226795247236
2022-01-05,1.634843766560956,-0.0216693418940608,1.191371414798742,-0.14878594799380185
2022-01-06,1.6026565225925695,-0.0409309791332263,1.1778741865509714,-0.15842948166006665
2022-01-07,1.5811983599469788,-0.0537720706260032,1.1807664497469221,-0.15636301016015286
2022-01-10,1.5892451709390754,-0.0489566613162119,1.1838997348758686,-0.15412433270191295
2022-01-11,1.5597401973013878,-0.0666131621187801,1.173053747891053,-0.16187360082659008
2022-01-12,1.573151548954882,-0.0585874799357947,1.1855868884068397,-0.1529188909936301
2022-01-13,1.5275529533330012,-0.0858747993579456,1.1660641118341717,-0.16686757361804883
2022-01-14,1.5128004665141574,-0.0947030497592297,1.155459146782352,-0.17444463578439973
2022-01-17,1.5221884126716037,-0.0890850722311397,1.1653410460351843,-0.16738419149302708
2022-01-18,1.5342586291597484,-0.0818619582664528,1.1764280549529957,-0.15946271741002382
2022-01-19,1.523529547836953,-0.0882825040128412,1.1520848397204098,-0.17685551920096576
2022-01-20,1.5490111159785924,-0.0730337078651685,1.161243673174254,-0.1703116927845718
2022-01-21,1.5516933863092914,-0.0714285714285714,1.1530489274523934,-0.17616669536766105
2022-01-24,1.5355997643250985,-0.0810593900481539,1.1535309713183852,-0.1758222834510087
2022-01-25,1.503412520356712,-0.1003210272873194,1.1279826464208196,-0.19407611503358146
2022-01-26,1.522188412671604,-0.0890850722311394,1.1342492166787133,-0.1895987601171012
2022-01-27,1.4900011687032175,-0.1083467094703047,1.114726440106045,-0.20354744274152015
2022-01-28,1.480613222545772,-0.1139646869983945,1.0976138828633362,-0.21577406578267722
2022-02-07,1.480613222545772,-0.1139646869983945,1.114967462039041,-0.2033752367831939
2022-02-08,1.480613222545772,-0.1139646869983945,1.109664979513131,-0.20716376786636947
2022-02-09,1.480613222545772,-0.1139646869983945,1.119064834899971,-0.20044773549164951
2022-02-10,1.480613222545772,-0.1139646869983945,1.116413593637016,-0.20234200103323718
2022-02-11,1.480613222545772,-0.1139646869983945,1.1077368040491637,-0.20854141553297878
2022-02-14,1.480613222545772,-0.1139646869983945,1.0959267293323645,-0.21697950749096062
2022-02-15,1.480613222545772,-0.1139646869983945,1.1060496505181925,-0.20974685724126185
2022-02-16,1.480613222545772,-0.1139646869983945,1.1111111111111063,-0.20613053211641263
2022-02-17,1.480613222545772,-0.1139646869983945,1.1135213304410652,-0.2044084725331512
2022-02-18,1.480613222545772,-0.1139646869983945,1.1193058568329668,-0.2002755295333234
2022-02-21,1.480613222545772,-0.1139646869983945,1.1152084839720364,-0.20320303082486812
2022-02-22,1.480613222545772,-0.1139646869983945,1.1007471679922824,-0.21353538832443753
2022-02-23,1.480613222545772,-0.1139646869983945,1.112316220776086,-0.2052695023247818
2022-02-24,1.480613222545772,-0.1139646869983945,1.0918293564714343,-0.21990700878250524
2022-02-25,1.480613222545772,-0.1139646869983945,1.1002651241262908,-0.21387980024108966
2022-02-28,1.480613222545772,-0.1139646869983945,1.101711255724266,-0.21284656449113282
2022-03-01,1.4960684753907172,-0.104715884148691,1.1108700891781105,-0.20630273807473876
2022-03-02,1.513069253520157,-0.0945422010140171,1.102434321523254,-0.21232994661615423
2022-03-03,1.53110038183926,-0.0837519310226962,1.0954446854663729,-0.21732391940761275
2022-03-04,1.5259486308909451,-0.0868348653059307,1.0831525668835817,-0.22610642328224695
2022-03-07,1.515645128994315,-0.0930007338723997,1.0474813208001885,-0.25159290511451815
2022-03-08,1.4728855961232992,-0.1185890884232464,1.0277175222945245,-0.2657137936972631
2022-03-09,1.4435206157179028,-0.1361618138376833,1.0180766449746883,-0.2726020320303095
2022-03-10,1.4672186700801524,-0.1219803161348045,1.0325379609544423,-0.2622696745307401
2022-03-11,1.4775221719767828,-0.1158144475683353,1.0392865750783278,-0.2574479076976076
2022-03-14,1.457430343278354,-0.1278378912729498,1.0055435044589014,-0.28155674186326973
2022-03-15,1.3760326782949746,-0.1765482529480556,0.9575801397927171,-0.31582572757017513
2022-03-16,1.406428008890034,-0.1583589406769717,0.999276934201008,-0.2860340967797498
2022-03-17,1.4218832617349797,-0.1491101378272682,1.019522776572664,-0.27156879628035246
2022-03-18,1.4579455183731855,-0.1275295978446263,1.0262713906965493,-0.26674702944721995
2022-03-21,1.4677338451749842,-0.1216720227064808,1.0248252590985738,-0.2677802651971769
2022-03-22,1.492462249726897,-0.1068739381469552,1.0238611713665904,-0.2684690890304815
2022-03-23,1.4904015493475706,-0.108107111860249,1.0298867196914878,-0.2641639400723276
2022-03-24,1.4940077750113914,-0.1059490578619847,1.0233791275005986,-0.26881350094713374
2022-03-25,1.4945229501062227,-0.1056407644336614,1.004820438659914,-0.282073359738248
2022-03-28,1.5182210044684723,-0.0914592667307824,0.9987948903350167,-0.2863785086964018
2022-03-29,1.5274941561754396,-0.0859099850209603,0.9944564955410905,-0.28947821594627265
2022-03-30,1.531615556934092,-0.0834436375943726,1.0241021932995862,-0.2682968830721554
2022-03-31,1.551707385632521,-0.0714201938897579,1.0166305133767133,-0.27363526778026626
2022-04-01,1.5687081637619609,-0.061246510755084,1.0289226319595044,-0.26485276390563206
2022-04-06,1.591891043029379,-0.0473733064805287,1.0260303687635535,-0.2669192354055461
2022-04-07,1.5681929886671293,-0.0615548041834075,1.0134972282477668,-0.27587394523850617
2022-04-08,1.5862241169862323,-0.0507645341920866,1.020245842371652,-0.27105217840537366
2022-04-11,1.5558287863911728,-0.0689538464631704,0.9884309472161932,-0.29378336490442636
2022-04-12,1.5506770354428574,-0.0720367807464051,1.0053024825259063,-0.2817289478215954
2022-04-13,1.5625260626239823,-0.0649460318949656,0.9975897806700375,-0.2872395384880324
2022-04-14,1.591375867934547,-0.0476815999088521,1.008194745721857,-0.2796624763216816
2022-04-15,1.5743750898051074,-0.057855283043526,1.0077127018558651,-0.28000688823833386
2022-04-18,1.5414038837358903,-0.0775860624562271,1.002892263195947,-0.2834510074048572
2022-04-19,1.564071587908477,-0.0640211516099952,0.9963846710050578,-0.28810056827966335
2022-04-20,1.5192513546581352,-0.0908426798741357,0.9795131356953446,-0.3001549853624944
2022-04-21,1.4914318995372335,-0.1074905250036021,0.9631236442516233,-0.3118649905286731
2022-04-22,1.506887152382179,-0.0982417221538985,0.9655338635815823,-0.31014293094541157
2022-04-25,1.4430054406230717,-0.1364701072660066,0.9190166305133732,-0.34337868090236
2022-04-26,1.4229136119246424,-0.1484935509706213,0.9117859725234961,-0.3485448596521449
2022-04-27,1.441459915338577,-0.137394987550977,0.9373342974210617,-0.3302910280695721
2022-04-28,1.4651579697008266,-0.1232134898480981,0.9436008676789551,-0.32581367315309206
2022-04-29,1.482673922925098,-0.1127315132851007,0.9677030609785452,-0.30859307732047625
2022-05-05,1.4770069968819513,-0.1161227409966587,0.9640877319836068,-0.31117616669536863
2022-05-06,1.4383688647695876,-0.1392447481209179,0.9407086044830043,-0.32788014465300586
2022-05-09,1.4342474640109355,-0.1417110955475055,0.9329959026271355,-0.33339073531944297
2022-05-10,1.43579298929543,-0.1407862152625352,0.9438418896119511,-0.3256414671947657
2022-05-11,1.434762639105767,-0.141402802119182,0.9570980959267258,-0.31617013948682704
2022-05-12,1.428580537967789,-0.1451023232590634,0.9522776572668078,-0.31961425865335014
2022-05-13,1.456915168183522,-0.1281461847012736,0.9597493371896808,-0.31427587394523926
2022-05-16,1.4795828723561086,-0.1145812738550416,0.9522776572668078,-0.31961425865335014
2022-05-17,1.4744311214077936,-0.117664208138276,0.964087731983607,-0.3111761666953684
2022-05-18,1.4600062187525111,-0.1262964241313329,0.9607134249216644,-0.31358705011193455
2022-05-19,1.4615517440370058,-0.1253715438463624,0.9628826223186274,-0.31203719648699924
2022-05-20,1.481643572735435,-0.1133481001417476,0.983128464690283,-0.29757189598760214
2022-05-23,1.483704273114761,-0.1121149264284538,0.9754157628344142,-0.30308248665403914
2022-05-24,1.4610365689421745,-0.1256798372746859,0.9556519643287503,-0.317203375236784
2022-05-25,1.4759766466922883,-0.1167393278533056,0.9597493371896807,-0.31427587394523937
2022-05-26,1.4965836504855488,-0.1044075907203676,0.9621595565196397,-0.3125538143619777
2022-05-27,1.4960684753907172,-0.104715884148691,0.9645697758495987,-0.31083175477871616
2022-05-30,1.488856024063076,-0.1090319921452194,0.9701132803085045,-0.3068710177372145
2022-05-31,1.490916724442402,-0.1077988184319256,0.9855386840202421,-0.2958498364043405
2022-06-01,1.490916724442402,-0.1077988184319256,0.9840925524222667,-0.29688307215429743
2022-06-02,1.490916724442402,-0.1077988184319256,0.9867437936852216,-0.29498880661270976
2022-06-06,1.490916724442402,-0.1077988184319256,1.0065075921908855,-0.2808679180299648
2022-06-07,1.490916724442402,-0.1077988184319256,1.007953723788861,-0.27983468228000785
2022-06-08,1.490916724442402,-0.1077988184319256,1.0180766449746887,-0.2726020320303092
2022-06-09,1.490916724442402,-0.1077988184319256,1.009881899252828,-0.27845703461339866
2022-06-10,1.490916724442402,-0.1077988184319256,1.0238611713665902,-0.2684690890304816
2022-06-13,1.490916724442402,-0.1077988184319256,1.0113280308508033,-0.2774237988634418
2022-06-14,1.490916724442402,-0.1077988184319256,1.0209689081706395,-0.2705355605303954
2022-06-15,1.490916724442402,-0.1077988184319256,1.0327789828874387,-0.26209746857241356
2022-06-16,1.490916724442402,-0.1077988184319256,1.0262713906965493,-0.26674702944721995
2022-06-17,1.490916724442402,-0.1077988184319256,1.041455772475291,-0.25589805407267197
2022-06-20,1.490916724442402,-0.1077988184319256,1.046517233068205,-0.25228172894782264
2022-06-21,1.490916724442402,-0.1077988184319256,1.0460351892022133,-0.252626140864475
2022-06-22,1.490916724442402,-0.1077988184319256,1.0339840925524182,-0.26123643878078284
2022-06-23,1.490916724442402,-0.1077988184319256,1.052060737527111,-0.24832099190632095
2022-06-24,1.490916724442402,-0.1077988184319256,1.0636297903109142,-0.24005510590666534
2022-06-27,1.490916724442402,-0.1077988184319256,1.0751988430947175,-0.23178921990700985
2022-06-28,1.490916724442402,-0.1077988184319256,1.0877319836105042,-0.22283451007404975
2022-06-29,1.490916724442402,-0.1077988184319256,1.0744757772957296,-0.23230583778198843
2022-06-30,1.490916724442402,-0.1077988184319256,1.0865268739455245,-0.2236955398656807
2022-07-01,1.4805989616434927,-0.1139732210725351,1.082911544950586,-0.22627862924057307
2022-07-04,1.499944766891448,-0.102396216121392,1.089660159074471,-0.22145686240744078
2022-07-05,1.4973653261917208,-0.1039398167815444,1.0872499397445121,-0.22317892199070222
2022-07-06,1.4573839953459469,-0.1278656270139063,1.073029645697754,-0.2333390735319455
2022-07-07,1.4573839953459469,-0.1278656270139063,1.0768859966256885,-0.23058377819872689
2022-07-08,1.4612531563955382,-0.1255502260236776,1.0759219088937049,-0.2312726020320316
2022-07-11,1.447066232547038,-0.1340400296545155,1.057604241986016,-0.24436025486481971
2022-07-12,1.43029986799881,-0.1440734339455062,1.0489274523981638,-0.2505596693645613
2022-07-13,1.4367484697481283,-0.1402144322951252,1.050614605929135,-0.24935422765627824
2022-07-14,1.4277204272990829,-0.1456170346056586,1.050855627862131,-0.249182021697952
2022-07-15,1.422561545899628,-0.1487042359259633,1.0351892022173974,-0.26037540898915223
2022-07-18,1.4199821051999006,-0.1502478365861157,1.0462762111352089,-0.2524539349061491
2022-07-19,1.4212718255497645,-0.1494760362560394,1.0409737286092988,-0.25624246598932465
2022-07-20,1.422561545899628,-0.1487042359259632,1.0438659918052497,-0.25417599448941064
2022-07-21,1.4122437831007189,-0.1548786385665728,1.033020004820434,-0.2619252626140879
2022-07-22,1.4096643424009916,-0.156422239226725,1.0337430706194217,-0.2614086447391094
2022-07-25,1.4148232238004463,-0.1533350379064203,1.0294046758254956,-0.26450835198898026
2022-07-26,1.4264307069492197,-0.1463888349357344,1.0363943118823766,-0.25951437919752174
2022-07-27,1.4096643424009918,-0.1564222392267249,1.030609785490475,-0.26364732219734954
2022-07-28,1.405795181351401,-0.1587376402169534,1.0313328512894628,-0.26313070432237096
2022-07-29,1.3800007743541276,-0.1741736468184771,1.0171125572427047,-0.27329085586361423
2022-08-01,1.4076220369662966,-0.1576444049534119,1.021450952036631,-0.27019114861374327
2022-08-02,1.3736266368282426,-0.1779880872488767,1.004338394793922,-0.28241777165490056
2022-08-03,1.3332570991643031,-0.2021462099747413,0.9934924078091064,-0.2901670397795776
2022-08-04,1.3332570991643031,-0.2021462099747413,1.0009640877319794,-0.2848286550714667
2022-08-05,1.342818305453131,-0.1964245493291417,1.016630513376713,-0.27363526778026637
2022-08-08,1.3545042242505871,-0.1894314085400757,1.0132562063147703,-0.27604615119683273
2022-08-09,1.3821254868627562,-0.1729021666750105,1.0149433598457418,-0.27484070948854944
2022-08-10,1.3683148555566718,-0.1811667876075431,1.0040973728609262,-0.2825899776132266
2022-08-11,1.3789384180998137,-0.1748093868902103,1.0253073029645654,-0.26743585328052477
2022-08-12,1.3608783617764724,-0.1856169681096761,1.0255483248975614,-0.26726364732219854
2022-08-15,1.4023102556947256,-0.1608231053120784,1.0231381055676025,-0.26898570690546
2022-08-16,1.4108091057292391,-0.1557371847382122,1.0207278862376437,-0.2707077664887215
2022-08-17,1.4182455995094383,-0.1512870042360793,1.0306097854904754,-0.2636473221973492
2022-08-18,1.426744449543952,-0.146201083662213,1.021691973969627,-0.27001894265541704
2022-08-19,1.3853125556256989,-0.1709949464598107,1.01446131597975,-0.2751851214052018
2022-08-22,1.4086843932206108,-0.1570086648816786,1.0209689081706395,-0.2705355605303954
2022-08-23,1.419307955763753,-0.1506512641643459,1.017594601108697,-0.27294644394696155
2022-08-24,1.3704395680653,-0.1798953074640765,0.9990359122680124,-0.2862063027380758
2022-08-25,1.3396312366901886,-0.1983317695443416,1.007712701855865,-0.2800068882383341
2022-08-26,1.3332570991643036,-0.2021462099747411,1.0062665702578895,-0.28104012398829104
2022-08-29,1.3321947429099894,-0.2027819500464743,1.000241021932992,-0.28534527294644496
2022-08-30,1.3151970428409625,-0.2129537911942068,0.9980718245360288,-0.2868951265713804
2022-08-31,1.2599545176166247,-0.246012274924337,0.9980718245360288,-0.2868951265713804
2022-09-01,1.2389747014120924,-0.2585671121596395,0.9898770788141682,-0.29275012915446974
2022-09-02,1.2284847933098264,-0.2648445307772907,0.9843335743552624,-0.2967108661959714
2022-09-05,1.2086705224499903,-0.2767018770550765,0.9838515304892707,-0.29705527811262367
2022-09-06,1.2144982491734715,-0.2732144222674924,0.9908411665461518,-0.29206130532116514
2022-09-07,1.1981806143477245,-0.2829792956727276,0.992769342010119,-0.29068365765455584
2022-09-08,1.1946839783136356,-0.2850717685452781,0.9884309472161928,-0.2937833649044267
2022-09-09,1.207504977105294,-0.2773993680125932,1.002410219329955,-0.28379541932150953
2022-09-13,1.2238226119310414,-0.267634494607358,1.0057845263918979,-0.28138453590494317
2022-09-14,1.2179948852075602,-0.271121949394942,0.9946975174740863,-0.28930600998794653
2022-09-15,1.2156637945181676,-0.2725169313099757,0.9857797059532379,-0.29567763044601436
2022-09-16,1.1935184329689394,-0.2857692595027948,0.9640877319836069,-0.3111761666953685
2022-09-19,1.206339431760598,-0.27809685897011,0.961436490720652,-0.3130704322369563
2022-09-20,1.2121671584840792,-0.274609404182526,0.9619185345866439,-0.31272602032030383
2022-09-21,1.1946839783136356,-0.2850717685452781,0.9546878765967668,-0.3178921990700886
2022-09-22,1.1772007981431922,-0.2955341329080301,0.9476982405398857,-0.3228861718615471
2022-09-23,1.180697434177281,-0.2934416600354796,0.9457700650759185,-0.3242638195281564
2022-09-26,1.1841940702113696,-0.2913491871629293,0.939744516751021,-0.32856896848631034
2022-09-27,1.226153702620434,-0.2662395126923244,0.9517956134008161,-0.3199586705700024
2022-09-28,1.2191604305522563,-0.2704244584374252,0.9382983851530455,-0.3296022042362673
2022-09-29,1.2179948852075602,-0.271121949394942,0.9385394070860416,-0.32942999827794106
2022-09-30,1.2144982491734715,-0.2732144222674925,0.9322728368281481,-0.3339073531944212
2022-10-10,1.2165497664862646,-0.271986743926728,0.9132321041214719,-0.3475116239021876
2022-10-11,1.2124467318606786,-0.2744421006082568,0.9125090383224842,-0.34802824177716607
2022-10-12,1.22680735305023,-0.2658483522229061,0.9274523981682301,-0.3373514723609443
2022-10-13,1.207933393772534,-0.2771429929579383,0.9194986743793654,-0.34303426898570755
2022-10-14,1.2210631045744096,-0.2692858515770462,0.9407086044830049,-0.3278801446530055
2022-10-17,1.2173703734113823,-0.2714956725904219,0.940467582550009,-0.32805235061133164
2022-10-18,1.2153188560985893,-0.2727233509311864,0.9387804290190376,-0.32925779231961483
2022-10-19,1.2140879457109135,-0.273459957935645,0.9245601349722793,-0.3394179438608582
2022-10-20,1.2034200556843897,-0.2798438853076197,0.9216678717763285,-0.3414844153607721
2022-10-21,1.2087540006976518,-0.2766519216216322,0.9163653892504187,-0.34527294644394757
2022-10-24,1.1874182206446042,-0.2894197763655818,0.8927452398168203,-0.36214913035991103
2022-10-25,1.1759297236929631,-0.2962947750738622,0.8888888888888858,-0.36490442569312953
2022-10-26,1.168954564829467,-0.3004688814324611,0.8956375030127711,-0.36008265885999713
2022-10-27,1.1746988133052874,-0.2970313820783209,0.8893709327548777,-0.3645600137764773
2022-10-28,1.1545939436399155,-0.3090626298178117,0.8686430465172301,-0.37936972619252685
2022-10-31,1.1271036116484892,-0.3255135195840543,0.8592431911303899,-0.38608575856724703
2022-11-01,1.1271036116484892,-0.3255135195840543,0.8925042178838243,-0.36232133631823726
2022-11-02,1.1271036116484892,-0.3255135195840543,0.900698963605685,-0.3564663337351478
2022-11-03,1.1271036116484892,-0.3255135195840543,0.8934683056158079,-0.36163251248493256
2022-11-04,1.1271036116484892,-0.3255135195840543,0.9240780911062875,-0.33976235577751057
2022-11-07,1.1271036116484892,-0.3255135195840543,0.9240780911062875,-0.33976235577751057
2022-11-08,1.1271036116484892,-0.3255135195840543,0.9185345866473817,-0.34372309281901214
2022-11-09,1.1271036116484892,-0.3255135195840543,0.9088937093275457,-0.35061133115205845
2022-11-10,1.1271036116484892,-0.3255135195840543,0.9038322487346317,-0.3542276562769078
2022-11-11,1.1271036116484892,-0.3255135195840543,0.9274523981682301,-0.3373514723609443
2022-11-14,1.1271036116484892,-0.3255135195840543,0.9279344420342219,-0.33700706044429196
2022-11-15,1.1271036116484892,-0.3255135195840543,0.9460110870089146,-0.3240916135698302
2022-11-16,1.1271036116484892,-0.3255135195840543,0.9390214509520335,-0.3290855863612887
2022-11-17,1.1271036116484892,-0.3255135195840543,0.9349240780911032,-0.3320130876528333
2022-11-18,1.1271036116484892,-0.3255135195840543,0.9317907929621565,-0.33425176511107335
2022-11-21,1.1271036116484892,-0.3255135195840543,0.9238370691732918,-0.3399345617358366
2022-11-22,1.1271036116484892,-0.3255135195840543,0.9233550253073,-0.3402789736524888
2022-11-23,1.1271036116484892,-0.3255135195840543,0.9240780911062876,-0.33976235577751046
2022-11-24,1.1271036116484892,-0.3255135195840543,0.9197396963123613,-0.3428620630273813
2022-11-25,1.1271036116484892,-0.3255135195840543,0.9248011569052753,-0.339245737902532
2022-11-28,1.1271036116484892,-0.3255135195840543,0.9139551699204596,-0.34699500602720923
2022-11-29,1.1271036116484892,-0.3255135195840543,0.9419137141479842,-0.3270191148613748
2022-11-30,1.1271036116484892,-0.3255135195840543,0.9426367799469718,-0.32650249698639644
2022-12-01,1.1192505340623518,-0.33021299406605,0.9534827669317875,-0.3187532288617193
2022-12-02,1.1113974564762144,-0.3349124685480455,0.9479392624728817,-0.3227139659032209
2022-12-05,1.131217128479323,-0.3230518900934851,0.9650518197155907,-0.3104873428620637
2022-12-06,1.126729655572959,-0.3257373040831969,0.9705953241744967,-0.3065266058205619
2022-12-07,1.1211203144400037,-0.3290940715703365,0.9677030609785457,-0.3085930773204759
2022-12-08,1.1267296555729591,-0.3257373040831968,0.969872258375509,-0.3070432236955404
2022-12-09,1.1293473481016718,-0.3241708125891981,0.9780670040973697,-0.301188221112451
2022-12-12,1.10616207141879,-0.3380454515360424,0.9679440829115418,-0.3084208713621497
2022-12-13,1.1113974564762148,-0.3349124685480452,0.9652928416485868,-0.31031513690373747
2022-12-14,1.1091537200230326,-0.3362551755429012,0.9677030609785457,-0.3085930773204759
2022-12-15,1.0960652573794702,-0.3440876330128939,0.967221017112554,-0.30893748923712816
2022-12-16,1.104292291041138,-0.3391643740317556,0.9681851048445378,-0.30824866540382345
2022-12-19,1.0897080040954543,-0.3478919694983189,0.9542058327307754,-0.3182366109867406
2022-12-20,1.076993497527422,-0.3555006424691691,0.9390214509520335,-0.3290855863612887
2022-12-21,1.078115365754013,-0.3548292889717412,0.9382983851530458,-0.3296022042362672
2022-12-22,1.0698883320923454,-0.3597525479528795,0.9402265606170129,-0.3282245565696579
2022-12-23,1.0661487713370417,-0.361990392944306,0.937816341287054,-0.3299466161529194
2022-12-26,1.0635310788083292,-0.3635568844383046,0.939985538684017,-0.3283967625279841
2022-12-27,1.074001848923179,-0.3572909184623104,0.9513135695348245,-0.3203030824866546
2022-12-28,1.076245585376361,-0.3559482114674546,0.9481802844058779,-0.32254175994489453
2022-12-29,1.065400859185981,-0.3624379619425913,0.945288021209927,-0.32460823144480844
2022-12-30,1.070636244243406,-0.3593049789545942,0.9491443721378615,-0.32185293611158994
2023-01-03,1.068396419464654,-0.3606453451074088,0.9517956134008164,-0.31995867057000216
2023-01-04,1.0751158938009098,-0.3566242466489648,0.9530007230657961,-0.3190976407783713
2023-01-05,1.1064734407034365,-0.3378591205095596,0.9710773680404886,-0.30618219390390955
2023-01-06,1.0997539663671807,-0.3418802189680036,0.9749337189684231,-0.30342689857069094
2023-01-09,1.1087132654821883,-0.3365187543567449,0.9809592672933206,-0.299121749612537
2023-01-10,1.1243920389334516,-0.3271361912870423,0.9824053988912959,-0.2980885138625802
2023-01-11,1.117672564597196,-0.3311572897454863,0.9824053988912959,-0.2980885138625802
2023-01-12,1.11095309026094,-0.3351783882039303,0.9838515304892714,-0.2970552781126231
2023-01-13,1.1445504619422189,-0.3150728959117104,0.9987948903350174,-0.28637850869640125
2023-01-16,1.1893469575172566,-0.2882655728554173,0.9985538684020215,-0.2865507146547275
2023-01-17,1.1826274831810009,-0.2922866713138613,0.997589780670038,-0.28723953848803196
2023-01-18,1.1714283592872414,-0.2989885020779346,0.9954205832730748,-0.2887893921129675
2023-01-19,1.1960664318535124,-0.2842444743969733,1.0021691973969602,-0.283967625279835
2023-01-20,1.1915867822960085,-0.2869252067026027,1.0077127018558658,-0.2800068882383334
2023-01-30,1.180387658402249,-0.2936270374666759,1.0134972282477674,-0.2758739452385056
2023-01-31,1.1490301114997223,-0.3123921636060812,1.002410219329956,-0.28379541932150887
2023-02-01,1.158578838188086,-0.3066779710598711,1.0098818992528291,-0.2784570346133979
2023-02-02,1.1638836863482878,-0.3035034196453101,1.00747167992287,-0.28017909419665954
2023-02-03,1.1522130203958438,-0.3104874327573443,0.9971077368040463,-0.2875839504046842
2023-02-06,1.1320545973870766,-0.3225507281326764,0.9833694866232799,-0.29739969002927524
2023-02-07,1.133115567019117,-0.3219158178497641,0.9857797059532389,-0.2956776304460137
2023-02-08,1.1235668403307535,-0.3276300103959739,0.9816823330923088,-0.2986051317375582
2023-02-09,1.1437252633395207,-0.315566715020642,0.9946975174740874,-0.28930600998794576
2023-02-10,1.1458472026036013,-0.3142968944548178,0.9889129910821857,-0.29343895298777356
2023-02-13,1.17131047377257,-0.2990590476649248,0.9966256929380546,-0.28792836232133656
2023-02-14,1.1670665952444086,-0.3015986887965737,0.9987948903350178,-0.286378508696401
2023-02-15,1.1596398078201258,-0.3060430607769593,0.9920462762111324,-0.29120027552953354
2023-02-16,1.157517868556045,-0.3073128813427838,0.9850566401542512,-0.29619424832099217
2023-02-17,1.151152050763803,-0.3111223430402569,0.9710773680404889,-0.3061821939039093
2023-02-20,1.17131047377257,-0.2990590476649248,0.9963846710050588,-0.28810056827966257
2023-02-21,1.1649446559803278,-0.3028685093623982,0.9975897806700383,-0.28723953848803174
2023-02-22,1.1681275648764489,-0.3009637785136616,0.9879489033502022,-0.29412777682107816
2023-02-23,1.156456898924005,-0.3079477916256957,0.9879489033502022,-0.29412777682107816
2023-02-24,1.1447862329715608,-0.3149318047377301,0.978549047963362,-0.30084380919579834
2023-02-27,1.1522130203958434,-0.3104874327573446,0.9749337189684234,-0.3034268985706907
2023-02-28,1.1553959292919644,-0.308582701908608,0.9812002892263167,-0.29894954365421067
2023-03-01,1.164944655980328,-0.302868509362398,0.9930103639431161,-0.29051145169622883
2023-03-02,1.159639807820126,-0.3060430607769592,0.9918052542781367,-0.29137248148785955
2023-03-03,1.1553959292919644,-0.308582701908608,0.9939744516750997,-0.28982262786292423
2023-03-06,1.151152050763803,-0.3111223430402569,0.9879489033502022,-0.29412777682107816
2023-03-07,1.1267497492268743,-0.3257252795472375,0.9742106531694358,-0.3039435164456692
2023-03-08,1.1182619921705517,-0.3308045618105351,0.9703543022415013,-0.3066988117788877
2023-03-09,1.11401811364239,-0.3333442029421839,0.9679440829115423,-0.30842087136214924
2023-03-10,1.097042599529744,-0.3435027674687793,0.9546878765967677,-0.31789219907008803
2023-03-13,1.1182619921705517,-0.3308045618105351,0.9652928416485873,-0.310315136903737
2023-03-14,1.1172010225385112,-0.3314394720934474,0.9592672933236898,-0.31462028586189106
2023-03-15,1.1097742351142286,-0.3358838440738327,0.959026271390694,-0.31479249182021707
2023-03-16,1.0981035691617844,-0.3428678571858671,0.9479392624728824,-0.32271396590322043
2023-03-17,1.090676781737502,-0.3473122291662524,0.9530007230657964,-0.3190976407783711
2023-03-20,1.0747622372568963,-0.3568358834099355,0.9476982405398865,-0.32288617186154656
2023-03-21,1.095981629897704,-0.3441376777516914,0.9580621836587102,-0.3154813156535219
2023-03-22,1.095981629897704,-0.3441376777516914,0.9624005784526363,-0.31238160840365115
2023-03-23,1.102347447689946,-0.3403282160542182,0.9715594119064805,-0.3058377819872571
2023-03-24,1.1012864780579057,-0.3409631263371304,0.970354302241501,-0.3066988117788879
2023-03-27,1.0981035691617844,-0.3428678571858671,0.9652928416485871,-0.31031513690373724
2023-03-28,1.1129571440103496,-0.3339791132250962,0.9633646661846199,-0.31169278457034644
2023-03-29,1.1150790832744304,-0.3327092926592718,0.9633646661846199,-0.31169278457034644
2023-03-30,1.1267497492268743,-0.3257252795472375,0.9737286093034438,-0.30428792836232155
2023-03-31,1.130993627755036,-0.3231856384155886,0.9761388286334028,-0.30256586877906
2023-04-03,1.1762736217487877,-0.2960889780318712,0.98336948662328,-0.29739969002927513
2023-04-04,1.1792922880150374,-0.2942825340062901,0.988189925283198,-0.29395557086275204
2023-04-06,1.200422951878788,-0.2816374258272218,0.9852976620872473,-0.2960220423626658
2023-04-07,1.2145100611212885,-0.2732073537078431,0.9922872981441285,-0.2910280695712072
2023-04-10,1.1792922880150372,-0.2942825340062902,0.9886719691491901,-0.29361115894609957
2023-04-11,1.172248733393787,-0.2984975700659795,0.9862617498192309,-0.29533321852936123
2023-04-12,1.1802985101037873,-0.2936803859977631,0.9852976620872473,-0.2960220423626658
2023-04-13,1.1501118474412864,-0.3117448262535748,0.9792721137623498,-0.30032719132081975
2023-04-14,1.1893545089025377,-0.2882610539210195,0.9843335743552638,-0.2967108661959704
2023-04-17,1.1933793972575375,-0.2858524618869114,0.9990359122680137,-0.2862063027380749
2023-04-18,1.1792922880150372,-0.2942825340062902,1.000723065798985,-0.28500086102979183
2023-04-19,1.1853296205475372,-0.290669645955128,0.9927693420101201,-0.29068365765455506
2023-04-20,1.2185349494762885,-0.2707987616737349,0.9889129910821857,-0.29343895298777356
2023-04-21,1.1712425113050369,-0.2990997180745066,0.971318389973485,-0.3060099879455831
2023-04-24,1.149105625352536,-0.312346974262102,0.959026271390694,-0.31479249182021707
2023-04-25,1.1269687394000356,-0.325594230449697,0.9544468546637718,-0.31806440502841415
2023-04-26,1.1229438510450356,-0.3280028224838053,0.9522776572668087,-0.3196142586533496
2023-04-27,1.118918962690035,-0.3304114145179135,0.9607134249216653,-0.313587050111934
2023-04-28,1.140049626553786,-0.3177663063388453,0.9701132803085056,-0.3068710177372137
2023-05-04,1.166510405725188,-0.3019315262636763,0.9701132803085056,-0.3068710177372137
2023-05-05,1.1769456425815157,-0.2956868242622011,0.9662569293805712,-0.3096263130704323
2023-05-08,1.2108601623645805,-0.2753915427574069,0.9771029163653868,-0.30187704494575507
2023-05-09,1.1966980552024216,-0.2838664954736947,0.9686671487105302,-0.30790425348717065
2023-05-10,1.171355337122769,-0.2990322003344199,0.9611954687876572,-0.31324263819528164
2023-05-11,1.1687465279086873,-0.3005933758347885,0.9599903591226776,-0.31410366798691247
2023-05-12,1.1639015965111066,-0.3034927017640448,0.9476982405398866,-0.32288617186154656
2023-05-15,1.161292787297025,-0.3050538772644137,0.9628826223186285,-0.31203719648699846
2023-05-16,1.153839046685362,-0.3095143786940387,0.9587852494576982,-0.3149646977785432
2023-05-17,1.1489941152877814,-0.3124137046232951,0.9522776572668087,-0.3196142586533496
2023-05-18,1.159429352144109,-0.3061690026218199,0.9520366353338128,-0.3197864646116757
2023-05-19,1.1434038098290344,-0.3157590806955139,0.9505905037358373,-0.32081970036163265
2023-05-22,1.1396769395232031,-0.3179893314103265,0.9554109423957553,-0.31737558119510956
2023-05-23,1.1255148323610444,-0.326464284126614,0.941672692214989,-0.3271913208197006
2023-05-24,1.1098619770765532,-0.3358313371288266,0.9288985297662061,-0.3363182366109869
2023-05-25,1.1042716716178065,-0.3391767132010455,0.926729332369243,-0.33786809023592235
2023-05-26,1.114706908474134,-0.3329320111995703,0.9279344420342224,-0.33700706044429163
2023-05-29,1.126260206422211,-0.3260182339836514,0.9240780911062879,-0.33976235577751024
2023-05-30,1.1258875193916278,-0.3262412590551327,0.9250421788382716,-0.33907353194420553
2023-05-31,1.1135888473823845,-0.3336010864140141,0.9163653892504191,-0.34527294644394724
2023-06-01,1.1166342134189815,-0.331778664590169,0.9182935647143863,-0.34389529877733804
2023-06-02,1.1166342134189815,-0.331778664590169,0.9310677271631691,-0.3347683829860516
2023-06-05,1.1125737253701855,-0.3342085603552956,0.9267293323692428,-0.33786809023592246
2023-06-06,1.083135187016412,-0.3518253046524641,0.9178115208483943,-0.3442397106939904
2023-06-07,1.081104942992014,-0.3530402525350274,0.9149192576524435,-0.3463061821939043
2023-06-08,1.068923478845625,-0.3603299398304074,0.9226319595083123,-0.3407955915274673
2023-06-09,1.0932864071384027,-0.3457505652396475,0.9264883104362469,-0.3380402961942487
2023-06-12,1.0871956750652083,-0.3493954088873374,0.9274523981682304,-0.3373514723609441
2023-06-13,1.1003922612237964,-0.3414982476506757,0.9344420342251116,-0.33235749956948546
2023-06-14,1.0963317731750002,-0.3439281434158023,0.9344420342251116,-0.33235749956948546
2023-06-15,1.0963317731750002,-0.3439281434158023,0.9501084598698454,-0.3211641122782851
2023-06-16,1.1146039693945835,-0.3329936124727324,0.9590262713906937,-0.3147924918202173
2023-06-19,1.1166342134189815,-0.3317786645901691,0.9517956134008165,-0.31995867057000216
2023-06-20,1.1176493354311805,-0.3311711906488875,0.9501084598698453,-0.32116411227828523
2023-06-21,1.082120065004213,-0.3524327785937456,0.9368522535550706,-0.3306354399862239
2023-06-26,1.0729839668944212,-0.3579000440652808,0.9262472885032509,-0.3382125021525749
2023-06-27,1.0760293329310189,-0.3560776222414357,0.9325138587611445,-0.33373514723609465
2023-06-28,1.0709537228700232,-0.359114991947844,0.9344420342251115,-0.33235749956948557
2023-06-29,1.0628327467724306,-0.3639747834780974,0.9301036394311853,-0.3354572068193563
2023-06-30,1.067908356833426,-0.3609374137716891,0.9356471438900912,-0.33149646977785463
2023-07-03,1.0806302058767103,-0.3533243468833328,0.9464931308749067,-0.3237472016531776
2023-07-04,1.0722701336482665,-0.3583272194099669,0.948180284405878,-0.32254175994489453
2023-07-05,1.0715431708457928,-0.3587622518035873,0.9416726922149886,-0.3271913208197008
2023-07-06,1.0689988010371358,-0.3602848651812587,0.9349240780911033,-0.3320130876528332
2023-07-07,1.0755414662593965,-0.3563695736386754,0.9322728368281483,-0.333907353194421
2023-07-10,1.0780858360680534,-0.3548469602610041,0.9361291877560828,-0.3311520578612025
2023-07-11,1.07735887326558,-0.3552819926546245,0.9423957580139763,-0.32667470294472223
2023-07-12,1.0708162080433197,-0.3591972841972076,0.9378163412870542,-0.3299466161529193
2023-07-13,1.0820841314816572,-0.3524542820960921,0.9530007230657961,-0.3190976407783713
2023-07-14,1.0875363525002075,-0.3491915391439393,0.9525186791998043,-0.31944205269502357
2023-07-17,1.081357168679184,-0.3528893144897124,0.945770065075919,-0.3242638195281561
2023-07-18,1.078812798870527,-0.3544119278673836,0.9443239334779436,-0.3252970552781129
2023-07-19,1.0857189454940244,-0.3502791201279901,0.9438418896119518,-0.3256414671947653
2023-07-20,1.0824476128828942,-0.3522367658992817,0.9370932754880665,-0.3304632340278978
2023-07-21,1.0824476128828942,-0.3522367658992817,0.9375753193540584,-0.33011882211124544
2023-07-24,1.0817206500804206,-0.3526717982929022,0.933477946493128,-0.33304632340279017
2023-07-25,1.096986868932362,-0.3435361180268745,0.960472402988669,-0.31375925607026045
2023-07-26,1.099531238741019,-0.3420135046492033,0.9583032055917059,-0.3153091096951959
2023-07-27,1.1028025713521492,-0.3400558588779117,0.9573391178597224,-0.31599793352850036
2023-07-28,1.1217036042164577,-0.3287450166437823,0.980477223427329,-0.29946616152918915
2023-07-31,1.1289732322411918,-0.3243946927075786,0.9843335743552634,-0.29671086619597076
2023-08-01,1.126744262384842,-0.3257285630082546,0.9799951795613372,-0.2998105734458415
2023-08-02,1.1345456568820669,-0.3210600169558883,0.9730055435044561,-0.3048045462373
2023-08-03,1.1746671142963636,-0.2970503515437194,0.9816823330923087,-0.2986051317375583
2023-08-04,1.1846974786499378,-0.2910479351906772,0.9867437936852226,-0.294988806612709
2023-08-07,1.1880409334344626,-0.289047129739663,0.9792721137623495,-0.30032719132082
2023-08-08,1.180239538937238,-0.2937156757920294,0.975656784767411,-0.30291028069571235
2023-08-09,1.1735526293681884,-0.2977172866940576,0.9737286093034438,-0.30428792836232155
2023-08-10,1.196956812859862,-0.2837116485369588,0.9749337189684233,-0.30342689857069083
2023-08-11,1.1445760212356408,-0.3150576006028461,0.9520366353338127,-0.3197864646116758
2023-08-14,1.1334311719538916,-0.3217269521062263,0.9455290431429233,-0.3244360254864821
2023-08-15,1.1546063855892152,-0.3090551842498038,0.9445649554109398,-0.3251248493197867
2023-08-16,1.1568353554455653,-0.3077213139491276,0.9373342974210627,-0.33029102806957145
2023-08-17,1.1568353554455653,-0.3077213139491276,0.9404675825500094,-0.3280523506113313
2023-08-18,1.1378891116665917,-0.3190592115048742,0.9284164859002142,-0.3366626485276394
2023-08-21,1.0977676542522945,-0.3430688769170431,0.9158833453844273,-0.3456173583605996
2023-08-22,1.118942867887618,-0.3303971090606207,0.921426849843333,-0.3416566213190979
2023-08-23,1.088851774826895,-0.3484043581197473,0.9081706435285584,-0.3511279490270367
2023-08-24,1.105569048749519,-0.3384003308646769,0.9137141479874641,-0.347167211985535
2023-08-25,1.1122559583185685,-0.3343987199626487,0.9120269944564927,-0.3483726536938182
2023-08-28,1.1401180815229413,-0.3177253412041981,0.9248011569052756,-0.33924573790253176
2023-08-29,1.1323166870257169,-0.3223938872565643,0.9301036394311853,-0.3354572068193563
2023-08-30,1.099996624108644,-0.3417350066163672,0.9298626174981894,-0.33562941277768255
2023-08-31,1.0788214104733207,-0.3544067744727897,0.9252832007712672,-0.3389013259858795
2023-09-01,1.0799358954014957,-0.3537398393224518,0.930826705230173,-0.33494058894437795
2023-09-04,1.08773728989872,-0.3490712932700855,0.9448059773439353,-0.3249526433614607
2023-09-05,1.0777069255451457,-0.3550737096231278,0.938298385153046,-0.32960220423626696
2023-09-06,1.0743634707606209,-0.3570745150741419,0.935888165823087,-0.3313242638195285
2023-09-07,1.0687910461197463,-0.360409190825832,0.9231140033743043,-0.34045117961081484
2023-09-08,1.0743634707606209,-0.3570745150741419,0.9180525427813904,-0.34406750473566416
2023-09-11,1.091080744683245,-0.3470704878190714,0.9248011569052756,-0.33924573790253176
2023-09-12,1.0788214104733205,-0.3544067744727898,0.9235960472402961,-0.3401067676941626
2023-09-13,1.0665620762633965,-0.3617430611265081,0.9175704989153985,-0.3444119166523165
2023-09-14,1.0710200159760963,-0.3590753205251559,0.9168474331164108,-0.344928534527295
2023-09-15,1.0665620762633967,-0.3617430611265079,0.9127500602554806,-0.3478560358188396
2023-09-18,1.064333106407047,-0.363076931427184,0.9158833453844273,-0.3456173583605996
2023-09-19,1.065447591335222,-0.3624099962768459,0.9146782357194478,-0.3464783881522303
2023-09-20,1.0609896516225223,-0.3650777368781979,0.9103398409255217,-0.34957809540210105
2023-09-21,1.053188257125298,-0.3697462829305641,0.901904073270665,-0.35560530394351664
2023-09-22,1.0855083200423703,-0.3504051635707613,0.9199807182453577,-0.34268985706905486
2023-09-25,1.0587606817661726,-0.366411607178874,0.9132321041214724,-0.34751162390218726
2023-09-26,1.0609896516225226,-0.3650777368781978,0.9081706435285584,-0.3511279490270367
2023-09-27,1.0621041365506976,-0.3644108017278598,0.9105808628585176,-0.34940588944377493
2023-09-28,1.055417226981648,-0.368412412629888,0.9072065557965748,-0.3518167728603412
2023-10-09,1.042043407843549,-0.3764156344339442,0.9047963364666158,-0.35353883244360285
2023-10-10,1.0386999530590242,-0.3784164398849583,0.8982887442757265,-0.3581883933184091
2023-10-11,1.0364709832026744,-0.3797503101856344,0.9002169197396938,-0.3568107456517997
2023-10-12,1.0487303174125984,-0.3724140235319162,0.9088937093275463,-0.350611331152058
2023-10-13,1.0375854681308492,-0.3790833750352964,0.9004579416726898,-0.3566385396934735
2023-10-16,1.0353564982744994,-0.3804172453359724,0.890093998553866,-0.36404339590149837
2023-10-17,1.0498448023407732,-0.3717470883815782,0.8929862617498168,-0.36197692440158447
2023-10-18,1.048730317412598,-0.3724140235319163,0.8862376476259315,-0.36679869123471687
2023-10-19,1.0420434078435488,-0.3764156344339444,0.867678958785247,-0.3800585500258311
2023-10-20,1.0453868626280736,-0.3744148289829303,0.8633405639913208,-0.38315825727570196
2023-10-23,1.0186392243518756,-0.3904212725910428,0.8541817305374765,-0.3897020836920959
2023-10-24,1.053188257125298,-0.3697462829305641,0.8553868402024559,-0.3888410539004652
2023-10-25,1.052073772197123,-0.3704132180809022,0.8602072788623739,-0.3853969347339421
2023-10-26,1.050959287268948,-0.3710801532312402,0.8633405639913206,-0.3831582572757021
2023-10-27,1.0554172269816475,-0.3684124126298882,0.8763557483730995,-0.3738591355260894
2023-10-30,1.050959287268948,-0.3710801532312402,0.8802120993010338,-0.3711038401928709
2023-10-31,1.0531882571252975,-0.3697462829305642,0.8782839238370667,-0.3724814878594802
2023-11-01,1.045974638925809,-0.3740630892118618,0.8778018799710748,-0.37282589977613245
2023-11-02,1.0411655601261505,-0.3769409600660601,0.8737045071101445,-0.3757534010676772
2023-11-03,1.045974638925809,-0.3740630892118618,0.8804531212340296,-0.3709316342345448
2023-11-06,1.070020032924104,-0.35967373494087,0.8920221740178329,-0.3626657482348893
2023-11-07,1.0628064147246157,-0.3639905412221675,0.889370932754878,-0.36456001377647695
2023-11-08,1.070020032924104,-0.35967373494087,0.8867196914919231,-0.36645427931806474
2023-11-09,1.060401875324786,-0.3654294766492668,0.8874427572909107,-0.36593766144308626
2023-11-10,1.0579973359249564,-0.3668684120763661,0.8809351651000213,-0.37058722231789254
2023-11-13,1.045974638925809,-0.3740630892118619,0.8797300554350419,-0.37144825210952337
2023-11-14,1.045974638925809,-0.3740630892118619,0.8797300554350419,-0.37144825210952337
2023-11-15,1.0579973359249564,-0.3668684120763661,0.8857556037599394,-0.36714310315136933
2023-11-16,1.0387610207263207,-0.3783798954931594,0.877078814172087,-0.37334251765111104
2023-11-17,1.045974638925809,-0.3740630892118619,0.8758737045071076,-0.37420354744274176
2023-11-20,1.0555927965251268,-0.3683073475034653,0.8785249457700626,-0.372309281901154
2023-11-21,1.0555927965251268,-0.3683073475034653,0.879730055435042,-0.37144825210952326
2023-11-22,1.0411655601261502,-0.3769409600660602,0.8703302000482019,-0.37816428448424333
2023-11-23,1.045974638925809,-0.3740630892118619,0.874909616775124,-0.37489237127604635
2023-11-24,1.0435700995259796,-0.3755020246389611,0.8688840684502265,-0.3791975202342003
2023-11-27,1.0339519419266618,-0.3812577663473577,0.8630995420583248,-0.3833304632340281
2023-11-28,1.0483791783256386,-0.3726241537847626,0.8640636297903085,-0.3826416394007235
2023-11-29,1.0435700995259798,-0.375502024638961,0.8575560375994191,-0.38729120027552977
2023-11-30,1.0483791783256389,-0.3726241537847625,0.8585201253314028,-0.38660237644222506
2023-12-01,1.04357009952598,-0.3755020246389609,0.8551458182694602,-0.3890132598587912
2023-12-04,1.0147156267280266,-0.3927692497641509,0.8493612918775586,-0.393146202858619
2023-12-05,1.0002883903290498,-0.401402862326746,0.8334538442998292,-0.40451179610814536
2023-12-06,1.0026929297288794,-0.3999639268996467,0.8346589539648087,-0.40365076631651453
2023-12-07,0.990670232729732,-0.4071586040351426,0.8324897565678456,-0.40520061994144996
2023-12-08,1.0002883903290498,-0.401402862326746,0.8341769100988169,-0.4039951782331669
2023-12-11,1.0075020085285382,-0.3970860560454484,0.8399614364907185,-0.3998622352333391
2023-12-12,1.0026929297288794,-0.3999639268996467,0.8418896119546857,-0.3984845875667299
2023-12-13,0.9930747721295616,-0.4057196686080434,0.8279103398409234,-0.40847253314964693
2023-12-14,0.990670232729732,-0.4071586040351426,0.824053988912989,-0.41122782848286554
2023-12-15,0.9786475357305848,-0.4143532811706385,0.8223668353820177,-0.4124332701911486
2023-12-18,0.9786475357305848,-0.4143532811706385,0.8189925283200752,-0.41484415360771476
2023-12-19,0.9690293781312672,-0.420109022879035,0.8194745721860669,-0.4144997416910625
2023-12-20,0.9642202993316082,-0.4229868937332334,0.812002892263194,-0.4198381263991734
2023-12-21,0.973838456930926,-0.4172311520248367,0.8194745721860669,-0.4144997416910625
2023-12-22,0.9690293781312672,-0.4201090228790352,0.8209207037840425,-0.41346650594110546
2023-12-25,0.9714339175310964,-0.418670087451936,0.8230899011810054,-0.41191665231617014
2023-12-26,0.964220299331608,-0.4229868937332335,0.8182694625210875,-0.41536077148269324
2023-12-27,0.969029378131267,-0.4201090228790352,0.8206796818510464,-0.4136387118994317
2023-12-28,0.985861153930073,-0.4100364748893411,0.8409255242227023,-0.3991734114000344
2023-12-29,0.9882656933299024,-0.408597539462242,0.8433357435526614,-0.3974513518167727
2024-01-02,0.9882656933299024,-0.408597539462242,0.8322487346348498,-0.4053728258997761
2024-01-03,0.9882656933299024,-0.408597539462242,0.8298385153048908,-0.4070948854830376
2024-01-04,0.9882656933299024,-0.408597539462242,0.8226078573150137,-0.4122610642328224
2024-01-05,0.9882656933299024,-0.408597539462242,0.8185104844540835,-0.415188565524367
2024-01-08,0.9882656933299024,-0.408597539462242,0.8071824536032762,-0.42328224556569627
2024-01-09,0.9882656933299024,-0.408597539462242,0.8091106290672435,-0.42190459789908696
2024-01-10,0.9882656933299024,-0.408597539462242,0.805254278139309,-0.4246598932323056
2024-01-11,0.9882656933299024,-0.408597539462242,0.8098336948662311,-0.4213879800241086
2024-01-12,0.9882656933299024,-0.408597539462242,0.8071824536032763,-0.42328224556569627
2024-01-15,0.9882656933299024,-0.408597539462242,0.8062183658712927,-0.42397106939900087
2024-01-16,0.9882656933299024,-0.408597539462242,0.8115208483972024,-0.4201825383158255
2024-01-17,0.9882656933299024,-0.408597539462242,0.7934442034225097,-0.4330979851902874
2024-01-18,0.9882656933299024,-0.408597539462242,0.787659677030608,-0.4372309281901152
2024-01-19,0.9882656933299024,-0.408597539462242,0.7893468305615794,-0.43602548648183204
2024-01-22,0.9882656933299024,-0.408597539462242,0.7727163171848622,-0.447907697606337
2024-01-23,0.9882656933299024,-0.408597539462242,0.7780187997107721,-0.4441191665231614
2024-01-24,0.9882656933299024,-0.408597539462242,0.790310918293563,-0.43533666264852744
2024-01-25,0.9882656933299024,-0.408597539462242,0.8038081465413335,-0.42569312898226264
2024-01-26,0.9882656933299024,-0.408597539462242,0.8023620149433581,-0.4267263647322195
2024-01-29,0.9882656933299024,-0.408597539462242,0.795131356953481,-0.43189254348200434
2024-01-30,0.9882656933299024,-0.408597539462242,0.7816341287057105,-0.44153607714826915
2024-01-31,0.9882656933299024,-0.408597539462242,0.7765726681127966,-0.4451524022731185
2024-02-01,0.9882656933299024,-0.408597539462242,0.7756085803808129,-0.44584122610642307
2024-02-02,0.9882656933299024,-0.408597539462242,0.7683779223909359,-0.4510074048562078
2024-02-05,0.9882656933299024,-0.408597539462242,0.7731983610508539,-0.44756328568968473
2024-02-06,0.9882656933299024,-0.408597539462242,0.7980236201494317,-0.42982607198209044
2024-02-07,0.9882656933299024,-0.408597539462242,0.8050132562063129,-0.4248320991906319
2024-02-08,0.9882656933299024,-0.408597539462242,0.8103157387322228,-0.42104356810745636
2024-02-19,0.9882656933299024,-0.408597539462242,0.8168233309231121,-0.4163940072326502
2024-02-20,0.9882656933299024,-0.408597539462242,0.8197155941190629,-0.4143275357327363
2024-02-21,0.9882656933299024,-0.408597539462242,0.8312846469028663,-0.40606164973308057
2024-02-22,0.9882656933299024,-0.408597539462242,0.8375512171607598,-0.4015842948166005
2024-02-23,0.9882656933299024,-0.408597539462242,0.8382742829597476,-0.40106767694162193
2024-02-26,0.9882656933299024,-0.408597539462242,0.829838515304891,-0.4070948854830375
2024-02-27,0.9882656933299024,-0.408597539462242,0.839720414557723,-0.400034441191665
2024-02-28,0.9882656933299024,-0.408597539462242,0.8310436249698705,-0.4062338556914067
2024-02-29,0.9882656933299024,-0.408597539462242,0.844299831284645,-0.396762527983468
2024-03-01,0.9866778628457604,-0.4095477362176046,0.8508074234755344,-0.3921129671086617
2024-03-04,0.9952521474601264,-0.4044166737386461,0.8500843576765468,-0.3926295849836402
2024-03-05,1.0019210354935224,-0.4004258473661226,0.8570739937334279,-0.3876356121921817
2024-03-06,1.0012859032998658,-0.4008059260682676,0.8536996866714851,-0.39004649560874793
2024-03-07,1.007319659139605,-0.3971951783978892,0.849120269944563,-0.3933184088169449
2024-03-08,1.012718282785687,-0.393964509429656,0.8515304892745219,-0.39159634923368347
2024-03-11,1.0025561676871793,-0.4000457686639774,0.8630995420583252,-0.38333046323402786
2024-03-12,0.9800089748123646,-0.4135385625901281,0.8643046517233046,-0.38246943344239714
2024-03-13,0.974292785069454,-0.4169592709094338,0.8592431911303907,-0.3860857585672465
2024-03-14,0.9771508799409092,-0.415248916749781,0.856109906001444,-0.3883244360254865
2024-03-15,0.975245483359939,-0.4163891528562162,0.8582791033984071,-0.38677458240055107
2024-03-18,0.9698468597138564,-0.4196198218244495,0.86575078332128,-0.3814361976924402
2024-03-19,0.9692117275202,-0.4199999005265946,0.8602072788623742,-0.3853969347339419
2024-03-20,0.9711171241011702,-0.4188596644201593,0.860930344661362,-0.3848803168589634
2024-03-21,0.9723873884884836,-0.4180995070158692,0.8604483007953702,-0.38522472877561564
2024-03-22,0.974292785069454,-0.4169592709094338,0.8529766208724973,-0.3905631134837265
2024-03-25,0.9774684460377376,-0.4150588773987085,0.8483972041455752,-0.3938350266919235
2024-03-26,0.9720698223916552,-0.4182895463669417,0.8510484454085301,-0.3919407611503357
2024-03-27,0.971752256294827,-0.4184795857180142,0.8418896119546858,-0.3984845875667298
2024-03-28,0.9692117275202,-0.4199999005265945,0.8459869848156161,-0.39555708627518515
2024-03-29,0.9755630494567674,-0.4161991135051437,0.8498433357435505,-0.39280179094196654
2024-04-01,0.9739752189726256,-0.4171493102605064,0.863822607857313,-0.3828138453590493
2024-04-02,0.9806441070060216,-0.4131584838879829,0.8609303446613622,-0.3848803168589632
2024-04-03,0.9923940525886714,-0.4061270278982988,0.8575560375994195,-0.38729120027552943
2024-04-08,0.995569713556955,-0.4042266343875734,0.8505664015425384,-0.39228517306698807
2024-04-09,0.9908062221045296,-0.4070772246536615,0.849120269944563,-0.3933184088169449
2024-04-10,0.9942994491696416,-0.4049867917918636,0.8428536996866695,-0.39779576373342507
2024-04-11,1.0070020930427763,-0.3973852177489618,0.8421306338876818,-0.39831238160840354
2024-04-12,1.004779130364978,-0.3987154932064696,0.8353820197637966,-0.40313414844153594
2024-04-15,1.0257384927556508,-0.3861728960356816,0.8529766208724974,-0.3905631134837264
2024-04-16,1.0301844181112485,-0.3835123451206659,0.8452639190166286,-0.3960737041501635
2024-04-17,1.0406640993065843,-0.3772410465352719,0.8563509279344399,-0.38815223006716026
2024-04-18,1.04352219417804,-0.3755306923756191,0.8577970595324154,-0.3871189943172033
2024-04-19,1.050508648308264,-0.3713498266520232,0.8510484454085301,-0.3919407611503357
2024-04-22,1.0228803978841954,-0.3878832501953345,0.8493612918775587,-0.3931462028586189
2024-04-23,1.0076372252364334,-0.3970051390468166,0.8433357435526612,-0.3974513518167728
2024-04-24,1.0079547913332616,-0.3968150996957442,0.8467100506146038,-0.3950404684002067
2024-04-25,1.0139885471730008,-0.3932043520253658,0.8491202699445629,-0.393318408816945
2024-04-26,1.004779130364978,-0.3987154932064696,0.8611713665943579,-0.38470811090063717
2024-04-29,0.9939818830728132,-0.4051768311429361,0.8715353097131818,-0.3773032546926123
2024-04-30,0.998110242331582,-0.402706319578993,0.8671969149192555,-0.38040296194248313
2024-05-06,1.0185261336520008,-0.3904889488431088,0.8792480115690507,-0.37179266402617517
2024-05-07,1.0196603498364685,-0.3898102060244486,0.8797300554350426,-0.3714482521095228
2024-05-08,1.020794566020936,-0.3891314632057884,0.8727404193781615,-0.37644222490098134
2024-05-09,1.0241972145743392,-0.3870952347498076,0.881176187033018,-0.37041501635956586
2024-05-10,1.020794566020936,-0.3891314632057884,0.8816582308990099,-0.3700706044429135
2024-05-13,1.0128550527296625,-0.3938826629364099,0.8809351651000221,-0.370587222317892
2024-05-14,1.01398926891413,-0.3932039201177498,0.8794890335020468,-0.37162045806784894
2024-05-15,1.0037813232539206,-0.3993126054856919,0.8732224632441533,-0.3760978129843291
2024-05-16,1.0094524041762591,-0.3959188913923906,0.8761147264401041,-0.3740313414844152
2024-05-17,1.0241972145743394,-0.3870952347498075,0.8859966256929361,-0.36697089719304266
2024-05-20,1.0344051602345488,-0.3809865493818655,0.8879248011569033,-0.36559324952643346
2024-05-21,1.0321367278656135,-0.3823440350191859,0.8850325379609525,-0.36765972102634736
2024-05-22,1.0241972145743397,-0.3870952347498074,0.8869607134249197,-0.36628207335973806
2024-05-23,1.0128550527296625,-0.3938826629364098,0.8780429019040712,-0.372653693817806
2024-05-24,1.0015128908849853,-0.4006700911230123,0.8681610026512392,-0.37971413810917853
2024-05-27,1.007183971807324,-0.3972763770297111,0.8753916606411163,-0.3745479593593938
2024-05-28,0.9935733775937114,-0.4054212908536339,0.8698481561822105,-0.37850869640089546
2024-05-29,0.9935733775937114,-0.4054212908536339,0.8700891781152064,-0.37833649044256923
2024-05-30,0.9822312157490344,-0.4122087190402362,0.8667148710532638,-0.3807473738591354
2024-05-31,0.9822312157490344,-0.4122087190402362,0.8633405639913211,-0.38315825727570174
2024-06-03,0.97292807866128,-0.4177759447382969,0.8645456736563008,-0.3822972274840708
2024-06-04,0.9768293942142092,-0.4154413017036263,0.8705712219811983,-0.3779920785259169
2024-06-05,0.9654255487518008,-0.4222656428818941,0.8674379368522516,-0.3802307559841569
2024-06-06,0.9705272690902468,-0.4192126481442481,0.8674379368522516,-0.3802307559841569
2024-06-07,0.9786300013924843,-0.4143637741491629,0.8618944323933457,-0.3841914930256586
2024-06-11,0.9618243343952506,-0.4244206979908209,0.8558688840684482,-0.3884966419838125
2024-06-12,0.9741284834467966,-0.4170575930353214,0.8549047963364645,-0.3891854658171172
2024-06-13,0.9657256499481798,-0.4220860549561503,0.8517715112075177,-0.39142414327535735
2024-06-14,0.9672261559300755,-0.4211881153274309,0.8565919498674358,-0.38798002410883414
2024-06-17,0.9546219056821504,-0.4287308082086744,0.8541817305374768,-0.3897020836920957
2024-06-18,0.9567226140568048,-0.4274736927284671,0.8568329718004317,-0.387807818150508
2024-06-19,0.9567226140568048,-0.4274736927284671,0.8544227524704726,-0.38952987773376957
2024-06-20,0.9585232212350798,-0.4263961651740037,0.8488792480115668,-0.39349061477527136
2024-06-21,0.9600237272169756,-0.4254982255452842,0.8474331164135914,-0.3945238505252282
2024-06-24,0.9474194769690504,-0.4330409184265277,0.843335743552661,-0.39745135181677294
2024-06-25,0.9513207925219798,-0.4307062753918571,0.8382742829597472,-0.40106767694162226
2024-06-26,0.953721602093013,-0.429269571985906,0.8433357435526609,-0.39745135181677305
2024-06-27,0.953721602093013,-0.429269571985906,0.8387563268257388,-0.40072326502497
2024-06-28,0.960623929609734,-0.4251390496937964,0.84044348035671,-0.39951782331668695
2024-07-01,0.981030810963518,-0.4129270707432116,0.8438177874186525,-0.3971069399001208
2024-07-02,0.9816310133562764,-0.4125678948917238,0.842612677753673,-0.39796796969175163
2024-07-03,0.9750287870359344,-0.4165188292580895,0.8411665461556976,-0.3990012054417086
2024-07-04,0.970827370286626,-0.419033060218504,0.8375512171607591,-0.40158429481660096
2024-07-05,0.96572564994818,-0.4220860549561502,0.8334538442998288,-0.4045117961081456
2024-07-08,0.9624245367880092,-0.424061522139333,0.8276693179079272,-0.4086447391079734
2024-07-09,0.9702271678938678,-0.4193922360699917,0.8365871294287756,-0.40227311864990556
2024-07-10,0.9504204889328424,-0.4312450391690887,0.8346589539648084,-0.40365076631651475
2024-07-11,0.9489199829509464,-0.4321429787978081,0.8457459628826198,-0.3957292922335115
2024-07-12,0.9477195781654298,-0.4328613305007838,0.8481561822125789,-0.39400723265024995
2024-07-15,0.9588233224314592,-0.4262165772482597,0.8498433357435501,-0.3928017909419669
2024-07-16,0.95492200687853,-0.4285512202829302,0.8558688840684477,-0.38849664198381284
2024-07-17,0.9510206913256009,-0.4308858633176009,0.8570739937334272,-0.3876356121921821
2024-07-18,0.9522210961111176,-0.4301675116146253,0.8621354543263411,-0.3840192870673328
2024-07-19,0.9453187685943965,-0.4342980339067349,0.8676789587852469,-0.3800585500258311
2024-07-22,0.9357155303102628,-0.4400448475305395,0.8606893227283658,-0.38505252281728963
2024-07-23,0.9294134051863002,-0.4438161939711612,0.8438177874186527,-0.3971069399001208
2024-07-24,0.9300136075790588,-0.4434570181196734,0.8385153048927428,-0.40089547098329625
2024-07-25,0.9258121908297502,-0.445971249080088,0.8336948662328247,-0.40433959014981946
2024-07-26,0.9204103692949251,-0.449203831743478,0.8373101952277633,-0.4017565007749271
2024-07-29,0.9240115836514752,-0.4470487766345512,0.8324897565678452,-0.4052006199414503
2024-07-30,0.9195100657057876,-0.4497425955207097,0.8269462521089395,-0.40916135698295186
2024-07-31,0.9282130004007836,-0.4445345456741368,0.8455049409496238,-0.39590149819183773
2024-08-01,0.9282130004007836,-0.4445345456741368,0.8394793926247263,-0.40020664714999177
2024-08-02,0.9282130004007836,-0.4445345456741368,0.8308026030368738,-0.40640606164973336
2024-08-05,0.9282130004007836,-0.4445345456741368,0.8214027476500336,-0.41312209402445355
2024-08-06,0.9282130004007836,-0.4445345456741368,0.8214027476500336,-0.41312209402445355
2024-08-07,0.9282130004007836,-0.4445345456741368,0.8197155941190624,-0.4143275357327366
2024-08-08,0.9282130004007836,-0.4445345456741368,0.820679681851046,-0.413638711899432
2024-08-09,0.9282130004007836,-0.4445345456741368,0.8177874186550952,-0.4157051833993459
2024-08-12,0.9282130004007836,-0.4445345456741368,0.8168233309231115,-0.4163940072326505
2024-08-13,0.9282130004007836,-0.4445345456741368,0.8180284405880912,-0.4155329774410197
2024-08-14,0.9282130004007836,-0.4445345456741368,0.8122439141961896,-0.4196659204408474
2024-08-15,0.9282130004007836,-0.4445345456741368,0.8214027476500337,-0.41312209402445355
2024-08-16,0.9282130004007836,-0.4445345456741368,0.8218847915160257,-0.4127776821078011
2024-08-19,0.9282130004007836,-0.4445345456741368,0.8240539889129889,-0.41122782848286565
2024-08-20,0.9282130004007836,-0.4445345456741368,0.8201976379850544,-0.41398312381608415
2024-08-21,0.9282130004007836,-0.4445345456741368,0.8165823089901159,-0.41656621319097653
2024-08-22,0.9282130004007836,-0.4445345456741368,0.8144131115931528,-0.41811606681591196
2024-08-23,0.9282130004007836,-0.4445345456741368,0.8177874186550953,-0.4157051833993458
2024-08-26,0.9282130004007836,-0.4445345456741368,0.8180284405880913,-0.4155329774410196
2024-08-27,0.9282130004007836,-0.4445345456741368,0.8139310677271608,-0.4184604787325643
2024-08-28,0.9282130004007836,-0.4445345456741368,0.809110629067243,-0.4219045978990874
2024-08-29,0.9282130004007836,-0.4445345456741368,0.8067004097372839,-0.42362665748234907
2024-08-30,0.9282130004007836,-0.4445345456741368,0.8175463967220994,-0.41587738935767193
2024-09-02,0.9282130004007836,-0.4445345456741368,0.8030850807423452,-0.42620974685724156
2024-09-03,0.9282130004007836,-0.4445345456741368,0.8059773439382961,-0.42414327535732754
2024-09-04,0.9282130004007836,-0.4445345456741368,0.8009158833453822,-0.42775960048217687
2024-09-05,0.9282130004007836,-0.4445345456741368,0.8026030368763536,-0.4265541587738937
2024-09-06,0.9282130004007836,-0.4445345456741368,0.7958544227524683,-0.4313759256070261
2024-09-09,0.9282130004007836,-0.4445345456741368,0.7859725234996363,-0.4384363698983986
2024-09-10,0.9282130004007836,-0.4445345456741368,0.7859725234996363,-0.4384363698983986
2024-09-11,0.9282130004007836,-0.4445345456741368,0.7842853699686649,-0.4396418116066818
2024-09-12,0.9282130004007836,-0.4445345456741368,0.7816341287057099,-0.4415360771482696
2024-09-13,0.9282130004007836,-0.4445345456741368,0.7780187997107715,-0.44411916652316186
2024-09-18,0.9282130004007836,-0.4445345456741368,0.7804290190407305,-0.4423971069399003
2024-09-19,0.9282130004007836,-0.4445345456741368,0.7869366112316198,-0.43774754606509403
2024-09-20,0.9282130004007836,-0.4445345456741368,0.7891058086285829,-0.4361976924401586
2024-09-23,0.9282130004007836,-0.4445345456741368,0.791275006025546,-0.4346478388152233
2024-09-24,0.9282130004007836,-0.4445345456741368,0.8259821643769559,-0.40985018081625646
2024-09-25,0.9282130004007836,-0.4445345456741368,0.8373101952277633,-0.4017565007749271
2024-09-26,0.9282130004007836,-0.4445345456741368,0.877319836105083,-0.3731703116927848
2024-09-27,0.9282130004007836,-0.4445345456741368,0.9325138587611446,-0.33373514723609465
2024-09-30,0.9282130004007836,-0.4445345456741368,1.0202458423716527,-0.2710521784053732
2024-10-08,1.0210798233933092,-0.3889607581888616,1.0633887683779193,-0.2402273118649908
2024-10-09,0.9509744766244418,-0.4309135193297067,0.9693902145095177,-0.3073876356121924
2024-10-10,0.9477878699531296,-0.4328204630179268,0.9848156182212553,-0.2963664542793183
2024-10-11,0.8995335403589741,-0.4616970388681188,0.9585442275247019,-0.31513690373686964
2024-10-14,0.9150113441910616,-0.4524347409539064,0.9737286093034437,-0.30428792836232166
2024-10-15,0.890884179393984,-0.4668730288790024,0.9474572186068904,-0.3230583778198729
2024-10-16,0.8717645393661111,-0.4783146910083237,0.9414316702819928,-0.3273635267780268
2024-10-17,0.8599285717298089,-0.4853976247074274,0.931067727163169,-0.3347683829860517
2024-10-18,0.904996294652652,-0.4584279925454556,0.9679440829115421,-0.30842087136214946
2024-10-21,0.9222950165826322,-0.4480760125236888,0.9679440829115421,-0.30842087136214946
2024-10-22,0.9405041975615588,-0.4371791914481446,0.9737286093034437,-0.30428792836232166
2024-10-23,0.9710045757012612,-0.4189270161466081,0.9773439382983822,-0.3017048389874293
2024-10-24,0.943235574708398,-0.4355446682868129,0.9667389732465625,-0.3092819011537803
2024-10-25,1.000594494792017,-0.4012196818988489,0.9737286093034436,-0.30428792836232177
2024-10-28,0.997863117645178,-0.4028542050601804,0.9751747409014191,-0.3032546926123647
2024-10-29,0.9751016414215194,-0.4164752314046107,0.9672210171125541,-0.30893748923712805
2024-10-30,0.96508659188311,-0.4224684829961599,0.9570980959267263,-0.3161701394868267
2024-10-31,0.9851166909599294,-0.4104819798130612,0.9570980959267263,-0.3161701394868267
2024-11-01,0.9741911823725734,-0.4170200724583878,0.9590262713906935,-0.3147924918202174
2024-11-04,0.981474854764144,-0.41266134402817,0.9718004338394762,-0.3056655760289311
2024-11-05,1.0092438557570071,-0.3960436918879653,0.9971077368040457,-0.28758395040468465
2024-11-06,1.008788626232534,-0.3963161124148537,0.9908411665461523,-0.2920613053211648
2024-11-07,1.0160722986241049,-0.391957383984636,1.023861171366591,-0.26846908903048095
2024-11-08,1.0151618395751585,-0.3925022250384132,1.0108459869848123,-0.2777682107800935
2024-11-11,1.049759283435119,-0.3717982649948793,1.0159074475777263,-0.2741518856552442
2024-11-12,1.0465726767638068,-0.3737052086830996,1.0048204386599149,-0.28207335973824743
2024-11-13,1.0552220377287969,-0.3685292186722162,1.0110870089178083,-0.2775960048217673
2024-11-14,1.0219902824422558,-0.3884159171350843,0.9939744516750992,-0.28982262786292456
2024-11-15,0.986937609057822,-0.4093922977055069,0.9773439382983821,-0.3017048389874294
2024-11-18,0.973280723323627,-0.4175649135121649,0.9732465654374518,-0.304632340278974
2024-11-19,1.008788626232534,-0.3963161124148537,0.9780670040973698,-0.3011882211124509
2024-11-20,1.006057249085695,-0.3979506355761855,0.9804772234273288,-0.29946616152918937
2024-11-21,1.005602019561222,-0.398223056103074,0.9816823330923083,-0.29860513173755854
2024-11-22,0.9696388871278416,-0.4197442777272737,0.9527597011328,-0.31926984673669756
2024-11-25,0.9796539366662514,-0.4137510261357244,0.9474572186068901,-0.3230583778198731
2024-11-26,0.9614447556873248,-0.4246478472112687,0.9455290431429229,-0.3244360254864824
2024-11-27,0.9801091661907244,-0.413478605608836,0.9609544468546606,-0.3134148441536083
2024-11-28,0.9719150347502074,-0.4183821750928309,0.9539648107977795,-0.31840881694506684
2024-11-29,0.9832957728620368,-0.4115716619206157,0.9643287539166034,-0.31100396073704184
2024-12-02,0.9905794452536072,-0.407212933490398,0.9715594119064803,-0.3058377819872573
2024-12-03,0.9896689862046608,-0.4077577745441753,0.9725234996384641,-0.3051489581539525
2024-12-04,0.9691836576033686,-0.4200166982541624,0.9674620390455502,-0.3087652832788018
2024-12-05,0.9687284280788954,-0.420289118781051,0.9657748855145788,-0.309970724987085
2024-12-06,0.9787434776173048,-0.4142958671895018,0.9778259821643741,-0.3013604270707769
2024-12-09,0.9714598052257342,-0.4186545956197195,0.9771029163653864,-0.3018770449457554
2024-12-10,0.970549346176788,-0.4191994366734966,0.9845745962882592,-0.29653866023764464
2024-12-11,0.9659970509320562,-0.4219236419423827,0.9821643769583003,-0.2982607198209062
2024-12-12,0.9741911823725732,-0.4170200724583879,0.9922872981441281,-0.2910280695712075
2024-12-13,0.9514297061489148,-0.4306410988028182,0.9689081706435255,-0.307732047528845
2024-12-16,0.9354966727923542,-0.4401758172439192,0.9631236442516239,-0.31186499052867267
2024-12-17,0.9341309842189346,-0.440993078824585,0.9657748855145787,-0.3099707249870851
2024-12-18,0.9313996070720956,-0.4426276019859166,0.9698722583755089,-0.3070432236955404
2024-12-19,0.9254816232539445,-0.4461690688354685,0.9713183899734844,-0.30600998794558343
2024-12-20,0.921384557533686,-0.4486208535774658,0.9684261267775335,-0.30807645944549744
2024-12-23,0.918653180386847,-0.4502553767387975,0.9693902145095171,-0.30738763561219273
2024-12-24,0.931854836596569,-0.4423551814590279,0.9807182453603244,-0.29929395557086347
2024-12-25,0.9227502461071057,-0.4478035919968001,0.981441311159312,-0.298777337695885
2024-12-26,0.918197950862374,-0.4505277972656861,0.981682333092308,-0.29860513173755876
2024-12-27,0.9168322622889544,-0.451345058846352,0.9802362014943325,-0.2996383674875157
2024-12-30,0.918653180386847,-0.4502553767387975,0.9848156182212547,-0.29636645427931874
2024-12-31,0.9004439994079205,-0.4611521978143417,0.969390214509517,-0.30738763561219284
2025-01-02,0.9004439994079205,-0.4611521978143417,0.94215473608098,-0.3268469089030488
2025-01-03,0.9004439994079205,-0.4611521978143417,0.932513858761144,-0.333735147236095
2025-01-06,0.9004439994079205,-0.4611521978143417,0.9286575078332096,-0.3364904425693136
2025-01-07,0.9004439994079205,-0.4611521978143417,0.9351651000240989,-0.3318408816945073
2025-01-08,0.9004439994079205,-0.4611521978143417,0.9337189684261236,-0.33287411744446416
2025-01-09,0.9004439994079205,-0.4611521978143417,0.9317907929621564,-0.33425176511107346
2025-01-10,0.9004439994079205,-0.4611521978143417,0.9214268498433326,-0.34165662131909824
2025-01-13,0.9004439994079205,-0.4611521978143417,0.917811520848394,-0.3442397106939906
2025-01-14,0.9004439994079205,-0.4611521978143417,0.9414316702819925,-0.32736352677802705
2025-01-15,0.9004439994079205,-0.4611521978143417,0.9358881658230866,-0.33132426381952884
2025-01-16,0.9004439994079205,-0.4611521978143417,0.9363702096890785,-0.3309798519028765
2025-01-17,0.9004439994079205,-0.4611521978143417,0.9395034948180253,-0.32874117444463635
2025-01-20,0.9004439994079205,-0.4611521978143417,0.9440829115449474,-0.3254692612364394
2025-01-21,0.9004439994079205,-0.4611521978143417,0.945288021209927,-0.32460823144480844
2025-01-22,0.9004439994079205,-0.4611521978143417,0.9366112316220745,-0.33080764594455025
2025-01-23,0.9004439994079205,-0.4611521978143417,0.9392624728850294,-0.3289133804029625
2025-01-24,0.9004439994079205,-0.4611521978143417,0.9469751747408983,-0.32340278973652536
2025-01-27,0.9004439994079205,-0.4611521978143417,0.9416726922149885,-0.3271913208197008
2025-02-05,0.9254315434945628,-0.4461990377933321,0.9368522535550705,-0.330635439986224
2025-02-06,0.952203912158822,-0.4301777949136792,0.947698240539886,-0.3228861718615469
2025-02-07,0.9602356227581,-0.4253714220497833,0.9611954687876566,-0.313242638195282
2025-02-10,0.9762990439566556,-0.4157586763219916,0.9621595565196401,-0.3125538143619775
2025-02-11,0.9638052719133344,-0.4232352563324962,0.9583032055917057,-0.315309109695196
2025-02-12,0.9807611054006988,-0.4130884691753828,0.96746203904555,-0.30876528327880204
2025-02-13,0.957558385891674,-0.4269735463377486,0.9650518197155908,-0.3104873428620636
2025-02-14,0.9620204473357172,-0.4243033391911398,0.972282477705468,-0.30532116411227883
2025-02-17,0.9754066316678468,-0.4162927177513134,0.9739696312364395,-0.30411572240399554
2025-02-18,0.9513114998700136,-0.4307118363430009,0.9669799951795582,-0.3091096951954543
2025-02-19,0.9745142193790384,-0.4168267591806351,0.9720414557724723,-0.30549337007060484
2025-02-20,0.9736218070902296,-0.4173608006099569,0.9691491925765213,-0.30755984157051885
2025-02-21,1.0325210181516,-0.3821140662747205,0.9821643769583001,-0.2982607198209063
2025-02-24,1.0360906673068346,-0.3799779005574335,0.9790310918293533,-0.3004993972791463
2025-02-25,1.0369830795956432,-0.3794438591281118,0.9691491925765212,-0.30755984157051897
2025-02-26,1.0584009745270508,-0.3666268648243893,0.9771029163653859,-0.30187704494575573
2025-02-27,1.0575085622382423,-0.367160906253711,0.9802362014943327,-0.2996383674875157
2025-02-28,1.0111031232201928,-0.3949310605784427,0.9626416003856318,-0.31220940244532525
2025-03-03,0.998609351176872,-0.4024076405889474,0.959508315256685,-0.3144480799035654
2025-03-04,1.016457596953045,-0.391726812002512,0.9585442275247014,-0.31513690373687
2025-03-05,1.0191348338194708,-0.3901246877145468,0.9626416003856317,-0.31220940244532525
2025-03-06,1.053938913083008,-0.3692970719709978,0.9758978067004065,-0.30273807473738645
2025-03-07,1.041445141039687,-0.3767736519815026,0.9734875873704473,-0.3044601343206482
2025-03-10,1.0378754918844524,-0.3789098176987897,0.9696312364425129,-0.3072154296538667
2025-03-11,1.033413430440409,-0.3815800248453986,0.9725234996384639,-0.3051489581539527
2025-03-12,1.0262741321299398,-0.3858523562799727,0.9701132803085049,-0.30687101773721426
2025-03-13,1.0048562371985323,-0.398669350583695,0.9652928416485868,-0.31031513690373747
2025-03-14,1.0227044829747054,-0.3879885219972597,0.9896360568811728,-0.29292233511279553
2025-03-17,1.0173500092418537,-0.3911927705731903,0.9867437936852221,-0.2949888066127093
2025-03-18,1.0227044829747054,-0.3879885219972597,0.9889129910821851,-0.293438952987774
2025-03-19,1.009318298642576,-0.395999143437086,0.9903591226801605,-0.29240571723781705
2025-03-20,0.9986093511768722,-0.4024076405889472,0.9824053988912956,-0.2980885138625804
2025-03-21,0.9771914562454648,-0.4152246348926695,0.9664979513135662,-0.30945410711210675
2025-03-24,0.9825459299783166,-0.412020386316739,0.9705953241744967,-0.3065266058205619
2025-03-25,0.9664825087797608,-0.4216331320445307,0.9710773680404885,-0.30618219390390966
2025-03-26,0.9646976842021436,-0.4227012149031742,0.967221017112554,-0.30893748923712816
2025-03-27,0.9745142193790388,-0.4168267591806348,0.9705953241744968,-0.3065266058205619
2025-03-28,0.9646976842021436,-0.4227012149031742,0.9660159074475746,-0.3097985190287589
2025-03-31,0.9584507981804832,-0.4264395049084265,0.9602313810556729,-0.3139314620285868
2025-04-01,0.9584507981804832,-0.4264395049084265,0.9597493371896811,-0.31427587394523904
2025-04-02,0.9584507981804832,-0.4264395049084265,0.9590262713906934,-0.3147924918202175
2025-04-03,0.9584507981804832,-0.4264395049084265,0.9542058327307753,-0.3182366109867407
2025-04-07,0.9584507981804832,-0.4264395049084265,0.8905760424198571,-0.36369898398484646
2025-04-08,0.9584507981804832,-0.4264395049084265,0.8990118100747136,-0.357671775443431
2025-04-09,0.9584507981804832,-0.4264395049084265,0.9076885996625662,-0.3514723609436893
2025-04-10,0.9584507981804832,-0.4264395049084265,0.922872981441308,-0.3406233855691413
2025-04-11,0.9584507981804832,-0.4264395049084265,0.9255242227042628,-0.3387291200275536
2025-04-14,0.9584507981804832,-0.4264395049084265,0.9274523981682301,-0.3373514723609443
2025-04-15,0.9584507981804832,-0.4264395049084265,0.9281754639672178,-0.33683485448596584
2025-04-16,0.9584507981804832,-0.4264395049084265,0.9303446613641809,-0.3352850008610304
2025-04-17,0.9584507981804832,-0.4264395049084265,0.9310677271631688,-0.3347683829860518
2025-04-18,0.9584507981804832,-0.4264395049084265,0.9334779464931279,-0.33304632340279017
2025-04-21,0.9584507981804832,-0.4264395049084265,0.9339599903591197,-0.3327019114861379
2025-04-22,0.9584507981804832,-0.4264395049084265,0.9346830561581074,-0.33218529361115934
2025-04-23,0.9584507981804832,-0.4264395049084265,0.9356471438900911,-0.33149646977785474
2025-04-24,0.9584507981804832,-0.4264395049084265,0.9356471438900911,-0.33149646977785474
2025-04-25,0.9584507981804832,-0.4264395049084265,0.9356471438900911,-0.33149646977785474
2025-04-28,0.9584507981804832,-0.4264395049084265,0.9342010122921156,-0.3325297055278117
2025-04-29,0.9584507981804832,-0.4264395049084265,0.9325138587611443,-0.33373514723609476
2025-04-30,0.9584507981804832,-0.4264395049084265,0.9317907929621566,-0.33425176511107324
2025-05-06,0.9607970669642786,-0.4250354400489613,0.9407086044830049,-0.3278801446530055
2025-05-07,0.9619702013561764,-0.4243334076192286,0.9464931308749065,-0.3237472016531777
2025-05-08,0.964316470139972,-0.4229293427597634,0.9520366353338122,-0.31978646461167615
2025-05-09,0.9654896045318696,-0.4222273103300307,0.9508315256688326,-0.320647494403307
2025-05-12,0.9654896045318696,-0.4222273103300307,0.9616775126536481,-0.31289822627862995
2025-05-13,0.9654896045318696,-0.4222273103300307,0.9626416003856317,-0.31220940244532525
2025-05-14,0.9772209484508476,-0.4152069860327042,0.9749337189684226,-0.3034268985706913
2025-05-15,0.974874679667052,-0.4166110508921695,0.966738973246562,-0.3092819011537806
2025-05-16,0.9654896045318696,-0.4222273103300308,0.9614364907206521,-0.3130704322369562
2025-05-19,0.9596239325723808,-0.4257374724786941,0.9599903591226767,-0.31410366798691314
2025-05-20,0.9666627389237672,-0.4215252779002982,0.9648107977825948,-0.31065954882038993
2025-05-21,0.9690090077075628,-0.4201212130408328,0.9686671487105293,-0.3079042534871713
2025-05-22,0.9643164701399718,-0.4229293427597634,0.9681851048445376,-0.30824866540382356
2025-05-23,0.9596239325723808,-0.4257374724786941,0.9611954687876564,-0.3132426381952822
2025-05-26,0.9572776637885853,-0.4271415373381594,0.9561340081947425,-0.3168589633201315
2025-05-27,0.9572776637885853,-0.4271415373381594,0.9510725476018286,-0.32047528844498074
2025-05-28,0.9619702013561764,-0.4243334076192288,0.9501084598698449,-0.32116411227828545
2025-05-29,0.9619702013561764,-0.4243334076192288,0.9558929862617466,-0.31703116927845765
2025-05-30,0.9619702013561764,-0.4243334076192288,0.9542058327307752,-0.31823661098674083
2025-06-03,0.967128218521625,-0.4212467234777768,0.9537237888647833,-0.3185810229033932
2025-06-04,0.9774442528525222,-0.4150733551948732,0.9578211617257137,-0.31565352161184845
2025-06-05,0.9697072271043492,-0.419703381407051,0.9602313810556729,-0.3139314620285868
2025-06-06,0.9619702013561762,-0.4243334076192288,0.9607134249216647,-0.31358705011193444
2025-06-09,0.9748652442697978,-0.4166166972655991,0.9628826223186276,-0.3120371964869991
2025-06-10,0.977444252852522,-0.4150733551948733,0.9573391178597218,-0.3159979335285008
2025-06-11,0.9748652442697976,-0.4166166972655992,0.9650518197155905,-0.3104873428620639
2025-06-12,0.9877602871834192,-0.4088999869119696,0.9655338635815826,-0.31014293094541134
2025-06-13,0.9722862356870734,-0.4181600393363252,0.959267293323689,-0.3146202858618916
2025-06-16,0.9645492099389004,-0.4227900655485029,0.961677512653648,-0.31289822627863006
2025-06-17,0.94649614985983,-0.4335934600435844,0.961436490720652,-0.3130704322369563
2025-06-18,0.9413381326943816,-0.4366801441850362,0.9409496264160003,-0.3277079386946796
2025-06-19,0.9310220983634842,-0.4428535124679399,0.9334779464931274,-0.3330463234027905
2025-06-20,0.9361801155289328,-0.4397668283264881,0.9346830561581069,-0.3321852936111598
2025-06-23,0.9361801155289328,-0.4397668283264881,0.9378163412870535,-0.32994661615291976
2025-06-24,0.9413381326943816,-0.4366801441850362,0.948662328271869,-0.32219734802824274
2025-06-25,0.9516541670252788,-0.4305067759021325,0.9643287539166027,-0.3110039607370424
2025-06-26,0.9439171412771058,-0.4351368021143104,0.9607134249216641,-0.3135870501119349
2025-06-27,0.9413381326943816,-0.4366801441850362,0.9551699204627583,-0.31754778715343657
2025-06-30,0.9490751584425544,-0.4320501179728584,0.9597493371896805,-0.3142758739452395
2025-07-01,0.9440624375352876,-0.4350498532652553,0.9611954687876557,-0.31324263819528264
2025-07-02,0.9390497166280208,-0.4380495885576521,0.9621595565196392,-0.31255381436197804
2025-07-03,0.944897891019832,-0.434549897383189,0.967703060978545,-0.30859307732047647
2025-07-04,0.944897891019832,-0.434549897383189,0.9718004338394755,-0.30566557602893163
2025-07-07,0.9457333445043764,-0.4340499415011231,0.9674620390455493,-0.3087652832788025
2025-07-08,0.9574296932879997,-0.4270505591521969,0.9756567847674099,-0.30291028069571313
2025-07-09,0.9532524258652773,-0.4295503385625276,0.9749337189684222,-0.3034268985706916
2025-07-10,0.9649487746489,-0.4225509562136017,0.9797541576283404,-0.2999827794041683
2025-07-11,0.9866705652470572,-0.4095521032798818,0.9831284646902827,-0.29757189598760236
2025-07-14,0.9774805769170676,-0.4150516179826095,0.9828874427572869,-0.2977441019459285
2025-07-15,0.9724678560098006,-0.4180513532750064,0.9828874427572869,-0.2977441019459285
2025-07-16,0.9691260420716226,-0.420051176803271,0.9807182453603237,-0.2992939555708639
2025-07-17,0.9741387629788896,-0.417051441510874,0.9886719691491885,-0.2936111589461007
2025-07-18,0.9783160304016124,-0.4145516621005432,0.9959026271390654,-0.28844498019631604
2025-07-21,0.9916832861543244,-0.4065523679874848,1.001928175463963,-0.284139831238162
2025-07-22,0.9933541931234134,-0.4055524562233525,1.0125331405157827,-0.2765627690718111
2025-07-23,1.0017087279688586,-0.400552897402691,1.0120510966497909,-0.27690718098846345
2025-07-24,1.029278692958827,-0.3840543532945083,1.018317666907684,-0.2724298260719835
2025-07-25,1.0251014255361044,-0.386554132704839,1.0130151843817745,-0.27621835715515874
2025-07-28,1.0342914138660937,-0.3810546180021116,1.0156664256447294,-0.2743240916135711
2025-07-29,1.0384686812888164,-0.3785548385917807,1.0207278862376434,-0.27070776648872164
2025-07-30,1.0234305185670154,-0.3875540444689713,1.0200048204386558,-0.2712243843637001
2025-07-31,1.0008732744843136,-0.4010528532847575,1.0014461315979715,-0.28448424315481413
2025-08-01,1.0017432208332786,-0.4005322560255525,0.9961436490720615,-0.2882727742379897
2025-08-04,1.0060929525781042,-0.3979292697295279,1.0007230657989838,-0.2850008610297926
2025-08-05,1.0091377647994817,-0.3961071793223109,1.0081947457218565,-0.27966247632168184
2025-08-06,1.0160973355912022,-0.3919424012486717,1.0108459869848117,-0.27776821078009406
2025-08-07,1.0091377647994817,-0.3961071793223109,1.0106049650518156,-0.2779404167384203
2025-08-08,1.0056579794036211,-0.3981895683591305,1.0081947457218567,-0.27966247632168173
2025-08-11,1.0252317722553357,-0.3864761300270201,1.012774162448779,-0.27639056311348464
2025-08-12,1.0374110211408465,-0.3791877683981515,1.0190407327066724,-0.2719132081970046
2025-08-13,1.0756886604953098,-0.3562814889931356,1.027476500361529,-0.2658859996555891
2025-08-14,1.0639443847842815,-0.3633095519924016,1.0257893468305577,-0.2670914413638722
2025-08-15,1.0913476947766811,-0.3469107383274472,1.0351892022173976,-0.2603754089891521
2025-08-18,1.1231007365139063,-0.3279089383664682,1.0429019040732666,-0.254864818322715
2025-08-19,1.1200559242925288,-0.3297310287736852,1.0375994215473565,-0.2586533494058907
2025-08-20,1.1257105755608017,-0.3263471465888534,1.0518197155941147,-0.2484931978646473
2025-08-21,1.1187510047690812,-0.3305119246624926,1.0551940226560572,-0.24608231444808126
2025-08-22,1.1578985904725092,-0.3070850479982719,1.0795372378886432,-0.22868951265713933
2025-08-25,1.1905215785586996,-0.2875626507780879,1.1002651241262908,-0.21387980024108966
2025-08-26,1.1813871418945665,-0.2930289219997394,1.0944805977343892,-0.21801274324091746
2025-08-27,1.1726876784049156,-0.2982348945917884,1.0785731501566596,-0.22937833649044403
2025-08-28,1.2205347275979943,-0.2696020453355187,1.0988189925283154,-0.21491303599104672
2025-08-29,1.2461981448924642,-0.254244426188974,1.1089419137141432,-0.20768038574134806
2025-09-01,1.2731664817103814,-0.2381059111536219,1.1125572427090815,-0.2050972963664559
2025-09-02,1.238803600926261,-0.2586695028922157,1.106290672451188,-0.20957465128293595
2025-09-03,1.248373010764877,-0.2529429330409617,1.0964087731983563,-0.21663509557430827
2025-09-04,1.196611203001455,-0.2839184699636535,1.0739937334297374,-0.232650249698641
2025-09-05,1.2805610256765845,-0.2336808344503802,1.0976138828633357,-0.21577406578267755
2025-09-08,1.2649019913952133,-0.2430515851160685,1.0978549047963315,-0.21560185982435143
2025-09-09,1.2374986814028135,-0.2594503987810228,1.091347312605442,-0.22025142069915782
2025-09-10,1.2505478766372895,-0.2516414398929493,1.0937575319354014,-0.21852936111589605
2025-09-11,1.31579385280967,-0.2125966454525815,1.1231622077609014,-0.19752023420010478
2025-09-12,1.302744657575194,-0.220405604340655,1.1137623523740612,-0.20423626657482497
2025-09-15,1.3210135309034603,-0.209473061897352,1.115690527838028,-0.202858618908216
2025-09-16,1.3305829407420764,-0.203746492046098,1.1135213304410652,-0.2044084725331512
2025-09-17,1.3566813312110286,-0.1881285742699507,1.1214750542299299,-0.19872567590838797
2025-09-18,1.3340627261379367,-0.2016641030092784,1.107254760183172,-0.20888582744963113
2025-09-19,1.331887860265524,-0.2029655961572907,1.1096649795131308,-0.2071637678663697
2025-09-22,1.3405873237551749,-0.1977596235652415,1.1132803085080691,-0.20458067849147743
2025-09-23,1.3453720286744828,-0.1948963386396145,1.114003374307057,-0.20406406061649884
2025-09-24,1.3745152313648126,-0.1774563304562503,1.123885273559889,-0.19700361632512642
2025-09-25,1.3966988632634216,-0.1641811003465253,1.131597975415758,-0.1914930256586893
2025-09-26,1.3610310629558535,-0.1855255879739265,1.120993010363938,-0.19907008782504032
2025-09-29,1.3975688096123866,-0.1636605030873205,1.1395516992046224,-0.1858102290339263
2025-09-30,1.3993087023103166,-0.1626193085689108,1.1426849843335691,-0.18357155157568616
2025-10-09,1.442090114865027,-0.137017860678024,1.1607616293082617,-0.1706561047012244
2025-10-10,1.361874966324945,-0.1850205754734367,1.1373825018076593,-0.18736008265886162
2025-10-13,1.3779179960329613,-0.1754200325143543,1.13087490961677,-0.1920096435336679
2025-10-14,1.3199848331984578,-0.2100886598665967,1.1195468787659626,-0.20010332357499738
2025-10-15,1.3378104217629203,-0.1994213899120607,1.1342492166787128,-0.18959876011710153
2025-10-16,1.3253325097677966,-0.2068884788802359,1.1378645456736514,-0.18701567074220915
2025-10-17,1.2772034206437477,-0.2356901077574835,1.1144854181730488,-0.2037196486998465
2025-10-20,1.28076853835664,-0.2335566537665763,1.1183417691009834,-0.20096435336662788
2025-10-21,1.3164197154855657,-0.2122221138575039,1.1352133044106967,-0.1889099362837967
2025-10-22,1.3155284360573425,-0.2127554773552308,1.1315979754157584,-0.19149302565868898
2025-10-23,1.3128545977726729,-0.2143555678484111,1.1359363702096845,-0.18839331840881812
2025-10-24,1.368113922322507,-0.181287030989349,1.1496746203904507,-0.1785775787842273
2025-10-27,1.3886133491716393,-0.1690196705416323,1.1631718486382212,-0.1689340451179625
2025-10-28,1.3770267166047383,-0.175953396012081,1.1573873222463196,-0.1730669881177903
2025-10-29,1.394852305169201,-0.1652861260575447,1.171848638226074,-0.16273463061822058
2025-10-30,1.368113922322507,-0.181287030989349,1.1624487828392338,-0.16945066299294076
2025-10-31,1.3262237891960198,-0.206355115382509,1.1463003133285083,-0.18098846220079334
2025-11-03,1.3425353902930668,-0.1965938527087033,1.1479874668594796,-0.17978302049251027
2025-11-04,1.3035687876723432,-0.2199124246516839,1.139792721137619,-0.1856380230755995
2025-11-05,1.3497849907806434,-0.1922555137425673,1.1412388527355946,-0.18460478732564256
2025-11-06,1.3715337922433728,-0.1792404968441595,1.1581103880453074,-0.17255037024281172
2025-11-07,1.3969073939498904,-0.1640563104626837,1.1557001687153485,-0.17427242982607316
2025-11-10,1.3878453933404198,-0.1694792341703537,1.1585924319112995,-0.17220595832615915
2025-11-11,1.3769709926090552,-0.1759867426195575,1.1479874668594796,-0.17978302049251027
2025-11-12,1.3416291902321198,-0.1971361450794702,1.1484695107254712,-0.17943860857585814
2025-11-13,1.404156994437467,-0.1597179714965477,1.1597975415762787,-0.17134492853452865
2025-11-14,1.3824081929747376,-0.1727329883949555,1.1426849843335696,-0.18357155157568583
2025-11-17,1.3882984933708935,-0.1692080879849701,1.1352133044106967,-0.1889099362837967
2025-11-18,1.346613290567329,-0.1941535370402516,1.1287057122198074,-0.19355949715860288
2025-11-19,1.3538628910549055,-0.1898151980741156,1.1320800192817502,-0.19114861374203662
2025-11-20,1.3325671896226496,-0.2025590687871399,1.1270185586888362,-0.19476493886688595
2025-11-21,1.2505560841069407,-0.2516365283415526,1.1000241021932953,-0.21405200619941556
2025-11-24,1.236963083192735,-0.2597709139030574,1.098336948662324,-0.21525744790769863
2025-11-25,1.2609773848078318,-0.2454001660777323,1.1079778259821602,-0.20836920957465221
2025-11-26,1.263695984990673,-0.2437732889654312,1.1149674620390415,-0.20337523678319358
2025-11-27,1.261883584868779,-0.2448578737069652,1.1140033743070579,-0.2040640606164983
2025-11-28,1.2818199862096142,-0.2329274415500914,1.1171366594360046,-0.20182538315825815
2025-12-01,1.284085486361982,-0.2315717106231739,1.1296697999517917,-0.19287067332529784
2025-12-02,1.267773885264935,-0.2413329732969797,1.124608339358878,-0.19648699845014705
2025-12-03,1.2519153841983612,-0.2508230897854022,1.1195468787659637,-0.2001033235749965
2025-12-04,1.2532746842897815,-0.2500096512292518,1.1224391419619146,-0.1980368520750826
2025-12-05,1.265508385112567,-0.2426887042238974,1.1323210412147466,-0.19097640778371006
2025-12-08,1.288616486666717,-0.2288602487693392,1.1405157869366072,-0.18512140520062081
2025-12-09,1.282726186270561,-0.2323851491793246,1.1347312605447055,-0.18925434820044862
2025-12-10,1.2745703857220376,-0.2372657805162275,1.13328512894673,-0.19028758395040557
2025-12-11,1.27230488556967,-0.238621511443145,1.1250903832248695,-0.1961425865334948
2025-12-12,1.2754765857829848,-0.2367234881454604,1.131356953482763,-0.19166523161701476
2025-12-15,1.253274684289782,-0.2500096512292517,1.1248493612918735,-0.19631479249182104
2025-12-16,1.2242762823394762,-0.2673630070937952,1.1135213304410663,-0.20440847253315042
2025-12-17,1.258258784624991,-0.247027043190033,1.1325620631477424,-0.19080420182538393
2025-12-18,1.233338282948947,-0.2619400833861253,1.1250903832248695,-0.1961425865334948
2025-12-19,1.2433064836193648,-0.2559748673076882,1.1299108218847875,-0.19269846736697172
2025-12-22,1.2618835848687795,-0.2448578737069648,1.1400337430706156,-0.18546581711727295
2025-12-23,1.282726186270562,-0.232385149179324,1.1424439624005747,-0.1837437575340113
2025-12-24,1.2936005870019267,-0.2258776407301201,1.146541335261505,-0.18081625624246667
2025-12-25,1.296319187184768,-0.2242507636178191,1.1487105326584683,-0.17926640261753102
2025-12-26,1.326223789196021,-0.2063551153825084,1.1530489274523945,-0.17616669536766028
2025-12-29,1.3053811877942385,-0.2188278399101492,1.1479874668594807,-0.1797830204925095
2025-12-30,1.3085528880075532,-0.2169298166124648,1.1503976861894398,-0.17806096090924783
2025-12-31,1.295412987123821,-0.2247930559885861,1.1455772475295218,-0.18150508007577093
2026-01-05,1.2941920512264375,-0.225523694013102,1.167510243432149,-0.16583433786809054
2026-01-06,1.3096572392599608,-0.2162689457025669,1.1855868884068412,-0.152918890993629
2026-01-07,1.3153549401144171,-0.212859301588159,1.181248493612915,-0.15601859824349973
2026-01-08,1.3108781751573444,-0.2155383076780508,1.172089660159071,-0.16256242465989368
2026-01-09,1.3161688973793393,-0.2123722095718151,1.1773921426849805,-0.15877389357671834
2026-01-12,1.3149479614819557,-0.2131028475963311,1.1841407568088658,-0.15395212674358594
2026-01-13,1.3141340042170335,-0.213589939612675,1.1800433839479354,-0.15687962803513067
2026-01-14,1.301924645243199,-0.2208963198578345,1.1728127259580583,-0.16204580678491542
2026-01-15,1.2974478802861265,-0.2235753259477263,1.1749819233550214,-0.16049595315998
2026-01-16,1.2872734144745976,-0.2296639761520259,1.171125572427087,-0.1632512484931985
2026-01-19,1.293785072593976,-0.2257672400212743,1.141961918534583,-0.18408816945066353
2026-01-20,1.3092502606274994,-0.216512491710739,1.1385876114726403,-0.1864990528672298
2026-01-21,1.2441336794337163,-0.2554798530182559,1.1400337430706158,-0.18546581711727284
2026-01-22,1.2522732520829392,-0.2506089328548163,1.139310677271628,-0.18598243499225142
2026-01-23,1.24901742302325,-0.2525573009201921,1.133767172812722,-0.1899431720337531
2026-01-26,1.2640756324243123,-0.2435460986178288,1.1356953482766894,-0.1885655243671438
2026-01-27,1.253901166612784,-0.2496347488221283,1.1352133044106976,-0.18890993628379615
2026-01-28,1.2746570768683023,-0.2372139024053572,1.138828633405636,-0.1863268469089039
2026-01-29,1.2884943503719812,-0.2289333381275099,1.1491925765244597,-0.178921990700879
2026-01-30,1.2795408204578362,-0.2342913503072934,1.1354543263436934,-0.18873773032547003
2026-02-02,1.2202635146759626,-0.2697643458084602,1.108700891781148,-0.20785259169967374
2026-02-03,1.2683220976244385,-0.2410049095581535,1.1241262954928857,-0.19683141036679963
2026-02-04,1.271657393601935,-0.2390089865376274,1.1344902386117095,-0.18942655415877485
2026-02-05,1.2457330475950288,-0.2545227518335341,1.1277416244878244,-0.19424832099190714
2026-02-06,1.2451266301445747,-0.2548856469281753,1.1205109664979473,-0.1994144997416919
2026-02-09,1.2727186241402295,-0.2383739201220055,1.1393106772716277,-0.18598243499225153
2026-02-10,1.269989745613187,-0.2400069480478903,1.140756808869603,-0.1849491992422947
2026-02-11,1.2751442939420454,-0.2369223397434411,1.1383465895396438,-0.18667125882555635
2026-02-12,1.2907595432912349,-0.2275777910564329,1.1393106772716275,-0.18598243499225176
2026-02-13,1.269383328162733,-0.2403698431425315,1.125813449023857,-0.19562596865851656
2026-02-24,1.283937346973628,-0.2316603608711451,1.1366594360086726,-0.18787670053383942
2026-02-25,1.304100727201222,-0.2195940989743287,1.1448541817305333,-0.18202169795074996
2026-02-26,1.3083456493543997,-0.2170538333118411,1.141238852735595,-0.18460478732564223
2026-02-27,1.3245673161540426,-0.2073463895301919,1.138828633405636,-0.1863268469089039
2026-03-02,1.323960898703589,-0.2077092846248329,1.1422029404675786,-0.18391596349233752
2026-03-03,1.26968653688796,-0.2401883955952108,1.1275006025548286,-0.19442052695023315
2026-03-04,1.2608934838563777,-0.2454503744675067,1.1111111111111074,-0.20613053211641186
2026-03-05,1.269080119437506,-0.240551290689852,1.121716076162927,-0.19855346995006096
2026-03-06,1.2766603375681802,-0.2360151020068384,1.1248493612918737,-0.19631479249182093
2026-03-09,1.2668060539983037,-0.2419121472947561,1.1156905278380294,-0.202858618908215
2026-03-10,1.2857565993249895,-0.230571675587222,1.128705712219808,-0.19355949715860243
2026-03-11,1.2837857426110142,-0.2317510846448055,1.1354543263436934,-0.18873773032547003
2026-03-12,1.2774183593812476,-0.2355614831385371,1.131356953482763,-0.19166523161701476
2026-03-13,1.2599838576806963,-0.2459947171094685,1.1272595806218326,-0.1945927329085595
2026-03-16,1.2521004308247952,-0.2507123533398027,1.1279826464208205,-0.1940761150335809
2026-03-17,1.224660041191754,-0.2671333563723121,1.1197879006989597,-0.19993111761667026
2026-03-18,1.2364851814756062,-0.2600569020268107,1.1236442516268943,-0.19717582228345165
2026-03-19,1.2044966609641603,-0.2791996182691284,1.1084598698481525,-0.20802479765799964
2026-03-20,1.1843332807365663,-0.2912658801659448,1.1029163653892466,-0.21198553469950132
2026-03-23,1.13885197195252,-0.3184830122640268,1.067727163171845,-0.2371276046151204
2026-03-24,1.1600765827184083,-0.3057816839515885,1.0795372378886443,-0.22868951265713855
2026-03-25,1.1864557418131552,-0.289995747334701,1.0952036635333777,-0.21749612536593843
2026-03-26,1.1673535921238558,-0.3014269428158953,1.0817064352856074,-0.22713965903220312
2026-03-27,1.1829688414730448,-0.2920823941288873,1.0865268739455254,-0.22369553986568003
2026-03-30,1.1852429069122472,-0.2907215375239832,1.084598698481558,-0.22507318753228933
2026-03-31,1.1647763179594264,-0.3029692469681201,1.0756808869607097,-0.23144480799035716
2026-04-01,1.1605040473700454,-0.3055258786064497,1.0927934442034188,-0.21921818494919987
2026-04-02,1.137200753246149,-0.3194711420882479,1.0819474572186034,-0.2269674530738769
2026-04-03,1.109236800297473,-0.3362054582664058,1.0735116895637469,-0.23299466161529236
2026-04-07,1.1127322944160578,-0.3341136687441358,1.0715835140997796,-0.23437230928190167
2026-04-08,1.155843388545266,-0.3083149313028093,1.1091829356471403,-0.20750817978302105
2026-04-09,1.1469104591311057,-0.3136606156374987,1.1019522776572632,-0.2126743585328058
2026-04-10,1.1849725062001368,-0.2908833519505616,1.1188238129669765,-0.20061994144997464
2026-04-13,1.210606129736423,-0.2755435621205835,1.1212340322969354,-0.1988978818667132
2026-04-14,1.2300255415063368,-0.263922509219085,1.1356953482766894,-0.1885655243671438
2026-04-15,1.20905257679483,-0.2764732463527034,1.1313569534827632,-0.19166523161701454
2026-04-16,1.2385700826850987,-0.2588092459424257,1.1438900939985504,-0.18271052178405423
2026-04-17,1.24051202386209,-0.257647140652276,1.1422029404675789,-0.1839159634923374
2026-04-20,1.243230741509878,-0.256020193246066,1.148469510725472,-0.17943860857585747
2026-04-21,1.2583778826904106,-0.2469557719828973,1.151120751988427,-0.1775443430342697
2026-04-22,1.2603198238674018,-0.2457936666927476,1.1595565196432835,-0.17151713449285422
2026-04-23,1.2416771885682845,-0.2569498774781862,1.1571463003133247,-0.17323919407611565
2026-04-24,1.256824329748817,-0.2478854562150174,1.1525668835864025,-0.17651110728431274
2026-04-27,1.2521636709240378,-0.2506745089113771,1.1525668835864025,-0.17651110728431274
2026-04-28,1.231579094447929,-0.2629928249869656,1.1496746203904515,-0.17857757878422675
2026-04-29,1.2812927885789085,-0.2332429295591294,1.1619667389732427,-0.16979507490959256
2026-04-30,1.2762437415187309,-0.236264403313519,1.1626898047722303,-0.1692784570346142
2026-05-06,1.309801790563815,-0.2161824426524758,1.178115208483968,-0.15825727570174009
2026-05-07,1.3302133874056707,-0.2039676418380267,1.1838997348758695,-0.1541243327019124
2026-05-08,1.3167209759339356,-0.2120418322068999,1.177633164617976,-0.15860168761839244
2026-05-11,1.3655012327932852,-0.1828505285655897,1.1969149192576483,-0.14482521095229983
2026-05-12,1.363079517913743,-0.1842997422215413,1.1961918534586604,-0.1453418288272783
2026-05-13,1.4004431189123938,-0.1619404458154312,1.2092070378404391,-0.13604270707766586
2026-05-14,1.3703446625523694,-0.1799521012536865,1.1908893709327504,-0.14913035991045398
2026-05-15,1.373458295968924,-0.1780888265531772,1.1757049891540086,-0.15997933528500197
2026-05-18,1.357198210349141,-0.1878192611002807,1.169438418896115,-0.16445669020148201
2026-05-19,1.356852251080635,-0.1880262916225594,1.1735357917570453,-0.1615291889099375
2026-05-20,1.3603118437656947,-0.1859559863997716,1.1740178356230373,-0.16118477699328504
2026-05-21,1.3305593466741763,-0.2037606113157481,1.1588334538442953,-0.17203375236783314
2026-05-22,1.3651552735247792,-0.1830575590878684,1.171848638226074,-0.16273463061822058
2026-05-25,1.3955996891533091,-0.1648388731273344,1.1899252832007667,-0.1498191837437587
2026-05-26,1.402864833791936,-0.1604912321594795,1.1983610508556235,-0.143791975202343
2026-05-27,1.403210793060442,-0.1602842016372008,1.1887201735357875,-0.15068021353538918
2026-05-28,1.4315794530779362,-0.1433076988103394,1.1887201735357875,-0.15068021353538918
2026-05-29,1.402172915254924,-0.1609052932040371,1.1865509761388242,-0.15223006716032472
