date,open,high,low,close,volume,amount,daily_return,ma20,ma60,momentum_60
2020-01-02,3.045,3.046,2.99,3.025,19500286,58905887,,,,
2020-01-03,3.024,3.037,2.99,3.008,19904110,59959598,-0.005619834710743787,,,
2020-01-06,2.99,3.028,2.986,3.013,24990300,75316402,0.0016622340425531679,,,
2020-01-07,3.014,3.086,3.014,3.08,18584873,56950347,0.022236973116495307,,,
2020-01-08,3.07,3.092,3.053,3.059,12166073,37369600,-0.006818181818181834,,,
2020-01-09,3.067,3.107,3.067,3.107,14929173,46159606,0.015691402419091283,,,
2020-01-10,3.099,3.107,3.075,3.097,13100373,40512616,-0.0032185387833923995,,,
2020-01-13,3.096,3.144,3.094,3.143,13258467,41545194,0.014853083629318586,,,
2020-01-14,3.149,3.15,3.11,3.118,12598400,39323548,-0.00795418390073177,,,
2020-01-15,3.108,3.152,3.108,3.123,10873000,34005945,0.001603592046183655,,,
2020-01-16,3.129,3.139,3.113,3.129,10436100,32639417,0.0019212295869355245,,,
2020-01-17,3.13,3.139,3.1,3.104,15028260,46794544,-0.007989773090444241,,,
2020-01-20,3.11,3.133,3.077,3.099,19074548,58969498,-0.0016108247422680355,,,
2020-01-21,3.093,3.093,3.028,3.033,23736011,72179757,-0.021297192642788065,,,
2020-01-22,3.011,3.032,2.969,3.022,19570800,58765366,-0.0036267721727663016,,,
2020-01-23,2.998,2.998,2.876,2.907,35222500,103153719,-0.03805426869622763,,,
2020-02-03,2.616,2.7,2.616,2.616,31116875,82022787,-0.10010319917440658,,,
2020-02-04,2.59,2.729,2.59,2.723,22284444,59783053,0.04090214067278275,,,
2020-02-05,2.729,2.785,2.723,2.775,16411020,45271439,0.019096584649283876,,,
2020-02-06,2.785,2.869,2.771,2.861,32231800,91494960,0.03099099099099112,3.0021,,
2020-02-07,2.856,2.895,2.826,2.895,20567050,58926298,0.011883956658510941,2.9956,,
2020-02-10,2.873,2.937,2.869,2.931,21073214,61455589,0.012435233160621673,2.99175,,
2020-02-11,2.931,2.977,2.918,2.949,50174305,148248321,0.0061412487205732,2.98855,,
2020-02-12,2.941,2.965,2.937,2.959,10191301,30094862,0.003390979993218135,2.9825000000000004,,
2020-02-13,2.951,2.982,2.942,2.944,16729099,49483459,-0.005069280162216971,2.97675,,
2020-02-14,2.945,2.978,2.939,2.967,30094295,89133556,0.0078125,2.96975,,
2020-02-17,2.966,3.018,2.953,3.018,19005660,56958535,0.017189079878665137,2.9657999999999998,,
2020-02-18,3.018,3.018,2.983,3.002,14803669,44353275,-0.005301524188204065,2.95875,,
2020-02-19,3.002,3.06,2.999,3.041,14251697,43279441,0.012991339107261801,2.9549,,
2020-02-20,3.052,3.106,3.052,3.099,53042400,163618451,0.019072673462676937,2.9537,,
2020-02-21,3.103,3.108,3.067,3.083,98087875,302103921,-0.00516295579219106,2.9514,,
2020-02-24,3.078,3.079,3.02,3.048,28917840,88031745,-0.011352578657152224,2.9486,,
2020-02-25,3.002,3.046,2.979,3.039,24038293,72621969,-0.0029527559055118058,2.9456,,
2020-02-26,3.02,3.051,3.0,3.012,17453367,52793834,-0.008884501480750262,2.9445500000000004,,
2020-02-27,3.017,3.081,3.017,3.058,25851051,79038173,0.015272244355909681,2.94635,,
2020-02-28,2.999,3.014,2.912,2.932,27059388,80282500,-0.04120340091563113,2.9476,,
2020-03-02,2.933,3.034,2.933,3.023,20294600,60999163,0.031036834924965895,2.96795,,
2020-03-03,3.039,3.069,3.037,3.049,19670770,60039920,0.008600727753886872,2.9842500000000003,,
2020-03-04,3.049,3.1,3.04,3.1,22242500,68446295,0.01672679567071178,3.0005,,
2020-03-05,3.115,3.264,3.108,3.25,78743542,252811031,0.048387096774193505,3.01995,,
2020-03-06,3.239,3.269,3.18,3.189,74905742,241345489,-0.01876923076923076,3.03465,,
2020-03-09,3.16,3.16,3.091,3.092,42414376,132137304,-0.030417058639071848,3.0427,,
2020-03-10,3.07,3.172,3.039,3.153,50149099,156831690,0.019728331177231606,3.0529,,
2020-03-11,3.165,3.199,3.133,3.138,32565500,102984934,-0.004757373929590858,3.0618499999999997,,
2020-03-12,3.096,3.096,3.036,3.051,26928200,82362293,-0.027724665391969272,3.0672,,
2020-03-13,2.901,3.039,2.901,3.007,37728739,111554447,-0.014421501147164895,3.0692,,
2020-03-16,3.04,3.04,2.86,2.884,43050740,126622687,-0.04090455603591625,3.0625,,
2020-03-17,2.858,2.92,2.756,2.843,39715264,112823510,-0.014216366158113725,3.05455,,
2020-03-18,2.843,2.946,2.829,2.832,32671800,94676805,-0.0038691523039043885,3.0441000000000003,,
2020-03-19,2.834,2.848,2.713,2.794,43077640,119470170,-0.013418079096045088,3.02885,,
2020-03-20,2.821,2.875,2.8,2.873,22006798,62442536,0.028274874731567756,3.0183500000000003,,
2020-03-23,2.788,2.823,2.755,2.787,41974200,117165519,-0.029933867037939543,3.0053,,
2020-03-24,2.825,2.885,2.818,2.881,34679400,99123368,0.03372802296376021,2.9974,,
2020-03-25,2.971,2.971,2.913,2.946,47352300,139144270,0.022561610551891764,2.9941,,
2020-03-26,2.907,2.98,2.907,2.942,33935771,100305772,-0.0013577732518669228,2.9882999999999997,,
2020-03-27,2.978,3.0,2.962,2.965,40068131,119406773,0.007817811012916343,2.98995,,
2020-03-30,2.936,2.971,2.923,2.964,34407429,101657059,-0.00033726812816181617,2.987,,
2020-03-31,2.989,3.083,2.98,3.08,46049122,140308006,0.03913630229419707,2.98855,,
2020-04-01,3.082,3.086,3.024,3.05,44607130,136290407,-0.009740259740259827,2.9860499999999996,,
2020-04-02,3.023,3.071,3.013,3.071,26380700,80062214,0.006885245901639525,2.9771,2.9997166666666666,
2020-04-03,3.054,3.123,3.05,3.09,32884181,101719652,0.006186909801367602,2.97215,3.0008,0.02148760330578514
2020-04-07,3.122,3.209,3.122,3.193,43362694,137630751,0.03333333333333344,2.9772,3.0038833333333335,0.0615026595744681
2020-04-08,3.178,3.193,3.15,3.16,29790992,94214270,-0.010335108048856845,2.97755,3.006333333333333,0.048788582807832714
2020-04-09,3.18,3.182,3.139,3.168,27610144,87241320,0.0025316455696202667,2.97905,3.0078,0.028571428571428692
2020-04-10,3.168,3.222,3.157,3.174,42969100,136908137,0.0018939393939392257,2.9852,3.009716666666667,0.037593984962405846
2020-04-13,3.142,3.161,3.118,3.138,27379900,85837644,-0.011342155009451793,2.99175,3.0102333333333333,0.00997747022851625
2020-04-14,3.154,3.199,3.138,3.196,20083005,63789369,0.018483110261312996,3.00735,3.011883333333333,0.03196641911527287
2020-04-15,3.197,3.209,3.161,3.165,24832483,79028836,-0.00969962453066342,3.02345,3.01225,0.0069996818326441
2020-04-16,3.158,3.176,3.14,3.157,20204900,63713639,-0.0025276461295418162,3.0397,3.0129,0.012508017960231044
2020-04-17,3.17,3.212,3.162,3.184,28780150,91827034,0.00855242318656968,3.0592,3.013916666666667,0.019532500800512276
2020-04-20,3.195,3.203,3.175,3.201,23989250,76655472,0.005339195979899403,3.0756,3.0151166666666667,0.023010546500479512
2020-04-21,3.19,3.193,3.137,3.16,19385199,61165487,-0.012808497344579783,3.0942499999999997,3.01605,0.018041237113401998
2020-04-22,3.146,3.268,3.137,3.265,40547134,130952258,0.03322784810126578,3.11345,3.018816666666667,0.053565666343981855
2020-04-23,3.265,3.329,3.251,3.277,27829434,91670885,0.003675344563552896,3.13,3.022883333333333,0.08044840092317851
2020-04-24,3.277,3.305,3.25,3.283,49063200,161209268,0.0018309429356118123,3.14705,3.0272333333333337,0.08636664460622101
2020-04-27,3.291,3.32,3.265,3.302,23294877,76885295,0.005787389582698754,3.1639000000000004,3.0338166666666666,0.13587891296869636
2020-04-28,3.302,3.373,3.273,3.363,22633348,75367861,0.01847365233192,3.18385,3.046266666666667,0.28555045871559637
2020-04-29,3.351,3.354,3.273,3.283,42551057,140532166,-0.023788284269997018,3.194,3.0555999999999996,0.20565552699228795
2020-04-30,3.291,3.302,3.257,3.282,36348124,119149805,-0.0003045994517208994,3.2056000000000004,3.06405,0.18270270270270283
2020-05-06,3.263,3.309,3.241,3.303,25562400,83860752,0.006398537477148025,3.2172000000000005,3.0714166666666665,0.15449143656064313
2020-05-07,3.297,3.364,3.294,3.349,41041848,137164099,0.013926733272782377,3.2301499999999996,3.078983333333333,0.1568221070811746
2020-05-08,3.356,3.392,3.329,3.365,60951000,205253011,0.004777545535980865,3.2387500000000005,3.0862166666666666,0.14807233026270894
2020-05-11,3.366,3.394,3.31,3.323,34617633,115585352,-0.012481426448737065,3.2469,3.09245,0.12682265174635465
2020-05-12,3.316,3.356,3.306,3.349,30535142,102043867,0.007824255191092533,3.25595,3.09895,0.13180128421764103
2020-05-13,3.348,3.396,3.331,3.394,22981700,77566793,0.013436846819946169,3.26695,3.10645,0.1528532608695652
2020-05-14,3.387,3.387,3.347,3.348,26076300,87624316,-0.013553329404832115,3.2774500000000004,3.1128,0.12841253791708795
2020-05-15,3.35,3.367,3.312,3.325,28502226,94890363,-0.006869772998805201,3.2839,3.1179166666666664,0.10172299536116647
2020-05-18,3.323,3.425,3.316,3.414,42910141,145538713,0.026766917293232995,3.2963499999999994,3.1247833333333332,0.13724183877415075
2020-05-19,3.431,3.435,3.393,3.417,26026048,88676117,0.0008787346221439396,3.30935,3.13105,0.12364353830976649
2020-05-20,3.414,3.416,3.379,3.386,25517500,86560415,-0.009072285630670085,3.31945,3.1358333333333333,0.0926105195224265
2020-05-21,3.386,3.409,3.365,3.376,17824900,60379593,-0.002953337271116463,3.3282000000000003,3.1407166666666666,0.09503730132987331
2020-05-22,3.368,3.368,3.271,3.29,39296400,130195799,-0.02547393364928907,3.3347,3.14475,0.07939632545931752
2020-05-25,3.277,3.36,3.265,3.357,36393267,121383629,0.020364741641337503,3.3393,3.1500500000000002,0.10463968410661395
2020-05-26,3.357,3.38,3.339,3.377,23287559,78340940,0.005957700327673399,3.3442999999999996,3.1561333333333335,0.12118193891102247
2020-05-27,3.374,3.376,3.331,3.343,17419100,58333497,-0.010068107787977398,3.3472999999999997,3.1608833333333335,0.09319816873773723
2020-05-28,3.334,3.359,3.293,3.333,20906300,69518569,-0.0029913251570444777,3.34885,3.1675666666666666,0.13676671214188274
2020-05-29,3.303,3.378,3.303,3.37,21713312,72859716,0.011101110111011003,3.3491999999999997,3.17335,0.11478663579225934
2020-06-01,3.4,3.476,3.4,3.46,30139573,103842470,0.026706231454005858,3.35805,3.1801999999999997,0.13479829452279435
2020-06-02,3.457,3.493,3.438,3.449,25686594,88939064,-0.0031791907514451268,3.3664,3.1860166666666667,0.1125806451612903
2020-06-03,3.45,3.472,3.424,3.431,25758660,88576133,-0.0052189040301535705,3.3728000000000002,3.1890333333333336,0.05569230769230771
2020-06-04,3.443,3.467,3.432,3.458,18108860,62495413,0.007869425823375131,3.37825,3.193516666666667,0.0843524615867044
2020-06-05,3.457,3.457,3.42,3.453,18193708,62615223,-0.0014459224985541308,3.3826500000000004,3.199533333333333,0.1167529107373868
2020-06-08,3.465,3.506,3.453,3.471,30017400,104382692,0.005212858384013863,3.39005,3.204833333333333,0.10085632730732641
2020-06-09,3.473,3.497,3.454,3.496,15138900,52798627,0.007202535292422985,3.3973999999999998,3.2108,0.11408540471637996
2020-06-10,3.494,3.52,3.49,3.513,18130048,63610135,0.004862700228832839,3.4033500000000005,3.2185,0.15142576204523106
2020-06-11,3.508,3.509,3.426,3.45,43473200,150492817,-0.017933390264730953,3.4084500000000006,3.2258833333333334,0.14732291320252755
2020-06-12,3.398,3.472,3.382,3.45,29854300,102521045,0.0,3.4147,3.235316666666667,0.19625520110957018
2020-06-15,3.442,3.475,3.426,3.438,27826400,96050813,-0.003478260869565264,3.4158999999999997,3.245233333333333,0.2092859655293704
2020-06-16,3.45,3.471,3.445,3.47,55482600,191969224,0.009307737056428067,3.4185499999999998,3.255866666666667,0.22528248587570632
2020-06-17,3.471,3.487,3.446,3.478,24614700,85348000,0.002305475504322807,3.4231500000000006,3.2672666666666665,0.24481030780243374
2020-06-18,3.476,3.514,3.457,3.508,25269400,88337312,0.008625646923519303,3.42975,3.27785,0.22102332057083185
2020-06-19,3.501,3.593,3.499,3.569,54098008,192876878,0.017388825541619246,3.4437000000000006,3.2908833333333334,0.2805884463580912
2020-06-22,3.584,3.598,3.559,3.575,34516808,123477060,0.0016811431773606778,3.4546000000000006,3.30245,0.24088858035404392
2020-06-23,3.575,3.638,3.571,3.624,19583470,70609792,0.013706293706293726,3.4669499999999998,3.3137499999999998,0.23014256619144602
2020-06-24,3.64,3.666,3.624,3.659,20358701,74138179,0.009657836644591633,3.4827500000000002,3.3257,0.24371176070700185
2020-06-29,3.646,3.674,3.636,3.669,15522100,56691461,0.002732987154960398,3.49955,3.337433333333333,0.23743676222596966
2020-06-30,3.674,3.733,3.674,3.716,21063300,78100727,0.01281002998092129,3.5168500000000003,3.3499666666666665,0.2537112010796223
2020-07-01,3.719,3.857,3.719,3.831,33339963,127111227,0.030947255113024763,3.5354,3.362483333333333,0.24383116883116873
2020-07-02,3.84,3.92,3.82,3.898,27895400,108243937,0.0174889062907857,3.5578499999999997,3.3766166666666666,0.2780327868852459
2020-07-03,3.9,3.905,3.821,3.905,33070835,127737641,0.0017957927142122632,3.58155,3.390516666666667,0.2715727775968739
2020-07-06,3.905,4.06,3.888,4.046,32497911,129073501,0.036107554417413645,3.6109500000000003,3.40645,0.3093851132686085
2020-07-07,4.08,4.194,4.079,4.118,39410409,163099357,0.017795353435491768,3.6442,3.421866666666667,0.2896962104603822
2020-07-08,4.11,4.166,4.082,4.166,33713894,139476595,0.011656143759106286,3.6789499999999995,3.4386333333333337,0.318354430379747
2020-07-09,4.173,4.222,4.156,4.222,40988260,171231958,0.013442150744119141,3.71525,3.4562000000000004,0.33270202020202033
2020-07-10,4.214,4.271,4.179,4.24,28943772,122488020,0.00426338228327805,3.7516,3.473966666666667,0.33585381222432265
2020-07-13,4.238,4.458,4.23,4.448,44130054,193416970,0.049056603773584895,3.8015,3.4958,0.4174633524537923
2020-07-14,4.448,4.476,4.297,4.418,53345986,234163750,-0.006744604316546776,3.8499000000000003,3.5161666666666664,0.38235294117647056
2020-07-15,4.419,4.505,4.385,4.473,49885516,222065342,0.01244907197827061,3.90165,3.537966666666667,0.41327014218009483
2020-07-16,4.429,4.429,4.112,4.137,88037205,373211918,-0.07511737089201886,3.935,3.5543,0.310421286031042
2020-07-17,4.067,4.256,4.066,4.229,57877625,242644012,0.02223833695914923,3.9725499999999996,3.5717166666666667,0.32820351758793964
2020-07-20,4.272,4.293,4.078,4.221,38887441,162324267,-0.0018917001655237575,4.0082,3.588716666666667,0.31865042174320535
2020-07-21,4.215,4.314,4.195,4.27,32753520,139691065,0.011608623548921893,4.04325,3.607216666666667,0.35126582278481
2020-07-22,4.263,4.38,4.23,4.35,37213115,161330471,0.0187353629976581,4.082,3.6253,0.33231240428790176
2020-07-23,4.347,4.371,4.258,4.344,42152551,182309113,-0.0013793103448274113,4.118,3.6430833333333337,0.3256026853829723
2020-07-24,4.329,4.329,4.143,4.19,44899116,189997629,-0.035451197053406935,4.14455,3.6582,0.2762717027109354
2020-07-27,4.192,4.268,4.168,4.217,31731300,133795367,0.006443914081145419,4.17195,3.6734500000000003,0.27710478497880064
2020-07-28,4.233,4.385,4.233,4.361,46305000,200327573,0.03414749822148444,4.2042,3.6900833333333334,0.2967588462682129
2020-07-29,4.347,4.408,4.282,4.396,152701761,665590225,0.008025682182985605,4.23245,3.7086333333333332,0.3390191897654584
2020-07-30,4.39,4.46,4.37,4.42,76750647,339993824,0.005459508644221955,4.2585500000000005,3.7276000000000002,0.3467397928092626
2020-07-31,4.406,4.482,4.357,4.443,51446380,228110063,0.005203619909502244,4.28545,3.7466,0.34514078110808355
2020-08-03,4.461,4.501,4.452,4.501,38071661,170370063,0.013054242628854462,4.3082,3.7658,0.34398327859062405
2020-08-04,4.505,4.542,4.459,4.475,63852956,287182835,-0.00577649411241965,4.32605,3.7843,0.3298662704309061
2020-08-05,4.465,4.536,4.421,4.536,40365006,181061139,0.013631284916201025,4.34455,3.8045166666666663,0.36503159795365625
2020-08-06,4.528,4.531,4.4,4.44,62826009,279163718,-0.02116402116402094,4.355449999999999,3.8227,0.325768886234697
2020-08-07,4.418,4.452,4.296,4.359,112609673,491293098,-0.018243243243243334,4.3614,3.838783333333333,0.2843252799057159
2020-08-10,4.36,4.396,4.32,4.377,78020157,340479119,0.004129387474191226,4.35785,3.855933333333333,0.30734767025089615
2020-08-11,4.396,4.486,4.383,4.393,61965188,275368997,0.0036554717843271245,4.3566,3.8737333333333335,0.3212030075187968
2020-08-12,4.391,4.398,4.268,4.33,35802927,154705625,-0.01434099704074654,4.34945,3.8890000000000002,0.26830697129466907
2020-08-13,4.332,4.389,4.332,4.352,25580327,111555123,0.005080831408776021,4.360200000000001,3.9045833333333335,0.2736318407960201
2020-08-14,4.352,4.448,4.352,4.441,36906504,162167589,0.020450367647058654,4.3708,3.9221666666666666,0.3115770821027761
2020-08-17,4.46,4.5,4.449,4.49,31731947,142277911,0.011033551002026742,4.38425,3.9407333333333336,0.3299763033175356
2020-08-18,4.495,4.579,4.47,4.556,32748841,148590255,0.01469933184855221,4.39855,3.961833333333333,0.3848024316109422
2020-08-19,4.542,4.594,4.511,4.538,32413825,147744124,-0.003950834064969211,4.40795,3.9815166666666664,0.35180220434912113
2020-08-20,4.5,4.512,4.431,4.46,27756500,124002270,-0.01718818862935223,4.41375,3.999566666666667,0.32069884512881264
2020-08-21,4.462,4.54,4.462,4.515,27765862,125256637,0.012331838565022402,4.430000000000001,4.0191,0.3505833084056236
2020-08-24,4.515,4.617,4.515,4.612,31314800,143625591,0.02148394241417506,4.44975,4.040416666666666,0.38373837383738363
2020-08-25,4.598,4.693,4.598,4.663,46222892,215385412,0.011058109280138728,4.46485,4.061966666666667,0.383679525222552
2020-08-26,4.66,4.717,4.601,4.647,40157120,186839285,-0.0034312674244049157,4.4774,4.08175,0.3430635838150289
2020-08-27,4.654,4.716,4.628,4.715,40098711,187358011,0.01463309662147605,4.4921500000000005,4.10285,0.3670629167874746
2020-08-28,4.72,4.899,4.705,4.87,44514534,214374413,0.0328738069989396,4.5135,4.126833333333333,0.41941125036432525
2020-08-31,4.926,4.966,4.87,4.879,58898800,289656417,0.0018480492813139904,4.5324,4.150516666666666,0.41093117408906865
2020-09-01,4.858,4.879,4.79,4.87,46118177,223000596,-0.001844640295142308,4.55215,4.174133333333334,0.4103677961193166
2020-09-02,4.873,4.935,4.837,4.895,36621612,179437716,0.005133470225872516,4.5701,4.197866666666667,0.41025641025641013
2020-09-03,4.89,4.96,4.821,4.86,57848868,282548451,-0.007150153217568844,4.5911,4.2206,0.3901601830663617
2020-09-04,4.762,4.767,4.675,4.749,53395914,252001221,-0.022839506172839585,4.6106,4.2412,0.3518360375747225
2020-09-07,4.72,4.752,4.55,4.594,48946458,228093828,-0.03263845020004197,4.62145,4.260266666666667,0.3315942028985508
2020-09-08,4.589,4.606,4.472,4.523,51880705,234041604,-0.015454941227688423,4.62795,4.278149999999999,0.31101449275362314
2020-09-09,4.466,4.486,4.363,4.399,49126223,217552329,-0.02741543223524201,4.6314,4.2941666666666665,0.27952297847585794
2020-09-10,4.449,4.502,4.42,4.433,34014550,151810576,0.007729029324846426,4.63545,4.310216666666666,0.2775216138328529
2020-09-11,4.426,4.51,4.398,4.51,25887005,115222368,0.017369727047146455,4.6389000000000005,4.327416666666666,0.2967222541690626
2020-09-14,4.516,4.544,4.482,4.509,30369070,136849273,-0.0002217294900220823,4.63985,4.3441,0.28534777651083254
2020-09-15,4.503,4.531,4.468,4.524,33742253,152075701,0.003326679973386426,4.63825,4.360016666666667,0.2675819557298964
2020-09-16,4.536,4.554,4.439,4.458,34584681,154941565,-0.01458885941644561,4.63425,4.374733333333334,0.24699300699300708
2020-09-17,4.425,4.425,4.312,4.361,32136650,140172050,-0.021758636159712963,4.6293,4.387016666666667,0.20336644591611464
2020-09-18,4.35,4.445,4.333,4.444,40454575,177257961,0.01903233203393717,4.625749999999999,4.400099999999999,0.21453949166438924
2020-09-21,4.44,4.443,4.371,4.379,17254800,75766780,-0.01462646264626466,4.6141,4.411933333333334,0.19351321886072492
2020-09-22,4.34,4.409,4.333,4.346,19829692,86763812,-0.007535967115779751,4.59825,4.422433333333333,0.16953713670613557
2020-09-23,4.318,4.372,4.273,4.365,18986509,82373956,0.004371836171191967,4.584149999999999,4.431333333333333,0.139389193422083
2020-09-24,4.317,4.368,4.275,4.292,22788698,98313899,-0.016723940435280693,4.563,4.4379,0.10107747562852731
2020-09-25,4.3,4.332,4.294,4.311,15786114,68093869,0.004426840633737106,4.53505,4.4446666666666665,0.10396927016645341
2020-09-28,4.31,4.364,4.309,4.311,14825900,64210748,0.0,4.50665,4.449083333333333,0.06549678695007399
2020-09-29,4.34,4.366,4.313,4.353,15123654,65764681,0.00974251913709101,4.4807999999999995,4.453,0.05706653715395804
2020-09-30,4.367,4.421,4.335,4.361,19360520,84766160,0.0018378130025269446,4.4540999999999995,4.45625,0.04680748919827149
2020-10-09,4.426,4.473,4.404,4.449,31009300,137477689,0.02017885806007791,4.433549999999999,4.4600333333333335,0.05376598768356211
2020-10-12,4.458,4.64,4.458,4.634,44197600,202391315,0.04158237806248599,4.4277999999999995,4.466600000000001,0.09292452830188691
2020-10-13,4.638,4.687,4.594,4.674,38194989,177397459,0.008631851532153734,4.4318,4.470366666666666,0.05080935251798557
2020-10-14,4.67,4.692,4.622,4.632,29044004,135049947,-0.008985879332477631,4.437250000000001,4.473933333333333,0.04843820733363513
2020-10-15,4.631,4.636,4.584,4.593,26878809,123702979,-0.008419689119170903,4.446949999999999,4.475933333333334,0.02682763246143538
2020-10-16,4.592,4.623,4.534,4.56,20328556,92944398,-0.007184846505551956,4.4533000000000005,4.482983333333334,0.10224800580130533
2020-10-19,4.562,4.602,4.482,4.498,24231211,109976033,-0.013596491228070051,4.4527,4.487466666666666,0.06360841806573658
2020-10-20,4.493,4.606,4.48,4.606,24143400,110108687,0.024010671409515183,4.4575499999999995,4.493883333333334,0.09121061359867322
2020-10-21,4.6,4.621,4.554,4.598,35211911,161345348,-0.0017368649587494733,4.46125,4.499350000000001,0.07681498829039812
2020-10-22,4.573,4.608,4.521,4.601,23241200,106211100,0.000652457590256672,4.4684,4.503533333333334,0.05770114942528748
2020-10-23,4.588,4.597,4.472,4.489,35079588,158784699,-0.02434253423168875,4.4748,4.5059499999999995,0.033379373848986926
2020-10-26,4.431,4.458,4.337,4.442,20489392,90250088,-0.010470037870349724,4.4746999999999995,4.510149999999999,0.06014319809069213
2020-10-27,4.428,4.493,4.428,4.477,15459900,69012493,0.007879333633498353,4.4796,4.514483333333333,0.061655205122124856
2020-10-28,4.485,4.594,4.481,4.573,24028058,109457628,0.02144293053383972,4.49095,4.518016666666667,0.04861270350836988
2020-10-29,4.54,4.691,4.53,4.67,36417734,169092379,0.02121145856111961,4.506200000000001,4.5225833333333325,0.062329390354868064
2020-10-30,4.65,4.65,4.509,4.51,34553500,157465667,-0.03426124197002145,4.5171,4.524083333333334,0.020361990950226172
2020-11-02,4.51,4.561,4.504,4.521,17075358,77394590,0.0024390243902439046,4.5276,4.525383333333333,0.017555705604321403
2020-11-03,4.525,4.585,4.519,4.577,26154282,119174947,0.012386640123866366,4.5409,4.52665,0.016885136636302978
2020-11-04,4.573,4.598,4.549,4.592,22146981,101266124,0.0032772558444396083,4.55285,4.5286,0.026145251396648028
2020-11-05,4.614,4.669,4.614,4.656,24296381,112813337,0.013937282229965264,4.5676000000000005,4.530599999999999,0.02645502645502651
2020-11-06,4.678,4.688,4.563,4.61,25292404,116486907,-0.009879725085910507,4.57565,4.533433333333333,0.03828828828828823
2020-11-09,4.631,4.717,4.63,4.704,31359248,146761016,0.020390455531453133,4.57915,4.539183333333333,0.07914659325533369
2020-11-10,4.705,4.765,4.649,4.723,33062410,155963955,0.004039115646258473,4.5816,4.54495,0.07904957733607487
2020-11-11,4.712,4.808,4.685,4.686,28611600,135851635,-0.00783400381113697,4.584300000000001,4.549833333333334,0.06669701798315497
2020-11-12,4.679,4.72,4.65,4.688,19917210,93211139,0.0004268032437046987,4.58905,4.5558,0.08267898383371808
2020-11-13,4.67,4.67,4.547,4.605,27113300,124506455,-0.017704778156996448,4.5912999999999995,4.560016666666667,0.05813419117647056
2020-11-16,4.606,4.716,4.6,4.714,24915533,116063379,0.023669923995656816,4.6021,4.564566666666666,0.06147264129700525
2020-11-17,4.714,4.714,4.619,4.652,20047700,93649285,-0.013152312261349275,4.6044,4.567266666666667,0.036080178173719446
2020-11-18,4.646,4.663,4.579,4.616,20218800,93381989,-0.007738607050730928,4.605300000000001,4.568266666666667,0.013169446883230851
2020-11-19,4.61,4.7,4.575,4.687,27710465,129083838,0.015381282495667392,4.6096,4.570749999999999,0.03283384750991636
2020-11-20,4.683,4.726,4.668,4.707,16827841,79104494,0.004267121826328157,4.6205,4.574866666666667,0.05538116591928244
2020-11-23,4.741,4.783,4.727,4.743,22984025,109076430,0.007648183556405508,4.63555,4.578666666666667,0.05049833887043209
2020-11-24,4.74,4.74,4.678,4.73,14189692,66821378,-0.0027408812987560482,4.6482,4.580633333333333,0.025585429314830987
2020-11-25,4.739,4.739,4.6,4.608,29363334,136474553,-0.02579281183932358,4.64995,4.579716666666666,-0.011794981771391932
2020-11-26,4.599,4.64,4.551,4.632,15798428,72785481,0.005208333333333259,4.64805,4.579466666666666,-0.0032278889606198735
2020-11-27,4.625,4.668,4.606,4.667,14478700,67220005,0.007556131260794574,4.6559,4.578666666666667,-0.010180275715800602
2020-11-30,4.67,4.676,4.585,4.597,19844700,91527518,-0.014998928647953602,4.6597,4.574116666666667,-0.05605749486652967
2020-12-01,4.58,4.65,4.58,4.634,13632500,63051108,0.0080487274309331,4.66255,4.570033333333333,-0.050215208034433134
2020-12-02,4.665,4.679,4.616,4.662,18941000,88032378,0.0060422960725075026,4.66605,4.566566666666666,-0.042710472279260836
2020-12-03,4.645,4.716,4.645,4.713,18174670,85062038,0.010939510939510955,4.6689,4.563533333333334,-0.037180796731358434
2020-12-04,4.712,4.817,4.71,4.808,33433552,159886433,0.02015701251856572,4.6788,4.562666666666667,-0.010699588477366406
2020-12-07,4.808,4.881,4.803,4.84,22499399,109029345,0.006655574043261225,4.6856,4.564183333333333,0.019161928827121644
2020-12-08,4.839,4.9,4.82,4.888,22339880,108676566,0.009917355371900749,4.69385,4.569083333333334,0.06399651719634303
2020-12-09,4.888,4.897,4.818,4.819,39594889,192098667,-0.014116202945990142,4.7005,4.574016666666666,0.0654432898518682
2020-12-10,4.8,4.875,4.792,4.818,26964079,130267369,-0.00020751193193613293,4.707,4.581,0.09524892020913844
2020-12-11,4.823,4.832,4.756,4.801,19949893,95694487,-0.0035284350352842164,4.7168,4.587133333333333,0.08301376043311537
2020-12-14,4.807,4.918,4.8,4.918,27350715,133202416,0.024369922932722332,4.726999999999999,4.593933333333334,0.09046563192904666
2020-12-15,4.921,4.921,4.84,4.888,24547985,119747895,-0.0061000406669378116,4.7387999999999995,4.60025,0.08405411399423368
2020-12-16,4.88,4.962,4.88,4.95,26599375,131023628,0.012684124386252105,4.7555,4.607349999999999,0.09416445623342184
2020-12-17,4.949,5.02,4.932,4.995,28827627,143708833,0.009090909090909038,4.770899999999999,4.616299999999999,0.12045760430686414
2020-12-18,4.967,5.014,4.913,4.952,32544727,161363031,-0.008608608608608681,4.78315,4.626149999999999,0.1355193762898419
2020-12-21,4.946,5.035,4.901,5.018,27432000,136946240,0.013327948303715642,4.796899999999999,4.635716666666667,0.12916291629162924
2020-12-22,5.003,5.066,4.992,4.997,26757174,134473139,-0.004184934236747706,4.81025,4.646016666666667,0.14112811144096837
2020-12-23,4.998,5.089,4.919,5.012,36944500,184977276,0.003001801080648292,4.83045,4.657116666666667,0.15324436263230545
2020-12-24,4.969,5.017,4.926,4.955,20166815,100178408,-0.011372705506783598,4.8466,4.66695,0.1351660939289805
2020-12-25,4.92,4.977,4.893,4.974,21762800,107516433,0.0038345105953583314,4.861949999999999,4.6783166666666665,0.1589002795899348
2020-12-28,4.974,5.105,4.973,5.101,24827202,125651420,0.025532770406111682,4.88715,4.691483333333333,0.1832521456738576
2020-12-29,5.108,5.118,5.023,5.06,21814487,110413903,-0.008037639678494468,4.90845,4.703966666666667,0.17374159127812572
2020-12-30,5.055,5.135,5.036,5.13,17514660,89468215,0.013833992094861802,4.93185,4.716916666666666,0.17849758787043424
2020-12-31,5.139,5.228,5.131,5.215,44210676,229581560,0.016569200779727122,4.95695,4.73115,0.1958266452648476
2021-01-04,5.226,5.471,5.223,5.458,29749146,160145420,0.04659635666347084,4.98945,4.747966666666667,0.22679253764890994
2021-01-05,5.459,5.737,5.433,5.727,65046640,366650797,0.04928545254672034,5.0338,4.766183333333333,0.2358653431160984
2021-01-06,5.782,5.799,5.62,5.743,72858716,416224775,0.002793783830976171,5.076549999999999,4.784000000000001,0.2287120239623448
2021-01-07,5.731,5.799,5.631,5.799,47814665,273366212,0.009751001218875066,5.12555,4.80345,0.2519430051813474
2021-01-08,5.793,5.836,5.6,5.647,51408820,293123484,-0.02621141576133823,5.167,4.821016666666666,0.22947964293490108
2021-01-11,5.64,5.64,5.439,5.473,55781586,307360217,-0.03081282096688509,5.2006,4.836233333333333,0.20021929824561413
2021-01-12,5.432,5.604,5.425,5.603,37145561,205472723,0.02375296912114022,5.23485,4.85465,0.24566473988439297
2021-01-13,5.601,5.608,5.47,5.516,30035591,166550639,-0.015527396037836816,5.26625,4.869816666666666,0.19756838905775087
2021-01-14,5.474,5.51,5.366,5.387,29619220,160352620,-0.023386511965192258,5.2881,4.882966666666666,0.17159634623749453
2021-01-15,5.369,5.369,5.177,5.286,39965366,210311092,-0.01874883979951736,5.30265,4.894383333333333,0.1488806781134535
2021-01-18,5.238,5.301,5.201,5.281,35917313,188896241,-0.0009458948164964287,5.319100000000001,4.907583333333333,0.17643127645355317
2021-01-19,5.292,5.324,5.155,5.172,44656224,233220321,-0.020640030297292222,5.3268,4.91975,0.16434038721296695
2021-01-20,5.162,5.219,5.076,5.207,42195520,217774889,0.006767208043310102,5.337300000000001,4.931916666666667,0.163055617601072
2021-01-21,5.21,5.349,5.208,5.309,42345251,223146003,0.01958901478778574,5.35215,4.944183333333332,0.1609446752678767
2021-01-22,5.309,5.345,5.27,5.315,34870801,184707746,0.0011301563382934976,5.370150000000001,4.954933333333334,0.13811563169164898
2021-01-25,5.312,5.523,5.305,5.523,51733031,281834201,0.0391345249294448,5.3976,4.971816666666666,0.2246119733924612
2021-01-26,5.524,5.534,5.435,5.452,36714593,201218248,-0.012855332246967222,5.41515,4.987333333333334,0.20592789205927886
2021-01-27,5.428,5.436,5.29,5.409,29328736,157549723,-0.007887013939838594,5.4326,5.0012,0.18177845750491595
2021-01-28,5.356,5.393,5.297,5.3,20425910,109028317,-0.02015159918654097,5.4411000000000005,5.013,0.15418118466898956
2021-01-29,5.33,5.388,5.239,5.324,23554588,125733665,0.004528301886792541,5.44655,5.024133333333334,0.1434707903780068
2021-02-01,5.329,5.378,5.297,5.314,26927483,143436969,-0.0018782870022538978,5.43935,5.035866666666666,0.15271149674620377
2021-02-02,5.316,5.483,5.316,5.48,50161839,272760475,0.03123823861497943,5.427,5.0488,0.16496598639455806
2021-02-03,5.484,5.536,5.431,5.516,26205651,143863728,0.006569343065693456,5.41565,5.062016666666667,0.1679017573576118
2021-02-04,5.501,5.599,5.464,5.525,39467250,217992477,0.0016316171138506252,5.40195,5.076,0.17904396073410167
2021-02-05,5.533,5.683,5.533,5.571,34236028,192488787,0.008325791855203546,5.398149999999999,5.090716666666667,0.18835324232081918
2021-02-08,5.627,5.711,5.574,5.687,23678313,134035190,0.020822114521630075,5.408849999999999,5.108750000000001,0.23496199782844718
2021-02-09,5.702,5.82,5.66,5.82,25813711,148545973,0.023386671355723587,5.419700000000001,5.127183333333334,0.23462028001697077
2021-02-10,5.835,6.05,5.835,6.025,34944558,208630948,0.0352233676975946,5.44515,5.150066666666667,0.2951418744625969
2021-02-18,6.115,6.18,5.801,5.845,51249747,303906539,-0.029875518672199286,5.46805,5.17055,0.26624783362218385
2021-02-19,5.803,5.965,5.706,5.964,31857105,186567022,0.020359281437125842,5.50195,5.191833333333334,0.27245572861105183
2021-02-22,5.945,5.945,5.666,5.674,39148341,225429099,-0.048625083836351446,5.5216,5.207949999999999,0.20543870830677724
2021-02-23,5.64,5.7,5.574,5.597,23919076,134795841,-0.013570673246387055,5.54285,5.222183333333333,0.18005481762597508
2021-02-24,5.6,5.624,5.328,5.398,46255521,251902870,-0.035554761479364094,5.5524000000000004,5.233316666666667,0.14122621564482007
2021-02-25,5.413,5.459,5.31,5.339,22676268,122084205,-0.010929974064468162,5.5539000000000005,5.245500000000001,0.1586371527777779
2021-02-26,5.277,5.29,5.125,5.21,34458372,179213107,-0.02416182805768874,5.54865,5.255133333333333,0.12478411053540595
2021-03-01,5.234,5.309,5.205,5.275,32611481,171082513,0.0124760076775432,5.536250000000001,5.265266666666666,0.1302764088279409
2021-03-02,5.292,5.312,5.106,5.152,27907866,145070291,-0.023317535545023693,5.52125,5.274516666666667,0.12073091146399828
2021-03-03,5.111,5.231,5.108,5.231,22011531,113933109,0.01533385093167694,5.51235,5.284466666666666,0.128830384117393
2021-03-04,5.194,5.194,4.982,4.997,26875352,135679138,-0.04473332058879753,5.4972,5.29005,0.0718575718575718
2021-03-05,4.93,5.062,4.867,4.99,24524445,122146281,-0.0014008405043025585,5.480500000000001,5.294666666666667,0.05877360492255468
2021-03-08,5.018,5.058,4.741,4.743,27104642,132288104,-0.049498997995992,5.45195,5.293583333333333,-0.013519134775374253
2021-03-09,4.701,4.728,4.537,4.593,32682580,151640709,-0.03162555344718543,5.4076,5.289466666666667,-0.05103305785123968
2021-03-10,4.67,4.728,4.64,4.681,18434443,86485547,0.019159590681471883,5.36585,5.286016666666667,-0.042348608837970536
2021-03-11,4.686,4.842,4.656,4.809,19723477,93886372,0.027344584490493595,5.33005,5.28585,-0.002075119319360774
2021-03-12,4.812,4.838,4.707,4.797,22079856,105297762,-0.0024953212726139817,5.2913499999999996,5.2855,-0.004358655043586568
2021-03-15,4.77,4.77,4.562,4.621,32043751,148742353,-0.036689597665207296,5.23805,5.2825,-0.03749218912726504
2021-03-16,4.623,4.715,4.621,4.699,12926725,60346145,0.01687946331962764,5.182,5.27885,-0.04453029686864585
2021-03-17,4.707,4.796,4.641,4.782,15756650,74782389,0.01766333262396258,5.1198500000000005,5.277083333333334,-0.021685761047463115
2021-03-18,4.795,4.897,4.782,4.863,34007357,165278033,0.0169385194479299,5.07075,5.275633333333333,-0.017575757575757578
2021-03-19,4.799,4.822,4.7,4.725,26086525,124122665,-0.028377544725478265,5.0088,5.271133333333334,-0.05405405405405417
2021-03-22,4.725,4.778,4.679,4.758,13447400,63598170,0.0069841269841270925,4.963,5.2679,-0.03917609046849757
2021-03-23,4.756,4.783,4.701,4.74,9432600,44710945,-0.003783102143757877,4.9201500000000005,5.2632666666666665,-0.05540055799123145
2021-03-24,4.738,4.815,4.693,4.719,18029900,85936886,-0.004430379746835467,4.8862,5.258633333333333,-0.055633380028016766
2021-03-25,4.677,4.739,4.635,4.72,10673900,50019892,0.0002119093028183361,4.85525,5.2537666666666665,-0.058260175578611295
2021-03-26,4.725,4.828,4.72,4.819,16706611,79999770,0.020974576271186374,4.8357,5.251499999999999,-0.027447023208879928
2021-03-29,4.834,4.93,4.804,4.848,18086945,88081539,0.006017846026146412,4.814349999999999,5.2494,-0.02533172496984326
2021-03-30,4.856,4.95,4.84,4.899,12365983,60568077,0.010519801980197974,4.801699999999999,5.246033333333333,-0.03960007841599689
2021-03-31,4.899,4.899,4.816,4.852,11760257,56913812,-0.009593794651969745,4.78275,5.242566666666667,-0.041106719367588807
2021-04-01,4.853,4.934,4.853,4.931,19549200,95751175,0.01628194558944762,4.77945,5.23925,-0.038791423001949266
2021-04-02,4.958,5.078,4.958,5.076,21344840,107082601,0.029405800040559704,4.7837499999999995,5.236933333333332,-0.026653883029722047
2021-04-06,5.078,5.078,5.006,5.031,11602500,58401829,-0.00886524822695034,4.79815,5.229816666666666,-0.07823378526932956
2021-04-07,5.015,5.021,4.878,4.912,18502500,90957701,-0.023653349234744492,4.8141,5.216233333333334,-0.14230836389034407
2021-04-08,4.863,4.977,4.842,4.967,18910802,93288615,0.011197068403908661,4.8284,5.2033,-0.13512101689012723
2021-04-09,4.951,4.951,4.858,4.877,12946600,63237932,-0.018119589289309457,4.831799999999999,5.1879333333333335,-0.15899292981548552
2021-04-12,4.876,4.904,4.802,4.818,13805200,66809872,-0.012097600984211643,4.83285,5.1741166666666665,-0.14680361253763075
2021-04-13,4.802,4.92,4.802,4.865,18210600,88701684,0.009755085097550964,4.84505,5.163983333333333,-0.11109080942810157
2021-04-14,4.87,4.906,4.826,4.89,26241057,127820120,0.005138746145940232,4.8546,5.1521,-0.12725325718365166
2021-04-15,4.882,4.901,4.795,4.846,12057000,58345733,-0.008997955010224823,4.857799999999999,5.140933333333334,-0.12146482958665694
2021-04-16,4.846,4.902,4.834,4.884,12569900,61262239,0.007841518778374024,4.8588499999999994,5.13255,-0.0933729348431408
2021-04-19,4.892,4.973,4.808,4.967,18247168,89692716,0.01699426699426687,4.870950000000001,5.127233333333334,-0.06034808929247071
2021-04-20,4.956,5.095,4.937,5.016,24200116,121775594,0.009865109724179755,4.88385,5.122816666666667,-0.05017989017231583
2021-04-21,5.0,5.083,4.98,5.066,16911549,85161626,0.009968102073365293,4.90015,5.121049999999999,-0.020494972931167754
2021-04-22,5.066,5.085,4.991,5.053,13653281,68775334,-0.0025661271219896697,4.916849999999999,5.118483333333333,-0.02957557134626465
2021-04-23,5.054,5.135,5.045,5.133,15669600,79946676,0.01583217890362154,4.937499999999999,5.115550000000001,-0.03315125258994167
2021-04-26,5.1,5.16,5.006,5.01,32857104,167226424,-0.02396259497369968,4.94705,5.110466666666667,-0.05738476011288818
2021-04-27,5.012,5.058,4.972,5.053,17168457,86114757,0.008582834331337441,4.9573,5.102633333333333,-0.08509867825457174
2021-04-28,5.021,5.102,4.988,5.102,19544520,98723984,0.009697209578468202,4.96745,5.0968,-0.06419662509170942
2021-04-29,5.126,5.196,5.108,5.196,18408600,94961031,0.01842414739317899,4.98465,5.09325,-0.03937881308929558
2021-04-30,5.196,5.196,5.122,5.159,22302257,115238721,-0.007120862201693612,4.99605,5.0909,-0.02660377358490562
2021-05-06,5.137,5.137,4.989,5.01,20898074,105575394,-0.028881566194999042,4.992749999999999,5.085666666666667,-0.0589782118707739
2021-05-07,5.0,5.058,4.93,4.938,21453900,107142457,-0.014371257485029987,4.9881,5.079400000000001,-0.07075649228453151
2021-05-10,4.935,4.95,4.815,4.84,19210200,93572445,-0.01984609153503436,4.9845,5.068733333333333,-0.11678832116788329
2021-05-11,4.82,4.972,4.81,4.972,15524611,76065330,0.027272727272727337,4.98475,5.059666666666667,-0.0986221899927483
2021-05-12,4.967,5.034,4.94,5.023,14794000,73856927,0.010257441673370726,4.992050000000001,5.0513,-0.09085972850678747
2021-05-13,4.986,5.021,4.946,5.016,12593300,62851725,-0.0013935894883535527,5.00195,5.04205,-0.09962304792676357
2021-05-14,5.016,5.126,4.998,5.096,24540504,124858290,0.01594896331738438,5.0135,5.0322,-0.10392122384385438
2021-05-17,5.105,5.23,5.105,5.198,25066200,130219454,0.02001569858712715,5.028899999999999,5.021833333333333,-0.10687285223367693
2021-05-18,5.191,5.215,5.148,5.194,12133300,62769626,-0.0007695267410543494,5.0463000000000005,5.007983333333333,-0.13792531120331952
2021-05-19,5.189,5.2,5.145,5.167,10975085,56753335,-0.0051983057373893304,5.06045,4.996683333333333,-0.11599657827202736
2021-05-20,5.167,5.24,5.167,5.237,17374200,90615845,0.0135475130636733,5.073949999999999,4.984566666666666,-0.12189805499664663
2021-05-21,5.227,5.265,5.161,5.184,17171467,89529750,-0.010120297880465867,5.08235,4.9764,-0.08635882974973563
2021-05-24,5.183,5.221,5.122,5.219,13498200,69973845,0.006751543209876587,5.09,4.9701,-0.06753618009648032
2021-05-25,5.217,5.39,5.217,5.381,27028840,144009216,0.031040429200996256,5.1064,4.969816666666667,-0.0031493145609483575
2021-05-26,5.381,5.404,5.322,5.362,17116600,91852489,-0.0035309422040513683,5.11785,4.9702,0.004307922831990885
2021-05-27,5.355,5.438,5.307,5.385,15479901,83090670,0.004289444237224771,5.1366,4.973116666666667,0.03358925143953928
2021-05-28,5.38,5.38,5.297,5.332,18431649,98390618,-0.009842154131847747,5.150550000000001,4.974066666666666,0.010805687203791381
2021-05-31,5.325,5.353,5.253,5.353,18848300,99860111,0.003938484621155203,5.1631,4.977416666666667,0.03901397515527938
2021-06-01,5.354,5.38,5.28,5.38,15747549,84111238,0.00504390061647686,5.1723,4.9799,0.02848403746893524
2021-06-02,5.375,5.379,5.3,5.319,17321351,92380825,-0.011338289962825265,5.1803,4.985266666666666,0.0644386631979188
2021-06-03,5.32,5.424,5.308,5.336,21643382,116180766,0.003196089490505871,5.1966,4.991033333333333,0.06933867735470933
2021-06-04,5.315,5.42,5.306,5.383,19946638,106998455,0.008808095952024031,5.218850000000001,5.0017,0.13493569470799072
2021-06-07,5.352,5.381,5.318,5.357,16680100,89118885,-0.0048300204347018205,5.2447,5.014433333333334,0.16634008273459622
2021-06-08,5.36,5.371,5.148,5.202,27473250,144487436,-0.028934104909464242,5.256200000000001,5.023116666666667,0.1113010040589617
2021-06-09,5.17,5.252,5.136,5.222,17706150,92028760,0.003844675124952124,5.26615,5.03,0.08588064046579325
2021-06-10,5.21,5.276,5.201,5.251,17557501,92185035,0.005553427805438549,5.277900000000001,5.037566666666666,0.09464248488638738
2021-06-11,5.255,5.255,5.15,5.175,16927200,87740505,-0.014473433631689292,5.28185,5.0468,0.11988747024453561
2021-06-15,5.163,5.163,5.03,5.126,18952573,96541080,-0.00946859903381636,5.278250000000001,5.053916666666667,0.09087039795701224
2021-06-16,5.105,5.135,5.051,5.066,15455400,78559636,-0.011705033164260747,5.271850000000001,5.05865,0.059389376829778184
2021-06-17,5.032,5.121,5.032,5.09,14314900,72764823,0.0047374654559810825,5.268,5.062433333333334,0.046679004729590634
2021-06-18,5.094,5.097,4.988,5.032,25031300,126062777,-0.011394891944990104,5.25775,5.06755,0.06497354497354513
2021-06-21,5.029,5.029,4.921,4.974,27489200,136836531,-0.01152623211446735,5.247249999999999,5.07115,0.045397225725094525
2021-06-22,4.974,5.0,4.942,5.0,15087200,74993999,0.005227181342983389,5.2363,5.075483333333334,0.05485232067510548
2021-06-23,5.006,5.009,4.922,4.934,31475100,155629706,-0.01319999999999999,5.21395,5.079066666666667,0.04556050010595469
2021-06-24,4.929,4.954,4.869,4.94,25498585,125457857,0.001216051884880498,5.192850000000001,5.0827333333333335,0.04661016949152552
2021-06-25,1.233,1.262,1.229,1.261,142341000,178112219,-0.7447368421052631,4.98665,5.023433333333333,-0.7383274538285951
2021-06-28,1.265,1.279,1.262,1.279,74893000,95151603,0.014274385408405976,4.784,4.96395,-0.7361798679867987
2021-06-29,1.28,1.28,1.254,1.26,80993404,102189064,-0.014855355746677068,4.57935,4.9033,-0.7428046540110227
2021-06-30,1.261,1.272,1.253,1.261,61995700,78205239,0.0007936507936507908,4.3734,4.84345,-0.7401071723000825
2021-07-01,1.264,1.275,1.245,1.272,96078800,120831834,0.00872323552735943,4.17105,4.782466666666666,-0.7420401541269519
2021-07-02,1.264,1.264,1.231,1.232,111304092,138304257,-0.03144654088050314,3.9658500000000005,4.718400000000001,-0.7572892040977147
2021-07-05,1.229,1.236,1.213,1.226,66928746,82118494,-0.004870129870129913,3.758,4.654983333333334,-0.7563108725899423
2021-07-06,1.226,1.226,1.195,1.219,84776267,102488711,-0.005709624796084722,3.5510999999999995,4.5934333333333335,-0.7518322475570032
2021-07-07,1.219,1.23,1.215,1.226,80782966,98806543,0.005742411812961423,3.3522999999999996,4.531083333333333,-0.7531709281256291
2021-07-08,1.227,1.228,1.2,1.205,142660500,172647570,-0.01712887438825439,3.15145,4.469883333333333,-0.7529218782038138
2021-07-09,1.202,1.203,1.17,1.181,89057656,105152224,-0.01991701244813282,2.9479499999999996,4.4092666666666664,-0.7548775425487754
2021-07-12,1.182,1.194,1.161,1.188,91338400,108016208,0.005927180355630668,2.7486,4.3479833333333335,-0.7558067831449127
2021-07-13,1.191,1.218,1.19,1.216,134829968,163176832,0.023569023569023573,2.5531,4.28675,-0.7513292433537833
2021-07-14,1.213,1.223,1.198,1.217,129245600,156488829,0.000822368421052655,2.36065,4.226266666666667,-0.748865043334709
2021-07-15,1.216,1.235,1.212,1.233,91369408,112164237,0.013147082990961456,2.1678,4.165416666666666,-0.7475429975429975
2021-07-16,1.232,1.235,1.209,1.214,79473400,96830034,-0.01540957015409583,1.9769,4.102866666666666,-0.7555868733642037
2021-07-19,1.215,1.215,1.19,1.211,81850400,98305874,-0.0024711696869851307,1.7887500000000003,4.0394499999999995,-0.7585725677830941
2021-07-20,1.199,1.214,1.199,1.213,45204633,54622981,0.0016515276630884035,1.5994,3.9752333333333336,-0.7605606000789578
2021-07-21,1.213,1.223,1.199,1.207,109483100,132313792,-0.004946413849958753,1.41305,3.911133333333333,-0.7611320007916089
2021-07-22,1.207,1.213,1.19,1.195,82606192,98958478,-0.009942004971002505,1.2258,3.8455000000000004,-0.7671926748490161
2021-07-23,1.191,1.192,1.163,1.169,167836165,196334951,-0.02175732217573223,1.2212,3.781483333333333,-0.7666666666666666
2021-07-26,1.16,1.161,1.097,1.105,180648169,202385598,-0.054747647562018886,1.2125,3.7156833333333332,-0.7813180288937265
2021-07-27,1.105,1.109,1.059,1.066,212594096,230330889,-0.03529411764705881,1.2028,3.648416666666667,-0.791062328498628
2021-07-28,1.058,1.075,1.03,1.065,133563388,140753395,-0.0009380863039401,1.193,3.5795666666666666,-0.7950346420323325
2021-07-29,1.079,1.089,1.059,1.062,118420000,126568755,-0.0028169014084505895,1.1824999999999999,3.511283333333333,-0.7941461523551075
2021-07-30,1.056,1.056,1.021,1.032,119311600,123087734,-0.02824858757062154,1.1724999999999999,3.4449833333333335,-0.7940119760479042
2021-08-02,1.02,1.082,1.006,1.078,191566900,202227067,0.04457364341085279,1.1651000000000002,3.38065,-0.7816929931146213
2021-08-03,1.074,1.095,1.06,1.094,172127176,186332539,0.014842300556586308,1.15885,3.318216666666667,-0.7739669421487603
2021-08-04,1.093,1.094,1.073,1.08,125830347,135852457,-0.012797074954296161,1.15155,3.2533499999999997,-0.7827835880933226
2021-08-05,1.055,1.088,1.051,1.069,111171614,119114870,-0.010185185185185297,1.14475,3.18745,-0.7871789767071471
2021-08-06,1.064,1.067,1.047,1.063,73578400,77840155,-0.005612722170252549,1.13885,3.1215666666666664,-0.7880781499202552
2021-08-09,1.06,1.104,1.056,1.1,164137332,179083459,0.03480714957666997,1.13445,3.0549666666666666,-0.7841444270015698
2021-08-10,1.102,1.143,1.085,1.142,379900538,427278800,0.038181818181818095,1.13075,2.987366666666667,-0.7803001154290112
2021-08-11,1.136,1.142,1.119,1.122,214322088,241335175,-0.017513134851138146,1.126,2.9194999999999998,-0.783981517135156
2021-08-12,1.112,1.127,1.097,1.099,131824500,146020012,-0.02049910873440297,1.1193,2.8517,-0.787304044900329
2021-08-13,1.095,1.111,1.091,1.104,93496100,102890394,0.0045495905368517775,1.1138,2.7828166666666667,-0.7891922856597289
2021-08-16,1.103,1.113,1.093,1.109,78865900,87211290,0.004528985507246341,1.1087,2.7149,-0.7860725308641976
2021-08-17,1.109,1.109,1.06,1.069,156654200,168906075,-0.03606853020739409,1.1015000000000001,2.6457333333333333,-0.7951714887909561
2021-08-18,1.058,1.075,1.05,1.066,101063301,107422107,-0.002806361085126219,1.09445,2.5738166666666666,-0.8018955584463854
2021-08-19,1.059,1.072,1.046,1.052,151226600,159775141,-0.013133208255159512,1.0873000000000002,2.5019833333333334,-0.803804550540843
2021-08-20,1.033,1.034,0.997,1.008,230856048,233520778,-0.041825095057034245,1.07925,2.4290333333333334,-0.8128133704735376
2021-08-23,1.0,1.021,1.0,1.016,134139802,135983657,0.007936507936507908,1.0748,2.3571,-0.8094523630907726
2021-08-24,1.015,1.038,1.01,1.032,133428808,137220351,0.015748031496062964,1.0731,2.2850833333333336,-0.8072109097702223
2021-08-25,1.033,1.056,1.033,1.043,115230396,120721024,0.010658914728681967,1.0719999999999998,2.2128,-0.8061338289962825
2021-08-26,1.043,1.047,1.016,1.016,109832200,112572366,-0.025886864813039256,1.0697,2.1410833333333334,-0.8089866516262455
2021-08-27,1.014,1.038,1.012,1.017,94414928,96605843,0.0009842519685039353,1.06895,2.0691,-0.809407796101949
2021-08-30,1.02,1.025,0.999,1.016,140178259,141664717,-0.000983284169124743,1.06585,1.9963166666666667,-0.8112576630131897
2021-08-31,1.009,1.024,0.996,1.004,144838433,145519719,-0.011811023622047223,1.06135,1.9237666666666666,-0.8125816688445026
2021-09-01,1.002,1.04,0.98,1.035,230602237,233262713,0.030876494023904355,1.0591,1.8543166666666666,-0.801038062283737
2021-09-02,1.034,1.035,1.011,1.016,193531200,197406469,-0.018357487922705196,1.0564500000000001,1.7842166666666666,-0.8054385292991191
2021-09-03,1.009,1.034,0.996,1.032,215497000,219307920,0.015748031496062964,1.0549000000000002,1.7139,-0.8034660064749571
2021-09-06,1.03,1.064,1.02,1.058,214463644,225454488,0.025193798449612448,1.0528,1.6452833333333332,-0.7955555555555556
2021-09-07,1.055,1.063,1.047,1.06,168885752,178341601,0.001890359168241984,1.0487,1.5775166666666667,-0.7932110807647288
2021-09-08,1.061,1.062,1.043,1.046,203128443,213078433,-0.013207547169811318,1.0449,1.510516666666667,-0.7935254638768259
2021-09-09,1.045,1.054,1.038,1.045,123401000,128910771,-0.0009560229445507717,1.0422,1.4431,-0.7946954813359528
2021-09-10,1.045,1.063,1.042,1.06,204885988,216112330,0.014354066985646119,1.04,1.3769,-0.7893481717011128
2021-09-13,1.058,1.063,1.039,1.046,181897900,190855587,-0.013207547169811318,1.0368499999999998,1.3114333333333335,-0.7897064736630479
2021-09-14,1.044,1.058,1.033,1.033,148619410,155267972,-0.012428298279158811,1.03505,1.2453166666666668,-0.7934
2021-09-15,1.03,1.031,1.009,1.015,193329044,196843780,-0.01742497579864477,1.0325000000000002,1.1800000000000002,-0.7942845561410621
2021-09-16,1.01,1.037,1.005,1.031,242748500,248727271,0.015763546798029493,1.03145,1.11485,-0.7912955465587045
2021-09-17,1.029,1.056,1.014,1.049,264485862,274841584,0.01745877788554795,1.0334999999999999,1.1113166666666667,-0.16812053925455983
2021-09-22,1.037,1.037,1.019,1.024,168737700,173085274,-0.023832221163012313,1.0339,1.1070666666666669,-0.19937451133698192
2021-09-23,1.023,1.044,1.023,1.038,139838300,144386612,0.013671875,1.0342,1.1033666666666666,-0.17619047619047612
2021-09-24,1.038,1.075,1.036,1.07,306295100,325635750,0.030828516377649384,1.03555,1.1001833333333333,-0.15146708961141941
2021-09-27,1.086,1.138,1.086,1.124,414520300,462562097,0.05046728971962611,1.04095,1.0977166666666667,-0.11635220125786161
2021-09-28,1.119,1.119,1.086,1.114,218190100,241195846,-0.008896797153024938,1.0458,1.09575,-0.09577922077922063
2021-09-29,1.102,1.123,1.088,1.118,244766427,271277549,0.0035906642728904536,1.0509,1.09395,-0.08809135399673729
2021-09-30,1.116,1.134,1.112,1.121,207510900,233322188,0.0026833631484792786,1.05675,1.0923166666666666,-0.08039376538146026
2021-10-08,1.127,1.169,1.113,1.156,328590000,379070267,0.031222123104371002,1.0628,1.09115,-0.057096247960848334
2021-10-11,1.168,1.182,1.148,1.16,276406400,321402555,0.0034602076124568004,1.0699999999999998,1.0904,-0.03734439834024905
2021-10-12,1.147,1.163,1.135,1.155,192850542,222006432,-0.004310344827586077,1.07615,1.0899666666666665,-0.02201524132091448
2021-10-13,1.155,1.193,1.149,1.18,293886675,343318411,0.021645021645021467,1.08225,1.0898333333333334,-0.006734006734006703
2021-10-14,1.175,1.19,1.16,1.174,196631567,230669683,-0.005084745762711895,1.08795,1.0891333333333333,-0.03453947368421051
2021-10-15,1.16,1.186,1.153,1.165,166814561,194916208,-0.0076660988074956915,1.0939,1.0882666666666667,-0.042728019720624566
2021-10-18,1.152,1.152,1.111,1.12,320180028,359602255,-0.03862660944205998,1.09765,1.0863833333333333,-0.09164639091646387
2021-10-19,1.114,1.158,1.113,1.157,235307192,269353322,0.03303571428571428,1.1025,1.0854333333333335,-0.04695222405271826
2021-10-20,1.158,1.169,1.141,1.151,137971116,158976830,-0.0051858254105444646,1.10775,1.0844333333333334,-0.04954582989265077
2021-10-21,1.15,1.16,1.14,1.151,116339740,133648118,0.0,1.11365,1.0834000000000001,-0.05111294311624082
2021-10-22,1.152,1.176,1.148,1.167,174288592,202796154,0.013900955690703709,1.12125,1.0827333333333333,-0.03314001657000831
2021-10-25,1.171,1.177,1.156,1.169,146966100,171011545,0.001713796058269157,1.1281500000000002,1.0823,-0.02175732217573223
2021-10-26,1.163,1.169,1.152,1.157,138484200,160639975,-0.010265183917878562,1.13355,1.0821,-0.010265183917878562
2021-10-27,1.149,1.154,1.137,1.144,148102700,169260053,-0.011235955056179914,1.13955,1.08275,0.0352941176470587
2021-10-28,1.141,1.16,1.137,1.154,135940621,156282513,0.00874125874125875,1.14535,1.0842166666666666,0.08255159474671658
2021-10-29,1.16,1.178,1.158,1.176,190378527,223235255,0.01906412478336228,1.15065,1.0860666666666667,0.10422535211267614
2021-11-01,1.157,1.175,1.141,1.162,160301719,185844255,-0.011904761904761862,1.1525500000000002,1.0877333333333334,0.0941619585687381
2021-11-02,1.16,1.176,1.152,1.169,194089131,226246150,0.006024096385542244,1.1553,1.0900166666666666,0.13275193798449614
2021-11-03,1.169,1.18,1.165,1.168,164954577,193333157,-0.0008554319931566301,1.1578,1.0915166666666667,0.08348794063079756
2021-11-04,1.171,1.207,1.168,1.203,370481000,443130159,0.02996575342465757,1.1619,1.0933333333333333,0.09963436928702007
2021-11-05,1.199,1.212,1.191,1.193,256221400,307782867,-0.00831255195344971,1.16375,1.0952166666666665,0.10462962962962963
2021-11-08,1.193,1.196,1.182,1.186,189120100,224646376,-0.005867560771165237,1.1650500000000001,1.0971666666666666,0.10944808231992509
2021-11-09,1.185,1.192,1.175,1.181,136290700,161114749,-0.004215851602023535,1.16635,1.0991333333333333,0.1110065851364066
2021-11-10,1.18,1.181,1.149,1.159,229795497,266375777,-0.018628281117696877,1.1653,1.1001166666666669,0.05363636363636348
2021-11-11,1.152,1.167,1.151,1.164,135600477,157195903,0.004314063848144922,1.1648,1.1004833333333335,0.019264448336252293
2021-11-12,1.168,1.17,1.156,1.156,112809700,131018051,-0.0068728522336769515,1.16435,1.10105,0.030303030303030054
2021-11-15,1.158,1.173,1.156,1.168,183923574,214581194,0.01038062283737018,1.16675,1.1022,0.06278434940855315
2021-11-16,1.175,1.192,1.169,1.186,218069569,258023583,0.015410958904109595,1.1682000000000001,1.1035666666666666,0.07427536231884035
2021-11-17,1.18,1.183,1.168,1.178,126261068,148462425,-0.006745362563237767,1.1695499999999999,1.1047166666666668,0.062218214607754785
2021-11-18,1.176,1.179,1.165,1.174,111383300,130665850,-0.00339558573853993,1.1707,1.1064666666666667,0.09822263797941999
2021-11-19,1.17,1.188,1.168,1.183,138357500,163386709,0.0076660988074959135,1.1715,1.1084166666666666,0.10975609756097571
2021-11-22,1.18,1.195,1.179,1.181,127670200,151321340,-0.0016906170752324368,1.1721,1.1105666666666667,0.12262357414448677
2021-11-23,1.178,1.189,1.173,1.177,96707200,114106169,-0.003386960203217604,1.1730999999999998,1.1133833333333334,0.16765873015873023
2021-11-24,1.178,1.196,1.177,1.189,161263157,191671389,0.010195412064570863,1.17535,1.1162666666666667,0.17027559055118124
2021-11-25,1.189,1.199,1.18,1.185,124737249,148120712,-0.003364171572750263,1.1769,1.1188166666666666,0.1482558139534884
2021-11-26,1.182,1.184,1.172,1.175,94407068,111076884,-0.008438818565400852,1.1768500000000002,1.1210166666666668,0.12655800575263676
2021-11-29,1.167,1.182,1.163,1.182,147053562,172705857,0.005957446808510625,1.1778499999999998,1.1237833333333334,0.16338582677165348
2021-11-30,1.183,1.184,1.156,1.163,140402984,163704920,-0.016074450084602288,1.1775499999999999,1.1262166666666669,0.14355948869223223
2021-12-01,1.166,1.171,1.155,1.161,179770200,208444451,-0.0017196904557179593,1.1772,1.1286333333333334,0.14271653543307083
2021-12-02,1.163,1.173,1.161,1.166,98047500,114480186,0.004306632213608941,1.17535,1.1313333333333333,0.16135458167330663
2021-12-03,1.167,1.2,1.167,1.2,238017463,283321484,0.029159519725557415,1.1757,1.1340833333333333,0.1594202898550725
2021-12-06,1.2,1.202,1.185,1.19,142060700,169245403,-0.008333333333333304,1.1759,1.1369833333333335,0.17125984251968496
2021-12-07,1.189,1.201,1.185,1.195,164740016,196610722,0.004201680672269115,1.1766,1.1397,0.15794573643410859
2021-12-08,1.195,1.224,1.188,1.224,210830300,255402816,0.024267782426778073,1.1798499999999998,1.1424666666666667,0.15689981096408312
2021-12-09,1.224,1.257,1.222,1.241,384926936,479464347,0.013888888888889062,1.1837,1.1454833333333334,0.1707547169811321
2021-12-10,1.237,1.246,1.231,1.239,214892468,265995649,-0.0016116035455278066,1.18785,1.1487,0.1845124282982793
2021-12-13,1.249,1.266,1.241,1.241,192640600,240994786,0.0016142050040355294,1.1915,1.1519666666666668,0.18755980861244037
2021-12-14,1.239,1.255,1.231,1.246,211694700,263962206,0.0040290088638195165,1.1945000000000001,1.1550666666666667,0.1754716981132074
2021-12-15,1.241,1.242,1.221,1.222,167973100,206502786,-0.019261637239165297,1.1967,1.1580000000000001,0.16826003824091762
2021-12-16,1.223,1.225,1.197,1.215,191064900,230978931,-0.005728314238952481,1.19875,1.1610333333333331,0.17618586640851897
2021-12-17,1.213,1.213,1.191,1.191,156490852,187379143,-0.019753086419753152,1.19915,1.1639666666666666,0.1733990147783253
2021-12-20,1.19,1.204,1.187,1.195,160089146,191623788,0.0033585222502099388,1.19985,1.1667,0.15906886517943764
2021-12-21,1.196,1.199,1.184,1.196,155773700,185727919,0.0008368200836819106,1.2007999999999999,1.16915,0.14013346043851294
2021-12-22,1.195,1.205,1.191,1.204,126427000,151728230,0.006688963210702337,1.20155,1.1721499999999998,0.17578125
2021-12-23,1.206,1.225,1.199,1.224,155205500,188536311,0.01661129568106312,1.2035,1.17525,0.17919075144508656
2021-12-24,1.219,1.245,1.219,1.243,253113196,313278480,0.015522875816993631,1.2068999999999999,1.1781333333333335,0.16168224299065415
2021-12-27,1.245,1.25,1.228,1.24,171541966,212384125,-0.002413515687852086,1.2098,1.1800666666666666,0.10320284697508875
2021-12-28,1.241,1.25,1.234,1.24,142362800,176691521,0.0,1.21365,1.1821666666666666,0.11310592459605018
2021-12-29,1.24,1.243,1.196,1.198,221007365,267694064,-0.03387096774193554,1.2155,1.1835,0.07155635062611787
2021-12-30,1.195,1.211,1.195,1.209,154843920,186714233,0.009181969949916713,1.21765,1.1849666666666667,0.07850133809099025
2021-12-31,1.21,1.21,1.195,1.206,134012736,161235145,-0.002481389578163906,1.2179499999999999,1.1858,0.04325259515570945
2022-01-04,1.207,1.219,1.196,1.219,158801900,191787790,0.010779436152570598,1.2194,1.1867833333333333,0.05086206896551748
2022-01-05,1.218,1.23,1.212,1.219,153984577,187978979,0.0,1.2206000000000001,1.18785,0.055411255411255356
2022-01-06,1.213,1.214,1.183,1.195,162456588,194650759,-0.01968826907301069,1.2191500000000002,1.1881,0.01271186440677985
2022-01-07,1.188,1.197,1.176,1.179,105342408,124887950,-0.013389121338912124,1.21605,1.1881833333333334,0.004258943781942248
2022-01-10,1.173,1.189,1.159,1.185,101777892,119850100,0.0050890585241729624,1.21335,1.1885166666666664,0.017167381974249052
2022-01-11,1.183,1.186,1.16,1.163,98042092,114846146,-0.01856540084388192,1.20945,1.1892333333333334,0.03839285714285712
2022-01-12,1.163,1.175,1.16,1.173,134545400,157006547,0.008598452278589797,1.2058,1.1895,0.01382886776145198
2022-01-13,1.174,1.174,1.135,1.139,223551612,256329313,-0.02898550724637683,1.20165,1.1893,-0.010425716768027837
2022-01-14,1.136,1.146,1.125,1.128,137605386,155977432,-0.009657594381036083,1.1973,1.1889166666666668,-0.019982623805386734
2022-01-17,1.127,1.135,1.114,1.135,96503500,108563357,0.006205673758865382,1.1945000000000001,1.1883833333333333,-0.027420736932305068
2022-01-18,1.131,1.146,1.126,1.144,76450300,87190352,0.007929515418502175,1.1919499999999998,1.1879666666666668,-0.021385799828913754
2022-01-19,1.145,1.147,1.128,1.136,98603700,111913480,-0.006993006993006978,1.18895,1.1876166666666668,-0.018150388936905903
2022-01-20,1.135,1.159,1.132,1.155,182799789,210518187,0.01672535211267623,1.1865,1.1878,0.009615384615384803
2022-01-21,1.152,1.164,1.143,1.157,116715433,134978128,0.0017316017316018062,1.18315,1.18785,0.0025996533795495935
2022-01-24,1.146,1.162,1.14,1.145,93270000,107117484,-0.01037165082108904,1.17825,1.1873333333333336,-0.026360544217686965
2022-01-25,1.142,1.147,1.12,1.121,91316891,103669535,-0.020960698689956314,1.1723,1.18665,-0.03528399311531838
2022-01-26,1.12,1.135,1.111,1.135,128818350,145002190,0.012488849241748534,1.1670500000000001,1.1860833333333332,-0.029084687767322537
2022-01-27,1.133,1.144,1.111,1.111,134713900,151603858,-0.02114537444933917,1.1627,1.1851333333333334,-0.048801369863013644
2022-01-28,1.114,1.125,1.101,1.104,108234626,120585120,-0.006300630063006185,1.15745,1.1834833333333334,-0.0822942643391521
2022-02-07,1.111,1.12,1.099,1.107,97597110,108447193,0.0027173913043476716,1.1525,1.18205,-0.0720871751886002
2022-02-08,1.107,1.107,1.071,1.093,135609500,147122027,-0.012646793134598044,1.1461999999999999,1.1804999999999999,-0.07841483979763908
2022-02-09,1.091,1.131,1.089,1.125,324519819,362382990,0.029277218664226945,1.1415,1.1795666666666667,-0.047417442845046565
2022-02-10,1.129,1.139,1.124,1.136,134824200,152565800,0.009777777777777663,1.13855,1.1791833333333333,-0.01984469370146691
2022-02-11,1.13,1.146,1.125,1.127,88056000,100004582,-0.007922535211267512,1.13595,1.1785666666666665,-0.0317869415807559
2022-02-14,1.12,1.138,1.119,1.13,78758700,89071705,0.002661934338952898,1.1332,1.1781333333333335,-0.02249134948096887
2022-02-15,1.129,1.144,1.129,1.142,85603800,97356180,0.010619469026548645,1.13215,1.1777,-0.022260273972602773
2022-02-16,1.142,1.144,1.132,1.141,81120500,92365641,-0.0008756567425568518,1.13055,1.1769500000000002,-0.03794266441821237
2022-02-17,1.14,1.144,1.133,1.14,60357200,68742167,-0.0008764241893077784,1.1305999999999998,1.176316666666667,-0.032258064516129115
2022-02-18,1.135,1.147,1.129,1.147,108281500,123444630,0.006140350877193113,1.13155,1.1758666666666666,-0.022998296422487186
2022-02-21,1.148,1.155,1.14,1.148,67740685,77636480,0.0008718395815168201,1.1321999999999999,1.1752833333333335,-0.0295857988165682
2022-02-22,1.141,1.141,1.117,1.125,72126400,81011011,-0.020034843205574804,1.13125,1.17435,-0.047417442845046565
2022-02-23,1.125,1.131,1.116,1.124,71216600,79931651,-0.000888888888888828,1.13065,1.1734666666666667,-0.04502973661852161
2022-02-24,1.115,1.121,1.084,1.095,120199700,132185192,-0.02580071174377241,1.12765,1.1719,-0.07905803195963002
2022-02-25,1.095,1.112,1.095,1.102,65948000,72775221,0.006392694063926951,1.1248999999999998,1.1705166666666669,-0.07004219409282697
2022-02-28,1.096,1.103,1.087,1.103,74936000,82154936,0.0009074410163338875,1.1228,1.1693166666666666,-0.06127659574468092
2022-03-01,1.105,1.135,1.105,1.135,137286014,154311506,0.02901178603807808,1.1235000000000002,1.1685333333333332,-0.0397631133671742
2022-03-02,1.126,1.128,1.115,1.123,117111400,131523098,-0.010572687224669641,1.1229,1.1678666666666666,-0.03439380911435941
2022-03-03,1.124,1.125,1.1,1.101,103623000,114722725,-0.019590382902938575,1.1224,1.1668666666666667,-0.05167958656330751
2022-03-04,1.095,1.105,1.089,1.097,65058700,71298002,-0.0036330608537693543,1.12205,1.1657166666666667,-0.05917667238421953
2022-03-07,1.086,1.093,1.046,1.056,129097500,137457152,-0.03737465815861429,1.1195,1.1633166666666666,-0.11999999999999988
2022-03-08,1.06,1.072,1.029,1.03,314986654,329423608,-0.024621212121212155,1.1163500000000002,1.16065,-0.134453781512605
2022-03-09,1.031,1.048,0.992,1.03,189722975,194050336,0.0,1.1116,1.1579000000000002,-0.13807531380753135
2022-03-10,1.046,1.055,1.043,1.048,130827445,137204183,0.01747572815533993,1.1072000000000002,1.1549666666666667,-0.14379084967320255
2022-03-11,1.03,1.057,1.028,1.054,100351991,104191973,0.005725190839694694,1.1035499999999998,1.15185,-0.15068493150684936
2022-03-14,1.044,1.044,1.008,1.01,133439000,136583113,-0.04174573055028463,1.09755,1.1480333333333332,-0.18482647296206622
2022-03-15,0.996,1.0,0.957,0.96,189337300,185442453,-0.04950495049504955,1.0884500000000001,1.14335,-0.22643029814665605
2022-03-16,0.97,0.99,0.933,0.981,121703000,117463225,0.02187500000000009,1.08045,1.1389333333333334,-0.2126805778491172
2022-03-17,0.988,1.029,0.988,1.016,100199000,101441208,0.03567787971457692,1.0742500000000001,1.1355,-0.16857610474631746
2022-03-18,1.011,1.025,1.004,1.019,56602618,57391553,0.0029527559055118058,1.06785,1.1322333333333334,-0.16131687242798365
2022-03-21,1.019,1.029,1.01,1.022,98987985,100742193,0.0029440628066732533,1.06155,1.1294166666666667,-0.14189756507136864
2022-03-22,1.014,1.027,1.013,1.019,74899433,76348431,-0.0029354207436400603,1.05625,1.1264833333333333,-0.1472803347280336
2022-03-23,1.024,1.03,1.015,1.022,108148203,110699885,0.0029440628066732533,1.05115,1.1235833333333332,-0.14548494983277582
2022-03-24,1.016,1.018,1.005,1.013,127211758,128446189,-0.008806262230919848,1.04705,1.1204,-0.15863787375415284
2022-03-25,1.007,1.018,0.992,0.995,95388078,95547263,-0.017769002961500413,1.0417,1.1165833333333335,-0.18709150326797386
2022-03-28,0.98,0.983,0.963,0.98,152842726,148614664,-0.015075376884422176,1.03555,1.1122,-0.21158487530168957
2022-03-29,0.979,0.989,0.975,0.977,105075609,103226088,-0.003061224489795955,1.02765,1.1078166666666667,-0.21209677419354844
2022-03-30,0.982,1.009,0.982,1.006,83110242,82654294,0.029682702149437024,1.0218,1.1039166666666667,-0.18870967741935485
2022-03-31,1.003,1.012,0.998,1.003,68001142,68259653,-0.0029821073558649047,1.0169,1.1006666666666665,-0.162771285475793
2022-04-01,0.999,1.028,0.997,1.016,66063927,67086797,0.012961116650050064,1.01285,1.09745,-0.15963606286186938
2022-04-06,1.012,1.018,0.999,1.012,81367600,81898493,-0.003937007874015741,1.01065,1.0942166666666668,-0.16086235489220557
2022-04-07,1.003,1.012,0.99,0.995,77383600,77230037,-0.01679841897233203,1.0089,1.090483333333333,-0.1837571780147662
2022-04-08,0.993,0.999,0.984,0.99,64677000,64031251,-0.005025125628140725,1.0069000000000001,1.0866666666666667,-0.18785890073831013
2022-04-11,0.984,0.985,0.967,0.974,72778400,70936483,-0.016161616161616155,1.0032,1.0829833333333334,-0.1849372384937239
2022-04-12,0.97,1.013,0.97,1.008,128375800,127823088,0.03490759753593431,1.0009000000000001,1.0801333333333332,-0.14503816793893132
2022-04-13,1.003,1.013,0.998,1.002,190029382,191144820,-0.005952380952380931,1.0005,1.0770833333333334,-0.1544303797468355
2022-04-14,1.01,1.047,1.0,1.035,230457171,236933209,0.03293413173652682,1.0042499999999999,1.07495,-0.11006018916595017
2022-04-15,1.029,1.044,1.023,1.036,198275063,205493142,0.0009661835748793202,1.0070000000000001,1.0726666666666667,-0.11679454390451838
2022-04-18,1.025,1.04,1.022,1.04,128742564,132926017,0.0038610038610038533,1.0082,1.0710166666666665,-0.08691834942932397
2022-04-19,1.043,1.054,1.031,1.039,88295924,92018602,-0.0009615384615385691,1.0092,1.0695333333333332,-0.07890070921985815
2022-04-20,1.04,1.061,1.027,1.045,264721347,277242202,0.005774783445620768,1.0103499999999999,1.0680333333333334,-0.07929515418502209
2022-04-21,1.033,1.049,1.016,1.023,179445500,185389437,-0.021052631578947434,1.0105499999999998,1.0660166666666666,-0.10576923076923073
2022-04-22,1.018,1.029,1.0,1.021,144818600,146892801,-0.0019550342130987275,1.0105,1.0641,-0.10123239436619713
2022-04-25,1.001,1.019,0.979,0.981,246733723,246484754,-0.039177277179236025,1.0089000000000001,1.0612,-0.1506493506493507
2022-04-26,0.983,1.008,0.979,0.986,323865537,321218543,0.0050968399592252744,1.0084499999999998,1.0583500000000001,-0.14779602420051863
2022-04-27,0.981,1.012,0.981,1.01,309544015,309761074,0.024340770791074995,1.0099500000000001,1.0561,-0.11790393013100442
2022-04-28,1.008,1.019,1.001,1.012,143051215,144533896,0.001980198019801982,1.0117,1.0542833333333332,-0.09723461195361283
2022-04-29,1.019,1.026,1.002,1.014,321163298,325941718,0.0019762845849802257,1.0121,1.0522666666666667,-0.10660792951541853
2022-05-05,1.014,1.033,1.011,1.016,277047400,283539342,0.0019723865877712132,1.01275,1.0506833333333334,-0.08550855085508546
2022-05-06,1.0,1.0,0.981,0.988,323652950,320205673,-0.0275590551181103,1.01135,1.0487499999999998,-0.10507246376811608
2022-05-09,0.981,0.988,0.97,0.982,108279478,105977968,-0.006072874493927127,1.00985,1.0466666666666666,-0.11291779584462514
2022-05-10,0.972,0.995,0.963,0.992,139390208,137225106,0.010183299389002087,1.0097,1.0449833333333334,-0.09240622140896615
2022-05-11,0.993,1.008,0.99,0.995,110764400,110726459,0.003024193548387011,1.00995,1.0428166666666667,-0.11555555555555552
2022-05-12,0.989,1.009,0.989,1.0,106691700,106662510,0.005025125628140614,1.01125,1.04055,-0.11971830985915488
2022-05-13,1.001,1.009,0.988,0.998,87925272,87548916,-0.0020000000000000018,1.01075,1.0384,-0.11446317657497784
2022-05-16,1.0,1.004,0.984,0.99,167457172,166396721,-0.008016032064128265,1.0101499999999999,1.0360666666666667,-0.12389380530973448
2022-05-17,0.988,0.994,0.985,0.992,150189907,148598437,0.002020202020202033,1.008,1.0335666666666665,-0.13134851138353754
2022-05-18,0.993,0.993,0.975,0.988,125331207,123369340,-0.0040322580645161255,1.0055999999999998,1.0310166666666667,-0.13409290096406667
2022-05-19,0.975,0.98,0.97,0.977,127159374,123783043,-0.011133603238866363,1.00245,1.0283,-0.14298245614035077
2022-05-20,0.977,1.003,0.977,1.002,182783338,181947269,0.025588536335721557,1.0006,1.0258833333333333,-0.1264167393199651
2022-05-23,1.002,1.004,0.992,0.995,119652500,119139020,-0.006986027944111739,0.9981,1.0233333333333334,-0.13327526132404177
2022-05-24,0.998,0.998,0.977,0.986,136032137,133853439,-0.009045226130653283,0.9962500000000001,1.0210166666666667,-0.12355555555555553
2022-05-25,0.98,0.984,0.972,0.983,131582789,128632675,-0.0030425963488843744,0.9943500000000001,1.0186666666666666,-0.1254448398576513
2022-05-26,0.985,0.989,0.971,0.982,172173841,168538841,-0.0010172939979654627,0.9944,1.0167833333333334,-0.10319634703196345
2022-05-27,0.985,0.998,0.977,0.984,150394572,148646939,0.0020366598778003286,0.9943000000000002,1.0148166666666667,-0.10707803992740483
2022-05-30,0.985,1.005,0.985,0.998,161267117,161061302,0.014227642276422703,0.9936999999999999,1.0130666666666666,-0.09519492293744336
2022-05-31,0.998,1.034,0.995,1.025,321938119,329804214,0.027054108216432837,0.9943500000000001,1.0112333333333334,-0.09691629955947145
2022-06-01,1.026,1.03,1.014,1.021,173127717,176612336,-0.0039024390243902474,0.9946999999999999,1.0095333333333334,-0.09082813891362429
2022-06-02,1.015,1.018,1.009,1.014,138028200,139834135,-0.00685602350636616,0.9946000000000002,1.0080833333333332,-0.07901907356948223
2022-06-06,1.013,1.023,0.996,1.023,246704300,250079681,0.008875739644970349,0.99635,1.00685,-0.06745670009115778
2022-06-07,1.022,1.044,1.016,1.034,245788717,254178431,0.010752688172043223,0.99895,1.0064833333333334,-0.02083333333333337
2022-06-08,1.036,1.06,1.032,1.049,280509400,293533153,0.014506769825918697,1.0018,1.0068,0.01844660194174752
2022-06-09,1.047,1.056,1.036,1.039,195010115,203061578,-0.009532888465204947,1.004,1.00695,0.008737864077669855
2022-06-10,1.034,1.053,1.03,1.049,165385621,172082914,0.009624639076034613,1.00645,1.0069666666666666,0.000954198473282375
2022-06-13,1.037,1.046,1.03,1.042,175702540,182202710,-0.006673021925643341,1.0086499999999998,1.0067666666666666,-0.011385199240986688
2022-06-14,1.029,1.057,1.028,1.051,203934991,212982864,0.008637236084452882,1.0117,1.00745,0.04059405940594063
2022-06-15,1.058,1.08,1.049,1.058,243351462,259434245,0.006660323501427312,1.0150000000000001,1.0090833333333333,0.10208333333333353
2022-06-16,1.063,1.08,1.062,1.07,183694446,197009741,0.011342155009451904,1.0191000000000001,1.0105666666666666,0.09072375127421006
2022-06-17,1.064,1.084,1.06,1.082,238964200,256805494,0.01121495327102795,1.02435,1.0116666666666665,0.06496062992125995
2022-06-20,1.09,1.104,1.08,1.095,170199500,185682481,0.012014787430683738,1.029,1.0129333333333332,0.07458292443572145
2022-06-21,1.094,1.102,1.08,1.093,195770000,213443307,-0.0018264840182647957,1.0339,1.0141166666666668,0.06947162426614484
2022-06-22,1.092,1.094,1.08,1.08,167905454,182137958,-0.011893870082342106,1.0386,1.0151333333333334,0.05986261040235541
2022-06-23,1.083,1.092,1.075,1.091,171113529,185576441,0.010185185185185075,1.044,1.0162833333333332,0.06751467710371806
2022-06-24,1.092,1.11,1.089,1.104,136093303,149797891,0.011915673693859041,1.0501,1.0178,0.0898321816386971
2022-06-27,1.114,1.147,1.111,1.136,343100128,389852187,0.02898550724637672,1.0576999999999999,1.0201500000000001,0.1417085427135678
2022-06-28,1.136,1.145,1.132,1.141,222792016,253608564,0.004401408450704247,1.06485,1.0228333333333333,0.16428571428571437
2022-06-29,1.143,1.143,1.117,1.12,224263463,252927751,-0.018404907975460016,1.0695999999999999,1.0252166666666667,0.1463664278403276
2022-06-30,1.126,1.165,1.125,1.156,291713654,335571854,0.03214285714285703,1.0763500000000001,1.0277166666666666,0.14910536779324057
2022-07-01,1.16,1.16,1.138,1.148,311012088,356109296,-0.00692041522491349,1.0830499999999998,1.0301333333333333,0.14456630109670998
2022-07-04,1.148,1.165,1.137,1.163,214126788,246958095,0.013066202090592505,1.09005,1.0325833333333334,0.1446850393700787
2022-07-05,1.164,1.172,1.141,1.161,167742179,193550000,-0.0017196904557179593,1.0964,1.0350666666666666,0.1472332015810276
2022-07-06,1.151,1.152,1.123,1.13,281522400,319957107,-0.02670111972437561,1.10045,1.0373166666666667,0.1356783919597988
2022-07-07,1.128,1.138,1.114,1.13,163678098,184458859,0.0,1.105,1.0396500000000002,0.14141414141414121
2022-07-08,1.135,1.143,1.127,1.133,147615400,167507460,0.0026548672566373277,1.1092,1.0423,0.16324435318275166
2022-07-11,1.13,1.13,1.11,1.122,221978500,248042777,-0.009708737864077555,1.1132000000000002,1.0442,0.11309523809523814
2022-07-12,1.116,1.128,1.102,1.109,205178481,228302875,-0.011586452762923471,1.1160999999999999,1.0459833333333333,0.10678642714570863
2022-07-13,1.111,1.121,1.105,1.114,129386100,143985715,0.004508566275924331,1.1189,1.0473,0.07632850241545919
2022-07-14,1.114,1.118,1.102,1.107,166591900,184665420,-0.006283662477558405,1.12075,1.0484833333333332,0.06853281853281845
2022-07-15,1.107,1.128,1.099,1.103,138295000,154102103,-0.0036133694670280603,1.1218,1.0495333333333332,0.060576923076923084
2022-07-18,1.101,1.106,1.079,1.101,173407100,189685371,-0.0018132366273798661,1.1221,1.0505666666666666,0.059672762271414825
2022-07-19,1.1,1.104,1.085,1.102,159996300,175089544,0.0009082652134424496,1.12255,1.0515166666666667,0.054545454545454675
2022-07-20,1.107,1.114,1.101,1.103,149932488,165957826,0.0009074410163338875,1.1237,1.05285,0.07820136852394932
2022-07-21,1.103,1.108,1.094,1.095,184372200,203367082,-0.0072529465095194645,1.1239000000000001,1.0540833333333335,0.0724779627815868
2022-07-22,1.095,1.104,1.083,1.093,139426784,152335976,-0.0018264840182647957,1.12335,1.05595,0.11416921508664624
2022-07-25,1.093,1.098,1.08,1.097,152915900,166560755,0.0036596523330283404,1.1214,1.0577999999999999,0.11257606490872218
2022-07-26,1.1,1.111,1.097,1.106,116394800,128711685,0.008204193254330194,1.11965,1.0594,0.09504950495049513
2022-07-27,1.104,1.104,1.092,1.093,177835000,194886000,-0.01175406871609419,1.1183,1.0607499999999999,0.08003952569169948
2022-07-28,1.096,1.106,1.09,1.09,136053600,149406346,-0.0027447392497711443,1.115,1.0620166666666668,0.07495069033530588
2022-07-29,1.086,1.092,1.066,1.07,226683674,243818149,-0.01834862385321101,1.1111,1.0629166666666667,0.053149606299212726
2022-08-01,1.07,1.084,1.067,1.077,160077831,172374295,0.0065420560747662115,1.1068,1.0644,0.09008097165991891
2022-08-02,1.069,1.077,1.058,1.064,160824150,171326780,-0.01207056638811499,1.10195,1.0657666666666665,0.0835030549898168
2022-08-03,1.064,1.075,1.054,1.055,152486400,162116628,-0.008458646616541499,1.0981999999999998,1.0668166666666667,0.063508064516129
2022-08-04,1.058,1.074,1.057,1.068,169247815,180310110,0.012322274881516604,1.0951,1.0680333333333332,0.07336683417085443
2022-08-05,1.073,1.084,1.068,1.083,133184100,143484101,0.014044943820224587,1.0926,1.0694166666666665,0.08299999999999996
2022-08-08,1.08,1.087,1.073,1.076,125468200,135294655,-0.006463527239150446,1.0902999999999998,1.0707166666666665,0.07815631262525047
2022-08-09,1.073,1.073,1.061,1.069,97566300,103986405,-0.006505576208178598,1.0883,1.0720333333333334,0.07979797979797976
2022-08-10,1.063,1.069,1.042,1.049,191941264,201578147,-0.018709073900841977,1.08505,1.0729833333333334,0.05745967741935476
2022-08-11,1.052,1.068,1.049,1.068,190248564,201390108,0.018112488083889433,1.0831,1.0743166666666668,0.08097165991902844
2022-08-12,1.065,1.078,1.062,1.074,145237836,155393239,0.00561797752808979,1.08165,1.0759333333333332,0.09928352098259996
2022-08-15,1.068,1.076,1.061,1.065,111143400,118646746,-0.008379888268156499,1.07985,1.0769833333333334,0.06287425149700598
2022-08-16,1.067,1.068,1.058,1.064,126686800,134572228,-0.0009389671361501595,1.07795,1.0781333333333334,0.06934673366834176
2022-08-17,1.066,1.074,1.055,1.07,136673300,145657862,0.005639097744360999,1.0763,1.0795333333333335,0.0851926977687627
2022-08-18,1.068,1.068,1.05,1.052,116370100,122653745,-0.016822429906542036,1.07415,1.0806833333333334,0.07019328585961349
2022-08-19,1.052,1.068,1.048,1.059,119826776,126991564,0.0066539923954371805,1.07245,1.0819666666666667,0.07841140529531554
2022-08-22,1.058,1.069,1.055,1.064,88377776,93974933,0.0047214353163362865,1.0708,1.0833000000000002,0.08130081300813008
2022-08-23,1.064,1.069,1.053,1.054,124369144,131362342,-0.009398496240601517,1.0682,1.0842333333333334,0.05611222444889785
2022-08-24,1.056,1.061,1.048,1.048,181864472,191631997,-0.005692599620493399,1.06595,1.0846166666666668,0.022439024390243922
2022-08-25,1.05,1.069,1.05,1.069,150505202,159861988,0.020038167938931206,1.0649,1.0854166666666667,0.04701273261508332
2022-08-26,1.07,1.092,1.07,1.08,187677100,203208502,0.01028999064546321,1.0654,1.0865166666666666,0.06508875739644981
2022-08-29,1.08,1.09,1.068,1.069,240664702,258636254,-0.010185185185185297,1.065,1.0872833333333332,0.04496578690127073
2022-08-30,1.07,1.072,1.055,1.07,123802585,131763868,0.00093545369504211,1.0653000000000001,1.0878833333333335,0.03481624758220514
2022-08-31,1.066,1.09,1.064,1.081,207471633,223984443,0.010280373831775602,1.0666,1.0884166666666668,0.030505243088655876
2022-09-01,1.078,1.078,1.062,1.063,211597100,226594697,-0.016651248843663313,1.0663500000000001,1.0888166666666665,0.023099133782483072
2022-09-02,1.063,1.066,1.047,1.054,141472000,149061498,-0.008466603951081786,1.0649000000000002,1.0889,0.004766444232602529
2022-09-05,1.051,1.051,1.028,1.037,137040981,141619410,-0.016129032258064613,1.06295,1.0888166666666668,-0.004798464491362897
2022-09-06,1.034,1.044,1.033,1.042,101151500,105049341,0.004821600771456325,1.0615999999999999,1.088666666666667,-0.008563273073263433
2022-09-07,1.035,1.036,1.023,1.028,135679800,139318236,-0.013435700575815779,1.0605499999999999,1.0881666666666665,-0.02835538752362954
2022-09-08,1.028,1.038,1.024,1.025,99072292,102127788,-0.0029182879377432913,1.0584000000000002,1.0874166666666667,-0.04205607476635531
2022-09-09,1.025,1.038,1.021,1.036,141276600,145958203,0.01073170731707318,1.0565,1.08665,-0.04251386321626616
2022-09-13,1.039,1.058,1.037,1.05,142470351,149701163,0.013513513513513598,1.05575,1.0858999999999999,-0.041095890410958846
2022-09-14,1.042,1.051,1.04,1.045,161053400,168206817,-0.004761904761904856,1.0548000000000002,1.0851000000000002,-0.04391582799634042
2022-09-15,1.046,1.056,1.038,1.043,193068300,202228582,-0.00191387559808609,1.0534500000000002,1.0844833333333332,-0.034259259259259434
2022-09-16,1.045,1.048,1.024,1.024,162530400,168254072,-0.01821668264621279,1.05205,1.0833666666666666,-0.06141154903758017
2022-09-19,1.025,1.046,1.02,1.035,181458800,187509966,0.0107421875,1.05085,1.0822166666666668,-0.06250000000000011
2022-09-20,1.038,1.044,1.028,1.04,99751400,103362462,0.004830917874396157,1.0496500000000002,1.0806166666666668,-0.08450704225352101
2022-09-21,1.038,1.04,1.024,1.025,99364500,102254759,-0.014423076923077094,1.0482,1.0786833333333334,-0.10166520595968453
2022-09-22,1.02,1.023,1.01,1.01,98191700,99694887,-0.014634146341463317,1.0463,1.07685,-0.09821428571428581
2022-09-23,1.009,1.02,1.002,1.013,105603500,106801269,0.002970297029702973,1.0435,1.0744666666666665,-0.12370242214532878
2022-09-26,1.005,1.03,1.004,1.016,111962400,114493792,0.0029615004935834577,1.0403,1.0722666666666667,-0.11498257839721249
2022-09-27,1.02,1.053,1.014,1.052,233099973,242206676,0.03543307086614167,1.03945,1.0704166666666668,-0.09544282029234741
2022-09-28,1.051,1.06,1.045,1.046,198416459,208846551,-0.005703422053231932,1.0382500000000001,1.0685,-0.09905254091300597
2022-09-29,1.055,1.063,1.039,1.045,198908500,209365459,-0.0009560229445507717,1.0364499999999999,1.0670833333333334,-0.0752212389380531
2022-09-30,1.043,1.056,1.04,1.042,209822200,219519357,-0.002870813397129135,1.0353999999999999,1.0656166666666667,-0.0778761061946901
2022-10-10,1.041,1.043,1.009,1.011,227771400,233845028,-0.029750479846449296,1.03325,1.0635833333333333,-0.10767872903795239
2022-10-11,1.01,1.017,0.998,1.013,216884981,218701911,0.001978239366963397,1.0320500000000001,1.0617666666666667,-0.09714795008912669
2022-10-12,1.015,1.015,0.984,1.012,210667100,210193820,-0.0009871668311943749,1.0305499999999999,1.06015,-0.08746618575293053
2022-10-13,1.008,1.018,0.998,1.008,133239626,134298223,-0.0039525691699604515,1.02955,1.0583833333333332,-0.09515260323159791
2022-10-14,1.015,1.028,1.01,1.022,125710426,128436800,0.01388888888888884,1.0293999999999999,1.0569666666666668,-0.07678410117434509
2022-10-17,1.02,1.021,1.006,1.018,130515700,132395660,-0.003913894324853229,1.0285,1.05555,-0.07706255666364459
2022-10-18,1.018,1.027,1.006,1.01,162112600,164280902,-0.007858546168958758,1.0265,1.0540333333333334,-0.08265213442325159
2022-10-19,1.005,1.008,0.979,0.982,212920200,210616312,-0.027722772277227747,1.02335,1.0520333333333334,-0.10889292196007272
2022-10-20,0.974,0.995,0.968,0.978,150359823,147443306,-0.004073319755600768,1.0200999999999998,1.04995,-0.11332728921124202
2022-10-21,0.976,0.976,0.96,0.967,118505177,114797979,-0.011247443762781195,1.0172500000000002,1.0478166666666666,-0.11689497716894981
2022-10-24,0.96,0.96,0.916,0.923,273358500,254884042,-0.04550155118924504,1.01165,1.0449833333333334,-0.15553522415370535
2022-10-25,0.914,0.931,0.912,0.92,152320190,140116881,-0.00325027085590468,1.00565,1.0420333333333334,-0.16134913400182305
2022-10-26,0.925,0.934,0.908,0.911,227813500,209294869,-0.009782608695652173,0.9999499999999999,1.0387833333333334,-0.17631103074141052
2022-10-27,0.907,0.914,0.884,0.887,199357000,178839074,-0.02634467618002201,0.9937999999999999,1.03535,-0.18847209515096064
2022-10-28,0.88,0.883,0.86,0.864,161873040,141037123,-0.025930101465614475,0.9863500000000001,1.0315833333333333,-0.20733944954128447
2022-10-31,0.852,0.865,0.842,0.856,134066300,114579715,-0.0092592592592593,0.97835,1.0280166666666666,-0.20000000000000007
2022-11-01,0.855,0.907,0.855,0.904,306198605,271473317,0.05607476635514019,0.97095,1.0251333333333335,-0.16063138347260908
2022-11-02,0.901,0.931,0.895,0.916,366318400,335743789,0.01327433628318575,0.9644499999999999,1.0226666666666666,-0.13909774436090228
2022-11-03,0.906,0.91,0.899,0.906,121617500,110089705,-0.01091703056768556,0.9575000000000001,1.0201833333333332,-0.14123222748815156
2022-11-04,0.902,0.95,0.902,0.943,268309092,251525491,0.04083885209713012,0.9525499999999999,1.0181,-0.11704119850187278
2022-11-07,0.936,0.953,0.93,0.948,203433105,192149231,0.005302226935312904,0.9494,1.01585,-0.1246537396121884
2022-11-08,0.945,0.954,0.927,0.932,142268989,133057447,-0.016877637130801593,0.94535,1.01345,-0.13382899628252787
2022-11-09,0.932,0.936,0.917,0.919,209487399,192817186,-0.013948497854077258,0.9407000000000002,1.01095,-0.14031805425631427
2022-11-10,0.913,0.933,0.912,0.928,203020700,188046255,0.009793253536452662,0.9366999999999999,1.0089333333333335,-0.11534795042897983
2022-11-11,0.955,0.961,0.937,0.953,261253400,248144222,0.0269396551724137,0.9332499999999999,1.0070166666666667,-0.10767790262172294
2022-11-14,0.954,0.968,0.942,0.945,150516338,143505394,-0.008394543546694666,0.9296,1.0048666666666668,-0.12011173184357549
2022-11-15,0.945,0.969,0.939,0.961,154202200,147330400,0.01693121693121702,0.9271499999999999,1.0031333333333334,-0.09765258215962436
2022-11-16,0.962,0.973,0.956,0.96,196291067,189597581,-0.0010405827263267886,0.92605,1.0014,-0.09774436090225569
2022-11-17,0.96,0.965,0.949,0.959,112930212,107876785,-0.0010416666666667185,0.9251000000000001,0.9995499999999999,-0.10373831775700948
2022-11-18,0.96,0.964,0.953,0.954,180665400,173021413,-0.005213764337851923,0.9244499999999999,0.9979166666666667,-0.09315589353612175
2022-11-21,0.946,0.946,0.927,0.938,173945600,162217712,-0.016771488469601747,0.9252,0.9959,-0.1142587346553352
2022-11-22,0.935,0.95,0.932,0.936,131209700,123008759,-0.00213219616204674,0.9259999999999999,0.9937666666666666,-0.12030075187969924
2022-11-23,0.935,0.936,0.925,0.929,155395800,144567780,-0.007478632478632452,0.9269000000000001,0.9916833333333334,-0.11859582542694491
2022-11-24,0.935,0.938,0.921,0.923,106046000,98208896,-0.006458557588805203,0.9287000000000001,0.9895999999999999,-0.1192748091603053
2022-11-25,0.923,0.928,0.915,0.923,123620600,114015911,0.0,0.93165,0.9871666666666666,-0.13657623947614583
2022-11-28,0.909,0.926,0.894,0.924,215363050,195958157,0.0010834236186347823,0.93505,0.9845666666666666,-0.1444444444444445
2022-11-29,0.93,0.96,0.93,0.953,268665200,254459309,0.031385281385281294,0.9375,0.9826333333333334,-0.10851262862488309
2022-11-30,0.953,0.963,0.947,0.955,251662498,240360561,0.0020986358866736943,0.9394500000000001,0.9807166666666666,-0.10747663551401876
2022-12-01,0.983,0.998,0.975,0.982,380859995,376275753,0.028272251308900653,0.9432499999999999,0.9790666666666666,-0.09158186864014795
2022-12-02,0.982,0.994,0.978,0.987,177213003,174701129,0.005091649694501044,0.9454500000000001,0.9778,-0.07149576669802438
2022-12-05,1.001,1.007,0.994,1.003,275092764,275427743,0.016210739614994862,0.9482000000000002,0.9769500000000001,-0.04838709677419373
2022-12-06,0.999,1.04,0.996,1.021,244775563,250734513,0.017946161515453696,0.9526499999999999,0.9766833333333333,-0.015429122468659573
2022-12-07,1.021,1.043,1.014,1.026,492208935,505776050,0.004897159647404559,0.9579999999999999,0.9764166666666667,-0.015355086372360827
2022-12-08,1.026,1.026,1.014,1.018,212217800,216297062,-0.007797270955165692,0.9625,0.97625,-0.009727626459143934
2022-12-09,1.02,1.042,1.009,1.04,281330204,289121018,0.0216110019646365,0.9668500000000002,0.9764999999999999,0.014634146341463428
2022-12-12,1.04,1.043,1.024,1.025,170244266,175741496,-0.014423076923077094,0.9708500000000001,0.9763166666666666,-0.010617760617760763
2022-12-13,1.024,1.042,1.02,1.039,207839755,214817627,0.013658536585365866,0.9747499999999999,0.9761333333333333,-0.010476190476190639
2022-12-14,1.04,1.06,1.031,1.059,224137681,235257866,0.019249278152069227,0.9796999999999999,0.9763666666666666,0.013397129186602852
2022-12-15,1.064,1.066,1.043,1.045,188083350,197569512,-0.013220018885741314,0.984,0.9763999999999999,0.0019175455417066445
2022-12-16,1.04,1.051,1.037,1.049,137175300,143214165,0.00382775119617218,0.9887500000000001,0.9768166666666666,0.0244140625
2022-12-19,1.049,1.055,1.031,1.036,177914800,185029660,-0.012392755004766332,0.9936499999999999,0.9768333333333333,0.0009661835748793202
2022-12-20,1.032,1.033,0.996,1.002,234317499,236763442,-0.032818532818532864,0.99695,0.9762000000000001,-0.03653846153846152
2022-12-21,1.002,1.021,1.002,1.012,301057200,305247474,0.009980039920159722,1.0011,0.9759833333333334,-0.012682926829268193
2022-12-22,1.022,1.046,1.019,1.033,211105400,218243139,0.02075098814229248,1.0066,0.9763666666666667,0.022772277227722793
2022-12-23,1.031,1.046,1.021,1.036,153211939,158670233,0.0029041626331076653,1.01225,0.9767499999999999,0.022704837117472954
2022-12-26,1.037,1.044,1.024,1.026,148448600,153552293,-0.009652509652509633,1.01735,0.9769166666666667,0.009842519685039353
2022-12-27,1.036,1.05,1.03,1.046,212514439,221580267,0.01949317738791434,1.0219999999999998,0.9768166666666667,-0.005703422053231932
2022-12-28,1.044,1.045,1.035,1.041,134853400,140161645,-0.004780114722753415,1.0263,0.9767333333333333,-0.004780114722753415
2022-12-29,1.031,1.035,1.024,1.028,153751900,158381131,-0.012487992315081575,1.0286,0.97645,-0.016267942583731987
2022-12-30,1.035,1.045,1.031,1.044,191559800,199030775,0.015564202334630295,1.03145,0.9764833333333333,0.0019193857965451588
2023-01-03,1.044,1.044,1.017,1.025,301610665,309015721,-0.01819923371647525,1.03255,0.9767166666666666,0.013847675568743778
2023-01-04,1.026,1.032,1.018,1.024,170313400,174689759,-0.0009756097560974508,1.0327,0.9769,0.010858835143139345
2023-01-05,1.027,1.062,1.027,1.058,344697700,362544938,0.033203125,1.0343,0.9776666666666666,0.045454545454545414
2023-01-06,1.06,1.062,1.047,1.058,244298952,257851464,0.0,1.0363,0.9785,0.04960317460317465
2023-01-09,1.06,1.077,1.052,1.074,228407500,243567069,0.01512287334593565,1.038,0.9793666666666666,0.050880626223092085
2023-01-10,1.075,1.084,1.067,1.079,266445300,287275185,0.004655493482309092,1.0407,0.9803833333333334,0.05992141453831046
2023-01-11,1.074,1.082,1.066,1.074,231909900,249395595,-0.004633920296570837,1.04245,0.98145,0.06336633663366342
2023-01-12,1.077,1.079,1.064,1.068,225096900,240604469,-0.005586592178770999,1.0429,0.9828833333333333,0.08757637474541768
2023-01-13,1.069,1.097,1.068,1.097,297927595,323845623,0.027153558052434468,1.0455,0.9848666666666667,0.12167689161554196
2023-01-16,1.097,1.133,1.097,1.119,399499038,447862260,0.020054694621695512,1.049,0.9873999999999999,0.15718717683557393
2023-01-17,1.117,1.125,1.103,1.107,429220836,477118155,-0.01072386058981234,1.05255,0.9904666666666666,0.19934994582881904
2023-01-18,1.111,1.12,1.095,1.097,227053500,250421586,-0.009033423667569984,1.0573000000000001,0.9934166666666667,0.19239130434782603
2023-01-19,1.095,1.098,1.083,1.093,214982200,234382427,-0.003646308113035568,1.0613499999999998,0.99645,0.199780461031833
2023-01-20,1.1,1.108,1.09,1.091,206131900,225987023,-0.0018298261665141702,1.06425,0.99985,0.22998872604284104
2023-01-30,1.112,1.115,1.098,1.102,309725367,342249389,0.010082493125572967,1.06755,1.0038166666666666,0.275462962962963
2023-01-31,1.103,1.112,1.08,1.083,254097967,277223872,-0.017241379310344973,1.0704,1.0076,0.26518691588785037
2023-02-01,1.085,1.093,1.072,1.092,167981300,182098091,0.008310249307479367,1.0727,1.0107333333333333,0.2079646017699115
2023-02-02,1.092,1.102,1.083,1.097,194211800,212255925,0.0045787545787545625,1.0755000000000001,1.0137500000000002,0.19759825327510905
2023-02-03,1.09,1.09,1.075,1.086,238507178,258010643,-0.010027347310847645,1.0784,1.01675,0.19867549668874185
2023-02-06,1.07,1.074,1.054,1.067,436180576,464121966,-0.017495395948434744,1.07955,1.0188166666666667,0.1314952279957582
2023-02-07,1.067,1.076,1.063,1.068,376460024,402019211,0.0009372071227742307,1.0817,1.0208166666666665,0.12658227848101267
2023-02-08,1.07,1.072,1.056,1.059,143731256,152661726,-0.008426966292134908,1.08345,1.0229333333333335,0.13626609442060067
2023-02-09,1.056,1.081,1.056,1.078,203477570,218681210,0.01794145420207749,1.08445,1.0255833333333333,0.17301414581066377
2023-02-10,1.082,1.087,1.073,1.08,163079500,176067873,0.0018552875695732052,1.08555,1.0281166666666666,0.1637931034482758
2023-02-13,1.079,1.11,1.078,1.104,216223164,237863840,0.022222222222222143,1.08705,1.0306333333333333,0.1584470094438617
2023-02-14,1.111,1.111,1.097,1.1,152691035,168200481,-0.0036231884057971175,1.0881,1.0332166666666667,0.16402116402116418
2023-02-15,1.101,1.107,1.09,1.093,197267900,216142515,-0.00636363636363646,1.08905,1.0354166666666667,0.1373569198751301
2023-02-16,1.091,1.11,1.084,1.091,214704300,235916524,-0.0018298261665141702,1.0902,1.0376,0.13645833333333335
2023-02-17,1.091,1.108,1.085,1.085,235575300,258870042,-0.005499541704857891,1.0896,1.0397,0.13138686131386867
2023-02-20,1.084,1.106,1.076,1.104,242723700,264713472,0.017511520737327313,1.08885,1.0422,0.1572327044025159
2023-02-21,1.104,1.107,1.093,1.098,218009200,239472198,-0.005434782608695676,1.0884,1.0448666666666666,0.17057569296375275
2023-02-22,1.099,1.109,1.092,1.101,179424332,197498181,0.002732240437158362,1.0886,1.0476166666666666,0.1762820512820511
2023-02-23,1.101,1.105,1.084,1.09,133101708,145456491,-0.009990917347865502,1.0884500000000001,1.0503,0.17330462863293872
2023-02-24,1.088,1.089,1.072,1.079,196014100,211532987,-0.010091743119266194,1.08785,1.0529,0.16901408450704225
2023-02-27,1.072,1.09,1.07,1.086,165864790,179489999,0.006487488415199305,1.08705,1.0556166666666666,0.1765980498374864
2023-02-28,1.087,1.094,1.078,1.089,132806400,144082869,0.0027624309392264568,1.08735,1.0583666666666667,0.17857142857142838
2023-03-01,1.09,1.099,1.081,1.098,137193400,149981505,0.00826446280991755,1.08765,1.0607833333333334,0.15215110178384061
2023-03-02,1.097,1.098,1.09,1.093,101339700,110881075,-0.004553734061930936,1.08745,1.0630833333333334,0.14450261780104712
2023-03-03,1.096,1.103,1.082,1.089,176867000,192753570,-0.0036596523330283404,1.0876,1.0648666666666666,0.1089613034623218
2023-03-06,1.09,1.093,1.077,1.085,159306690,173021040,-0.0036730945821854544,1.0885,1.0665,0.09929078014184389
2023-03-07,1.083,1.085,1.061,1.062,187796107,201232912,-0.021198156682027514,1.0882,1.0674833333333331,0.05882352941176494
2023-03-08,1.061,1.064,1.05,1.054,188919700,199168306,-0.007532956685499026,1.08795,1.0680333333333332,0.032321253672869865
2023-03-09,1.053,1.059,1.039,1.05,115214400,121015822,-0.003795066413662229,1.0865500000000001,1.0684333333333333,0.023391812865497075
2023-03-10,1.044,1.05,1.034,1.034,185029700,192335620,-0.015238095238095273,1.08425,1.0687,0.015717092337917515
2023-03-13,1.032,1.054,1.032,1.054,143938215,150937548,0.01934235976789167,1.08175,1.0689333333333333,0.013461538461538414
2023-03-14,1.053,1.058,1.044,1.053,144632200,152350966,-0.0009487666034156961,1.0794000000000001,1.0694000000000001,0.02731707317073173
2023-03-15,1.058,1.063,1.044,1.046,121269315,127643222,-0.006647673314339908,1.07705,1.0695166666666667,0.00673724735322434
2023-03-16,1.04,1.052,1.035,1.035,140620100,146366605,-0.01051625239005749,1.0742500000000001,1.0691166666666667,-0.022662889518413665
2023-03-17,1.044,1.048,1.023,1.028,169083100,174713265,-0.006763285024154464,1.0714000000000001,1.0688333333333333,-0.016267942583731987
2023-03-20,1.028,1.03,1.008,1.013,204449615,207338391,-0.014591439688716124,1.06685,1.0682333333333334,-0.03431839847473783
2023-03-21,1.016,1.038,1.012,1.033,152707175,156918815,0.019743336623889496,1.0635999999999999,1.0681833333333335,-0.0028957528957530565
2023-03-22,1.037,1.045,1.03,1.033,147598400,153096265,0.0,1.0602,1.0687,0.03093812375249483
2023-03-23,1.028,1.045,1.028,1.039,163135500,169277190,0.0058083252662148865,1.05765,1.06915,0.02667984189723316
2023-03-24,1.039,1.047,1.034,1.038,144542100,150385454,-0.0009624639076033503,1.0555999999999999,1.0692333333333333,0.004840271055179146
2023-03-27,1.038,1.04,1.029,1.035,120629500,124649240,-0.0028901734104047616,1.05305,1.0692166666666667,-0.0009652509652510188
2023-03-28,1.037,1.053,1.034,1.049,147510800,154231489,0.01352657004830915,1.0510499999999998,1.0696,0.022417153996101336
2023-03-29,1.052,1.056,1.044,1.051,125466792,131725339,0.0019065776930409228,1.0487,1.0696833333333333,0.004780114722753304
2023-03-30,1.05,1.065,1.047,1.062,125122403,132255714,0.010466222645099998,1.04715,1.0700333333333334,0.02017291066282434
2023-03-31,1.068,1.082,1.063,1.066,158772593,170281417,0.0037664783427495685,1.046,1.0706666666666667,0.03696498054474717
2023-04-03,1.066,1.072,1.059,1.064,135644757,144524870,-0.0018761726078799779,1.04495,1.0710000000000002,0.019157088122605304
2023-04-04,1.068,1.076,1.061,1.074,260616800,278705498,0.009398496240601517,1.04555,1.0718166666666666,0.04780487804878075
2023-04-06,1.067,1.075,1.054,1.058,140859298,149380764,-0.014897579143389184,1.04575,1.0723833333333335,0.033203125
2023-04-07,1.058,1.063,1.048,1.052,271335501,285778410,-0.005671077504725952,1.0458500000000002,1.0722833333333335,-0.005671077504725952
2023-04-10,1.051,1.051,1.028,1.041,176655500,182991940,-0.010456273764258617,1.0462,1.072,-0.016068052930056864
2023-04-11,1.04,1.042,1.026,1.029,129062900,133102773,-0.011527377521613813,1.04495,1.07125,-0.04189944134078227
2023-04-12,1.029,1.033,1.004,1.01,228530000,231384761,-0.01846452866861026,1.0428,1.0701,-0.06394810009267837
2023-04-13,1.006,1.015,1.0,1.011,138917400,140099223,0.000990099009900991,1.0410499999999998,1.06905,-0.05865921787709516
2023-04-14,1.012,1.015,1.001,1.003,127517600,128328174,-0.007912957467853587,1.03945,1.0679666666666667,-0.06086142322097399
2023-04-17,1.004,1.017,1.004,1.012,139031500,140464186,0.008973080757726848,1.03865,1.0665499999999999,-0.07748404740200543
2023-04-18,1.014,1.022,1.012,1.019,195817311,199187866,0.006916996047430679,1.0389499999999998,1.0648833333333334,-0.08936550491510287
2023-04-19,1.025,1.025,1.007,1.01,183213100,185371090,-0.008832188420019538,1.0378,1.0632666666666666,-0.08762420957542905
2023-04-20,1.01,1.011,0.996,0.999,183220100,183623492,-0.0108910891089109,1.0360999999999998,1.0616333333333334,-0.08933454876937097
2023-04-21,0.997,1.007,0.992,0.994,135141500,135038208,-0.005005005005005003,1.03385,1.0599833333333335,-0.09057639524245198
2023-04-24,0.992,0.993,0.971,0.976,170351234,166678414,-0.01810865191146882,1.03075,1.0580666666666667,-0.10540788267644363
2023-04-25,0.975,0.987,0.972,0.987,170253311,166773563,0.01127049180327866,1.02835,1.0561500000000001,-0.10435571687840295
2023-04-26,0.986,0.988,0.975,0.984,178728300,175453943,-0.003039513677811523,1.0251000000000001,1.0545,-0.09141274238227148
2023-04-27,0.984,0.996,0.978,0.991,123478500,121782174,0.007113821138211351,1.0221,1.0528166666666665,-0.0924908424908426
2023-04-28,0.994,1.007,0.994,1.002,495160300,495970521,0.011099899091826515,1.0191,1.0512333333333332,-0.08659981768459435
2023-05-04,1.002,1.01,0.989,0.989,156980100,156472106,-0.012974051896207595,1.01525,1.0496166666666666,-0.08931860036832417
2023-05-05,0.992,0.996,0.984,0.995,135436900,134316440,0.006066734074823055,1.0118,1.0484166666666668,-0.0674789128397375
2023-05-08,0.995,1.0,0.984,0.987,148515100,146690202,-0.008040201005025116,1.00745,1.0470666666666666,-0.0758426966292135
2023-05-09,0.983,0.997,0.977,0.987,155864543,153966892,0.0,1.0039000000000002,1.0458666666666665,-0.06798866855524077
2023-05-10,0.984,0.986,0.977,0.981,198975500,194875241,-0.006079027355623157,1.0003499999999999,1.0442500000000001,-0.08998144712430434
2023-05-11,0.981,0.989,0.976,0.978,81630100,80096517,-0.003058103975535187,0.9972000000000001,1.04255,-0.09444444444444455
2023-05-12,0.977,0.986,0.971,0.971,110398300,107806787,-0.007157464212678932,0.9943,1.0403333333333333,-0.12047101449275377
2023-05-15,0.97,0.977,0.964,0.977,109616200,106359372,0.006179196704428458,0.99265,1.0382833333333334,-0.11181818181818193
2023-05-16,0.98,0.98,0.967,0.971,103406343,100340496,-0.0061412487205732,0.9906500000000001,1.03625,-0.11161939615736505
2023-05-17,0.969,0.97,0.958,0.961,135328543,130101638,-0.01029866117404743,0.98855,1.0340833333333332,-0.11915673693858841
2023-05-18,0.96,0.965,0.948,0.951,163563700,156285052,-0.010405827263267442,0.9855,1.03185,-0.12350230414746544
2023-05-19,0.949,0.961,0.94,0.96,129676643,123574789,0.009463722397476282,0.9825500000000001,1.02945,-0.1304347826086958
2023-05-22,0.959,0.982,0.95,0.978,232172600,226002468,0.018750000000000044,0.98095,1.02745,-0.10928961748633892
2023-05-23,0.977,0.981,0.967,0.967,129742300,126132804,-0.011247443762781195,0.9793499999999999,1.0252166666666667,-0.12170753860127159
2023-05-24,0.966,0.966,0.954,0.954,113294500,108842027,-0.013443640124095158,0.97735,1.02295,-0.12477064220183498
2023-05-25,0.952,0.952,0.94,0.946,128985300,121974046,-0.008385744234800874,0.97585,1.0207333333333333,-0.12326227988878591
2023-05-26,0.946,0.953,0.938,0.945,176280000,166316563,-0.0010570824524313016,0.9737500000000001,1.0183833333333332,-0.12983425414364647
2023-05-29,0.945,0.95,0.93,0.938,199187100,186494545,-0.007407407407407418,0.9714499999999999,1.0158666666666667,-0.1386593204775023
2023-05-30,0.936,0.938,0.918,0.928,162207500,150172381,-0.010660980810234477,0.9682999999999999,1.0130333333333332,-0.15482695810564662
2023-05-31,0.925,0.926,0.906,0.912,165903900,151444734,-0.017241379310344862,0.9638,1.0100166666666666,-0.1655992680695333
2023-06-01,0.909,0.931,0.906,0.917,173123000,158975930,0.005482456140350811,0.9602,1.00715,-0.1579430670339761
2023-06-02,0.919,0.935,0.914,0.933,182413300,169062380,0.017448200654307522,0.9571,1.0046166666666665,-0.1400921658986174
2023-06-05,0.931,0.933,0.915,0.921,189057900,173968293,-0.012861736334405127,0.9538,1.0022666666666666,-0.13276836158192096
2023-06-06,0.918,0.929,0.913,0.918,106557700,98121942,-0.0032573289902280145,0.9503499999999999,0.9999999999999999,-0.12903225806451613
2023-06-07,0.919,0.923,0.906,0.91,133661700,122040677,-0.008714596949891074,0.9468,0.9976666666666667,-0.1333333333333333
2023-06-08,0.906,0.923,0.906,0.919,151923600,139001155,0.009890109890109855,0.94385,0.9957499999999999,-0.11121856866537716
2023-06-09,0.919,0.922,0.914,0.917,127756000,117254782,-0.0021762785636560977,0.94115,0.9934666666666666,-0.1299810246679317
2023-06-12,0.914,0.943,0.913,0.937,155537200,144582345,0.021810250817884347,0.9391499999999999,0.9915333333333334,-0.11016144349477675
2023-06-13,0.939,0.948,0.933,0.941,335141300,315260803,0.004268943436499306,0.9376499999999999,0.9897833333333333,-0.10038240917782038
2023-06-14,0.944,0.961,0.942,0.955,214378044,204942541,0.014877789585547196,0.93735,0.9884499999999999,-0.07729468599033817
2023-06-15,0.959,0.97,0.954,0.97,177048600,170334853,0.015706806282722585,0.9382999999999999,0.9874833333333334,-0.05642023346303504
2023-06-16,0.975,0.981,0.967,0.974,377770011,368254904,0.004123711340206171,0.9389999999999998,0.9868333333333333,-0.038499506416584284
2023-06-19,0.974,0.979,0.956,0.962,247539900,238950748,-0.012320328542094416,0.9381999999999999,0.98565,-0.06873184898354301
2023-06-20,0.958,0.964,0.951,0.952,183665661,175733487,-0.010395010395010451,0.9374500000000001,0.9843,-0.07841239109390119
2023-06-21,0.953,0.955,0.941,0.941,402789537,382116831,-0.011554621848739455,0.9368000000000001,0.9826666666666666,-0.09432146294513954
2023-06-26,0.938,0.938,0.92,0.927,171171598,158639682,-0.014877789585547196,0.93585,0.9808166666666668,-0.10693641618497107
2023-06-27,0.928,0.936,0.921,0.932,182107300,169127607,0.005393743257820827,0.9352,0.9791,-0.09951690821256032
2023-06-28,0.93,0.939,0.926,0.935,164320000,153247266,0.0032188841201716833,0.93505,0.9772,-0.10867492850333638
2023-06-29,0.934,0.936,0.923,0.925,168286200,156168234,-0.010695187165775444,0.9349000000000001,0.9751,-0.11988582302568973
2023-06-30,0.926,0.932,0.921,0.926,196223800,181870087,0.00108108108108107,0.9356,0.9728333333333333,-0.128060263653484
2023-07-03,0.926,0.944,0.921,0.944,259141400,243166148,0.01943844492440605,0.9369499999999998,0.9708000000000001,-0.11444652908067554
2023-07-04,0.943,0.948,0.934,0.948,111711200,105175695,0.004237288135593209,0.9376999999999999,0.9688666666666668,-0.10902255639097758
2023-07-05,0.948,0.948,0.928,0.93,161754700,150804099,-0.018987341772151778,0.9381499999999999,0.9664666666666667,-0.13407821229050276
2023-07-06,0.929,0.936,0.921,0.924,111229500,103076725,-0.006451612903225823,0.9384500000000001,0.9642333333333333,-0.1266540642722117
2023-07-07,0.922,0.929,0.917,0.926,139235700,128650240,0.0021645021645022577,0.93925,0.9621333333333333,-0.11977186311787069
2023-07-10,0.93,0.936,0.924,0.929,114143550,106024060,0.003239740820734305,0.9397500000000001,0.9602666666666667,-0.1075888568683957
2023-07-11,0.933,0.933,0.922,0.927,122616000,113413158,-0.0021528525296017342,0.94025,0.9585666666666666,-0.09912536443148678
2023-07-12,0.928,0.934,0.925,0.929,111975700,104183807,0.0021574973031284195,0.9398500000000001,0.9572166666666667,-0.08019801980198016
2023-07-13,0.934,0.954,0.933,0.952,187752000,177626105,0.02475780409041972,0.9404000000000001,0.9562333333333333,-0.05835806132542032
2023-07-14,0.955,0.956,0.943,0.946,111046600,105292619,-0.006302521008403339,0.93995,0.9552833333333333,-0.05682951146560311
2023-07-17,0.946,0.946,0.935,0.943,118999700,111601846,-0.003171247357293905,0.9386000000000001,0.9541333333333334,-0.06818181818181823
2023-07-18,0.94,0.942,0.935,0.935,162681600,152395978,-0.008483563096500446,0.93665,0.9527333333333332,-0.08243375858684976
2023-07-19,0.934,0.939,0.93,0.934,174152000,162513330,-0.0010695187165775666,0.9352500000000001,0.9514666666666667,-0.0752475247524752
2023-07-20,0.937,0.947,0.932,0.934,208269200,195739088,0.0,0.93435,0.9503833333333332,-0.06506506506506504
2023-07-21,0.936,0.957,0.934,0.952,302290837,286491628,0.01927194860813697,0.9349000000000001,0.9496833333333332,-0.04225352112676062
2023-07-24,0.949,0.949,0.935,0.938,224561963,211018852,-0.014705882352941235,0.93545,0.94905,-0.03893442622950827
2023-07-25,0.954,0.97,0.954,0.969,403599352,389188950,0.03304904051172719,0.9372999999999999,0.94875,-0.01823708206686936
2023-07-26,0.966,0.971,0.962,0.968,248992248,240462763,-0.0010319917440660964,0.93895,0.9484833333333333,-0.016260162601625994
2023-07-27,0.97,0.983,0.965,0.974,275706820,269013995,0.006198347107438051,0.9414,0.9482,-0.017154389505549927
2023-07-28,0.973,0.996,0.969,0.993,322907500,318521717,0.019507186858316317,0.94475,0.9480500000000001,-0.008982035928143728
2023-07-31,1.001,1.022,0.994,1.0,381951012,384922718,0.007049345417925457,0.94755,0.9482333333333334,0.011122345803842304
2023-08-01,1.0,1.004,0.983,0.987,471496190,466528579,-0.013000000000000012,0.9495000000000001,0.9480999999999999,-0.008040201005025116
2023-08-02,0.985,0.992,0.976,0.982,238484600,234216061,-0.005065856129685908,0.9521000000000001,0.9480166666666666,-0.005065856129685908
2023-08-03,0.98,0.989,0.974,0.988,186429900,183103590,0.006109979633401208,0.9552999999999999,0.9480333333333334,0.0010131712259371373
2023-08-04,0.999,1.006,0.985,0.987,233195495,231233464,-0.0010121457489878916,0.95835,0.9481333333333333,0.006116207951070374
2023-08-07,0.986,0.987,0.974,0.979,185594400,181725159,-0.008105369807497431,0.96085,0.9481499999999999,0.0010224948875254825
2023-08-08,0.978,0.982,0.969,0.979,213838352,208628233,0.0,0.9634499999999999,0.9482833333333333,0.008238928939237944
2023-08-09,0.976,0.98,0.973,0.977,174461540,170258863,-0.002042900919305368,0.96585,0.9482833333333333,0.0
2023-08-10,0.978,0.979,0.969,0.976,151150080,147193998,-0.0010235414534288667,0.9670499999999999,0.9483666666666667,0.005149330587023604
2023-08-11,0.978,0.979,0.956,0.957,206746352,199291176,-0.01946721311475408,0.9676,0.9483,-0.004162330905306932
2023-08-14,0.95,0.952,0.933,0.946,198493335,186772767,-0.011494252873563204,0.96775,0.9482166666666667,-0.00525762355415349
2023-08-15,0.944,0.947,0.935,0.942,135654700,127596987,-0.0042283298097252064,0.9681000000000001,0.9479166666666666,-0.018750000000000044
2023-08-16,0.938,0.946,0.936,0.938,137785000,129730378,-0.00424628450106157,0.9682999999999999,0.94725,-0.04089979550102252
2023-08-17,0.936,0.955,0.931,0.954,183989792,173807824,0.017057569296375252,0.9692999999999999,0.9470333333333334,-0.013443640124095158
2023-08-18,0.951,0.953,0.934,0.934,138389092,130332969,-0.020964360587002018,0.9683999999999999,0.9467,-0.020964360587002018
2023-08-21,0.931,0.94,0.925,0.927,163351600,152338127,-0.007494646680942241,0.96785,0.9463833333333334,-0.020084566596194398
2023-08-22,0.93,0.934,0.914,0.925,144766585,133439641,-0.0021574973031284195,0.9656499999999999,0.9460500000000001,-0.021164021164021052
2023-08-23,0.923,0.927,0.912,0.912,131343300,120684720,-0.014054054054054022,0.9628500000000001,0.9456166666666667,-0.02771855010660973
2023-08-24,0.914,0.933,0.91,0.929,151315015,139717618,0.018640350877193068,0.9606,0.9456333333333333,0.0010775862068965747
2023-08-25,0.925,0.934,0.925,0.929,162499615,150963431,0.0,0.9574,0.9459166666666667,0.018640350877193068
2023-08-28,0.97,0.975,0.924,0.929,226619863,213757436,0.0,0.9538500000000001,0.9461166666666667,0.013086150490730697
2023-08-29,0.928,0.944,0.92,0.941,192048990,179549771,0.012917115177610183,0.9515499999999999,0.9462500000000001,0.00857449088960327
2023-08-30,0.939,0.946,0.935,0.938,172313886,162019100,-0.0031880977683315104,0.9493499999999999,0.9465333333333333,0.01845819761129186
2023-08-31,0.935,0.936,0.929,0.933,147956567,137929618,-0.005330490405117128,0.9466000000000001,0.9467833333333334,0.016339869281045694
2023-09-01,0.938,0.947,0.937,0.944,252434100,238144053,0.011789924973204524,0.94445,0.94735,0.03736263736263723
2023-09-04,0.949,0.964,0.947,0.962,242332762,232105380,0.019067796610169552,0.9436,0.9480666666666667,0.04678998911860721
2023-09-05,0.963,0.963,0.95,0.953,147626000,140863011,-0.009355509355509328,0.9423,0.9486666666666667,0.03925845147219187
2023-09-06,0.952,0.953,0.945,0.95,125020500,118636460,-0.0031479538300105414,0.94095,0.9488833333333333,0.01387406616862319
2023-09-07,0.949,0.949,0.935,0.939,187402300,176226849,-0.011578947368421022,0.9391,0.94885,-0.002125398512221044
2023-09-08,0.936,0.939,0.927,0.932,167726600,156216729,-0.007454739084131967,0.9378500000000001,0.9484666666666667,-0.02408376963350778
2023-09-11,0.932,0.945,0.929,0.941,122618800,115035367,0.009656652360514828,0.9376,0.9479833333333333,-0.02989690721649485
2023-09-12,0.941,0.946,0.937,0.942,138620755,130678644,0.0010626992561104665,0.9376000000000001,0.94745,-0.03285420944558526
2023-09-13,0.942,0.95,0.935,0.939,194446185,182862517,-0.0031847133757961776,0.93765,0.9470666666666666,-0.023908523908523938
2023-09-14,0.941,0.944,0.931,0.937,101598300,95159362,-0.0021299254526090383,0.9367999999999999,0.9468166666666666,-0.015756302521008347
2023-09-15,0.938,0.942,0.926,0.929,206854200,193349691,-0.008537886872998945,0.9365500000000001,0.9466166666666668,-0.012752391073326153
2023-09-18,0.927,0.937,0.921,0.935,153055700,142589781,0.006458557588805203,0.9369500000000001,0.94675,0.008629989212513456
2023-09-19,0.935,0.936,0.926,0.933,92988100,86478922,-0.002139037433155133,0.93735,0.9467666666666668,0.0010729613733906351
2023-09-20,0.932,0.936,0.928,0.931,91790367,85650247,-0.002143622722400873,0.9382999999999999,0.9467,-0.004278074866310155
2023-09-21,0.929,0.93,0.914,0.914,176329200,162233011,-0.018259935553168627,0.9375500000000001,0.9465166666666668,-0.011891891891891881
2023-09-22,0.914,0.933,0.912,0.932,158843716,146875815,0.01969365426695835,0.9377000000000001,0.9466166666666667,0.00647948164146861
2023-09-25,0.933,0.933,0.925,0.927,144215200,133907978,-0.005364806866952843,0.9376,0.9463333333333334,-0.018008474576271083
2023-09-26,0.928,0.931,0.92,0.921,128078600,118260901,-0.006472491909385147,0.9366,0.9458833333333333,-0.028481012658227778
2023-09-27,0.919,0.931,0.919,0.924,156000774,143996063,0.0032573289902280145,0.9359000000000002,0.9457833333333333,-0.006451612903225823
2023-09-28,0.925,0.927,0.909,0.911,163896476,149576546,-0.01406926406926412,0.9347999999999999,0.9455666666666666,-0.01406926406926412
2023-10-09,0.91,0.91,0.893,0.904,126678400,114030953,-0.007683863885839748,0.9328,0.9452,-0.023758099352051865
2023-10-10,0.904,0.915,0.898,0.9,118540167,107166431,-0.004424778761061954,0.9297000000000001,0.9447166666666666,-0.031216361679225035
2023-10-11,0.904,0.908,0.899,0.901,163351000,147339889,0.0011111111111110628,0.9271,0.9442833333333334,-0.028047464940668898
2023-10-12,0.905,0.91,0.9,0.905,124164704,112228832,0.004439511653718142,0.92485,0.9438833333333334,-0.0258342303552207
2023-10-13,0.901,0.901,0.885,0.888,180079508,160282350,-0.018784530386740328,0.9223000000000001,0.9428166666666667,-0.0672268907563025
2023-10-16,0.888,0.889,0.874,0.875,147046700,129272338,-0.014639639639639657,0.91945,0.9416333333333334,-0.07505285412262153
2023-10-17,0.876,0.881,0.87,0.88,106945439,93902364,0.005714285714285783,0.9164,0.9405833333333333,-0.06680805938494161
2023-10-18,0.878,0.887,0.875,0.877,133066445,117063754,-0.003409090909090917,0.9131499999999999,0.9396166666666667,-0.06203208556149742
2023-10-19,0.875,0.875,0.848,0.85,216899700,185835971,-0.030786773090079822,0.9087,0.9382166666666667,-0.08993576017130633
2023-10-20,0.847,0.855,0.841,0.844,136340767,115458709,-0.007058823529411784,0.9040500000000001,0.9367166666666668,-0.09635974304068529
2023-10-23,0.843,0.855,0.836,0.842,182664000,153868867,-0.0023696682464454666,0.8996999999999999,0.9348833333333334,-0.11554621848739499
2023-10-24,0.844,0.851,0.836,0.847,132644221,111977317,0.005938242280284944,0.8953000000000001,0.9333666666666667,-0.09701492537313428
2023-10-25,0.858,0.872,0.858,0.864,161822351,140122991,0.02007083825265643,0.89185,0.9316166666666666,-0.10835913312693501
2023-10-26,0.862,0.873,0.86,0.872,145319919,126044395,0.0092592592592593,0.8888999999999999,0.9300166666666667,-0.09917355371900827
2023-10-27,0.871,0.894,0.868,0.89,142036802,125558113,0.020642201834862428,0.8876999999999999,0.9286166666666666,-0.08624229979466114
2023-10-30,0.891,0.905,0.889,0.901,335875912,302242192,0.012359550561797716,0.88615,0.9270833333333334,-0.09264853977844911
2023-10-31,0.902,0.906,0.897,0.905,173634569,156660838,0.004439511653718142,0.88505,0.9254999999999999,-0.09499999999999997
2023-11-01,0.929,0.935,0.912,0.914,297923729,273821491,0.009944751381215422,0.8847000000000002,0.9242833333333333,-0.07396149949341435
2023-11-02,0.911,0.918,0.904,0.905,133175630,120974152,-0.009846827133479175,0.8837499999999998,0.923,-0.07841140529531565
2023-11-03,0.903,0.915,0.9,0.913,215346829,196400287,0.008839779005524795,0.88385,0.92175,-0.07591093117408898
2023-11-06,0.917,0.919,0.905,0.912,201261800,182984822,-0.0010952902519167917,0.8842500000000001,0.9205000000000001,-0.07598784194528874
2023-11-07,0.91,0.912,0.903,0.908,113349876,102875336,-0.004385964912280715,0.8846499999999999,0.9193166666666668,-0.07252298263534218
2023-11-08,0.907,0.911,0.9,0.906,115695700,104675004,-0.0022026431718061845,0.8849,0.9181000000000001,-0.07456588355464755
2023-11-09,0.905,0.91,0.902,0.906,102053924,92460270,0.0,0.8849500000000001,0.9169166666666667,-0.07267144319344931
2023-11-10,0.905,0.905,0.896,0.899,110251165,99193072,-0.007726269315673329,0.8855000000000001,0.9156333333333334,-0.07889344262295073
2023-11-13,0.9,0.902,0.888,0.895,162933500,145482763,-0.004449388209121219,0.8865000000000001,0.9146,-0.06478578892371989
2023-11-14,0.894,0.902,0.891,0.896,95750100,85763630,0.0011173184357542443,0.8873000000000001,0.9137666666666667,-0.052854122621564414
2023-11-15,0.9,0.903,0.897,0.901,114902600,103439146,0.005580357142857206,0.8885000000000002,0.9130833333333334,-0.04352441613588098
2023-11-16,0.9,0.902,0.89,0.891,81963500,73279027,-0.011098779134295245,0.89055,0.9123,-0.05010660980810222
2023-11-17,0.89,0.892,0.882,0.888,90864699,80445660,-0.0033670033670033517,0.89275,0.9111999999999999,-0.0691823899371069
2023-11-20,0.888,0.897,0.882,0.893,120296600,106977700,0.005630630630630629,0.8953,0.9105166666666666,-0.043897216274089934
2023-11-21,0.895,0.908,0.892,0.904,141368100,127689018,0.012318029115341522,0.89815,0.9101333333333333,-0.02481121898597627
2023-11-22,0.902,0.904,0.897,0.898,125493600,112982926,-0.006637168141592875,0.8998500000000001,0.9096833333333333,-0.029189189189189224
2023-11-23,0.897,0.899,0.891,0.898,96786300,86635995,0.0,0.90115,0.90945,-0.015350877192982448
2023-11-24,0.898,0.901,0.895,0.899,110687293,99470437,0.00111358574610243,0.9016,0.9089500000000001,-0.0322927879440259
2023-11-27,0.899,0.899,0.885,0.892,183791600,163525446,-0.007786429365962189,0.9011500000000001,0.9083333333333333,-0.03982777179763186
2023-11-28,0.89,0.894,0.886,0.889,78482700,69777854,-0.0033632286995515237,0.9003500000000001,0.9076666666666667,-0.04305705059203446
2023-11-29,0.889,0.89,0.881,0.887,105375900,93375405,-0.0022497187851518996,0.899,0.9067666666666667,-0.057385759829968075
2023-11-30,0.887,0.894,0.884,0.892,113952500,101422948,0.005636978579481422,0.8983500000000001,0.906,-0.049040511727078795
2023-12-01,0.892,0.893,0.875,0.879,112046800,98791307,-0.014573991031390121,0.89665,0.9051000000000001,-0.05787781350482324
2023-12-04,0.879,0.879,0.871,0.874,83988500,73557730,-0.005688282138794132,0.8947499999999999,0.9039333333333333,-0.07415254237288127
2023-12-05,0.872,0.873,0.857,0.857,135151500,117350437,-0.0194508009153318,0.8922000000000001,0.9021833333333333,-0.10914760914760913
2023-12-06,0.856,0.869,0.853,0.865,106985000,92189747,0.009334889148191472,0.8901499999999999,0.9007166666666666,-0.0923399790136411
2023-12-07,0.865,0.865,0.854,0.86,117386800,100753427,-0.005780346820809301,0.88785,0.8992166666666666,-0.09473684210526312
2023-12-08,0.861,0.866,0.858,0.861,116183900,100195513,0.0011627906976743319,0.8859499999999999,0.8979166666666667,-0.08306709265175716
2023-12-11,0.856,0.858,0.837,0.856,183622480,155323210,-0.005807200929152101,0.884,0.89665,-0.0815450643776825
2023-12-12,0.855,0.859,0.85,0.859,0,0,0.003504672897196359,0.8821499999999999,0.8952833333333333,-0.08714133900106269
2023-12-13,0.86,0.86,0.833,0.834,145592200,122354678,-0.029103608847497076,0.8788,0.8934833333333334,-0.1146496815286624
2023-12-14,0.835,0.84,0.822,0.823,131693600,109143504,-0.013189448441247031,0.8754,0.8915500000000001,-0.12353567625133122
2023-12-15,0.824,0.837,0.822,0.826,179777583,148569834,0.0036452004860267895,0.8722999999999999,0.8897,-0.1184631803628603
2023-12-18,0.824,0.827,0.816,0.823,0,0,-0.003631961259079941,0.8687999999999999,0.8879333333333332,-0.11410118406889136
2023-12-19,0.823,0.825,0.816,0.821,93926000,76973215,-0.002430133657351119,0.8646499999999999,0.8860333333333333,-0.1219251336898397
2023-12-20,0.823,0.824,0.811,0.811,102280900,83538876,-0.012180267965895109,0.8603,0.884,-0.13076098606645226
2023-12-21,0.811,0.824,0.808,0.822,123203600,100713631,0.013563501849568338,0.8564999999999999,0.8821833333333333,-0.11707841031149313
2023-12-22,0.822,0.829,0.816,0.824,118730100,97666585,0.0024330900243310083,0.85275,0.8806833333333334,-0.09846827133479219
2023-12-25,0.825,0.83,0.822,0.83,81566200,67411657,0.00728155339805836,0.8496499999999999,0.8789833333333334,-0.10944206008583701
2023-12-26,0.83,0.831,0.82,0.825,140880200,116118385,-0.0060240963855421326,0.8464499999999999,0.8772833333333332,-0.11003236245954706
2023-12-27,0.825,0.833,0.821,0.83,108969300,90208818,0.0060606060606061,0.8436,0.8757666666666667,-0.09880564603691644
2023-12-28,0.831,0.859,0.83,0.855,160212935,135835022,0.030120481927710774,0.8417499999999999,0.8746166666666666,-0.07467532467532478
2023-12-29,0.855,0.86,0.848,0.853,131379300,112095334,-0.002339181286549752,0.84045,0.87365,-0.06366630076838642
2024-01-02,0.85,0.853,0.838,0.839,93408628,78656141,-0.016412661195779665,0.8386999999999999,0.8725666666666666,-0.07190265486725667
2024-01-03,0.837,0.844,0.829,0.834,112353300,93617022,-0.005959475566150174,0.8375499999999999,0.8714666666666667,-0.07333333333333336
2024-01-04,0.834,0.834,0.816,0.819,154851600,127013780,-0.017985611510791366,0.8352499999999999,0.8701,-0.09100998890122092
2024-01-05,0.819,0.825,0.811,0.814,104143700,85275639,-0.006105006105006083,0.83295,0.8685833333333333,-0.1005524861878454
2024-01-08,0.814,0.816,0.8,0.8,137987800,111139142,-0.017199017199017064,0.8299,0.8671166666666666,-0.09909909909909909
2024-01-09,0.802,0.806,0.795,0.802,123692971,99051931,0.0024999999999999467,0.8272,0.8659,-0.08342857142857141
2024-01-10,0.801,0.812,0.795,0.805,133294100,107108522,0.0037406483790523026,0.8244999999999999,0.8646499999999999,-0.08522727272727271
2024-01-11,0.803,0.814,0.8,0.81,100806200,81510636,0.006211180124223503,0.8233,0.8635333333333333,-0.07639680729760545
2024-01-12,0.809,0.815,0.803,0.806,109788600,88917055,-0.004938271604938316,0.8224499999999999,0.8628,-0.051764705882352824
2024-01-15,0.807,0.811,0.8,0.802,80092500,64409299,-0.00496277915632759,0.8212499999999998,0.8621,-0.04976303317535535
2024-01-16,0.8,0.807,0.797,0.805,108606400,87025573,0.0037406483790523026,0.82035,0.8614833333333334,-0.04394299287410919
2024-01-17,0.803,0.804,0.784,0.784,132756100,105266119,-0.026086956521739202,0.8185,0.8604333333333333,-0.07438016528925617
2024-01-18,0.783,0.795,0.77,0.795,178963900,139231717,0.014030612244897878,0.8177,0.8592833333333334,-0.07986111111111105
2024-01-19,0.794,0.8,0.788,0.795,100679400,80020609,0.0,0.8163499999999999,0.8580000000000001,-0.08830275229357798
2024-01-22,0.797,0.797,0.773,0.777,142165600,111646945,-0.02264150943396226,0.8140000000000001,0.8561166666666667,-0.12696629213483146
2024-01-23,0.777,0.785,0.77,0.778,154442000,119852246,0.0012870012870012104,0.8114000000000001,0.8540666666666666,-0.13651498335183132
2024-01-24,0.779,0.785,0.764,0.784,129919500,100687507,0.007712082262210762,0.80935,0.8520500000000001,-0.13370165745856355
2024-01-25,0.785,0.796,0.778,0.795,136882600,107966516,0.014030612244897878,0.8076000000000001,0.8500666666666667,-0.13019693654266962
2024-01-26,0.8,0.8,0.788,0.793,100666100,79785146,-0.002515723270440251,0.8045,0.8482000000000001,-0.12375690607734802
2024-01-29,0.793,0.809,0.792,0.798,115505600,92550897,0.006305170239596425,0.80175,0.8462833333333333,-0.12595837897042717
2024-01-30,0.795,0.795,0.777,0.778,101365700,79481898,-0.02506265664160401,0.7987,0.84405,-0.14692982456140347
2024-01-31,0.777,0.78,0.766,0.771,109362108,84493138,-0.00899742930591263,0.7955500000000001,0.8417666666666667,-0.15088105726872247
2024-02-01,0.77,0.778,0.764,0.774,89141500,68819746,0.0038910505836575737,0.7933000000000001,0.8395666666666666,-0.14569536423841056
2024-02-02,0.772,0.788,0.752,0.774,192500037,148662959,0.0,0.7913000000000001,0.8373666666666666,-0.14569536423841056
2024-02-05,0.772,0.787,0.754,0.779,249346100,193012092,0.006459948320413522,0.7902500000000001,0.8353666666666667,-0.13348164627363734
2024-02-06,0.778,0.811,0.774,0.81,166109400,132538819,0.03979460847240057,0.7906500000000001,0.8339500000000001,-0.0949720670391061
2024-02-07,0.811,0.828,0.803,0.828,192840861,157570871,0.022222222222222143,0.7918000000000001,0.8328166666666666,-0.0758928571428572
2024-02-08,0.829,0.837,0.816,0.825,140994700,116215147,-0.0036231884057971175,0.7925500000000001,0.83155,-0.08435072142064381
2024-02-19,0.833,0.836,0.817,0.827,127439604,105101874,0.00242424242424244,0.7936,0.8304833333333334,-0.07182940516273861
2024-02-20,0.822,0.826,0.816,0.821,68531400,56209952,-0.00725513905683195,0.79455,0.8293666666666667,-0.07545045045045051
2024-02-21,0.82,0.855,0.816,0.846,165142900,138769950,0.030450669914738215,0.7966,0.8285833333333333,-0.052631578947368474
2024-02-22,0.845,0.85,0.839,0.848,96081700,81152922,0.0023640661938533203,0.7998000000000001,0.82765,-0.06194690265486735
2024-02-23,0.849,0.857,0.843,0.849,101118094,85834760,0.001179245283018826,0.8025,0.8268333333333333,-0.054565701559020074
2024-02-26,0.851,0.853,0.838,0.84,86461449,72869103,-0.010600706713780883,0.80475,0.8258666666666666,-0.06458797327394217
2024-02-27,0.838,0.843,0.835,0.842,77305800,64853296,0.0023809523809523725,0.808,0.8249166666666666,-0.06340378197997776
2024-02-28,0.843,0.85,0.834,0.834,139197400,117256649,-0.009501187648456089,0.8108000000000001,0.8239500000000001,-0.06502242152466375
2024-02-29,0.835,0.849,0.832,0.848,121291757,102060935,0.016786570743405393,0.8140000000000001,0.8232666666666667,-0.04611923509561311
2024-03-01,0.849,0.851,0.839,0.846,121254300,102581473,-0.002358490566037763,0.81655,0.8225833333333333,-0.04622322435174753
2024-03-04,0.846,0.846,0.836,0.841,108773113,91311831,-0.005910165484633523,0.8189500000000001,0.8217333333333333,-0.05717488789237668
2024-03-05,0.839,0.855,0.837,0.854,116327700,98615748,0.015457788347205792,0.82175,0.8213166666666666,-0.028441410693970437
2024-03-06,0.851,0.852,0.84,0.843,119906404,101184704,-0.012880562060889944,0.825,0.8208000000000001,-0.035469107551487467
2024-03-07,0.843,0.849,0.839,0.84,88422500,74579456,-0.003558718861209953,0.8284499999999999,0.8205166666666667,-0.019836639439906656
2024-03-08,0.838,0.843,0.83,0.834,99988600,83647395,-0.0071428571428571175,0.83145,0.8200000000000001,-0.03583815028901738
2024-03-11,0.836,0.852,0.834,0.852,117815300,99516737,0.021582733812949728,0.8353499999999998,0.8198666666666666,-0.009302325581395321
2024-03-12,0.852,0.878,0.85,0.875,154321300,133783086,0.02699530516431925,0.8401499999999998,0.8200999999999999,0.016260162601626105
2024-03-13,0.878,0.878,0.862,0.867,76167700,66186736,-0.00914285714285712,0.843,0.8202833333333335,0.012850467289719614
2024-03-14,0.862,0.874,0.86,0.864,86357046,74727066,-0.0034602076124568004,0.8448,0.8203666666666667,0.005820721769499437
2024-03-15,0.863,0.871,0.86,0.867,69967100,60480360,0.003472222222222321,0.8469,0.8209166666666666,0.03956834532374098
2024-03-18,0.866,0.87,0.859,0.87,78399500,67870483,0.0034602076124568004,0.8490499999999999,0.8217,0.05710814094775207
2024-03-19,0.869,0.886,0.867,0.88,132707806,116768306,0.011494252873563315,0.852,0.8225999999999999,0.06537530266343827
2024-03-20,0.878,0.882,0.873,0.878,85139600,74792249,-0.002272727272727315,0.8535999999999999,0.8235166666666667,0.06682867557715677
2024-03-21,0.88,0.889,0.878,0.885,114737914,101360409,0.007972665148063829,0.8554499999999999,0.8245833333333333,0.07795371498172976
2024-03-22,0.885,0.886,0.861,0.866,148040500,128422280,-0.021468926553672385,0.8562999999999998,0.8255,0.06781750924784213
2024-03-25,0.866,0.868,0.857,0.862,74578900,64342174,-0.004618937644341847,0.8573999999999999,0.8261666666666667,0.048661800486617945
2024-03-26,0.86,0.873,0.86,0.871,93467100,81167610,0.010440835266821269,0.85885,0.82695,0.05703883495145634
2024-03-27,0.871,0.872,0.86,0.86,102247100,88587315,-0.012629161882893203,0.86015,0.82745,0.03614457831325302
2024-03-28,0.86,0.87,0.854,0.86,85785100,73886949,0.0,0.8607499999999998,0.8280333333333334,0.042424242424242475
2024-03-29,0.86,0.865,0.857,0.865,67018500,57711620,0.005813953488372103,0.8617000000000001,0.8286166666666667,0.04216867469879526
2024-04-01,0.867,0.888,0.866,0.882,174971400,154313991,0.01965317919075149,0.8637500000000001,0.8290666666666666,0.03157894736842115
2024-04-02,0.882,0.883,0.873,0.876,76234274,66841923,-0.006802721088435382,0.86485,0.82945,0.02696365767878084
2024-04-03,0.876,0.883,0.873,0.88,114989644,100960611,0.004566210045662045,0.8667,0.8301333333333333,0.04886769964243154
2024-04-08,0.878,0.878,0.855,0.855,142702799,122579074,-0.02840909090909094,0.86745,0.8304833333333334,0.02517985611510798
2024-04-09,0.852,0.858,0.848,0.855,70493517,60101027,0.0,0.8684999999999998,0.8310833333333334,0.04395604395604402
2024-04-10,0.855,0.855,0.839,0.843,95278900,80493456,-0.01403508771929829,0.86805,0.8315666666666668,0.03562653562653573
2024-04-11,0.84,0.843,0.836,0.839,79713762,66923054,-0.004744958481613271,0.8662500000000002,0.8322166666666667,0.04874999999999985
2024-04-12,0.84,0.846,0.825,0.825,85864500,71557382,-0.016686531585220488,0.8641500000000001,0.8325999999999999,0.02867830423940143
2024-04-15,0.823,0.849,0.823,0.848,116878300,98147889,0.027878787878787836,0.86335,0.8333166666666666,0.05341614906832293
2024-04-16,0.848,0.849,0.838,0.84,99836600,84285919,-0.009433962264150941,0.8619999999999999,0.8338166666666668,0.03703703703703698
2024-04-17,0.839,0.845,0.836,0.845,81312800,68313523,0.005952380952380931,0.86075,0.8344666666666666,0.048387096774193505
2024-04-18,0.842,0.858,0.837,0.85,203949000,173500089,0.00591715976331364,0.85925,0.8352666666666667,0.05985037406483773
2024-04-19,0.85,0.85,0.836,0.842,67861000,57104052,-0.009411764705882342,0.8574499999999998,0.8358833333333333,0.045962732919254456
2024-04-22,0.843,0.865,0.843,0.859,89941300,77021861,0.020190023752969077,0.8561500000000001,0.8371333333333334,0.09566326530612246
2024-04-23,0.859,0.866,0.854,0.865,242903000,209510107,0.006984866123399325,0.8561,0.8383,0.08805031446540879
2024-04-24,0.863,0.868,0.854,0.863,97200200,83630442,-0.0023121387283236983,0.8561499999999999,0.8394333333333334,0.08553459119496853
2024-04-25,0.862,0.864,0.855,0.861,91061500,78323063,-0.002317497103128674,0.85565,0.8408333333333332,0.10810810810810811
2024-04-26,0.862,0.877,0.861,0.873,112854500,98324681,0.013937282229965264,0.8563000000000001,0.8424166666666666,0.12210796915167088
2024-04-29,0.88,0.888,0.868,0.879,103369500,90798288,0.0068728522336769515,0.85725,0.844,0.12117346938775508
2024-04-30,0.883,0.89,0.878,0.88,140981700,124584705,0.0011376564277587597,0.858,0.8454166666666666,0.10691823899371067
2024-05-06,0.889,0.905,0.889,0.898,105212800,94473198,0.020454545454545503,0.8587999999999999,0.8471666666666666,0.1324085750315258
2024-05-07,0.905,0.905,0.89,0.899,86751293,77847731,0.00111358574610243,0.8599500000000001,0.8488500000000001,0.12656641604010033
2024-05-08,0.899,0.902,0.894,0.9,88373000,79386538,0.0011123470522802492,0.8609500000000001,0.8508833333333333,0.15681233933161942
2024-05-09,0.898,0.904,0.896,0.903,85252700,76801275,0.0033333333333334103,0.86335,0.8530833333333333,0.1712062256809339
2024-05-10,0.904,0.91,0.895,0.9,76263500,68743880,-0.0033222591362126463,0.8656,0.8551833333333333,0.16279069767441867
2024-05-13,0.894,0.895,0.887,0.893,80145073,71456627,-0.007777777777777772,0.8681000000000001,0.8571666666666666,0.1537467700258397
2024-05-14,0.892,0.899,0.889,0.894,195866200,175146965,0.0011198208286673506,0.8708499999999999,0.8590833333333332,0.1476251604621308
2024-05-15,0.894,0.897,0.885,0.885,187298400,166380791,-0.010067114093959773,0.87385,0.8603333333333333,0.09259259259259256
2024-05-16,0.885,0.895,0.881,0.89,293696700,261349199,0.005649717514124353,0.8759500000000001,0.8613666666666667,0.07487922705314021
2024-05-17,0.889,0.903,0.888,0.903,127129435,113913815,0.014606741573033766,0.8791,0.8626666666666666,0.09454545454545471
2024-05-20,0.904,0.92,0.903,0.912,106766812,97462747,0.009966777408637828,0.8824500000000001,0.8640833333333333,0.10278113663845234
2024-05-21,0.912,0.916,0.904,0.91,60725784,55179678,-0.002192982456140302,0.88545,0.8655666666666666,0.10840438489646775
2024-05-22,0.911,0.912,0.899,0.903,69859800,63120027,-0.007692307692307665,0.8885000000000002,0.8665166666666667,0.06737588652482285
2024-05-23,0.902,0.906,0.89,0.893,57262100,51223130,-0.011074197120708784,0.8901999999999999,0.8672666666666667,0.05306603773584917
2024-05-24,0.892,0.895,0.882,0.883,93179300,82780131,-0.011198208286674172,0.8911000000000001,0.8678333333333333,0.04004711425206131
2024-05-27,0.883,0.888,0.88,0.888,68985400,60976172,0.005662514156285381,0.8923500000000001,0.8686333333333333,0.05714285714285716
2024-05-28,0.888,0.888,0.876,0.876,67259300,59155126,-0.013513513513513487,0.8931000000000001,0.8692,0.04038004750593838
2024-05-29,0.876,0.883,0.874,0.876,48653700,42710151,0.0,0.8932499999999999,0.8698999999999999,0.05035971223021596
2024-05-30,0.877,0.877,0.864,0.866,57590100,50023117,-0.011415525114155223,0.8926000000000001,0.8702,0.021226415094339535
2024-05-31,0.866,0.871,0.863,0.866,54142100,46935029,0.0,0.8919,0.8705333333333333,0.023640661938534313
2024-06-03,0.865,0.871,0.861,0.867,61159300,52899428,0.0011547344110853786,0.89035,0.8709666666666667,0.030915576694411362
2024-06-04,0.867,0.876,0.862,0.874,78324600,68284666,0.008073817762399127,0.8891,0.8713,0.023419203747072626
2024-06-05,0.873,0.876,0.864,0.866,66544500,57818473,-0.009153318077803174,0.8874000000000001,0.8716833333333333,0.027283511269276417
2024-06-06,0.866,0.867,0.855,0.859,92870800,79721925,-0.008083140877598205,0.8852,0.872,0.02261904761904754
2024-06-07,0.859,0.868,0.848,0.851,69590400,59416090,-0.0093131548311991,0.88275,0.8722833333333333,0.020383693045563644
2024-06-11,0.849,0.849,0.834,0.837,70165100,58854144,-0.016451233842538215,0.87995,0.8720333333333333,-0.017605633802816878
2024-06-12,0.84,0.843,0.836,0.837,48049300,40309103,0.0,0.8771000000000001,0.8714,-0.04342857142857148
2024-06-13,0.839,0.839,0.82,0.823,65125100,53796402,-0.016726403823178027,0.874,0.8706666666666666,-0.0507497116493657
2024-06-14,0.823,0.831,0.812,0.831,113511600,93160748,0.009720534629404698,0.87105,0.8701166666666666,-0.03819444444444453
2024-06-17,0.825,0.826,0.813,0.824,76127900,62419841,-0.008423586040914532,0.8671,0.8694000000000001,-0.049596309111880066
2024-06-18,0.824,0.827,0.812,0.814,83285200,68173092,-0.012135922330097082,0.8622,0.8684666666666666,-0.06436781609195408
2024-06-19,0.814,0.816,0.808,0.808,57516496,46615014,-0.0073710073710072654,0.8571,0.8672666666666667,-0.08181818181818179
2024-06-20,0.806,0.813,0.8,0.8,115219200,92520434,-0.00990099009900991,0.8519499999999999,0.8659666666666667,-0.08883826879271062
2024-06-21,0.798,0.802,0.79,0.796,71098000,56572383,-0.0050000000000000044,0.8471,0.8644833333333334,-0.10056497175141244
2024-06-24,0.788,0.802,0.78,0.795,83860200,66292280,-0.0012562814070351536,0.8427,0.8633,-0.08198614318706687
2024-06-25,0.795,0.8,0.788,0.791,65405100,51930531,-0.005031446540880502,0.8378500000000001,0.8621166666666668,-0.08236658932714613
2024-06-26,0.79,0.797,0.788,0.794,71706300,56789458,0.0037926675094817064,0.83375,0.8608333333333333,-0.08840413318025253
2024-06-27,0.795,0.795,0.784,0.786,65617800,51680190,-0.010075566750629705,0.82925,0.8596,-0.08604651162790689
2024-06-28,0.785,0.791,0.778,0.78,85652900,67107691,-0.007633587786259555,0.82495,0.8582666666666667,-0.09302325581395343
2024-07-01,0.78,0.784,0.771,0.782,75273900,58667370,0.002564102564102555,0.82075,0.8568833333333333,-0.09595375722543353
2024-07-02,0.781,0.791,0.778,0.785,71933600,56488375,0.0038363171355497716,0.8166499999999999,0.8552666666666667,-0.10997732426303852
2024-07-03,0.788,0.788,0.778,0.781,74112700,58048613,-0.005095541401273884,0.812,0.8536833333333332,-0.10844748858447484
2024-07-04,0.783,0.785,0.77,0.772,112457857,87171888,-0.011523687580025643,0.8073,0.8518833333333333,-0.12272727272727268
2024-07-05,0.77,0.776,0.76,0.768,59236600,45438942,-0.005181347150259086,0.80275,0.8504333333333333,-0.10175438596491226
2024-07-08,0.768,0.769,0.755,0.756,82725100,62945446,-0.015625,0.798,0.8487833333333333,-0.11578947368421055
2024-07-09,0.756,0.761,0.746,0.756,104998500,79163441,0.0,0.79395,0.8473333333333333,-0.10320284697508897
2024-07-10,0.756,0.765,0.75,0.758,112049104,85006900,0.002645502645502562,0.79,0.8459833333333333,-0.09654350417163282
2024-07-11,0.764,0.778,0.762,0.775,105978200,81802155,0.02242744063324542,0.7876000000000001,0.8451500000000001,-0.06060606060606055
2024-07-12,0.778,0.779,0.768,0.775,64537500,49945418,0.0,0.7848,0.8439333333333334,-0.0860849056603773
2024-07-15,0.779,0.781,0.773,0.78,70262700,54684489,0.006451612903225712,0.7826000000000001,0.8429333333333333,-0.0714285714285714
2024-07-16,0.778,0.784,0.774,0.78,60736984,47302814,0.0,0.7809000000000001,0.8418500000000001,-0.07692307692307687
2024-07-17,0.778,0.795,0.774,0.795,96992300,76286769,0.019230769230769162,0.7802500000000001,0.8409333333333334,-0.06470588235294106
2024-07-18,0.792,0.799,0.79,0.798,101790800,80950492,0.0037735849056603765,0.7801500000000001,0.8402,-0.052256532066508266
2024-07-19,0.794,0.808,0.789,0.807,111859700,89511337,0.011278195488721776,0.7807000000000001,0.8393333333333334,-0.060535506402793926
2024-07-22,0.806,0.806,0.79,0.793,91847600,73107825,-0.01734820322180919,0.7806,0.8381333333333333,-0.08323699421965314
2024-07-23,0.792,0.794,0.765,0.765,91104500,70797072,-0.035308953341740223,0.7793000000000001,0.8364999999999999,-0.11355735805330236
2024-07-24,0.765,0.768,0.754,0.756,82534800,62668952,-0.0117647058823529,0.7774,0.83475,-0.12195121951219512
2024-07-25,0.753,0.761,0.752,0.758,56151326,42447565,0.002645502645502562,0.776,0.8328333333333334,-0.13172966781214202
2024-07-26,0.758,0.765,0.752,0.758,86536500,65544457,0.0,0.7748999999999999,0.8308166666666666,-0.1376564277588168
2024-07-29,0.758,0.758,0.743,0.744,86569100,64819494,-0.01846965699208447,0.773,0.82855,-0.15454545454545454
2024-07-30,0.742,0.744,0.732,0.744,92092400,67968620,0.0,0.77095,0.8259833333333333,-0.17149220489977735
2024-07-31,0.742,0.77,0.74,0.768,229618084,174150209,0.032258064516129004,0.7703,0.8238,-0.14571746384872075
2024-08-01,0.767,0.768,0.751,0.752,87545800,66280927,-0.02083333333333337,0.7693000000000001,0.8213333333333334,-0.1644444444444445
2024-08-02,0.749,0.759,0.747,0.752,69882200,52711339,0.0,0.7685000000000001,0.8188166666666667,-0.16722037652270216
2024-08-05,0.752,0.77,0.752,0.76,149040700,113696107,0.010638297872340496,0.7687,0.8164833333333334,-0.15555555555555556
2024-08-06,0.765,0.766,0.755,0.765,95740300,72774697,0.006578947368421018,0.76915,0.81435,-0.14333706606942886
2024-08-07,0.763,0.763,0.754,0.759,72725000,55188170,-0.007843137254901933,0.7692,0.8121000000000002,-0.15100671140939603
2024-08-08,0.758,0.778,0.755,0.772,143798000,110710441,0.017127799736495364,0.76905,0.8102166666666667,-0.12768361581920906
2024-08-09,0.775,0.778,0.765,0.766,99932000,76973422,-0.007772020725388629,0.7686,0.8081499999999999,-0.13932584269662918
2024-08-12,0.761,0.771,0.76,0.767,80011000,61329950,0.0013054830287206887,0.76795,0.8058833333333334,-0.15060908084163904
2024-08-13,0.767,0.767,0.756,0.762,84571000,64288061,-0.006518904823989535,0.76705,0.8033833333333333,-0.16447368421052633
2024-08-14,0.762,0.763,0.748,0.749,74880200,56267409,-0.017060367454068248,0.76475,0.8007000000000001,-0.17692307692307696
2024-08-15,0.75,0.761,0.748,0.755,93806900,70678752,0.008010680907877266,0.7626,0.7982333333333334,-0.16389811738648952
2024-08-16,0.754,0.754,0.745,0.748,94002200,70252204,-0.009271523178807972,0.75965,0.7958166666666666,-0.16237402015677493
2024-08-19,0.748,0.757,0.741,0.742,85288500,63666431,-0.008021390374331583,0.7571,0.7934666666666668,-0.15968289920724799
2024-08-20,0.742,0.743,0.728,0.73,151369000,110812792,-0.016172506738544534,0.75535,0.7908333333333334,-0.177927927927928
2024-08-21,0.729,0.731,0.723,0.723,99046931,71952195,-0.009589041095890427,0.7537,0.7882833333333333,-0.17465753424657537
2024-08-22,0.725,0.725,0.71,0.714,94899680,67814355,-0.012448132780083054,0.7515,0.7855833333333333,-0.18493150684931514
2024-08-23,0.713,0.721,0.712,0.715,61279900,43886316,0.0014005602240896309,0.74935,0.7830666666666667,-0.17436489607390304
2024-08-26,0.717,0.718,0.708,0.711,55946008,39828854,-0.005594405594405605,0.7476999999999999,0.7804833333333333,-0.1789838337182449
2024-08-27,0.71,0.71,0.702,0.703,79145400,55773813,-0.011251758087201136,0.7456499999999999,0.7777499999999999,-0.1891580161476356
2024-08-28,0.703,0.703,0.687,0.696,145681040,100801526,-0.009957325746799417,0.7420500000000001,0.7747833333333334,-0.2036613272311213
2024-08-29,0.694,0.708,0.692,0.705,126396100,88817917,0.012931034482758674,0.7397,0.7721,-0.1859122401847575
2024-08-30,0.7,0.732,0.696,0.722,199370500,143632174,0.02411347517730489,0.7382000000000001,0.7698166666666667,-0.15948777648428403
2024-09-02,0.717,0.718,0.701,0.701,133330773,94260920,-0.02908587257617734,0.73525,0.7673166666666666,-0.17626321974148063
2024-09-03,0.7,0.715,0.7,0.709,91639400,64925334,0.011412268188302432,0.73245,0.7651833333333333,-0.15292712066905612
2024-09-04,0.709,0.714,0.701,0.703,88081100,62304136,-0.008462623413258097,0.72965,0.76295,-0.1600955794504182
2024-09-05,0.704,0.708,0.702,0.708,85974200,60625521,0.007112375533428139,0.72645,0.7610333333333333,-0.13973268529769134
2024-09-06,0.706,0.707,0.697,0.699,67631400,47503191,-0.012711864406779627,0.7231,0.7588333333333334,-0.15884476534296033
2024-09-09,0.696,0.697,0.688,0.691,72538000,50174833,-0.011444921316165924,0.7192999999999999,0.7566166666666666,-0.16140776699029125
2024-09-10,0.691,0.698,0.686,0.691,90629700,62622739,0.0,0.71575,0.7545666666666667,-0.1511056511056511
2024-09-11,0.69,0.695,0.682,0.69,53621400,36937322,-0.0014471780028944004,0.7127999999999999,0.7525999999999999,-0.14603960396039617
2024-09-12,0.691,0.693,0.676,0.677,112050000,76505114,-0.018840579710144745,0.7089000000000001,0.75055,-0.15374999999999994
2024-09-13,0.677,0.677,0.666,0.667,84308400,56503701,-0.01477104874446089,0.70485,0.7484,-0.1620603015075377
2024-09-18,0.667,0.667,0.654,0.658,132789400,87398623,-0.013493253373313308,0.70065,0.7461166666666668,-0.1723270440251572
2024-09-19,0.659,0.683,0.655,0.673,237639200,159659688,0.022796352583586588,0.6978,0.74415,-0.1491782553729456
2024-09-20,0.67,0.672,0.663,0.67,124733300,83214670,-0.004457652303120341,0.69515,0.7420833333333333,-0.1561712846347607
2024-09-23,0.671,0.681,0.667,0.669,85290400,57491810,-0.0014925373134327957,0.6929000000000001,0.7401333333333333,-0.14885496183206104
2024-09-24,0.68,0.712,0.673,0.712,329583273,228266216,0.06427503736920759,0.69275,0.739,-0.0871794871794872
2024-09-25,0.726,0.738,0.713,0.714,239041920,172869053,0.002808988764045006,0.6929000000000001,0.7378666666666668,-0.08695652173913049
2024-09-26,0.712,0.785,0.712,0.785,690652899,520822915,0.09943977591036424,0.6970000000000001,0.7378666666666667,0.0
2024-09-27,0.82,0.855,0.796,0.849,1167968400,960621599,0.08152866242038215,0.7046499999999999,0.7390000000000001,0.08706786171574898
2024-09-30,0.91,0.934,0.85,0.934,1711351596,1533997273,0.10011778563015317,0.7161,0.7417,0.2098445595854923
2024-10-08,1.027,1.027,0.886,0.926,3235944360,3116936211,-0.008565310492505307,0.7263,0.7443333333333334,0.20572916666666674
2024-10-09,0.888,0.897,0.834,0.834,1381060407,1189285301,-0.09935205183585316,0.73295,0.7456333333333334,0.10317460317460303
2024-10-10,0.85,0.881,0.84,0.859,886337157,764578188,0.029976019184652314,0.7404499999999999,0.7473500000000001,0.13624338624338628
2024-10-11,0.859,0.859,0.826,0.836,646699500,543490742,-0.0267753201396973,0.7471,0.7486499999999999,0.1029023746701847
2024-10-14,0.836,0.848,0.819,0.842,541150700,452469452,0.0071770334928229484,0.7538,0.7497666666666666,0.08645161290322578
2024-10-15,0.84,0.842,0.814,0.814,444731100,368749163,-0.0332541567695962,0.75955,0.7504166666666666,0.05032258064516126
2024-10-16,0.803,0.817,0.8,0.804,292470600,235731535,-0.012285012285012109,0.7652,0.7508166666666667,0.030769230769230882
2024-10-17,0.806,0.81,0.788,0.789,336737400,268959345,-0.018656716417910446,0.7701,0.7509666666666667,0.011538461538461497
2024-10-18,0.786,0.828,0.781,0.812,728234400,582347835,0.0291508238276299,0.7762,0.75125,0.021383647798742134
2024-10-21,0.814,0.822,0.803,0.818,594784500,484238779,0.00738916256157629,0.78325,0.7515833333333333,0.025062656641603898
2024-10-22,0.818,0.829,0.811,0.828,436709300,359738479,0.012224938875305735,0.7912999999999999,0.7519333333333333,0.026022304832713727
2024-10-23,0.834,0.844,0.823,0.836,561959892,469242609,0.009661835748792313,0.8002,0.7526499999999999,0.05422446406052961
2024-10-24,0.832,0.836,0.821,0.823,357607492,295809671,-0.015550239234449759,0.8077,0.7536166666666666,0.07581699346405224
2024-10-25,0.821,0.837,0.82,0.83,399156600,331161341,0.008505467800729027,0.8157,0.7548499999999999,0.0978835978835979
2024-10-28,0.835,0.85,0.824,0.85,716241492,599792535,0.024096385542168752,0.8247500000000001,0.7563833333333333,0.12137203166226906
2024-10-29,0.85,0.854,0.828,0.83,768167800,643950114,-0.02352941176470591,0.83065,0.7575833333333333,0.0949868073878628
2024-10-30,0.829,0.832,0.815,0.825,401671600,330859726,-0.0060240963855421326,0.8362,0.7589333333333333,0.1088709677419355
2024-10-31,0.821,0.83,0.817,0.823,331344577,272484816,-0.00242424242424244,0.8381000000000001,0.76025,0.10618279569892475
2024-11-01,0.821,0.837,0.818,0.83,448463022,372507145,0.008505467800729027,0.8371500000000001,0.7612833333333333,0.08072916666666652
2024-11-04,0.837,0.841,0.827,0.841,393359124,328296855,0.013253012048192847,0.8324999999999999,0.7627666666666666,0.1183510638297871
2024-11-05,0.839,0.857,0.832,0.857,741387961,629007192,0.019024970273483932,0.82905,0.7645166666666666,0.1396276595744681
2024-11-06,0.858,0.86,0.845,0.854,741573400,633169038,-0.003500583430571802,0.83005,0.7660833333333332,0.12368421052631584
2024-11-07,0.852,0.909,0.849,0.907,1661938630,1470359766,0.06206088992974235,0.83245,0.76845,0.18562091503267975
2024-11-08,0.935,0.935,0.88,0.886,1824255600,1630507716,-0.023153252480705655,0.8349499999999999,0.7705666666666666,0.1673254281949934
2024-11-11,0.867,0.879,0.859,0.879,1205641900,1047884081,-0.007900677200902928,0.8368,0.77235,0.1386010362694301
2024-11-12,0.881,0.894,0.866,0.873,1149869300,1012317294,-0.0068259385665528916,0.8397500000000001,0.7741333333333333,0.13968668407310703
2024-11-13,0.87,0.873,0.863,0.872,620664000,538774039,-0.001145475372279492,0.84315,0.7758833333333333,0.1368970013037809
2024-11-14,0.868,0.873,0.856,0.858,687879500,594835392,-0.016055045871559592,0.8465999999999999,0.7774833333333332,0.12598425196850394
2024-11-15,0.854,0.865,0.848,0.848,664780900,569554750,-0.011655011655011704,0.8484,0.7791333333333335,0.13217623497997333
2024-11-18,0.849,0.856,0.835,0.839,371160000,313950533,-0.010613207547169767,0.84945,0.7805333333333333,0.11125827814569522
2024-11-19,0.839,0.846,0.823,0.84,401324300,334974432,0.0011918951132301459,0.8500500000000001,0.7820666666666667,0.12299465240641716
2024-11-20,0.838,0.845,0.832,0.842,330414000,277263231,0.0023809523809523725,0.8503499999999999,0.7837333333333333,0.13477088948787053
2024-11-21,0.841,0.846,0.836,0.841,254504869,213746431,-0.001187648456057011,0.8512500000000001,0.7855833333333333,0.15205479452054793
2024-11-22,0.842,0.843,0.813,0.813,419480116,346720515,-0.03329369797859694,0.8503999999999999,0.7870833333333334,0.12448132780082988
2024-11-25,0.813,0.823,0.805,0.812,319174900,259795828,-0.0012300123001228735,0.8484999999999999,0.7887166666666666,0.1372549019607845
2024-11-26,0.808,0.824,0.807,0.816,247767600,202400712,0.004926108374384119,0.8478,0.7904,0.14125874125874116
2024-11-27,0.815,0.828,0.809,0.827,356930200,292856139,0.013480392156862697,0.8479000000000001,0.7923333333333333,0.16315049226441625
2024-11-28,0.826,0.826,0.815,0.817,347346600,284492630,-0.01209189842805325,0.8475999999999999,0.7942333333333332,0.16216216216216206
2024-11-29,0.817,0.84,0.817,0.828,466165500,386484657,0.01346389228886169,0.8474999999999999,0.7964333333333333,0.18965517241379315
2024-12-02,0.83,0.839,0.823,0.837,643051835,536648541,0.010869565217391353,0.8473,0.7986333333333333,0.18723404255319154
2024-12-03,0.837,0.84,0.83,0.836,574854935,480485058,-0.0011947431302270495,0.8462500000000001,0.8005333333333333,0.1578947368421053
2024-12-04,0.836,0.836,0.825,0.829,269669500,223784200,-0.00837320574162681,0.845,0.8026666666666666,0.18259629101283892
2024-12-05,0.827,0.827,0.82,0.825,257054874,211792265,-0.004825090470446325,0.8409000000000001,0.8046,0.1636107193229901
2024-12-06,0.826,0.838,0.823,0.833,498489737,414658702,0.00969696969696976,0.83825,0.8067666666666666,0.18492176386913228
2024-12-09,0.832,0.834,0.823,0.828,357767752,296172880,-0.00600240096038418,0.8356999999999999,0.8087666666666667,0.1694915254237288
2024-12-10,0.87,0.871,0.84,0.84,1580418786,1351382687,0.01449275362318847,0.8340500000000001,0.8111166666666666,0.20171673819742497
2024-12-11,0.837,0.856,0.837,0.853,776897164,660688146,0.015476190476190421,0.8331,0.8138166666666666,0.23444283646888575
2024-12-12,0.853,0.87,0.847,0.87,1046396300,901704216,0.01992966002344665,0.8337,0.8168,0.2590448625180899
2024-12-13,0.863,0.863,0.845,0.846,904229600,771260339,-0.02758620689655178,0.8335999999999999,0.8194,0.22608695652173916
2024-12-16,0.846,0.849,0.831,0.834,729835086,610329680,-0.014184397163120588,0.83335,0.8220166666666666,0.23190546528803524
2024-12-17,0.833,0.842,0.829,0.836,383247000,320595152,0.0023980815347721673,0.8331500000000001,0.8248333333333334,0.25337331334332824
2024-12-18,0.837,0.841,0.833,0.835,321314010,268445852,-0.0011961722488038617,0.8328,0.8277833333333333,0.26899696048632205
2024-12-19,0.828,0.83,0.821,0.828,490596959,405080904,-0.008383233532934131,0.8321499999999998,0.8303666666666666,0.23031203566121827
2024-12-20,0.825,0.832,0.824,0.826,337938636,279569044,-0.0024154589371980784,0.8328,0.8329666666666667,0.23283582089552235
2024-12-23,0.826,0.829,0.819,0.821,546634296,450406042,-0.006053268765133124,0.8332499999999999,0.8354999999999999,0.22720478325859483
2024-12-24,0.82,0.829,0.819,0.829,392309500,323616456,0.00974421437271622,0.8339000000000001,0.83745,0.1643258426966292
2024-12-25,0.829,0.829,0.821,0.824,226222514,186348239,-0.006031363088057962,0.83375,0.8392833333333332,0.15406162464985984
2024-12-26,0.823,0.827,0.82,0.823,301481079,247995381,-0.0012135922330097637,0.8340499999999998,0.8399166666666666,0.0484076433121019
2024-12-27,0.823,0.829,0.818,0.826,428396073,352832864,0.0036452004860267895,0.83395,0.8395333333333332,-0.027090694935217874
2024-12-30,0.825,0.83,0.82,0.822,327495800,269596851,-0.004842615012106588,0.8332,0.8376666666666667,-0.11991434689507507
2024-12-31,0.821,0.831,0.816,0.817,546028808,449786821,-0.006082725060827299,0.8322499999999999,0.83585,-0.11771058315334781
2025-01-02,0.817,0.818,0.795,0.799,605684321,489627418,-0.022031823745409906,0.8307499999999999,0.8352666666666667,-0.04196642685851315
2025-01-03,0.8,0.804,0.788,0.791,305608300,243534596,-0.010012515644555742,0.82905,0.8341333333333333,-0.07916181606519201
2025-01-06,0.786,0.792,0.776,0.781,369982500,289972735,-0.012642225031605614,0.82645,0.8332166666666667,-0.06578947368421051
2025-01-07,0.78,0.785,0.776,0.783,281974800,220012637,0.00256081946222797,0.8242,0.8322333333333333,-0.07007125890736332
2025-01-08,0.781,0.786,0.769,0.781,275535419,214605285,-0.0025542784163473664,0.82125,0.8316833333333334,-0.04054054054054046
2025-01-09,0.78,0.788,0.775,0.778,199753900,155911279,-0.003841229193341844,0.8174999999999999,0.83125,-0.03233830845771146
2025-01-10,0.777,0.78,0.767,0.768,333035500,257302981,-0.01285347043701801,0.8124,0.8309,-0.026615969581749055
2025-01-13,0.763,0.773,0.761,0.77,260347280,200032776,0.0026041666666667407,0.8086,0.8301999999999999,-0.051724137931034475
2025-01-14,0.771,0.788,0.77,0.788,295439278,230909688,0.023376623376623495,0.8063,0.8297000000000001,-0.03667481662591676
2025-01-15,0.786,0.786,0.778,0.78,152529932,119104389,-0.010152284263959421,0.8035,0.8289000000000001,-0.05797101449275355
2025-01-16,0.783,0.789,0.771,0.775,243965300,190241974,-0.0064102564102563875,0.8005000000000001,0.8278833333333334,-0.07296650717703346
2025-01-17,0.773,0.786,0.772,0.783,280201565,218614667,0.010322580645161228,0.79825,0.8272166666666667,-0.048602673147023046
2025-01-20,0.786,0.793,0.782,0.785,239628529,188981041,0.0025542784163474774,0.7962,0.8264666666666667,-0.054216867469879415
2025-01-21,0.789,0.789,0.776,0.781,213020200,166133300,-0.005095541401273884,0.7941999999999999,0.8253166666666666,-0.08117647058823518
2025-01-22,0.78,0.78,0.766,0.769,255678368,196657498,-0.015364916773367487,0.7912,0.8243000000000001,-0.0734939759036144
2025-01-23,0.775,0.781,0.77,0.77,274962000,213011056,0.0013003901170351995,0.7885000000000001,0.8233833333333334,-0.06666666666666654
2025-01-24,0.77,0.775,0.767,0.773,205257800,158322204,0.003896103896103842,0.786,0.82255,-0.06075334143377875
2025-01-27,0.774,0.779,0.772,0.773,228832800,177361636,0.0,0.78335,0.8216,-0.06867469879518062
2025-02-05,0.773,0.776,0.759,0.761,313062200,238595597,-0.015523932729624823,0.7803,0.8202666666666667,-0.09512485136741966
2025-02-06,0.76,0.766,0.757,0.765,347204600,264058311,0.005256241787122251,0.7777000000000001,0.8187333333333334,-0.1073512252042007
2025-02-07,0.764,0.776,0.757,0.772,565991900,435083577,0.009150326797385588,0.7763500000000001,0.8173666666666667,-0.09601873536299765
2025-02-10,0.772,0.772,0.763,0.77,378233418,290161522,-0.002590673575129543,0.7753,0.8150833333333333,-0.15104740904079383
2025-02-11,0.772,0.774,0.761,0.763,390326422,298570873,-0.00909090909090915,0.7744,0.8130333333333334,-0.13882618510158018
2025-02-12,0.762,0.77,0.76,0.77,336370600,256913631,0.00917431192660545,0.77375,0.8112166666666666,-0.12400455062571103
2025-02-13,0.77,0.794,0.768,0.787,918209020,719962608,0.02207792207792214,0.77405,0.8097833333333333,-0.09851088201603664
2025-02-14,0.787,0.789,0.782,0.787,463402000,363908205,0.0,0.7745,0.8083666666666667,-0.09747706422018343
2025-02-17,0.788,0.79,0.783,0.788,521260043,410141630,0.0012706480304955914,0.7755000000000001,0.8072,-0.08158508158508149
2025-02-18,0.788,0.792,0.777,0.78,488321800,382847915,-0.010152284263959421,0.776,0.8060666666666666,-0.08018867924528295
2025-02-19,0.777,0.787,0.775,0.787,325332400,254326289,0.008974358974358942,0.7759500000000001,0.8051999999999999,-0.06197854588796181
2025-02-20,0.787,0.79,0.781,0.784,321425000,252350025,-0.003811944091486663,0.77615,0.8042666666666667,-0.06666666666666654
2025-02-21,0.787,0.795,0.782,0.786,539583856,424530782,0.0025510204081633514,0.7767000000000001,0.8033333333333333,-0.06650831353919229
2025-02-24,0.788,0.798,0.787,0.792,562183456,445350126,0.007633587786259444,0.77715,0.8025166666666668,-0.05826397146254447
2025-02-25,0.789,0.789,0.775,0.778,488019300,380677976,-0.017676767676767735,0.7767999999999999,0.8019333333333333,-0.043050430504304904
2025-02-26,0.778,0.784,0.773,0.784,428556600,333483539,0.007712082262210762,0.77695,0.8014666666666667,-0.034482758620689724
2025-02-27,0.783,0.798,0.781,0.798,724544500,575425455,0.017857142857142794,0.7784000000000001,0.8011666666666667,-0.022058823529411686
2025-02-28,0.799,0.813,0.795,0.797,1203353500,968483250,-0.0012531328320801727,0.77975,0.8006666666666666,-0.036275695284159526
2025-03-03,0.799,0.809,0.79,0.795,564185500,450612322,-0.0025094102885822034,0.78085,0.8003,-0.02692778457772327
2025-03-04,0.79,0.792,0.784,0.791,370370400,291855826,-0.005031446540880502,0.78175,0.7996833333333334,-0.04468599033816412
2025-03-05,0.791,0.794,0.784,0.789,319120500,251162753,-0.0025284450063211006,0.7831500000000001,0.7988833333333333,-0.05734767025089593
2025-03-06,0.792,0.801,0.786,0.799,592863800,471076352,0.012674271229404344,0.78485,0.7982666666666667,-0.04425837320574155
2025-03-07,0.797,0.808,0.793,0.805,573791600,460045633,0.007509386733416834,0.7865,0.7978666666666666,-0.02895054282267784
2025-03-10,0.805,0.806,0.798,0.804,448032900,358997480,-0.001242236024844745,0.7882,0.7975166666666667,-0.025454545454545396
2025-03-11,0.8,0.82,0.795,0.82,692643000,561781472,0.01990049751243772,0.79105,0.7973,-0.015606242496998823
2025-03-12,0.822,0.825,0.812,0.813,422658600,344771067,-0.008536585365853666,0.7931999999999999,0.79705,-0.018115942028985477
2025-03-13,0.813,0.821,0.81,0.812,326013290,265631693,-0.0012300123001228735,0.7944500000000001,0.7965833333333333,-0.033333333333333215
2025-03-14,0.816,0.847,0.816,0.845,1202625076,1006639050,0.04064039408866993,0.79735,0.79645,-0.009378663540445475
2025-03-17,0.857,0.858,0.84,0.846,1382160357,1173416144,0.0011834319526626835,0.8002499999999999,0.79605,-0.02758620689655178
2025-03-18,0.847,0.847,0.835,0.839,960282500,805689781,-0.008274231678486954,0.8032,0.7959333333333334,-0.008274231678486954
2025-03-19,0.838,0.842,0.831,0.834,684703900,571552773,-0.005959475566150174,0.80555,0.7959333333333334,0.0
2025-03-20,0.834,0.836,0.822,0.824,541528000,447152751,-0.011990407673860948,0.80755,0.7957333333333333,-0.014354066985645897
2025-03-21,0.821,0.83,0.812,0.815,600762710,491856158,-0.01092233009708743,0.8089999999999999,0.7954,-0.02395209580838331
2025-03-24,0.815,0.818,0.81,0.818,735515004,598554945,0.0036809815950920033,0.8103,0.7952333333333333,-0.012077294685990392
2025-03-25,0.818,0.819,0.809,0.817,433613200,352840302,-0.0012224938875305957,0.81225,0.7950833333333333,-0.010895883777239712
2025-03-26,0.817,0.823,0.814,0.821,434064700,355636752,0.004895960832313362,0.8141,0.7950833333333335,0.0
2025-03-27,0.82,0.828,0.817,0.827,402392900,331446679,0.0073081607795371095,0.81555,0.79505,-0.0024125452352231624
2025-03-28,0.827,0.827,0.818,0.821,423178600,347969902,-0.00725513905683195,0.8167499999999999,0.795,-0.00364077669902918
2025-03-31,0.818,0.824,0.81,0.812,401413300,327589053,-0.010962241169305553,0.8176,0.7948166666666668,-0.013365735115431265
2025-04-01,0.812,0.823,0.812,0.818,327728200,268080844,0.00738916256157629,0.8189500000000001,0.7946833333333334,-0.009685230024213065
2025-04-02,0.816,0.823,0.814,0.815,216096400,176549248,-0.003667481662591676,0.8202499999999999,0.7945666666666666,-0.008515815085158196
2025-04-03,0.81,0.828,0.807,0.826,684014709,562569069,0.013496932515337345,0.8215999999999999,0.7947166666666666,0.01101591187270512
2025-04-07,0.81,0.821,0.774,0.8,1250045563,1000375966,-0.03147699757869238,0.82135,0.7947333333333333,0.0012515644555695093
2025-04-08,0.8,0.83,0.793,0.83,1029601700,840228957,0.03749999999999987,0.82265,0.7953833333333334,0.04930467762326152
2025-04-09,0.822,0.845,0.817,0.842,1862178453,1557731440,0.014457831325301207,0.8237499999999999,0.7964,0.0781049935979512
2025-04-10,0.84,0.845,0.828,0.843,1305152300,1095734017,0.0011876484560569,0.8252499999999999,0.7974,0.07662835249042144
2025-04-11,0.84,0.842,0.825,0.834,1029842886,855371039,-0.010676156583629859,0.8263499999999999,0.7982833333333333,0.06786171574903954
2025-04-14,0.831,0.837,0.827,0.83,788595300,655214441,-0.004796163069544335,0.8256,0.7991499999999999,0.06683804627249357
2025-04-15,0.829,0.834,0.824,0.831,667975000,553565556,0.00120481927710836,0.82485,0.8002,0.08203125
2025-04-16,0.829,0.836,0.822,0.834,707570049,586101981,0.0036101083032491488,0.8246,0.8012666666666667,0.08311688311688314
2025-04-17,0.831,0.841,0.826,0.838,658042600,550935765,0.004796163069544335,0.8248,0.8020999999999999,0.06345177664974622
2025-04-18,0.837,0.837,0.827,0.832,476545100,396023664,-0.007159904534606243,0.8252,0.8029666666666666,0.06666666666666665
2025-04-21,0.831,0.831,0.825,0.827,456575100,377391087,-0.006009615384615419,0.8257999999999999,0.8038333333333333,0.0670967741935482
2025-04-22,0.825,0.831,0.823,0.829,772678200,639251692,0.002418379685610539,0.8263499999999999,0.8046,0.05874840357598976
2025-04-23,0.827,0.83,0.821,0.823,536312400,441684000,-0.007237635705669487,0.8266499999999999,0.8052333333333334,0.0484076433121019
2025-04-24,0.822,0.827,0.821,0.822,352033704,289891091,-0.0012150668286755595,0.8267,0.8059166666666667,0.052496798975672165
2025-04-25,0.824,0.828,0.818,0.82,427072000,350972164,-0.0024330900243308973,0.8263499999999999,0.8067666666666666,0.06631989596879051
2025-04-28,0.82,0.823,0.817,0.817,365145000,299395580,-0.003658536585365857,0.8261499999999999,0.8075500000000001,0.061038961038961004
2025-04-29,0.817,0.817,0.811,0.815,389633000,317250961,-0.002447980416156681,0.8263,0.8082499999999999,0.05433376455368677
2025-04-30,0.815,0.824,0.815,0.817,352624600,288817235,0.0024539877300613355,0.8262499999999999,0.8089833333333334,0.056921086675290944
2025-05-06,0.82,0.821,0.814,0.819,436428900,356748056,0.00244798041615657,0.82645,0.8099500000000001,0.07621550591327186
2025-05-07,0.825,0.829,0.818,0.82,607270200,498291887,0.0012210012210012167,0.8261499999999999,0.8108666666666665,0.07189542483660127
2025-05-08,0.82,0.826,0.816,0.822,316780511,260422764,0.0024390243902439046,0.8272499999999999,0.8117,0.06476683937823835
2025-05-09,0.822,0.826,0.82,0.823,329078470,270842598,0.0012165450121655041,0.8269,0.8125833333333333,0.06883116883116869
2025-05-12,0.825,0.827,0.819,0.823,367339530,302265465,0.0,0.82595,0.8135833333333333,0.0786369593709042
2025-05-13,0.826,0.826,0.82,0.823,292255500,240335138,0.0,0.82495,0.8144666666666667,0.06883116883116869
2025-05-14,0.822,0.838,0.819,0.833,620726362,514964489,0.012150668286755817,0.8248999999999999,0.8152333333333334,0.05844980940279543
2025-05-15,0.833,0.836,0.829,0.831,326402162,271719133,-0.0024009603841537164,0.82495,0.8159666666666666,0.055908513341804245
2025-05-16,0.831,0.831,0.82,0.823,238086800,196053931,-0.00962695547533099,0.82455,0.81655,0.04441624365482233
2025-05-19,0.816,0.82,0.814,0.818,261207596,213298575,-0.0060753341433779084,0.8237499999999999,0.8171833333333333,0.048717948717948545
2025-05-20,0.817,0.829,0.817,0.824,395950217,326658729,0.007334963325183352,0.82305,0.8178,0.04701397712833533
2025-05-21,0.823,0.828,0.823,0.826,336359800,277637528,0.0024271844660195274,0.8227499999999999,0.8185,0.05357142857142838
2025-05-22,0.825,0.827,0.821,0.822,276989700,228105420,-0.004842615012106588,0.8225,0.8191,0.045801526717557106
2025-05-23,0.822,0.829,0.818,0.818,373626991,307377723,-0.0048661800486617945,0.82195,0.8195333333333333,0.03282828282828265
2025-05-26,0.818,0.822,0.812,0.816,340076000,277206269,-0.0024449877750610804,0.8215999999999999,0.8201666666666667,0.04884318766066831
2025-05-27,0.815,0.821,0.814,0.816,326098800,266190735,0.0,0.8212999999999999,0.8207,0.04081632653061207
2025-05-28,0.815,0.823,0.812,0.82,269169299,220410632,0.004901960784313708,0.8212999999999999,0.8210666666666666,0.027568922305764243
2025-05-29,0.82,0.822,0.814,0.82,264740900,216773586,0.0,0.8214499999999999,0.82145,0.02885821831869495
2025-05-30,0.818,0.826,0.817,0.82,279079000,229156696,0.0,0.8216999999999999,0.8218666666666666,0.03144654088050314
2025-06-03,0.815,0.824,0.814,0.823,211099300,173155726,0.003658536585365857,0.8219999999999998,0.8223999999999999,0.04045512010113761
2025-06-04,0.824,0.825,0.82,0.824,206319600,169901325,0.0012150668286756705,0.82225,0.8229833333333333,0.04435994930291498
2025-06-05,0.825,0.827,0.818,0.82,263850200,216573036,-0.004854368932038833,0.82225,0.8233333333333334,0.026282853566958586
2025-06-06,0.82,0.823,0.816,0.819,344618800,282423518,-0.0012195121951219523,0.8221,0.8235666666666667,0.017391304347825987
2025-06-09,0.819,0.825,0.818,0.823,352098527,289474114,0.004884004884004867,0.8221,0.8238833333333333,0.023631840796019876
2025-06-10,0.822,0.823,0.813,0.816,688283500,562645445,-0.008505467800729027,0.82175,0.8238166666666668,-0.004878048780487809
2025-06-11,0.818,0.825,0.816,0.823,327324800,269128381,0.008578431372548989,0.82175,0.8239833333333332,0.012300123001230068
2025-06-12,0.823,0.823,0.813,0.814,283804800,231193247,-0.010935601458080257,0.8207999999999999,0.8240166666666666,0.0024630541871919487
2025-06-13,0.813,0.813,0.796,0.798,417563461,334669636,-0.019656019656019486,0.8191499999999999,0.8232333333333333,-0.0556213017751479
2025-06-16,0.796,0.797,0.79,0.795,278411584,220766455,-0.003759398496240629,0.81775,0.8223833333333332,-0.06028368794326233
2025-06-17,0.795,0.8,0.792,0.793,204004800,162113499,-0.002515723270440251,0.8164999999999999,0.8216166666666667,-0.0548271752085816
2025-06-18,0.795,0.803,0.794,0.795,286224900,228135270,0.0025220680958386588,0.8150499999999999,0.8209666666666666,-0.046762589928057485
2025-06-19,0.793,0.796,0.786,0.788,253983300,200784766,-0.008805031446540879,0.8131499999999999,0.8203666666666666,-0.043689320388349384
2025-06-20,0.788,0.799,0.788,0.794,300232200,238870801,0.0076142131979695105,0.81175,0.8200166666666667,-0.025766871165644023
2025-06-23,0.792,0.793,0.784,0.788,366290900,288250716,-0.007556675062972307,0.8102500000000001,0.8195166666666667,-0.03667481662591676
2025-06-24,0.79,0.797,0.787,0.794,257882600,204621553,0.0076142131979695105,0.80915,0.8191333333333334,-0.028151774785801553
2025-06-25,0.796,0.798,0.789,0.798,327045289,259520032,0.005037783375314797,0.8082499999999999,0.8187499999999999,-0.028014616321558994
2025-06-26,0.798,0.799,0.794,0.796,199690400,159024201,-0.0025062656641604564,0.80705,0.8182333333333333,-0.037484885126964795
2025-06-27,0.797,0.797,0.791,0.792,288563000,229082417,-0.005025125628140725,0.80565,0.81775,-0.0353227771010961
2025-06-30,0.792,0.795,0.789,0.794,194328100,153863533,0.002525252525252597,0.80435,0.8174500000000001,-0.022167487684729092
2025-07-01,0.794,0.795,0.791,0.794,158828500,126080904,0.0,0.8029,0.8170499999999999,-0.02933985330073341
2025-07-02,0.795,0.798,0.793,0.795,192568100,153150571,0.0012594458438286438,0.80145,0.8167166666666666,-0.024539877300613355
2025-07-03,0.794,0.799,0.794,0.797,251969400,200755016,0.002515723270440251,0.8003,0.8162333333333333,-0.03510895883777232
2025-07-04,0.797,0.801,0.794,0.798,383055000,305663848,0.0012547051442910462,0.79925,0.8162,-0.0024999999999999467
2025-07-07,0.797,0.798,0.794,0.794,122731458,97619697,-0.005012531328320802,0.7978,0.8155999999999999,-0.04337349397590351
2025-07-08,0.795,0.799,0.792,0.798,300512400,239374084,0.005037783375314797,0.7969,0.8148666666666666,-0.052256532066508266
2025-07-09,0.798,0.809,0.797,0.803,379245542,305302768,0.006265664160401085,0.7959,0.8142,-0.04744958481613282
2025-07-10,0.803,0.806,0.798,0.804,278802200,223314673,0.001245330012453305,0.7954000000000001,0.8137,-0.03597122302158262
2025-07-11,0.802,0.813,0.802,0.808,389220600,314730830,0.004975124378109541,0.7959,0.8133333333333332,-0.026506024096385472
2025-07-14,0.807,0.81,0.802,0.809,170954900,137825572,0.0012376237623761277,0.7966,0.8129666666666666,-0.026474127557159943
2025-07-15,0.807,0.808,0.797,0.801,294648800,236019541,-0.00988875154511748,0.7969999999999999,0.8124166666666667,-0.03956834532374087
2025-07-16,0.799,0.804,0.799,0.803,197487800,158450086,0.0024968789013732895,0.7974,0.8118333333333333,-0.04176610978520279
2025-07-17,0.804,0.809,0.803,0.808,297840000,240174068,0.0062266500622665255,0.7984000000000001,0.8114333333333333,-0.028846153846153744
2025-07-18,0.808,0.817,0.807,0.816,324162373,263644182,0.009900990099009688,0.7995000000000001,0.81125,-0.013301088270858519
2025-07-21,0.816,0.82,0.813,0.82,234314900,191350939,0.004901960784313708,0.8011000000000001,0.8110999999999999,-0.010856453558504287
2025-07-22,0.82,0.837,0.818,0.836,608927800,504918635,0.019512195121951237,0.8032,0.8113166666666667,0.015795868772782606
2025-07-23,0.837,0.842,0.833,0.834,522875100,438413568,-0.0023923444976076125,0.805,0.8115166666666666,0.014598540145985384
2025-07-24,0.833,0.837,0.83,0.836,497552999,414561122,0.0023980815347721673,0.807,0.8117833333333332,0.019512195121951237
2025-07-25,0.836,0.837,0.826,0.828,384577043,319096236,-0.009569377990430672,0.8088000000000001,0.8119666666666666,0.01346389228886169
2025-07-28,0.828,0.828,0.819,0.823,480457100,394746758,-0.006038647342995196,0.8102500000000001,0.8120999999999999,0.009815950920245342
2025-07-29,0.824,0.824,0.813,0.818,557744398,455633237,-0.0060753341433779084,0.81145,0.8121166666666666,0.001223990208078396
2025-07-30,0.819,0.83,0.816,0.824,535170312,441246759,0.007334963325183352,0.8129,0.8122,0.006105006105006083
2025-07-31,0.824,0.824,0.804,0.805,936136018,758315915,-0.0230582524271844,0.8132999999999999,0.8119500000000001,-0.018292682926829174
2025-08-01,0.805,0.809,0.803,0.806,519334200,418877372,0.001242236024844745,0.8137000000000001,0.8116833333333333,-0.019464720194647067
2025-08-04,0.804,0.808,0.803,0.808,235406899,189758927,0.002481389578163684,0.8144,0.8114333333333333,-0.018226002430133503
2025-08-05,0.809,0.816,0.808,0.816,577009300,469655164,0.009900990099009688,0.8153,0.8113166666666667,-0.008505467800729027
2025-08-06,0.816,0.817,0.812,0.817,203204300,165558722,0.001225490196078427,0.8160000000000001,0.8112166666666667,-0.007290400972053468
2025-08-07,0.818,0.818,0.814,0.816,220247300,179788840,-0.001223990208078285,0.8166,0.8109333333333333,-0.020408163265306145
2025-08-08,0.816,0.818,0.812,0.814,570436300,464841729,-0.002450980392156854,0.8169000000000001,0.81065,-0.020457280385078214
2025-08-11,0.815,0.824,0.812,0.822,393220800,322100499,0.00982800982800991,0.81755,0.8106333333333333,-0.0012150668286755595
2025-08-12,0.822,0.83,0.82,0.821,382702100,315612720,-0.0012165450121655041,0.8185499999999999,0.8106833333333333,0.003667481662591676
2025-08-13,0.825,0.825,0.817,0.822,588191885,482728603,0.0012180267965895553,0.8195,0.8106500000000001,-0.0024271844660194164
2025-08-14,0.823,0.83,0.818,0.821,533395900,439621897,-0.0012165450121655041,0.8201499999999999,0.8105666666666667,-0.006053268765133124
2025-08-15,0.819,0.823,0.814,0.822,536419000,439402192,0.0012180267965895553,0.8204499999999999,0.8105666666666667,0.0
2025-08-18,0.825,0.83,0.822,0.828,802466456,662697810,0.007299270072992803,0.8208500000000001,0.8107333333333333,0.012224938875305735
2025-08-19,0.827,0.837,0.826,0.833,880761000,733798127,0.006038647342995196,0.8206999999999999,0.8110166666666666,0.02083333333333326
2025-08-20,0.831,0.843,0.826,0.843,902833685,757670342,0.01200480192076836,0.8211499999999999,0.8114666666666667,0.03308823529411775
2025-08-21,0.845,0.854,0.842,0.848,940464200,798167322,0.005931198102016699,0.82175,0.8119333333333334,0.034146341463414664
2025-08-22,0.847,0.852,0.844,0.852,812561900,688678813,0.004716981132075526,0.82295,0.8124666666666668,0.039024390243902474
2025-08-25,0.858,0.875,0.853,0.875,1537844692,1329645128,0.02699530516431925,0.82555,0.8133833333333332,0.06707317073170738
2025-08-26,0.874,0.891,0.866,0.882,1680045637,1480978073,0.008000000000000007,0.82875,0.8143666666666667,0.07168894289185923
2025-08-27,0.88,0.881,0.86,0.861,1532358800,1335415797,-0.023809523809523836,0.8306000000000001,0.8149833333333334,0.04490291262135937
2025-08-28,0.859,0.864,0.843,0.857,1243834436,1062076555,-0.004645760743321681,0.8331999999999999,0.8156,0.045121951219512235
2025-08-29,0.861,0.879,0.861,0.877,1245643235,1089063571,0.023337222870478458,0.83675,0.8165666666666667,0.07081807081807079
2025-09-01,0.879,0.88,0.868,0.875,1260519834,1101243699,-0.0022805017103763037,0.8401,0.8174333333333333,0.06318347509112998
2025-09-02,0.874,0.886,0.868,0.871,1080297029,946674227,-0.00457142857142856,0.84285,0.8183500000000001,0.06740196078431371
2025-09-03,0.873,0.881,0.854,0.857,818438897,706412307,-0.016073478760045945,0.8448499999999999,0.8189166666666667,0.04131227217496969
2025-09-04,0.856,0.858,0.848,0.858,913245052,779465009,0.001166861143523823,0.84695,0.81965,0.05405405405405417
2025-09-05,0.86,0.865,0.849,0.865,1038629500,890554138,0.00815850815850827,0.8494999999999999,0.8207666666666668,0.08395989974937335
2025-09-08,0.864,0.881,0.863,0.881,1045599705,915983541,0.018497109826589586,0.8524499999999999,0.8222,0.1081761006289308
2025-09-09,0.881,0.882,0.871,0.88,740338115,649814994,-0.0011350737797957144,0.8554,0.82365,0.10970996216897855
2025-09-10,0.879,0.881,0.873,0.878,702024059,615988681,-0.002272727272727315,0.8582000000000001,0.8250333333333333,0.10440251572327042
2025-09-11,0.875,0.89,0.874,0.89,1347055554,1191979376,0.013667425968109326,0.8616499999999998,0.8267333333333333,0.12944162436548212
2025-09-12,0.89,0.895,0.88,0.88,850388060,753732464,-0.011235955056179803,0.86455,0.8281666666666666,0.10831234256926958
2025-09-15,0.878,0.888,0.877,0.884,619209108,546868725,0.00454545454545463,0.8673500000000001,0.8297666666666667,0.12182741116751261
2025-09-16,0.885,0.885,0.87,0.878,1133142943,992881870,-0.006787330316742057,0.8696000000000002,0.8311666666666666,0.10579345088161207
2025-09-17,0.88,0.88,0.867,0.872,1061708256,925779306,-0.006833712984054663,0.8710500000000001,0.8324,0.09273182957393478
2025-09-18,0.873,0.873,0.852,0.858,1141761000,985398230,-0.016055045871559592,0.8715499999999998,0.8334333333333334,0.07788944723618085
2025-09-19,0.856,0.861,0.852,0.86,723051400,619286235,0.002331002331002363,0.87195,0.8345666666666667,0.08585858585858586
2025-09-22,0.859,0.859,0.846,0.849,618742900,525624011,-0.01279069767441865,0.87065,0.8354833333333332,0.06926952141057918
2025-09-23,0.848,0.853,0.838,0.843,769620800,648806517,-0.007067137809187329,0.8687000000000001,0.8362999999999999,0.061712846347606876
2025-09-24,0.841,0.849,0.84,0.847,497738556,420585509,0.004744958481613271,0.868,0.8371666666666666,0.06540880503144653
2025-09-25,0.846,0.848,0.839,0.84,619563588,521226550,-0.008264462809917328,0.86715,0.8378833333333334,0.05395232120451676
2025-09-26,0.838,0.844,0.835,0.839,493023400,413770044,-0.0011904761904761862,0.86525,0.8385666666666667,0.05137844611528819
2025-09-29,0.843,0.849,0.833,0.848,795624565,668720359,0.010727056019070424,0.8638999999999999,0.8394666666666666,0.06801007556675054
2025-09-30,0.847,0.847,0.839,0.846,722392300,609164876,-0.002358490566037763,0.86265,0.8402666666666667,0.06015037593984962
2025-10-09,0.841,0.844,0.829,0.844,895891800,748864850,-0.0023640661938534313,0.8620000000000001,0.8409499999999999,0.05105853051058529
2025-10-10,0.841,0.852,0.839,0.846,891915960,754821324,0.0023696682464455776,0.8613999999999999,0.84165,0.05223880597014907
2025-10-13,0.837,0.841,0.833,0.838,1115145624,933927677,-0.009456264775413725,0.86005,0.8421500000000001,0.03712871287128694
2025-10-14,0.839,0.852,0.838,0.848,1119173054,947074189,0.01193317422434359,0.8583999999999999,0.8428,0.04820766378244734
2025-10-15,0.847,0.852,0.842,0.852,990891175,840592365,0.004716981132075526,0.8569999999999999,0.84365,0.06367041198501866
2025-10-16,0.851,0.858,0.849,0.853,819653800,699492279,0.0011737089201877549,0.8557499999999999,0.8444833333333333,0.06226650062266481
2025-10-17,0.853,0.857,0.842,0.843,860538813,730156638,-0.011723329425556872,0.8534,0.8450666666666666,0.043316831683168244
2025-10-20,0.845,0.847,0.834,0.837,894567400,750858809,-0.007117437722419906,0.85125,0.8454166666666666,0.02573529411764719
2025-10-21,0.836,0.841,0.835,0.839,612544830,513385885,0.002389486260454099,0.8489999999999999,0.8457333333333333,0.023170731707317094
2025-10-22,0.838,0.841,0.831,0.833,584121575,487558697,-0.007151370679380209,0.8467499999999999,0.8456833333333333,-0.0035885167464114742
2025-10-23,0.832,0.835,0.826,0.834,881836735,731782339,0.0012004801920768582,0.8448499999999999,0.8456833333333333,0.0
2025-10-24,0.835,0.837,0.825,0.826,841782013,697889168,-0.00959232613908878,0.84325,0.8455166666666667,-0.011961722488038284
2025-10-27,0.827,0.83,0.823,0.829,1115344100,924153186,0.00363196125907983,0.8417,0.8455333333333334,0.0012077294685990392
2025-10-28,0.83,0.832,0.825,0.825,700311700,579651087,-0.004825090470446325,0.8404999999999999,0.8455666666666667,0.002430133657351119
2025-10-29,0.825,0.826,0.822,0.826,632468100,521134473,0.00121212121212122,0.83965,0.8457,0.009779951100244544
2025-10-30,0.825,0.83,0.821,0.824,783644853,647337757,-0.002421307506053294,0.8385,0.8457,0.0
2025-10-31,0.822,0.834,0.821,0.831,811424214,673757830,0.008495145631068013,0.83805,0.8461333333333332,0.032298136645962705
2025-11-03,0.83,0.834,0.826,0.833,505031897,419411161,0.002406738868832692,0.83775,0.8465833333333334,0.033498759305210735
2025-11-04,0.831,0.832,0.818,0.822,666259252,548789338,-0.013205282112845107,0.8364499999999999,0.8468166666666667,0.01732673267326712
2025-11-05,0.818,0.824,0.815,0.82,571259660,468333873,-0.0024330900243308973,0.83515,0.8468833333333332,0.004901960784313708
2025-11-06,0.82,0.825,0.819,0.821,356241264,292888322,0.0012195121951219523,0.834,0.8469499999999999,0.004895960832313362
2025-11-07,0.821,0.826,0.82,0.822,434437900,357472276,0.0012180267965895553,0.8328,0.84705,0.007352941176470562
2025-11-10,0.823,0.85,0.82,0.848,2452554870,2063121989,0.031630170316301776,0.8333,0.8476166666666667,0.041769041769041726
2025-11-11,0.848,0.849,0.84,0.848,1105283068,934064975,0.0,0.8333,0.84805,0.031630170316301776
2025-11-12,0.846,0.855,0.846,0.849,838025609,713475480,0.001179245283018826,0.8331500000000001,0.8485166666666667,0.03410475030450666
2025-11-13,0.847,0.853,0.842,0.853,857285592,726495280,0.004711425206124886,0.8331500000000001,0.8490333333333332,0.037712895377129074
2025-11-14,0.85,0.858,0.842,0.842,814735600,691456367,-0.01289566236811257,0.8331,0.8493833333333334,0.025578562728379994
2025-11-17,0.842,0.843,0.83,0.837,781034900,653053382,-0.005938242280285055,0.8331,0.8496333333333332,0.018248175182481674
2025-11-18,0.836,0.845,0.835,0.839,684835716,575021019,0.002389486260454099,0.8331,0.8498166666666667,0.013285024154589431
2025-11-19,0.838,0.84,0.833,0.836,517365314,432492970,-0.0035756853396901045,0.8332499999999999,0.8498666666666668,0.0036014405762305746
2025-11-20,0.836,0.84,0.831,0.831,511079200,426466616,-0.005980861244019198,0.8331,0.8496666666666666,-0.014234875444839923
2025-11-21,0.828,0.836,0.822,0.825,711051806,588972348,-0.0072202166064981865,0.8330499999999998,0.8492833333333334,-0.027122641509433998
2025-11-24,0.826,0.834,0.823,0.825,532276141,440481752,0.0,0.83285,0.8488333333333333,-0.03169014084507049
2025-11-25,0.826,0.828,0.821,0.827,625889702,516346045,0.00242424242424244,0.83295,0.8480333333333333,-0.05485714285714294
2025-11-26,0.826,0.83,0.823,0.825,485943315,401438874,-0.00241837968561065,0.8329000000000001,0.8470833333333333,-0.06462585034013613
2025-11-27,0.827,0.829,0.822,0.825,570955760,471317819,0.0,0.83295,0.8464833333333334,-0.04181184668989546
2025-11-28,0.824,0.83,0.822,0.829,443777000,367184682,0.00484848484848488,0.83285,0.8460166666666668,-0.03267211201866982
2025-12-01,0.83,0.833,0.825,0.827,423885400,350897296,-0.0024125452352231624,0.83255,0.8451833333333333,-0.05701254275940715
2025-12-02,0.827,0.828,0.82,0.821,400731300,329766285,-0.00725513905683195,0.8324999999999999,0.8442833333333333,-0.06171428571428572
2025-12-03,0.822,0.822,0.813,0.814,522575732,426530284,-0.008526187576126665,0.8321999999999999,0.8433333333333333,-0.06544202066590132
2025-12-04,0.814,0.816,0.805,0.807,625007500,504690587,-0.00859950859950842,0.8314999999999999,0.8424999999999999,-0.05834305717619592
2025-12-05,0.806,0.81,0.804,0.809,350185942,282489532,0.0024783147459728205,0.8308500000000001,0.8416833333333333,-0.05710955710955701
2025-12-08,0.809,0.809,0.801,0.802,474429259,381534820,-0.008652657601977753,0.8285499999999999,0.8406333333333332,-0.07283236994219644
2025-12-09,0.803,0.804,0.79,0.793,767091271,610272304,-0.01122194513715713,0.8258000000000001,0.8391666666666666,-0.09988649262202043
2025-12-10,0.79,0.797,0.787,0.795,502968225,398769343,0.0025220680958386588,0.8230999999999999,0.83775,-0.09659090909090906
2025-12-11,0.796,0.796,0.79,0.791,344612875,273091219,-0.005031446540880502,0.82,0.8363,-0.09908883826879267
2025-12-12,0.793,0.797,0.79,0.796,586042379,465742259,0.006321112515802696,0.8177,0.8347333333333334,-0.10561797752808988
2025-12-15,0.801,0.808,0.799,0.801,533086384,428533046,0.00628140703517599,0.8159000000000001,0.8334166666666666,-0.08977272727272723
2025-12-16,0.803,0.804,0.796,0.799,567585100,453719594,-0.0024968789013732895,0.8139,0.8320000000000001,-0.09615384615384615
2025-12-17,0.801,0.806,0.795,0.805,520842265,417495095,0.007509386733416834,0.81235,0.8307833333333333,-0.08314350797266512
2025-12-18,0.803,0.805,0.8,0.801,298635505,239693368,-0.004968944099378869,0.81085,0.8295999999999999,-0.08142201834862384
2025-12-19,0.803,0.811,0.8,0.811,517647351,417512521,0.012484394506866447,0.8101499999999999,0.8288166666666666,-0.054778554778554644
2025-12-22,0.81,0.811,0.806,0.809,703369031,568761593,-0.002466091245376112,0.80935,0.8279666666666667,-0.059302325581395254
2025-12-23,0.809,0.81,0.802,0.802,893575017,719475941,-0.008652657601977753,0.8080999999999999,0.8271833333333334,-0.05535924617196697
2025-12-24,0.802,0.803,0.796,0.799,582860705,465194649,-0.0037406483790524137,0.8068,0.82645,-0.05219454329774609
2025-12-25,0.798,0.805,0.797,0.804,584677615,468264063,0.006257822277847325,0.8057500000000001,0.8257333333333334,-0.050767414403777966
2025-12-26,0.803,0.804,0.797,0.8,378883002,303334165,-0.00497512437810943,0.8043000000000001,0.8250666666666666,-0.04761904761904756
2025-12-29,0.8,0.803,0.796,0.798,739902614,590673823,-0.0024999999999999467,0.8028500000000001,0.8243833333333334,-0.04886769964243143
2025-12-30,0.796,0.8,0.795,0.798,446088200,355524803,0.0,0.8017000000000001,0.8235499999999999,-0.0589622641509433
2025-12-31,0.798,0.798,0.79,0.793,414119000,328250965,-0.006265664160400974,0.8006500000000001,0.8226666666666667,-0.06264775413711576
2026-01-05,0.793,0.803,0.792,0.802,997427799,797424929,0.011349306431273742,0.8004,0.8219666666666667,-0.04976303317535535
2026-01-06,0.801,0.809,0.798,0.809,1367096781,1098662456,0.008728179551122262,0.8004000000000001,0.82135,-0.04373522458628831
2026-01-07,0.809,0.81,0.802,0.804,862573927,694732776,-0.006180469715698411,0.8005000000000001,0.8207833333333333,-0.04057279236276845
2026-01-08,0.802,0.802,0.796,0.798,710485127,566787105,-0.007462686567164201,0.8007500000000001,0.81995,-0.0589622641509433
2026-01-09,0.797,0.803,0.797,0.801,654642427,523960998,0.003759398496240518,0.80105,0.8191,-0.059859154929577385
2026-01-12,0.801,0.806,0.799,0.806,876357303,704015752,0.006242197253433224,0.8018000000000001,0.8183166666666667,-0.055099648300117154
2026-01-13,0.806,0.807,0.795,0.798,1322931300,1060341996,-0.00992555831265507,0.8019000000000001,0.8175666666666666,-0.053380782918149405
2026-01-14,0.797,0.801,0.789,0.794,1247712239,993480762,-0.005012531328320802,0.8015500000000001,0.8168500000000001,-0.05137395459976102
2026-01-15,0.791,0.797,0.789,0.79,594805879,471255101,-0.005037783375314908,0.8010999999999999,0.8160333333333334,-0.05840286054827171
2026-01-16,0.791,0.793,0.779,0.779,993434700,779016738,-0.013924050632911356,0.7998000000000001,0.8151333333333333,-0.06482593037214879
2026-01-19,0.779,0.785,0.778,0.782,462704733,361791077,0.0038510911424902705,0.7988500000000001,0.8142666666666667,-0.062350119904076684
2026-01-20,0.782,0.786,0.78,0.784,933257577,731257313,0.002557544757033181,0.7975000000000001,0.8135666666666667,-0.05084745762711851
2026-01-21,0.783,0.784,0.773,0.775,1208664100,939918823,-0.011479591836734748,0.7958000000000001,0.8126666666666666,-0.06513872135102527
2026-01-22,0.775,0.778,0.771,0.772,675780952,522769877,-0.003870967741935516,0.7943,0.8117833333333332,-0.06424242424242421
2026-01-23,0.772,0.775,0.77,0.771,487757581,376936876,-0.0012953367875647714,0.7929,0.8108666666666667,-0.06658595641646481
2026-01-26,0.77,0.774,0.759,0.771,992215619,760875492,0.0,0.79125,0.8099833333333333,-0.06432038834951448
2026-01-27,0.77,0.77,0.757,0.758,816467922,620713143,-0.016861219195849597,0.78915,0.8087666666666667,-0.0878459687123947
2026-01-28,0.758,0.761,0.753,0.756,829058152,627248272,-0.0026385224274406704,0.78705,0.8074833333333333,-0.09243697478991597
2026-01-29,0.756,0.8,0.756,0.8,2221699757,1735285884,0.05820105820105814,0.78715,0.8071166666666667,-0.02676399026763976
2026-01-30,0.795,0.795,0.778,0.778,1093810473,860212741,-0.02749999999999997,0.7864,0.8064166666666667,-0.051219512195121886
2026-02-02,0.777,0.795,0.775,0.777,846719045,663713879,-0.0012853470437017567,0.78515,0.8056833333333333,-0.05359317904993899
2026-02-03,0.777,0.787,0.774,0.783,568405640,442939257,0.007722007722007707,0.78385,0.8050333333333334,-0.04744525547445244
2026-02-04,0.782,0.801,0.781,0.8,943075610,748588134,0.02171136653895278,0.7836500000000001,0.8042333333333335,-0.05660377358490554
2026-02-05,0.798,0.812,0.797,0.808,1507368856,1215928693,0.010000000000000009,0.7841500000000001,0.8035666666666668,-0.047169811320754595
2026-02-06,0.805,0.808,0.795,0.798,644269990,514938715,-0.012376237623762387,0.784,0.8027166666666666,-0.060070671378091745
2026-02-09,0.797,0.802,0.794,0.799,720268464,574425416,0.0012531328320801727,0.78365,0.8018166666666667,-0.06330597889800693
2026-02-10,0.798,0.798,0.787,0.789,624221000,492827276,-0.01251564455569465,0.7832,0.8009333333333333,-0.06294536817102125
2026-02-11,0.789,0.791,0.786,0.789,423006400,333506494,0.0,0.78295,0.8001333333333334,-0.05734767025089593
2026-02-12,0.789,0.789,0.778,0.78,495302100,387108512,-0.011406844106463865,0.7824500000000001,0.7991500000000001,-0.07032181168057206
2026-02-13,0.78,0.785,0.776,0.777,532907000,415939674,-0.0038461538461538325,0.78235,0.7981666666666667,-0.07057416267942573
2026-02-24,0.78,0.786,0.77,0.771,510442600,395360311,-0.007722007722007707,0.7818,0.7971666666666668,-0.07220216606498187
2026-02-25,0.771,0.781,0.771,0.775,815835700,633365529,0.005188067444876765,0.78135,0.7963333333333333,-0.06060606060606055
2026-02-26,0.776,0.779,0.769,0.771,456700400,352881208,-0.005161290322580614,0.78115,0.7954333333333334,-0.06545454545454543
2026-02-27,0.77,0.776,0.77,0.775,400393578,309693251,0.005188067444876765,0.7813000000000001,0.7945666666666666,-0.06287787182587656
2026-03-02,0.77,0.777,0.764,0.768,502682376,386024344,-0.00903225806451613,0.78115,0.7936166666666667,-0.06909090909090898
2026-03-03,0.767,0.777,0.763,0.765,570197060,437967290,-0.00390625,0.78085,0.7926166666666667,-0.07272727272727264
2026-03-04,0.763,0.763,0.754,0.759,644863605,488639652,-0.007843137254901933,0.7809,0.79145,-0.08443908323281057
2026-03-05,0.761,0.762,0.753,0.756,455489400,344734321,-0.0039525691699604515,0.7809,0.7902666666666668,-0.08585247883917768
2026-03-06,0.754,0.776,0.753,0.773,969551400,744556348,0.022486772486772555,0.7795500000000001,0.7894666666666666,-0.0584652862362971
2026-03-09,0.769,0.777,0.768,0.771,563491410,435588530,-0.002587322121604174,0.7792000000000001,0.7887500000000001,-0.05282555282555279
2026-03-10,0.771,0.775,0.77,0.772,350368085,270644294,0.0012970168612191912,0.77895,0.7881666666666667,-0.043370508054522916
2026-03-11,0.772,0.777,0.767,0.776,385782700,297962297,0.005181347150259086,0.7786000000000001,0.7876166666666667,-0.040791100123609425
2026-03-12,0.775,0.781,0.771,0.779,519662700,403442437,0.0038659793814432852,0.77755,0.7872333333333333,-0.028678304239401542
2026-03-13,0.779,0.786,0.777,0.781,466348639,364830873,0.0025673940949935137,0.7762,0.7870333333333335,-0.015132408575031508
2026-03-16,0.78,0.793,0.78,0.79,749484346,591251340,0.011523687580025532,0.7758,0.7869500000000001,-0.0062893081761006275
2026-03-17,0.788,0.801,0.786,0.788,1090762351,865664320,-0.0025316455696202667,0.77525,0.7868999999999999,-0.0037926675094817064
2026-03-18,0.789,0.791,0.778,0.782,595800779,465877439,-0.0076142131979695105,0.7749,0.7866666666666667,-0.017587939698492483
2026-03-19,0.779,0.78,0.769,0.77,563070199,435483352,-0.01534526854219953,0.77395,0.78615,-0.038701622971285876
2026-03-20,0.77,0.777,0.764,0.764,418937200,322556186,-0.007792207792207795,0.77315,0.7855666666666666,-0.04380475594493116
2026-03-23,0.76,0.761,0.733,0.736,849182350,631201296,-0.03664921465968585,0.7711,0.7844166666666667,-0.08571428571428574
2026-03-24,0.739,0.743,0.732,0.742,464258014,342190794,0.008152173913043459,0.7696500000000001,0.7834333333333334,-0.07365792759051193
2026-03-25,0.741,0.747,0.737,0.747,389998400,290213748,0.006738544474393482,0.76825,0.7823666666666668,-0.07891491985203458
2026-03-26,0.746,0.749,0.738,0.739,609852200,452654631,-0.010709504685408322,0.76665,0.7812,-0.08652657601977753
2026-03-27,0.736,0.753,0.735,0.752,544527800,408073267,0.017591339648173276,0.7655000000000001,0.7803666666666668,-0.06234413965087282
2026-03-30,0.745,0.757,0.745,0.753,397289300,298377662,0.0013297872340425343,0.76475,0.7796000000000001,-0.05757196495619532
2026-03-31,0.757,0.762,0.742,0.742,793725800,595618778,-0.014608233731739695,0.7636000000000001,0.7785666666666666,-0.07711442786069655
2026-04-01,0.747,0.754,0.744,0.751,363400900,272362227,0.0121293800539084,0.7632000000000001,0.7777499999999999,-0.06125000000000003
2026-04-02,0.75,0.761,0.748,0.756,404434300,305772809,0.0066577896138482195,0.7632,0.7770499999999999,-0.052631578947368474
2026-04-03,0.756,0.757,0.745,0.747,297284100,222421047,-0.011904761904761862,0.7619,0.7762,-0.06390977443609025
2026-04-07,0.747,0.752,0.743,0.745,311342830,232285988,-0.0026773761713521083,0.7605999999999999,0.7754,-0.060529634300126145
2026-04-08,0.753,0.757,0.748,0.757,580371900,437032815,0.016107382550335503,0.7598499999999999,0.77465,-0.05610972568578554
2026-04-09,0.753,0.754,0.744,0.747,360912978,269798444,-0.013210039630118908,0.7584,0.7736166666666667,-0.07663782447466017
2026-04-10,0.747,0.749,0.741,0.743,1241728807,923592795,-0.0053547523427041055,0.7565999999999999,0.7726000000000001,-0.07587064676616917
2026-04-13,0.741,0.745,0.738,0.744,638273000,474080054,0.0013458950201883368,0.75475,0.7717000000000002,-0.06766917293233088
2026-04-14,0.745,0.751,0.742,0.751,531414192,396456558,0.009408602150537737,0.7527999999999999,0.7708666666666667,-0.062421972534332126
2026-04-15,0.75,0.754,0.747,0.752,643132460,482688445,0.0013315579227697327,0.751,0.7699666666666667,-0.06699751861042191
2026-04-16,0.752,0.753,0.749,0.753,339457600,255125478,0.0013297872340425343,0.7495499999999999,0.7692166666666668,-0.0563909774436091
2026-04-17,0.747,0.747,0.74,0.742,705804568,523305590,-0.014608233731739695,0.7481500000000001,0.76835,-0.06549118387909325
2026-04-20,0.742,0.744,0.739,0.742,523053581,387664305,0.0,0.74705,0.76755,-0.06075949367088618
2026-04-21,0.742,0.747,0.74,0.742,484674000,359912923,0.0,0.74735,0.7669333333333335,-0.047496790757381335
2026-04-22,0.74,0.744,0.735,0.737,343986938,254016817,-0.006738544474393482,0.7470999999999999,0.7661833333333334,-0.05754475703324813
2026-04-23,0.737,0.742,0.733,0.737,515469692,380575146,0.0,0.7465999999999999,0.7654,-0.05994897959183676
2026-04-24,0.736,0.74,0.732,0.737,337351400,248619574,0.0,0.7464999999999999,0.7647666666666667,-0.049032258064516165
2026-04-27,0.734,0.735,0.729,0.731,312398490,228331975,-0.008141112618724522,0.74545,0.7640833333333334,-0.05310880829015552
2026-04-28,0.73,0.733,0.728,0.732,359415300,262511945,0.001367989056087593,0.7444,0.7634333333333334,-0.05058365758754868
2026-04-29,0.732,0.748,0.731,0.745,545294700,404965954,0.01775956284153013,0.74455,0.763,-0.03372243839169908
2026-04-30,0.745,0.753,0.743,0.747,489528226,365906977,0.0026845637583892135,0.74435,0.7628166666666666,-0.014511873350923521
2026-05-06,0.74,0.742,0.735,0.742,482936167,356655966,-0.00669344042838016,0.74365,0.7625833333333334,-0.01851851851851849
2026-05-07,0.741,0.746,0.737,0.739,364824035,270118519,-0.0040431266846361336,0.74325,0.7615666666666667,-0.07625000000000004
2026-05-08,0.738,0.741,0.732,0.734,468687437,344373082,-0.006765899864682012,0.7426999999999999,0.7608333333333335,-0.05655526992287918
2026-05-11,0.732,0.737,0.728,0.736,499001200,366234003,0.0027247956403269047,0.74165,0.76015,-0.05276705276705285
2026-05-12,0.735,0.736,0.723,0.725,541849847,394009731,-0.014945652173913082,0.74055,0.7591833333333333,-0.07407407407407418
2026-05-13,0.723,0.726,0.716,0.719,373381800,268330973,-0.008275862068965578,0.73935,0.7578333333333334,-0.10125000000000006
2026-05-14,0.72,0.732,0.716,0.72,606831940,438236037,0.0013908205841446364,0.73815,0.7563666666666666,-0.10891089108910901
2026-05-15,0.719,0.72,0.706,0.708,491782500,349516587,-0.01666666666666672,0.736,0.7548666666666667,-0.1127819548872181
2026-05-18,0.709,0.71,0.698,0.7,380865970,267032915,-0.011299435028248594,0.7333999999999999,0.7532166666666668,-0.12390488110137687
2026-05-19,0.7,0.707,0.696,0.7,294699300,206474515,0.0,0.73075,0.7517333333333334,-0.1128010139416985
2026-05-20,0.699,0.705,0.696,0.699,299955624,209890839,-0.0014285714285714457,0.7286,0.7502333333333334,-0.11406844106463887
2026-05-21,0.698,0.705,0.69,0.69,423870900,295642710,-0.012875536480686733,0.726,0.7487333333333334,-0.11538461538461553
2026-05-22,0.692,0.693,0.68,0.682,385191700,263364873,-0.01159420289855062,0.723,0.74715,-0.1222651222651222
2026-05-25,0.682,0.686,0.674,0.681,551613900,375481691,-0.0014662756598240456,0.7202,0.7456499999999999,-0.11673151750972754
2026-05-26,0.68,0.684,0.676,0.68,300734100,204176771,-0.001468428781204123,0.71735,0.7440666666666667,-0.1225806451612903
2026-05-27,0.679,0.69,0.668,0.682,1398090221,949908206,0.002941176470588225,0.7146,0.7425833333333334,-0.11543450064850835
2026-05-28,0.679,0.679,0.668,0.67,587069656,395183256,-0.017595307917888547,0.71155,0.7408333333333333,-0.13548387096774195
2026-05-29,0.669,0.692,0.667,0.689,842727200,576247512,0.028358208955223674,0.7093999999999999,0.7395166666666666,-0.10286458333333337
