date,open,high,low,close,volume,amount,daily_return,ma20,ma60,momentum_60
2020-01-02,1.743,1.771,1.731,1.765,338082532,593821308,,,,
2020-01-03,1.766,1.774,1.751,1.764,274686029,484657154,-0.0005665722379603055,,,
2020-01-06,1.756,1.806,1.753,1.788,416699155,744384661,0.013605442176870763,,,
2020-01-07,1.792,1.823,1.792,1.822,394559043,713661489,0.019015659955257336,,,
2020-01-08,1.808,1.822,1.789,1.792,495910739,894926575,-0.016465422612513714,,,
2020-01-09,1.811,1.842,1.811,1.839,447568934,818555091,0.026227678571428603,,,
2020-01-10,1.847,1.847,1.821,1.831,354645101,650123952,-0.004350190320826508,,,
2020-01-13,1.834,1.862,1.82,1.862,440077186,812006316,0.016930638995084735,,,
2020-01-14,1.864,1.871,1.849,1.85,380667971,707363702,-0.0064446831364124435,,,
2020-01-15,1.848,1.856,1.829,1.847,262788293,484326113,-0.001621621621621716,,,
2020-01-16,1.851,1.863,1.842,1.856,270307332,501536387,0.004872766648619464,,,
2020-01-17,1.861,1.874,1.853,1.858,299122520,557328141,0.0010775862068965747,,,
2020-01-20,1.862,1.911,1.861,1.905,415155529,785167602,0.025296017222820266,,,
2020-01-21,1.9,1.911,1.881,1.892,533401882,1010621923,-0.006824146981627366,,,
2020-01-22,1.882,1.93,1.852,1.918,490221281,925446974,0.01374207188160681,,,
2020-01-23,1.892,1.918,1.829,1.853,652327882,1220349850,-0.03388946819603755,,,
2020-02-03,1.67,1.766,1.669,1.708,1022628043,1759930597,-0.07825148407987048,,,
2020-02-04,1.716,1.82,1.715,1.816,695557569,1239347233,0.06323185011709609,,,
2020-02-05,1.833,1.896,1.818,1.871,623023768,1159567344,0.030286343612334843,,,
2020-02-06,1.855,1.94,1.836,1.93,705975459,1340342442,0.031533939070016004,1.8383500000000002,,
2020-02-07,1.932,1.949,1.9,1.94,502075775,968173697,0.005181347150259086,1.8471,,
2020-02-10,1.938,1.966,1.924,1.961,437752260,853349834,0.010824742268041199,1.8569499999999999,,
2020-02-11,1.964,1.964,1.935,1.947,277137865,540477051,-0.007139214686384454,1.8649,,
2020-02-12,1.943,2.012,1.939,2.006,394270737,782098797,0.030303030303030054,1.8740999999999999,,
2020-02-13,2.005,2.01,1.971,1.988,426844327,849396216,-0.008973080757726737,1.8839000000000001,,
2020-02-14,1.983,2.022,1.965,1.987,338313044,675301609,-0.0005030181086518315,1.8912999999999998,,
2020-02-17,2.005,2.071,2.004,2.071,689679516,1411302166,0.04227478610971325,1.9033000000000002,,
2020-02-18,2.072,2.09,2.05,2.09,704272926,1461049104,0.00917431192660545,1.9146999999999998,,
2020-02-19,2.08,2.087,2.052,2.054,572403776,1184645192,-0.017224880382775143,1.9248999999999998,,
2020-02-20,2.062,2.118,2.056,2.105,564853897,1179806153,0.024829600778967897,1.9377999999999997,,
2020-02-21,2.1,2.162,2.092,2.145,533741261,1138639740,0.019002375296912177,1.95225,,
2020-02-24,2.137,2.185,2.127,2.178,504084223,1086957992,0.01538461538461533,1.9682499999999998,,
2020-02-25,2.145,2.21,2.082,2.195,714184212,1540210397,0.007805325987144229,1.9827499999999998,,
2020-02-26,2.162,2.176,2.086,2.102,643676967,1371540261,-0.04236902050113889,1.9932500000000002,,
2020-02-27,2.111,2.148,2.076,2.111,762019601,1609806402,0.00428163653663205,2.0029,,
2020-02-28,2.041,2.074,1.985,1.995,1144950272,2320203317,-0.054950260540028495,2.0100000000000002,,
2020-03-02,2.026,2.071,1.999,2.054,640949034,1304480316,0.029573934837092697,2.0273,,
2020-03-03,2.101,2.155,2.066,2.092,758934956,1604280861,0.018500486854917453,2.0410999999999997,,
2020-03-04,2.077,2.097,2.04,2.088,446850536,924792440,-0.0019120458891013214,2.0519499999999997,,
2020-03-05,2.121,2.131,2.09,2.121,537126838,1134560353,0.015804597701149392,2.0614999999999997,,
2020-03-06,2.09,2.14,2.087,2.111,290952337,614750211,-0.0047147571900045815,2.0700499999999997,,
2020-03-09,2.068,2.09,2.011,2.013,424604227,868558244,-0.046423495973472395,2.0726500000000003,,
2020-03-10,2.016,2.068,1.974,2.063,636702181,1291227935,0.024838549428713552,2.0784499999999997,,
2020-03-11,2.07,2.078,2.017,2.024,442957257,906930146,-0.018904507998061093,2.07935,,
2020-03-12,1.996,1.998,1.948,1.971,416046997,820946973,-0.026185770750988158,2.0785,,
2020-03-13,1.895,1.978,1.85,1.952,828071160,1584748402,-0.00963977676306449,2.0767499999999997,,
2020-03-16,1.953,1.96,1.83,1.832,629317092,1191112090,-0.061475409836065475,2.0648,,
2020-03-17,1.863,1.886,1.776,1.842,853714659,1563509735,0.005458515283842891,2.0524,,
2020-03-18,1.86,1.907,1.816,1.818,808958752,1512016753,-0.013029315960912058,2.0406,,
2020-03-19,1.833,1.839,1.768,1.825,1111266897,2007773590,0.0038503850385038785,2.0266,,
2020-03-20,1.847,1.854,1.805,1.847,736210152,1351892031,0.012054794520548029,2.0117000000000003,,
2020-03-23,1.79,1.816,1.75,1.761,733394667,1305813917,-0.04656199242014081,1.99085,,
2020-03-24,1.797,1.81,1.748,1.806,789514566,1410852872,0.0255536626916526,1.9714000000000003,,
2020-03-25,1.845,1.867,1.833,1.86,880115455,1630786983,0.029900332225913706,1.9593,,
2020-03-26,1.845,1.874,1.841,1.853,484313690,900324464,-0.0037634408602150726,1.9464000000000001,,
2020-03-27,1.878,1.882,1.828,1.83,647218343,1197067635,-0.012412304371289706,1.9381499999999998,,
2020-03-30,1.807,1.808,1.762,1.791,632104193,1128069460,-0.021311475409836134,1.925,,
2020-03-31,1.805,1.813,1.79,1.795,427999991,771482306,0.002233389168062594,1.9101500000000002,,
2020-04-01,1.798,1.829,1.79,1.792,397434454,718993771,-0.0016713091922004875,1.89535,,
2020-04-02,1.786,1.845,1.784,1.844,621360179,1125309785,0.029017857142857206,1.8815000000000002,1.9271166666666666,
2020-04-03,1.834,1.854,1.825,1.834,414494134,762594145,-0.005422993492407824,1.86765,1.9282666666666666,0.039093484419263635
2020-04-07,1.871,1.898,1.866,1.894,696557516,1312190879,0.03271537622682641,1.8616999999999997,1.9304333333333334,0.07369614512471645
2020-04-08,1.886,1.901,1.879,1.89,297942382,562745117,-0.002111932418162654,1.85305,1.9321333333333335,0.057046979865771785
2020-04-09,1.905,1.925,1.896,1.921,469048131,897401396,0.016402116402116418,1.8478999999999999,1.9337833333333334,0.05433589462129529
2020-04-10,1.921,1.921,1.868,1.877,388882665,735521437,-0.022904737116085427,1.8432,1.9352000000000003,0.04743303571428559
2020-04-13,1.872,1.872,1.84,1.853,348866654,645264331,-0.012786361214704334,1.83825,1.9354333333333333,0.0076128330614464446
2020-04-14,1.862,1.91,1.856,1.909,485091018,914603651,0.030221262817053507,1.8420999999999998,1.9367333333333334,0.04259967231021311
2020-04-15,1.911,1.927,1.899,1.899,391673275,749693136,-0.005238344683080154,1.84495,1.93735,0.019871106337271627
2020-04-16,1.893,1.938,1.891,1.932,343659922,659893804,0.017377567140600236,1.8506500000000004,1.9387166666666666,0.044324324324324316
2020-04-17,1.948,1.969,1.936,1.943,423549848,827242036,0.005693581780538359,1.85655,1.9403166666666667,0.0519761775852734
2020-04-20,1.945,1.969,1.94,1.969,233852579,457862505,0.013381369016983946,1.86265,1.9422,0.06088362068965525
2020-04-21,1.96,1.96,1.92,1.949,320577430,622482684,-0.01015744032503807,1.8720500000000002,1.9437166666666668,0.04897739504843912
2020-04-22,1.932,1.967,1.927,1.967,322109443,627374185,0.009235505387378051,1.8800999999999999,1.94475,0.032545931758530156
2020-04-23,1.97,1.978,1.947,1.951,312795892,613241023,-0.00813421453990848,1.88465,1.9457333333333333,0.03118393234672312
2020-04-24,1.951,1.959,1.921,1.93,248955034,482010977,-0.010763710917478297,1.8884999999999998,1.9459333333333333,0.006256517205422307
2020-04-27,1.938,1.957,1.919,1.939,332056612,645358326,0.004663212435233266,1.8939499999999998,1.9473666666666667,0.0464112250404749
2020-04-28,1.947,1.969,1.89,1.951,446927507,865921544,0.006188757091284192,1.90195,1.9514166666666666,0.14227166276346614
2020-04-29,1.943,1.973,1.94,1.952,356095691,696005741,0.0005125576627369455,1.9098,1.9536833333333334,0.07488986784140961
2020-04-30,1.964,1.999,1.96,1.993,411736129,817442891,0.021004098360655865,1.9198499999999998,1.9557166666666668,0.0652057723142705
2020-05-06,1.98,2.032,1.974,2.029,367767579,737917206,0.018063221274460473,1.9291,1.9573666666666667,0.051295336787564816
2020-05-07,2.03,2.035,2.014,2.025,265935124,538456242,-0.0019714144898964614,1.9386500000000002,1.9587833333333333,0.04381443298969079
2020-05-08,2.035,2.058,2.033,2.042,304340396,622569015,0.008395061728394992,1.9460500000000003,1.960133333333333,0.04130545639979588
2020-05-11,2.054,2.057,2.01,2.024,372382958,755905404,-0.008814887365327984,1.95275,1.9614166666666668,0.039548022598870025
2020-05-12,2.021,2.045,2.012,2.043,273309790,554753045,0.009387351778656239,1.9588500000000004,1.9620333333333335,0.018444666001994126
2020-05-13,2.033,2.063,2.033,2.058,228528663,468032260,0.007342143906020393,1.9679000000000002,1.9632,0.035211267605633756
2020-05-14,2.047,2.058,2.035,2.036,241709394,494059209,-0.010689990281826933,1.9770499999999998,1.9640166666666665,0.024660291897332653
2020-05-15,2.047,2.056,2.03,2.042,228085862,466146590,0.0029469548133593815,1.9837,1.9635333333333334,-0.014002897151134897
2020-05-18,2.045,2.057,2.015,2.039,255364320,520926433,-0.0014691478942211456,1.9907,1.9626833333333333,-0.02440191387559798
2020-05-19,2.052,2.061,2.046,2.061,372748756,766492303,0.010789602746444249,1.99715,1.9627999999999999,0.003407984420642718
2020-05-20,2.061,2.074,2.033,2.041,315427855,648502009,-0.009704027171276053,2.0020499999999997,1.9617333333333336,-0.030403800475059417
2020-05-21,2.045,2.058,2.015,2.02,286282852,583607040,-0.010289073983341446,2.0046,1.95965,-0.0582750582750583
2020-05-22,2.015,2.018,1.96,1.972,422028759,837242316,-0.023762376237623783,2.00575,1.9562166666666665,-0.0945821854912764
2020-05-25,1.968,1.977,1.958,1.975,255996472,504052567,0.0015212981744423537,2.0061500000000003,1.95255,-0.10022779043280172
2020-05-26,1.989,2.038,1.986,2.038,345773726,696891565,0.031898734177215005,2.0105,1.9514833333333332,-0.0304471931493816
2020-05-27,2.034,2.035,1.986,1.997,428796980,859890900,-0.020117762512266824,2.01385,1.9495833333333332,-0.05400284225485552
2020-05-28,1.99,1.999,1.948,1.982,446455083,878971372,-0.007511266900350533,2.016,1.9493666666666667,-0.006516290726817142
2020-05-29,1.969,2.012,1.967,2.006,365781378,731316339,0.012108980827446825,2.01875,1.9485666666666668,-0.023369036027263923
2020-06-01,2.024,2.087,2.02,2.082,401752817,829581441,0.03788634097706889,2.02525,1.9484,-0.004780114722753415
2020-06-02,2.083,2.085,2.054,2.067,302634627,625496280,-0.007204610951008439,2.02895,1.9480499999999998,-0.010057471264367734
2020-06-03,2.075,2.085,2.059,2.06,249887104,517396639,-0.0033865505563619447,2.0305,1.9470333333333334,-0.02876001885902868
2020-06-04,2.067,2.077,2.057,2.073,257369106,532624121,0.006310679611650327,2.0329,1.9464,-0.018000947418285285
2020-06-05,2.069,2.087,2.062,2.087,219826938,456286888,0.006753497346840387,2.03515,1.9476333333333333,0.03676105315449596
2020-06-08,2.101,2.111,2.07,2.073,239640116,500333439,-0.006708193579300525,2.0376000000000003,1.9478000000000002,0.004847309743092554
2020-06-09,2.076,2.106,2.068,2.102,256076277,535995825,0.013989387361312167,2.0405499999999996,1.9491,0.03853754940711451
2020-06-10,2.102,2.124,2.099,2.122,299262224,632269236,0.009514747859181716,2.04375,1.9516166666666666,0.07661085743277507
2020-06-11,2.123,2.161,2.103,2.119,324574034,691810133,-0.001413760603204417,2.0479000000000003,1.9544,0.08555327868852469
2020-06-12,2.08,2.147,2.078,2.141,395880625,839264059,0.010382255781028693,2.0528500000000003,1.9595500000000001,0.16866812227074224
2020-06-15,2.143,2.181,2.14,2.141,350946406,757263998,0.0,2.05795,1.9645333333333332,0.1623235613463625
2020-06-16,2.169,2.188,2.161,2.183,381432828,829913781,0.01961700140121425,2.06405,1.9706166666666667,0.20077007700770055
2020-06-17,2.184,2.198,2.171,2.188,288225940,629367514,0.0022904260192397885,2.0714,1.9766666666666668,0.19890410958904114
2020-06-18,2.187,2.196,2.17,2.194,361883262,790565834,0.002742230347348995,2.0801,1.98245,0.18787222523010283
2020-06-19,2.196,2.253,2.191,2.238,339270529,757480675,0.020054694621695512,2.0934,1.9904000000000002,0.2708688245315163
2020-06-22,2.246,2.282,2.245,2.263,343573358,778089551,0.011170688114387817,2.1078,1.9980166666666668,0.2530454042081949
2020-06-23,2.26,2.307,2.255,2.307,269737520,615432633,0.01944321696862583,2.12125,2.0054666666666665,0.2403225806451612
2020-06-24,2.318,2.318,2.29,2.307,280117766,644657419,0.0,2.13675,2.0130333333333335,0.24500809498111176
2020-06-29,2.292,2.307,2.28,2.295,257396705,589922239,-0.005201560468140465,2.1524,2.020783333333333,0.25409836065573765
2020-06-30,2.304,2.363,2.304,2.359,275878735,645987864,0.02788671023965139,2.1700500000000003,2.03025,0.3171412618648799
2020-07-01,2.363,2.37,2.303,2.342,431263576,1008298495,-0.007206443408223739,2.18305,2.0393666666666665,0.30473537604456835
2020-07-02,2.337,2.355,2.314,2.35,363142179,848789796,0.0034158838599487318,2.1972,2.0486666666666666,0.3113839285714286
2020-07-03,2.349,2.39,2.325,2.38,392494290,926308197,0.012765957446808418,2.2131999999999996,2.0576,0.2906724511930585
2020-07-06,2.384,2.459,2.375,2.45,537357558,1298220540,0.02941176470588247,2.23205,2.0678666666666667,0.33587786259541996
2020-07-07,2.459,2.561,2.45,2.503,439699188,1104592914,0.021632653061224527,2.25285,2.0780166666666666,0.32154171066525894
2020-07-08,2.515,2.58,2.489,2.574,346433713,877417271,0.028365960846983507,2.2779,2.0894166666666667,0.36190476190476195
2020-07-09,2.576,2.681,2.56,2.674,498913539,1314914800,0.03885003885003879,2.3065,2.1019666666666668,0.39198334200937013
2020-07-10,2.66,2.706,2.64,2.685,477182145,1279620072,0.004113687359760698,2.33465,2.1154333333333333,0.4304741608950453
2020-07-13,2.693,2.81,2.693,2.802,534279386,1474933369,0.043575418994413306,2.3688,2.13125,0.5121424716675662
2020-07-14,2.798,2.798,2.695,2.767,726061213,1996260330,-0.012491077801570327,2.4000999999999997,2.14555,0.44944997380827645
2020-07-15,2.766,2.797,2.688,2.722,781743879,2153845857,-0.016263100831225175,2.42915,2.159266666666667,0.43338599262769884
2020-07-16,2.718,2.755,2.538,2.558,1269181870,3351186155,-0.0602498163115357,2.4478999999999997,2.1697,0.3240165631469978
2020-07-17,2.558,2.635,2.529,2.583,900005660,2321894452,0.009773260359656089,2.46765,2.1803666666666666,0.3293875450334536
2020-07-20,2.62,2.629,2.528,2.611,686034721,1770602914,0.01084010840108407,2.4885,2.1910666666666665,0.3260538344337227
2020-07-21,2.62,2.653,2.596,2.643,659815385,1737413414,0.01225584067407115,2.50875,2.202633333333333,0.35608004104669044
2020-07-22,2.628,2.713,2.621,2.678,618928125,1659035428,0.01324252743094978,2.5294999999999996,2.2144833333333334,0.3614641586171834
2020-07-23,2.657,2.706,2.613,2.706,496272409,1324355252,0.010455563853622118,2.54945,2.2270666666666665,0.38698103536647865
2020-07-24,2.68,2.695,2.525,2.537,817839761,2120347856,-0.06245380635624542,2.56095,2.2371833333333333,0.31450777202072544
2020-07-27,2.544,2.577,2.513,2.54,423595328,1080018869,0.0011824990145841152,2.5732,2.2472,0.3099535843218153
2020-07-28,2.576,2.587,2.539,2.573,437831325,1122978638,0.012992125984252034,2.5839,2.2575666666666665,0.31881086622245003
2020-07-29,2.564,2.685,2.561,2.68,485217520,1278752610,0.04158569762922659,2.6008,2.2697,0.3729508196721312
2020-07-30,2.68,2.692,2.641,2.652,429584112,1146614617,-0.010447761194029903,2.6159,2.280683333333333,0.33065730055193177
2020-07-31,2.658,2.724,2.646,2.708,468958726,1262589295,0.02111613876319751,2.6323,2.2920000000000003,0.3346476096599311
2020-08-03,2.734,2.774,2.704,2.774,405796392,1114103916,0.024372230428360453,2.6485,2.304483333333333,0.3698765432098765
2020-08-04,2.772,2.794,2.721,2.738,441102561,1216085612,-0.012977649603460706,2.66025,2.3160833333333333,0.34084231145935373
2020-08-05,2.74,2.779,2.707,2.763,324932450,891682559,0.009130752373995632,2.6696999999999997,2.3284,0.36511857707509865
2020-08-06,2.767,2.77,2.682,2.719,431876721,1173644626,-0.015924719507781404,2.67195,2.339666666666667,0.3308859520313263
2020-08-07,2.701,2.726,2.61,2.657,449797080,1198850618,-0.02280250091945557,2.67055,2.3496499999999996,0.2910592808551993
2020-08-10,2.641,2.666,2.603,2.641,301159264,793749024,-0.006021829130598455,2.6625,2.359733333333333,0.29715127701375255
2020-08-11,2.643,2.68,2.59,2.6,398901426,1052834042,-0.015524422567209317,2.6541500000000005,2.3690333333333333,0.2732615083251715
2020-08-12,2.596,2.604,2.492,2.548,701878313,1776970116,-0.020000000000000018,2.64545,2.3775166666666667,0.2496321726336439
2020-08-13,2.56,2.566,2.521,2.535,337884346,860036377,-0.005102040816326481,2.6443000000000003,2.3854166666666665,0.22998544395924325
2020-08-14,2.533,2.58,2.528,2.579,484820197,1240668233,0.017357001972386543,2.6441,2.394383333333333,0.26359627633513005
2020-08-17,2.591,2.608,2.56,2.607,570620335,1477528122,0.010856921287320631,2.6439,2.404166666666667,0.29059405940594063
2020-08-18,2.608,2.631,2.595,2.605,332642845,868339538,-0.0007671653241274612,2.642,2.4147166666666666,0.3209939148073022
2020-08-19,2.604,2.61,2.521,2.524,336320265,859262804,-0.03109404990403064,2.6343,2.423866666666667,0.27797468354430377
2020-08-20,2.503,2.541,2.272,2.503,331196658,831085468,-0.008320126782884296,2.6241499999999998,2.4316166666666663,0.2281648675171739
2020-08-21,2.519,2.554,2.518,2.546,334956758,850586315,0.01717938473831393,2.6246,2.4407666666666668,0.2749123685528292
2020-08-24,2.563,2.612,2.503,2.597,444974992,1144983928,0.020031421838177632,2.62745,2.4510166666666664,0.31029263370333005
2020-08-25,2.591,2.65,2.589,2.611,404288409,1057606842,0.005390835579514919,2.62935,2.4611,0.3015952143569294
2020-08-26,2.608,2.627,2.546,2.551,437208419,1130157865,-0.0229797012638836,2.6229,2.4689166666666664,0.2252641690682038
2020-08-27,2.561,2.609,2.547,2.602,377358507,974798254,0.01999215993727943,2.6204,2.4778333333333338,0.2588292210933718
2020-08-28,2.59,2.67,2.586,2.666,400813583,1056256950,0.024596464258263007,2.6183,2.4879333333333333,0.2941747572815534
2020-08-31,2.676,2.687,2.633,2.637,348585735,927733048,-0.01087771942985738,2.61145,2.497333333333333,0.27206946454413905
2020-09-01,2.628,2.659,2.611,2.658,259463968,684918231,0.007963594994311762,2.60745,2.50685,0.2735984666986102
2020-09-02,2.657,2.692,2.634,2.676,331958177,885461830,0.006772009029345494,2.6031000000000004,2.5169,0.2908827785817656
2020-09-03,2.667,2.696,2.642,2.653,343135790,915507473,-0.008594917787742906,2.5998,2.5260833333333332,0.2621313035204569
2020-09-04,2.609,2.649,2.596,2.638,313760212,821326557,-0.005653976630229929,2.5988499999999997,2.534683333333333,0.24316682375117815
2020-09-07,2.628,2.65,2.541,2.549,423258879,1097755996,-0.03373768006065203,2.5942499999999997,2.5418499999999997,0.20292590844738068
2020-09-08,2.554,2.574,2.524,2.564,339692412,866442625,0.005884660651235718,2.59245,2.5489,0.19757122839794494
2020-09-09,2.533,2.533,2.421,2.44,522864782,1290302262,-0.04836193447737913,2.5870500000000005,2.5538833333333333,0.13965436711816914
2020-09-10,2.462,2.478,2.39,2.403,364836322,890871797,-0.01516393442622943,2.58045,2.5575499999999995,0.10077874484654159
2020-09-11,2.391,2.457,2.39,2.449,292043263,708370141,0.019142738243861812,2.57395,2.5619,0.11928702010968917
2020-09-14,2.476,2.515,2.461,2.484,326308013,811189484,0.014291547570437046,2.5678,2.5667333333333335,0.13217866909753884
2020-09-15,2.484,2.51,2.473,2.504,227161113,566728535,0.008051529790660261,2.5627500000000003,2.571166666666667,0.11885612153708669
2020-09-16,2.506,2.507,2.454,2.47,171690899,425309578,-0.013578274760383313,2.56005,2.5746166666666666,0.09147149801148924
2020-09-17,2.46,2.495,2.437,2.467,238430245,587710505,-0.0012145748987855143,2.55825,2.5772833333333334,0.06935413957520598
2020-09-18,2.468,2.514,2.45,2.513,303412153,753809186,0.018646128901499637,2.5566000000000004,2.5807166666666665,0.08929345470307748
2020-09-21,2.516,2.517,2.479,2.48,224876539,561392731,-0.013131715081575734,2.55075,2.5838000000000005,0.08061002178649246
2020-09-22,2.47,2.508,2.462,2.469,228320462,568003027,-0.004435483870967816,2.54365,2.5856333333333335,0.046629927935565973
2020-09-23,2.472,2.52,2.459,2.508,222709939,555643080,0.015795868772782606,2.5415,2.5884,0.07087959009393674
2020-09-24,2.49,2.496,2.451,2.454,226518798,559422768,-0.021531100478468845,2.5341,2.590133333333333,0.0442553191489361
2020-09-25,2.46,2.482,2.444,2.457,200706676,494279353,0.0012224938875304847,2.52365,2.591416666666667,0.03235294117647047
2020-09-28,2.465,2.467,2.432,2.434,165632430,405194141,-0.009361009361009254,2.5135,2.5911500000000003,-0.0065306122448979265
2020-09-29,2.453,2.49,2.436,2.479,208620050,514655910,0.018488085456039416,2.50455,2.59075,-0.009588493807431098
2020-09-30,2.478,2.513,2.472,2.489,219507409,547313044,0.004033884630899376,2.4951999999999996,2.5893333333333333,-0.033022533022532996
2020-10-09,2.539,2.586,2.534,2.581,244202537,626372570,0.03696263559662527,2.4916,2.5877833333333333,-0.03477935676888555
2020-10-12,2.606,2.683,2.601,2.683,364837013,968069586,0.03951956605966678,2.49385,2.58775,-0.0007448789571695702
2020-10-13,2.679,2.697,2.66,2.688,249894168,669090508,0.00186358553857624,2.5008000000000004,2.58585,-0.0406852248394004
2020-10-14,2.682,2.696,2.664,2.668,201838845,540189393,-0.007440476190476164,2.5060000000000002,2.5842,-0.035778821828695295
2020-10-15,2.668,2.675,2.642,2.65,217479954,577161109,-0.006746626686656709,2.5164999999999997,2.583,-0.02645113886847905
2020-10-16,2.641,2.658,2.602,2.634,202792436,533554906,-0.006037735849056647,2.52805,2.5842666666666663,0.029710711493354136
2020-10-19,2.648,2.656,2.593,2.6,224153113,587731849,-0.012908124525436548,2.5356,2.5845499999999997,0.006581494386372455
2020-10-20,2.594,2.646,2.594,2.645,249686322,654281609,0.017307692307692246,2.54365,2.5851166666666665,0.013021830716200666
2020-10-21,2.647,2.65,2.597,2.612,245499409,642838115,-0.012476370510396961,2.5490500000000003,2.5846,-0.011729095724555272
2020-10-22,2.594,2.599,2.556,2.582,280517091,722984040,-0.011485451761102716,2.55465,2.5829999999999997,-0.03584764749813296
2020-10-23,2.579,2.609,2.504,2.516,411905870,1049439847,-0.025561580170410436,2.5571,2.5798333333333336,-0.07021433850702141
2020-10-26,2.5,2.539,2.468,2.533,312465813,783906643,0.006756756756756799,2.5581,2.5797666666666665,-0.0015766653527788943
2020-10-27,2.52,2.563,2.52,2.56,253441654,645580450,0.01065929727595738,2.5621,2.5801,0.007874015748031482
2020-10-28,2.552,2.591,2.536,2.577,269906958,692050491,0.006640624999999956,2.5675,2.5801666666666665,0.001554605518849561
2020-10-29,2.548,2.619,2.542,2.607,277429538,717854999,0.011641443538998875,2.57245,2.57895,-0.02723880597014927
2020-10-30,2.607,2.618,2.553,2.563,252842141,653686601,-0.016877637130801704,2.5779000000000005,2.577466666666667,-0.03355957767722473
2020-11-02,2.57,2.628,2.57,2.617,289130910,751996904,0.02106905969566908,2.5859,2.5759499999999997,-0.033604135893648523
2020-11-03,2.622,2.657,2.605,2.649,202761273,533933853,0.012227741688956906,2.59665,2.573866666666667,-0.045061283345349645
2020-11-04,2.644,2.661,2.629,2.658,219037262,580280195,0.003397508493771184,2.6056,2.572533333333333,-0.029218407596785956
2020-11-05,2.682,2.695,2.651,2.69,260605815,698627106,0.012039127163280705,2.61565,2.5713166666666667,-0.026420557365182784
2020-11-06,2.693,2.697,2.618,2.637,304082339,803744477,-0.019702602230483257,2.61845,2.5699499999999995,-0.030158146377344597
2020-11-09,2.653,2.736,2.653,2.719,372103458,1004789886,0.031095942358740913,2.62025,2.5709833333333334,0.023334587881068902
2020-11-10,2.717,2.717,2.619,2.674,385982619,1034456186,-0.01655020228025006,2.61955,2.5715333333333334,0.012495266944339223
2020-11-11,2.664,2.671,2.592,2.595,327201379,856982463,-0.02954375467464465,2.6159,2.5714499999999996,-0.0019230769230769162
2020-11-12,2.602,2.628,2.595,2.607,207614441,541944557,0.0046242774566473965,2.61375,2.5724333333333336,0.023155416012558883
2020-11-13,2.591,2.628,2.59,2.619,241043610,628170440,0.004602991944764101,2.613,2.5738333333333334,0.03313609467455625
2020-11-16,2.626,2.627,2.583,2.62,228480113,596375642,0.00038182512409301594,2.614,2.574516666666667,0.015897634742148004
2020-11-17,2.614,2.622,2.538,2.572,398273700,1021474735,-0.018320610687022953,2.61035,2.573933333333333,-0.013425393172228683
2020-11-18,2.57,2.59,2.523,2.534,466233593,1185926305,-0.014774494556765272,2.6064499999999997,2.57275,-0.027255278310940545
2020-11-19,2.527,2.56,2.506,2.556,347370014,882134456,0.008681925808997626,2.60515,2.5732833333333334,0.01267828843106189
2020-11-20,2.553,2.584,2.552,2.576,306170480,787255429,0.007824726134585402,2.60815,2.5745,0.029165001997602857
2020-11-23,2.579,2.612,2.557,2.593,320296569,828386719,0.006599378881987583,2.61115,2.575283333333333,0.01846032992930091
2020-11-24,2.591,2.604,2.571,2.582,177123510,457547113,-0.004242190512919408,2.61225,2.5750333333333333,-0.005775895263765984
2020-11-25,2.583,2.585,2.526,2.528,291116096,741594596,-0.02091402013942678,2.6098,2.5736499999999998,-0.03178858674837237
2020-11-26,2.529,2.542,2.498,2.522,326072919,820162179,-0.002373417721519111,2.60555,2.573166666666667,-0.011368090944727682
2020-11-27,2.519,2.546,2.504,2.532,283537802,715239095,0.003965107057890549,2.604,2.572,-0.02690238278247492
2020-11-30,2.532,2.563,2.506,2.541,363223175,922464800,0.0035545023696681444,2.6002,2.5699166666666664,-0.046886721680420074
2020-12-01,2.535,2.608,2.53,2.602,445009820,1148264659,0.024006296733569465,2.59785,2.5693333333333332,-0.013272658323852937
2020-12-02,2.602,2.607,2.572,2.593,253875072,656776886,-0.0034588777863181486,2.5946,2.5682500000000004,-0.024454477050413814
2020-12-03,2.583,2.628,2.577,2.619,307006064,800328225,0.010026995757809631,2.59105,2.5673000000000004,-0.02130044843049328
2020-12-04,2.608,2.64,2.604,2.637,218982832,574346170,0.0068728522336769515,2.59105,2.5670333333333337,-0.006030908405578628
2020-12-07,2.625,2.643,2.62,2.628,198281873,521625212,-0.0034129692832763903,2.5865,2.566866666666667,-0.0037907505686125553
2020-12-08,2.633,2.659,2.633,2.646,211423499,560165998,0.006849315068493178,2.5850999999999997,2.5684833333333335,0.03805413887799136
2020-12-09,2.65,2.665,2.596,2.598,294426485,773982164,-0.01814058956916098,2.58525,2.56905,0.013260530421216776
2020-12-10,2.587,2.642,2.582,2.627,197931497,517199328,0.011162432640492659,2.58625,2.572166666666667,0.07663934426229502
2020-12-11,2.629,2.637,2.575,2.601,222666043,579549842,-0.00989722116482672,2.58535,2.575466666666667,0.08239700374531833
2020-12-14,2.6,2.641,2.585,2.641,195953047,512961206,0.01537870049980783,2.5864000000000003,2.5786666666666664,0.07839934667211113
2020-12-15,2.633,2.668,2.629,2.667,220610448,585048064,0.009844755774327751,2.59115,2.5817166666666664,0.07367149758454095
2020-12-16,2.666,2.677,2.638,2.667,150552479,400176183,0.0,2.5978000000000003,2.5844333333333336,0.06509584664536727
2020-12-17,2.659,2.695,2.646,2.694,185087694,495452802,0.010123734533183493,2.6047,2.5881666666666665,0.09068825910931166
2020-12-18,2.699,2.706,2.672,2.688,257718366,693602891,-0.00222717149220486,2.6102999999999996,2.59185,0.0895824888528578
2020-12-21,2.687,2.781,2.686,2.778,424157741,1164673060,0.033482142857142794,2.61955,2.5962666666666667,0.10545165141265422
2020-12-22,2.767,2.792,2.716,2.718,272538532,750971177,-0.021598272138228958,2.62635,2.600233333333333,0.09596774193548385
2020-12-23,2.721,2.768,2.717,2.745,328848465,901276399,0.009933774834437026,2.6372,2.604833333333333,0.11178614823815325
2020-12-24,2.741,2.753,2.718,2.726,388445564,1062296687,-0.006921675774134828,2.6474,2.6084666666666663,0.08692185007974484
2020-12-25,2.715,2.749,2.695,2.749,521300967,1418883204,0.00843727072633893,2.65825,2.613383333333333,0.12021189894050521
2020-12-28,2.748,2.764,2.724,2.745,191038814,524052498,-0.0014550745725718794,2.66845,2.618183333333333,0.11721611721611724
2020-12-29,2.733,2.747,2.702,2.717,155320702,423359976,-0.010200364298724951,2.6742,2.6229,0.11626951520131468
2020-12-30,2.72,2.807,2.72,2.799,263980789,733734971,0.030180345969819555,2.6845,2.6282333333333336,0.1290843081887858
2020-12-31,2.809,2.869,2.805,2.866,310691582,883262474,0.023937120400143064,2.6968500000000004,2.634516666666667,0.15146645239051848
2021-01-04,2.864,2.99,2.861,2.976,247276400,727814962,0.03838101884159095,2.7138,2.6411000000000002,0.15304145679969006
2021-01-05,2.94,2.997,2.925,2.988,247000419,734648138,0.0040322580645162365,2.7318000000000002,2.646183333333333,0.11367871785314954
2021-01-06,3.0,3.03,2.953,3.003,229043824,684446083,0.005020080321285203,2.74965,2.6514333333333338,0.1171875
2021-01-07,2.996,3.056,2.978,3.056,202998963,611873214,0.017649017649017607,2.77255,2.6578999999999997,0.14542728635682156
2021-01-08,3.065,3.086,3.011,3.036,186743072,566629501,-0.00654450261780104,2.793,2.664333333333333,0.14566037735849058
2021-01-11,3.052,3.054,2.962,2.989,206808482,622614207,-0.015480895915678583,2.8124,2.6702500000000002,0.13477600607441165
2021-01-12,2.98,3.076,2.954,3.076,185768051,560342105,0.029106724657075977,2.83415,2.6781833333333336,0.18307692307692314
2021-01-13,3.071,3.094,2.997,3.025,214104731,650804281,-0.016579973992197683,2.8520499999999998,2.6845166666666667,0.14366729678638945
2021-01-14,3.01,3.036,2.959,2.987,235351168,705882905,-0.01256198347107429,2.8680499999999998,2.6907666666666668,0.14356814701378262
2021-01-15,2.98,3.004,2.919,2.99,271267751,805189715,0.001004352192835567,2.8828500000000004,2.697566666666667,0.15801704105344716
2021-01-18,2.969,3.058,2.949,3.046,231231312,698319140,0.0187290969899665,2.90075,2.7064,0.21065182829888696
2021-01-19,3.034,3.046,2.966,2.976,218122764,655650574,-0.022980958634274407,2.91065,2.713783333333333,0.17489143308330046
2021-01-20,2.992,3.098,2.987,3.096,298608097,913406723,0.040322580645161255,2.92955,2.7227166666666665,0.2093750000000001
2021-01-21,3.103,3.19,3.101,3.176,220790780,696148914,0.025839793281653867,2.9511,2.7327000000000004,0.23244082266201027
2021-01-22,3.17,3.252,3.165,3.241,256105598,821750426,0.02046599496221657,2.9768499999999998,2.7432666666666665,0.24319140774836967
2021-01-25,3.242,3.307,3.215,3.242,213678421,695590814,0.000308546744831828,3.0015,2.754583333333333,0.2649239172844322
2021-01-26,3.222,3.228,3.14,3.152,333004245,1054569350,-0.02776064157927205,3.02185,2.7635,0.2044325563622469
2021-01-27,3.151,3.184,3.085,3.166,227921679,714569094,0.004441624365482122,3.0443000000000002,2.772116666666667,0.1951679879199697
2021-01-28,3.111,3.139,3.053,3.057,276317225,853132041,-0.03442830069488312,3.0572000000000004,2.778766666666667,0.15011286681715585
2021-01-29,3.089,3.108,2.966,3.029,319313192,971033493,-0.009159306509650023,3.0653499999999996,2.784416666666667,0.12602230483271382
2021-02-01,3.024,3.08,3.001,3.056,200811105,613122878,0.008913832948167721,3.06935,2.7914000000000003,0.1588926810769815
2021-02-02,3.062,3.12,3.023,3.118,270143432,833896286,0.020287958115183136,3.07585,2.7980499999999995,0.14674512688488406
2021-02-03,3.128,3.16,3.105,3.106,220223747,690037294,-0.0038486209108402614,3.081,2.8052500000000005,0.16155572176514577
2021-02-04,3.09,3.134,3.048,3.098,209769685,648337307,-0.0025756600128783447,3.0831,2.8136333333333337,0.19383429672446995
2021-02-05,3.102,3.144,3.08,3.084,196770164,612708347,-0.004519044544867623,3.0855,2.8215833333333333,0.18296892980437285
2021-02-09,3.171,3.223,3.163,3.222,234391194,749138283,0.04474708171206232,3.09715,2.8316333333333334,0.23024054982817854
2021-02-10,3.23,3.309,3.195,3.293,242315353,791269875,0.022036002482929806,3.108,2.84285,0.2568702290076337
2021-02-18,3.353,3.359,3.186,3.202,319599874,1036753338,-0.02763437594898277,3.1168500000000003,2.8533500000000003,0.244945567651633
2021-02-19,3.191,3.192,3.086,3.17,374773623,1174621776,-0.009993753903810076,3.1260000000000003,2.86395,0.2509865824782953
2021-02-22,3.156,3.159,3.03,3.032,389725513,1203307680,-0.043533123028391185,3.1281,2.871883333333334,0.1862284820031299
2021-02-23,3.0,3.046,2.988,3.009,311137026,936301628,-0.007585751978891886,3.1262499999999998,2.8791,0.1680900621118011
2021-02-24,3.01,3.016,2.87,2.904,798068301,2338730956,-0.03489531405782653,3.12265,2.8842833333333333,0.1199382954107211
2021-02-25,2.929,2.934,2.866,2.878,491826027,1426992422,-0.008953168044077087,3.11175,2.889216666666667,0.11463981409759882
2021-02-26,2.854,2.858,2.79,2.814,585085062,1649457366,-0.02223766504517033,3.0936500000000002,2.8939833333333334,0.11313291139240511
2021-03-01,2.85,2.895,2.831,2.894,494000418,1416027184,0.02842928216062557,3.0763000000000003,2.900183333333333,0.1475019825535291
2021-03-02,2.908,2.915,2.834,2.859,388716060,1118995407,-0.012093987560469976,3.05715,2.9056333333333333,0.12914691943127954
2021-03-03,2.848,2.9,2.833,2.9,283152229,811821940,0.014340678558936615,3.04455,2.9116166666666667,0.14128295946477754
2021-03-04,2.863,2.863,2.743,2.751,750182906,2089982002,-0.05137931034482757,3.0238,2.9141,0.05726364335126832
2021-03-05,2.706,2.795,2.705,2.772,527080748,1451448560,0.007633587786259444,3.00955,2.917083333333333,0.06903200925568842
2021-03-08,2.783,2.803,2.631,2.633,805462509,2178710620,-0.05014430014430005,2.98975,2.9173166666666663,0.005345551737304222
2021-03-09,2.618,2.64,2.52,2.547,810763256,2092868811,-0.03266236232434483,2.9642999999999997,2.9158166666666663,-0.03412969283276446
2021-03-10,2.607,2.622,2.572,2.586,605119602,1575015535,0.015312131919905658,2.9377000000000004,2.915116666666667,-0.01598173515981749
2021-03-11,2.585,2.67,2.581,2.65,514914893,1358033333,0.024748646558391263,2.9149000000000003,2.915183333333333,0.0015117157974300355
2021-03-12,2.666,2.673,2.616,2.658,348258305,921889770,0.0030188679245282124,2.8929,2.9161833333333336,0.023094688221709125
2021-03-15,2.64,2.64,2.523,2.555,502876143,1292687127,-0.0387509405568095,2.86645,2.9149833333333333,-0.027407689379520206
2021-03-16,2.562,2.583,2.539,2.579,341410892,876211557,0.009393346379647838,2.8343,2.9146166666666664,-0.008458285274894228
2021-03-17,2.56,2.622,2.54,2.607,363628344,942558044,0.010856921287320631,2.8,2.91405,-0.012873911397197957
2021-03-18,2.619,2.661,2.614,2.65,353970072,935917557,0.016494054468737973,2.7724,2.9137666666666666,-0.006374203224596919
2021-03-19,2.608,2.632,2.562,2.579,294730888,764112374,-0.026792452830188607,2.74285,2.9123,-0.03299587551556038
2021-03-22,2.583,2.632,2.573,2.607,292607323,761576662,0.010856921287320631,2.7216,2.9108500000000004,-0.03229398663697092
2021-03-23,2.595,2.614,2.551,2.579,275605917,710164771,-0.010740314537782902,2.7001,2.9090333333333334,-0.04055059523809523
2021-03-24,2.558,2.586,2.533,2.543,338689201,864354138,-0.013958898797983732,2.68205,2.905116666666667,-0.08459323254139661
2021-03-25,2.522,2.578,2.515,2.567,331559515,845104556,0.009437672040896627,2.6665,2.9026,-0.05555555555555547
2021-03-26,2.576,2.658,2.576,2.65,545183168,1431652370,0.03233346318659902,2.6582999999999997,2.9010166666666666,-0.03460837887067403
2021-03-29,2.644,2.669,2.621,2.637,322720340,854263481,-0.004905660377358401,2.64545,2.8995333333333333,-0.03264856933235505
2021-03-30,2.627,2.682,2.625,2.673,258293322,687546256,0.013651877133105783,2.6361499999999998,2.8982666666666668,-0.027646416878865043
2021-03-31,2.662,2.68,2.637,2.665,191449412,508500220,-0.002992891881780757,2.6244,2.8969333333333336,-0.029143897996357082
2021-04-01,2.665,2.72,2.665,2.718,274214892,740217400,0.019887429643527188,2.6227500000000004,2.89695,0.0003680529996319404
2021-04-02,2.725,2.769,2.718,2.756,296899259,815604781,0.013980868285504044,2.6219500000000004,2.8962333333333334,-0.015362629510539572
2021-04-06,2.762,2.769,2.711,2.73,233145207,637619882,-0.00943396226415083,2.6268000000000002,2.8939666666666666,-0.047452896022330826
2021-04-07,2.74,2.744,2.678,2.707,215111615,580661064,-0.008424908424908506,2.6348000000000003,2.889483333333333,-0.09038978494623662
2021-04-08,2.694,2.74,2.682,2.728,180305429,490669313,0.0077576653121538275,2.6419,2.8851500000000003,-0.08701472556894241
2021-04-09,2.722,2.729,2.677,2.69,195835320,527593054,-0.013929618768328544,2.6439,2.8799333333333332,-0.10422910422910425
2021-04-12,2.683,2.715,2.618,2.627,278949740,741519336,-0.023420074349442488,2.64235,2.8727833333333335,-0.14037958115183258
2021-04-13,2.618,2.688,2.618,2.649,295400904,785200585,0.008374571754853566,2.6470499999999997,2.866333333333334,-0.12747035573122534
2021-04-14,2.654,2.71,2.652,2.707,228991223,615820091,0.021895054737636865,2.65345,2.8616333333333333,-0.09434593509534961
2021-04-15,2.695,2.698,2.663,2.698,241253081,647312839,-0.003324713705208704,2.658,2.8553333333333337,-0.12288686605981802
2021-04-16,2.707,2.709,2.65,2.688,243810332,652800006,-0.003706449221645536,2.6599,2.8497166666666667,-0.11140495867768585
2021-04-19,2.681,2.799,2.672,2.798,375470958,1034483289,0.04092261904761907,2.67085,2.846566666666667,-0.06327418814864416
2021-04-20,2.788,2.82,2.77,2.791,291873855,816627338,-0.0025017869907076884,2.68005,2.84325,-0.0665551839464884
2021-04-21,2.767,2.818,2.767,2.814,202214731,565760534,0.008240773916159183,2.6917999999999997,2.839383333333333,-0.07616546290216675
2021-04-22,2.831,2.847,2.799,2.837,262163825,740860775,0.008173418621179929,2.7065,2.837066666666667,-0.04670698924731176
2021-04-23,2.824,2.905,2.824,2.891,303740760,874385183,0.019034191046880533,2.7227,2.83365,-0.06621447028423777
2021-04-26,2.91,2.954,2.861,2.863,403539908,1176042827,-0.009685230024213065,2.73335,2.8284333333333334,-0.09855163727959704
2021-04-27,2.857,2.889,2.846,2.884,217181737,622874921,0.007334963325183352,2.7457000000000003,2.822483333333333,-0.1101511879049677
2021-04-28,2.884,2.95,2.877,2.949,265366359,775202856,0.022538141470180184,2.7595,2.8176,-0.09037631091918574
2021-04-29,2.946,2.964,2.91,2.952,192839287,567772914,0.0010172939979653517,2.77385,2.8142666666666667,-0.06345177664974622
2021-04-30,2.941,3.004,2.932,2.989,252347649,750582147,0.012533875338753386,2.7874,2.811316666666667,-0.05590650663297536
2021-05-06,2.963,2.963,2.862,2.904,254489391,740129708,-0.02843760455001676,2.7948,2.8087666666666666,-0.05004906771344453
2021-05-07,2.91,2.925,2.816,2.819,313035744,895660602,-0.029269972451790638,2.79925,2.8052666666666664,-0.06932981181908215
2021-05-10,2.82,2.863,2.805,2.827,247283247,699785111,0.0028378857750974706,2.80525,2.8014500000000004,-0.07493455497382207
2021-05-11,2.796,2.837,2.769,2.823,283200301,794229935,-0.0014149274849664106,2.8099999999999996,2.7965333333333335,-0.09461193072482355
2021-05-12,2.813,2.868,2.788,2.865,218443226,618372566,0.014877789585547418,2.81875,2.7925166666666663,-0.07759175788795869
2021-05-13,2.836,2.871,2.814,2.845,205318641,583466641,-0.006980802792321161,2.82965,2.7883,-0.08166559070367974
2021-05-14,2.857,2.938,2.846,2.937,267658598,777497320,0.032337434094903195,2.84405,2.7858500000000004,-0.0476653696498055
2021-05-17,2.945,3.024,2.945,3.007,340608983,1023735204,0.02383384405856326,2.8590500000000003,2.782266666666666,-0.06672873991309736
2021-05-18,3.0,3.023,2.964,2.988,189854650,567480769,-0.006318589956767595,2.8735500000000003,2.7771833333333333,-0.09262071059823873
2021-05-19,2.965,3.023,2.965,3.012,189132121,568364191,0.008032128514056325,2.8897500000000003,2.7740166666666664,-0.059337913803872544
2021-05-20,3.003,3.054,3.003,3.043,161446757,489333570,0.010292164674634785,2.902,2.7719,-0.04006309148264975
2021-05-21,3.055,3.065,2.992,3.012,182912900,553115436,-0.010187315149523535,2.91305,2.7715666666666663,-0.006596306068601621
2021-05-24,3.01,3.04,2.972,3.036,194088131,585452169,0.007968127490039834,2.92415,2.7720166666666666,0.008973080757726848
2021-05-25,3.042,3.129,3.042,3.119,274275055,850821571,0.02733860342556005,2.93825,2.7756,0.07403581267217652
2021-05-26,3.12,3.12,3.08,3.095,217890451,674613045,-0.007694773966014701,2.9484500000000002,2.7792166666666662,0.07539958304378036
2021-05-27,3.086,3.135,3.066,3.118,156756538,486549849,0.0074313408723747365,2.9612000000000003,2.784283333333333,0.10803127221037667
2021-05-28,3.117,3.175,3.099,3.121,227136653,713557222,0.0009621552277101486,2.9730499999999997,2.7880666666666665,0.07843814789219072
2021-05-31,3.13,3.2,3.13,3.195,181396086,575852843,0.023710349247036078,2.98535,2.7936666666666667,0.1175236096537251
2021-06-01,3.18,3.2,3.136,3.188,170758628,542181208,-0.0021909233176837795,2.9971500000000004,2.798466666666667,0.09931034482758627
2021-06-02,3.2,3.202,3.12,3.133,187009362,589869895,-0.017252195734002607,3.0043499999999996,2.8048333333333333,0.13885859687386404
2021-06-03,3.129,3.149,3.094,3.099,169549626,529315628,-0.01085221832109795,3.0141,2.8102833333333335,0.11796536796536805
2021-06-04,3.077,3.177,3.077,3.141,204934154,641448619,0.013552758954501476,3.0302,2.81875,0.19293581466008347
2021-06-07,3.136,3.136,3.092,3.122,154103664,479806180,-0.006049028971665149,3.04495,2.8283333333333336,0.22575579112681576
2021-06-08,3.118,3.17,3.082,3.105,203091389,635032067,-0.005445227418321541,3.05905,2.8369833333333334,0.2006960556844548
2021-06-09,3.096,3.12,3.079,3.1,140482248,435578854,-0.0016103059581320522,3.0707999999999998,2.8444833333333337,0.16981132075471694
2021-06-10,3.107,3.192,3.107,3.179,225094495,713270045,0.02548387096774185,3.0875,2.8531666666666666,0.19601203912716336
2021-06-11,3.196,3.212,3.159,3.195,184316646,588267820,0.005033029254482457,3.1004,2.863833333333333,0.2504892367906064
2021-06-15,3.191,3.199,3.139,3.155,194039578,613732087,-0.012519561815336422,3.1078,2.8734333333333333,0.22334238076773927
2021-06-16,3.145,3.153,3.021,3.024,299958312,920087844,-0.041521394611727325,3.1096,2.8803833333333335,0.15995397008055234
2021-06-17,3.023,3.094,3.023,3.088,257679418,791342335,0.021164021164021163,3.1134,2.8876833333333334,0.16528301886792462
2021-06-18,3.096,3.16,3.095,3.137,215212147,673787908,0.01586787564766845,3.1181,2.896983333333333,0.2163629313687474
2021-06-21,3.127,3.185,3.1,3.166,199220338,627736799,0.00924450111571562,3.1258,2.9063,0.2144227080935941
2021-06-22,3.17,3.19,3.119,3.174,175381242,553574198,0.0025268477574225123,3.1327,2.9162166666666662,0.23070957735556408
2021-06-23,3.179,3.234,3.164,3.217,209371221,671310050,0.013547574039067367,3.1376,2.92745,0.2650412898151788
2021-06-24,3.212,3.218,3.16,3.174,142519860,453456758,-0.013366490519117202,3.1415499999999996,2.937566666666667,0.23646279703934536
2021-06-25,3.18,3.254,3.18,3.243,242235788,781184724,0.021739130434782483,3.1477999999999997,2.9474500000000003,0.22377358490566035
2021-06-28,3.238,3.313,3.236,3.305,216485401,712544778,0.01911810052420604,3.157,2.958583333333334,0.25331816458096323
2021-06-29,3.329,3.336,3.282,3.297,174542604,577444735,-0.002420574886535576,3.1621,2.9689833333333335,0.23344556677890016
2021-06-30,3.302,3.373,3.277,3.373,182971253,611149624,0.02305125872004865,3.17135,2.9807833333333336,0.2656660412757974
2021-07-01,3.381,3.388,3.32,3.34,283593981,951824064,-0.00978357545211983,3.1817,2.9911499999999998,0.22884473877851352
2021-07-02,3.332,3.332,3.224,3.227,212085886,691956110,-0.03383233532934127,3.1881,2.999,0.170899854862119
2021-07-05,3.223,3.282,3.215,3.25,225886420,732915448,0.00712736287573601,3.19355,3.0076666666666667,0.19047619047619047
2021-07-06,3.242,3.266,3.142,3.196,286668859,915970995,-0.016615384615384587,3.19725,3.015816666666667,0.1806427779830071
2021-07-07,3.172,3.313,3.157,3.305,285329114,930426565,0.03410513141426774,3.2072499999999997,3.0254333333333334,0.2115102639296187
2021-07-08,3.317,3.36,3.305,3.322,171582303,571683061,0.005143721633888099,3.21835,3.0359666666666665,0.23494423791821561
2021-07-09,3.3,3.323,3.23,3.303,202969557,666538529,-0.0057194461167972,3.22455,3.0472333333333332,0.2573277502854969
2021-07-12,3.339,3.445,3.315,3.427,188015597,638762657,0.037541628822282735,3.23615,3.0602,0.2936957342393356
2021-07-13,3.415,3.452,3.372,3.411,192648336,657281860,-0.004668806536329173,3.24895,3.0719333333333334,0.2600664942741042
2021-07-14,3.402,3.432,3.357,3.382,166100707,564682484,-0.008501905599530901,3.2668500000000003,3.0833333333333335,0.2535211267605635
2021-07-15,3.359,3.429,3.345,3.429,201328885,682489976,0.013897102306327458,3.2839,3.0956833333333336,0.2756696428571428
2021-07-16,3.41,3.412,3.322,3.328,192483707,648178347,-0.029454651501895635,3.29345,3.1045166666666666,0.18942101501072184
2021-07-19,3.326,3.373,3.311,3.35,139312064,465561968,0.006610576923077094,3.30265,3.1138333333333335,0.20028663561447524
2021-07-20,3.318,3.379,3.311,3.356,173855526,582846563,0.0017910447761193549,3.31175,3.122866666666667,0.19260838663823732
2021-07-21,3.364,3.46,3.362,3.455,237359042,811990161,0.029499404052443445,3.3236499999999998,3.1331666666666664,0.21783574198096578
2021-07-22,3.455,3.463,3.404,3.438,163581080,560469837,-0.004920405209840828,3.3368500000000005,3.1422833333333333,0.18920788654444842
2021-07-23,3.434,3.434,3.356,3.367,179582487,607636773,-0.020651541593949996,3.3430500000000003,3.1506833333333333,0.1760391198044009
2021-07-26,3.34,3.36,3.193,3.27,282971900,927839850,-0.028809028809028803,3.3413000000000004,3.157116666666667,0.13384188626907068
2021-07-27,3.259,3.318,3.135,3.14,334982190,1085320950,-0.03975535168195721,3.3334500000000005,3.1603,0.06476771787046465
2021-07-28,3.11,3.201,3.063,3.183,336879133,1061721413,0.013694267515923508,3.32395,3.16415,0.07825203252032509
2021-07-29,3.26,3.359,3.23,3.358,296177971,975237644,0.05497957901350925,3.32485,3.1702999999999997,0.1234526597524257
2021-07-30,3.34,3.371,3.292,3.328,205915000,685764201,-0.008933889219773783,3.3299,3.1773666666666665,0.1460055096418733
2021-08-02,3.328,3.396,3.29,3.393,278473600,934241822,0.01953125,3.33705,3.1869333333333336,0.20361830436324935
2021-08-03,3.39,3.408,3.34,3.363,164722843,554656215,-0.008841732979663952,3.3454,3.1958666666666664,0.18960028298549703
2021-08-04,3.356,3.451,3.34,3.446,169479782,577360122,0.024680344930122056,3.35245,3.20625,0.22068721218561826
2021-08-05,3.44,3.457,3.398,3.419,150910338,516418956,-0.007835171213000591,3.3573,3.2154833333333332,0.1933682373472949
2021-08-06,3.435,3.436,3.362,3.386,184136784,625516921,-0.009651945013161689,3.36145,3.2245,0.19015817223198583
2021-08-09,3.351,3.36,3.304,3.348,346903662,1156326384,-0.011222681630242204,3.3575000000000004,3.23135,0.13993871297242078
2021-08-10,3.34,3.366,3.315,3.366,171580589,573577342,0.005376344086021501,3.3552500000000003,3.2373333333333334,0.11938809444629195
2021-08-11,3.355,3.363,3.314,3.326,141573177,472639529,-0.011883541295306,3.35245,3.2429666666666668,0.11311914323962524
2021-08-12,3.32,3.33,3.276,3.28,149893699,494504748,-0.013830426939266505,3.345,3.2474333333333334,0.08897742363877814
2021-08-13,3.26,3.329,3.228,3.249,166171136,543977764,-0.009451219512195075,3.34105,3.2508666666666666,0.06769635228393023
2021-08-16,3.225,3.244,3.187,3.206,180097988,578522396,-0.01323484148968923,3.3338500000000004,3.2541,0.06440903054448865
2021-08-17,3.204,3.223,3.115,3.126,273111800,865960513,-0.024953212726138485,3.32235,3.2556000000000003,0.029644268774703608
2021-08-18,3.134,3.171,3.123,3.16,223174045,701353917,0.010876519513755678,3.3076,3.2562833333333336,0.01314523885860841
2021-08-19,3.148,3.202,3.134,3.177,235224900,744827921,0.005379746835443067,3.29455,3.25765,0.026494345718901302
2021-08-20,3.155,3.167,3.067,3.1,292467662,908150036,-0.024236701290525686,3.2811999999999997,3.25735,-0.0057729313662603365
2021-08-23,3.105,3.196,3.102,3.195,246691228,779137830,0.030645161290322465,3.2774500000000004,3.2585833333333336,0.023710349247036078
2021-08-24,3.195,3.247,3.169,3.225,207494500,667829703,0.009389671361502483,3.2817,3.2590833333333338,0.009389671361502483
2021-08-25,3.225,3.244,3.193,3.241,133965100,431469089,0.004961240310077608,3.2846,3.2599666666666662,0.016624843161856973
2021-08-26,3.247,3.261,3.161,3.164,156674748,501763345,-0.023758099352051865,3.2749,3.2604833333333336,0.009894669645706955
2021-08-27,3.16,3.197,3.141,3.158,143773535,454953283,-0.0018963337547408532,3.2664,3.2614666666666663,0.019038399483704227
2021-08-30,3.17,3.214,3.147,3.164,168855175,536854671,0.0018999366687777464,3.25495,3.2618500000000004,0.007322508755173596
2021-08-31,3.163,3.168,3.086,3.106,195114152,608183537,-0.018331226295828174,3.2420999999999998,3.2615833333333333,-0.005124919923126248
2021-09-01,3.11,3.124,3.035,3.094,209544901,644313450,-0.003863490019317406,3.2245000000000004,3.2614,-0.0035426731078905815
2021-09-02,3.08,3.097,3.039,3.046,194799838,596884967,-0.0155138978668391,3.2058500000000003,3.2605,-0.01741935483870971
2021-09-03,3.046,3.071,2.996,3.01,228797179,693053342,-0.011818778726198298,3.18705,3.2576833333333335,-0.05316137150047184
2021-09-06,3.012,3.13,2.993,3.129,288687323,888941415,0.03953488372093039,3.1761000000000004,3.2565833333333334,-0.020657276995305063
2021-09-07,3.113,3.159,3.107,3.147,200785162,629216446,0.005752636625119711,3.16515,3.25645,-0.0025356576862123337
2021-09-08,3.152,3.18,3.115,3.123,133978408,420781306,-0.007626310772163802,3.1550000000000002,3.2581,0.032738095238095344
2021-09-09,3.116,3.145,3.076,3.126,166283300,516471508,0.0009606147934677622,3.1473,3.2587333333333333,0.012305699481865329
2021-09-10,3.113,3.145,3.089,3.135,138505154,431832875,0.0028790786948176272,3.1416,3.2587,-0.0006375518010839354
2021-09-13,3.127,3.156,3.085,3.095,154726681,481294889,-0.012759170653907415,3.13605,3.2575166666666666,-0.02242577384712563
2021-09-14,3.094,3.174,3.085,3.14,195953276,615567749,0.01453957996768973,3.13675,3.2569500000000002,-0.010712035286704391
2021-09-15,3.122,3.133,3.088,3.105,149915164,465234504,-0.011146496815286677,3.134,3.2550833333333333,-0.034815045073049444
2021-09-16,3.103,3.103,3.032,3.035,155375565,475463023,-0.02254428341384862,3.1269,3.2527666666666666,-0.04379332073093878
2021-09-17,3.027,3.101,3.026,3.097,135898658,416326538,0.020428336079077347,3.1267500000000004,3.250333333333333,-0.04502004316990438
2021-09-22,3.057,3.1,3.051,3.068,129937867,399143225,-0.009363900548918336,3.1204,3.246383333333333,-0.07170953101361577
2021-09-23,3.087,3.111,3.059,3.086,128892500,397539179,0.005867014341590648,3.11345,3.2428666666666666,-0.06399757355171376
2021-09-24,3.077,3.147,3.071,3.109,220295893,686278131,0.007453013609850956,3.10685,3.2384666666666666,-0.07826860361695831
2021-09-27,3.119,3.177,3.111,3.13,172280400,542895651,0.006754583467352804,3.1051499999999996,3.2349666666666663,-0.06287425149700598
2021-09-28,3.118,3.17,3.102,3.114,132080949,413922396,-0.005111821086261958,3.10295,3.233083333333333,-0.035017043693833294
2021-09-29,3.095,3.109,3.067,3.083,128649391,397039747,-0.009955041746949167,3.0989,3.2302999999999997,-0.05138461538461536
2021-09-30,3.088,3.155,3.084,3.148,168196320,526243733,0.02108336036328251,3.101,3.2295,-0.015018773466833557
2021-10-08,3.169,3.186,3.125,3.138,146534774,462007151,-0.0031766200762389785,3.1032,3.2267166666666665,-0.0505295007564297
2021-10-11,3.147,3.156,3.092,3.096,123880621,386575054,-0.013384321223709361,3.1056999999999997,3.22295,-0.06803130644190247
2021-10-12,3.081,3.102,3.013,3.042,191120000,584156112,-0.01744186046511642,3.1073,3.2186,-0.07901907356948235
2021-10-13,3.04,3.11,3.04,3.109,160197174,493474527,0.022024983563445177,3.1063,3.2133,-0.0927925299095419
2021-10-14,3.1,3.138,3.1,3.112,141220171,440664712,0.0009649404953362417,3.10455,3.2083166666666667,-0.0876575784227499
2021-10-15,3.11,3.18,3.088,3.176,148862000,469407102,0.020565552699228773,3.1071999999999997,3.204883333333333,-0.06091070372560614
2021-10-18,3.178,3.185,3.128,3.172,136330880,429834368,-0.0012594458438287548,3.1095,3.2005999999999997,-0.07494896471274415
2021-10-19,3.18,3.208,3.168,3.191,115987412,370006963,0.005989911727616537,3.1123,3.1983166666666665,-0.04116586538461542
2021-10-20,3.19,3.215,3.172,3.185,99612866,318199425,-0.0018802883108742785,3.1168,3.1955666666666662,-0.04925373134328359
2021-10-21,3.188,3.2,3.155,3.174,84781520,269220235,-0.0034536891679749493,3.1185,3.192533333333333,-0.05423122765196664
2021-10-22,3.184,3.205,3.166,3.185,127467698,406128194,0.003465658475110267,3.1225,3.1880333333333337,-0.07814761215629518
2021-10-25,3.182,3.237,3.182,3.236,116805756,376354455,0.016012558869701765,3.1325499999999997,3.1846666666666663,-0.05875509016870273
2021-10-26,3.256,3.262,3.217,3.221,110950879,359486743,-0.004635352286773808,3.13875,3.1822333333333335,-0.0433620433620433
2021-10-27,3.221,3.221,3.182,3.205,85248602,272827857,-0.004967401428127904,3.1456,3.18115,-0.019877675840978548
2021-10-28,3.196,3.232,3.163,3.178,129880004,415142999,-0.008424336973478996,3.1502000000000003,3.1817833333333336,0.012101910828025364
2021-10-29,3.186,3.25,3.151,3.249,162236957,519204474,0.022341095028319824,3.1572,3.1828833333333333,0.020735155513666337
2021-11-01,3.245,3.268,3.201,3.224,121975751,394374040,-0.007694675284702912,3.1619,3.18065,-0.039904705181655675
2021-11-02,3.227,3.266,3.205,3.228,130108238,421526526,0.001240694789081953,3.1676,3.1789833333333335,-0.030048076923076872
2021-11-03,3.213,3.26,3.198,3.222,119039178,384321856,-0.0018587360594796154,3.17455,3.1761333333333335,-0.05039787798408479
2021-11-04,3.233,3.275,3.233,3.26,115115318,374782366,0.011793916821849715,3.1801500000000003,3.1744166666666667,-0.0306274159976212
2021-11-05,3.243,3.276,3.243,3.248,98630686,321718703,-0.0036809815950918923,3.18565,3.171116666666667,-0.057457922228670855
2021-11-08,3.24,3.287,3.234,3.278,106448868,347490996,0.009236453201970418,3.19475,3.168766666666667,-0.041240128692600186
2021-11-09,3.278,3.302,3.269,3.3,97771700,321415212,0.006711409395973034,3.20765,3.167333333333333,-0.02539870053160076
2021-11-10,3.287,3.3,3.236,3.296,144468143,472925648,-0.00121212121212122,3.217,3.1664666666666665,-0.015531660692950977
2021-11-11,3.284,3.333,3.279,3.324,92895009,308172879,0.008495145631068013,3.2276,3.165766666666667,-0.012477718360071388
2021-11-12,3.318,3.335,3.3,3.324,91083967,302146408,0.0,3.2350000000000003,3.1657333333333337,-0.000601322910402935
2021-11-15,3.324,3.329,3.284,3.295,109479113,361456651,-0.008724428399518591,3.2411499999999998,3.1659833333333336,0.004573170731707377
2021-11-16,3.292,3.315,3.28,3.282,99175252,326985001,-0.003945371775417317,3.2457000000000003,3.1665333333333336,0.010156971375807844
2021-11-17,3.284,3.319,3.284,3.317,87741977,290279981,0.010664229128580116,3.2523000000000004,3.1683833333333333,0.034622582657517276
2021-11-18,3.305,3.308,3.268,3.274,135334985,444481596,-0.01296352125414535,3.2573,3.17085,0.047344849648112586
2021-11-19,3.273,3.315,3.271,3.313,119882902,395483410,0.011912034208918731,3.2637,3.1734,0.04841772151898738
2021-11-22,3.322,3.395,3.314,3.393,138369244,465562680,0.024147298520977856,3.27155,3.177,0.06798866855524066
2021-11-23,3.392,3.402,3.371,3.38,87442886,296005012,-0.003831417624520994,3.2795,3.1816666666666666,0.0903225806451613
2021-11-24,3.381,3.392,3.357,3.362,90530953,305382858,-0.005325443786982187,3.28735,3.1844499999999996,0.05226917057902991
2021-11-25,3.366,3.386,3.353,3.368,112002348,377306218,0.0017846519928612636,3.29685,3.186833333333333,0.04434108527131775
2021-11-26,3.367,3.39,3.35,3.364,64330753,216778344,-0.001187648456057011,3.3026000000000004,3.1888833333333335,0.037951249614316396
2021-11-29,3.345,3.411,3.338,3.389,147854308,501423048,0.007431629013079588,3.31085,3.192633333333333,0.07111251580278122
2021-11-30,3.395,3.408,3.364,3.386,131532105,444538659,-0.0008852168781350311,3.31875,3.1964333333333332,0.07219759341355303
2021-12-01,3.377,3.389,3.352,3.365,78513012,264340176,-0.006202008269344361,3.3259,3.1997833333333334,0.06352718078381803
2021-12-02,3.354,3.375,3.346,3.355,71581205,240583838,-0.002971768202080338,3.33065,3.203933333333333,0.08016741790083715
2021-12-03,3.355,3.372,3.34,3.37,91855800,308520264,0.0044709388971684305,3.33675,3.2085333333333335,0.08920491273432463
2021-12-06,3.354,3.368,3.293,3.294,135542200,450904339,-0.022551928783382857,3.3375500000000002,3.212666666666667,0.08141825344714393
2021-12-07,3.314,3.317,3.235,3.266,132836201,433547036,-0.00850030358227083,3.3358499999999998,3.216933333333333,0.08504983388704335
2021-12-08,3.266,3.32,3.266,3.314,113979509,375738218,0.014696876913655954,3.33675,3.2200166666666665,0.05912432086928732
2021-12-09,3.304,3.353,3.29,3.353,129892631,432890827,0.011768255884127887,3.3381999999999996,3.22345,0.06545916746107427
2021-12-10,3.335,3.377,3.324,3.37,79556660,266988997,0.005070086489710635,3.3405,3.2275666666666667,0.07909061799551709
2021-12-13,3.362,3.4,3.347,3.389,103787369,351039663,0.005637982195845659,3.3451999999999997,3.23195,0.08413307741522713
2021-12-14,3.37,3.396,3.37,3.384,77658739,262770210,-0.0014753614635585333,3.3503,3.2361,0.07942583732057429
2021-12-15,3.382,3.411,3.355,3.355,80333029,271904785,-0.008569739952718702,3.3522,3.2404333333333333,0.08400646203554119
2021-12-16,3.361,3.384,3.357,3.378,74455876,250958262,0.006855439642324823,3.3573999999999997,3.2444,0.07579617834394914
2021-12-17,3.376,3.376,3.32,3.328,91741172,306517649,-0.014801657785672107,3.3581499999999997,3.2481166666666668,0.07181964573268917
2021-12-20,3.322,3.328,3.218,3.225,181023473,589476636,-0.030949519230769162,3.3497500000000002,3.2512833333333333,0.06260296540362442
2021-12-21,3.227,3.25,3.204,3.247,160419213,518742685,0.006821705426356628,3.3431000000000006,3.2537833333333332,0.048433968356474066
2021-12-22,3.249,3.273,3.248,3.26,95584871,311821721,0.0040036957191254,3.338,3.2569833333333333,0.0625814863102998
2021-12-23,3.269,3.282,3.252,3.269,74430254,243092925,0.0027607361963191135,3.33305,3.260033333333333,0.059300064808814
2021-12-24,3.268,3.275,3.181,3.196,118251170,379369585,-0.022330988069746094,3.3246499999999997,3.261483333333333,0.02798327436474768
2021-12-27,3.183,3.212,3.173,3.19,102621485,327519838,-0.001877346683354264,3.3146999999999998,3.262483333333334,0.019169329073482455
2021-12-28,3.193,3.229,3.178,3.226,142547829,456900668,0.011285266457680354,3.3067,3.2643500000000003,0.03596660244059091
2021-12-29,3.216,3.218,3.176,3.182,141497166,451279115,-0.013639181649101051,3.29755,3.266,0.03211157963023026
2021-12-30,3.18,3.233,3.176,3.219,194025382,623398581,0.011627906976744207,3.29075,3.2671833333333336,0.022554002541296025
2021-12-31,3.231,3.247,3.207,3.218,113567219,365770855,-0.0003106554830691888,3.28315,3.268516666666667,0.02549394518801784
2022-01-04,3.236,3.242,3.14,3.154,132940778,420460016,-0.019888129272840338,3.27615,3.2694833333333335,0.018733850129198926
2022-01-05,3.151,3.151,3.049,3.064,332667600,1024198004,-0.02853519340519972,3.26605,3.26985,0.007232084155161189
2022-01-06,3.043,3.054,2.999,3.034,394002193,1191713459,-0.009791122715404832,3.2520499999999997,3.2685999999999997,-0.024123512383403045
2022-01-07,3.035,3.046,2.998,3.003,253289843,763631796,-0.010217534607778411,3.23455,3.2667833333333336,-0.035025706940874035
2022-01-10,3.0,3.018,2.958,2.998,256393952,766782187,-0.0016650016650016086,3.2159500000000003,3.2638166666666666,-0.05604534005037776
2022-01-11,2.998,3.008,2.956,2.96,246058037,731615226,-0.012675116744496395,3.1945,3.2602833333333336,-0.06683480453972268
2022-01-12,2.984,3.039,2.984,3.035,339832167,1024275783,0.02533783783783794,3.1770500000000004,3.2576833333333335,-0.04888749608273257
2022-01-13,3.042,3.043,2.988,2.99,216175660,650933055,-0.014827018121911006,3.1588000000000003,3.2544333333333335,-0.061224489795918324
2022-01-14,2.975,3.027,2.967,3.015,210134515,631548713,0.00836120401337781,3.14065,3.2517833333333335,-0.05009451795841202
2022-01-17,3.0,3.075,3.0,3.068,188036945,574324700,0.017578772802653297,3.12765,3.2498333333333336,-0.03673469387755102
2022-01-18,3.057,3.075,3.038,3.047,163349259,499162017,-0.006844850065188979,3.11875,3.246683333333334,-0.05840543881334981
2022-01-19,3.036,3.047,2.958,2.985,314388568,940912461,-0.020347883163767677,3.10565,3.24275,-0.07326917106488673
2022-01-20,2.973,3.002,2.962,2.975,180663593,538084533,-0.00335008375209378,3.0914,3.238916666666667,-0.07176287051482055
2022-01-21,2.957,2.973,2.927,2.941,269310659,792706568,-0.011428571428571566,3.075,3.2349666666666663,-0.07457520453115174
2022-01-24,2.929,2.972,2.924,2.962,237572197,701816615,0.007140428425705725,3.0633,3.2301833333333336,-0.08833487226839021
2022-01-25,2.94,2.961,2.881,2.881,286977900,838924822,-0.027346387575962305,3.04785,3.224466666666667,-0.10638957816377181
2022-01-26,2.893,2.914,2.86,2.906,229204561,663438518,0.008677542519958559,3.03185,3.2191,-0.0997521685254027
2022-01-27,2.889,2.904,2.813,2.815,402578800,1146566922,-0.03131452167928428,3.0135,3.2123166666666667,-0.1263190564866543
2022-01-28,2.848,2.869,2.794,2.819,305307391,866769774,0.001420959147424572,2.9935,3.2049666666666665,-0.1352760736196319
2022-02-07,2.87,2.891,2.815,2.83,257569780,734467156,0.003902092940759161,2.9741000000000004,3.1980000000000004,-0.12869458128078826
2022-02-08,2.826,2.826,2.697,2.758,454017488,1245274534,-0.02544169611307423,2.9543,3.189333333333333,-0.15863331299572914
2022-02-09,2.749,2.797,2.729,2.791,275942849,763262240,0.01196519216823777,2.94065,3.18085,-0.15424242424242418
2022-02-10,2.794,2.8,2.711,2.74,370924390,1016153808,-0.018273020422787445,2.92595,3.171583333333333,-0.16868932038834938
2022-02-11,2.715,2.725,2.655,2.66,434959916,1171177440,-0.02919708029197088,2.9088000000000003,3.1605166666666666,-0.19975932611311664
2022-02-14,2.648,2.687,2.626,2.646,394346335,1047249833,-0.0052631578947369695,2.8912000000000004,3.1492166666666668,-0.20397111913357402
2022-02-15,2.653,2.728,2.653,2.726,468559630,1262875385,0.030234315948601598,2.8795,3.1397333333333335,-0.17268588770864945
2022-02-16,2.733,2.75,2.718,2.725,314085732,859252102,-0.0003668378576668907,2.864,3.13045,-0.16971358927483238
2022-02-17,2.716,2.768,2.705,2.744,336006986,922856283,0.006972477064220328,2.8517,3.1209,-0.172746457642448
2022-02-18,2.727,2.74,2.713,2.739,249115500,679899444,-0.0018221574344025049,2.8379000000000003,3.1119833333333333,-0.16340867440439832
2022-02-21,2.739,2.747,2.706,2.713,244861857,666516009,-0.009492515516611788,2.82015,3.1019833333333335,-0.1811047389073348
2022-02-22,2.689,2.692,2.656,2.678,373309353,996241147,-0.012900847769996338,2.8017,3.0900666666666665,-0.210727969348659
2022-02-23,2.683,2.754,2.68,2.754,363213958,989582147,0.028379387602688544,2.79015,3.0796333333333332,-0.18520710059171597
2022-02-24,2.721,2.759,2.662,2.693,469738049,1275508051,-0.02214960058097315,2.77605,3.0684833333333335,-0.19898869720404522
2022-02-25,2.732,2.79,2.732,2.763,417152100,1153131752,0.02599331600445587,2.76715,3.0584000000000002,-0.1796318289786223
2022-02-28,2.763,2.787,2.741,2.786,297335100,822801656,0.00832428519724937,2.75835,3.048766666666667,-0.1718192627824019
2022-03-01,2.8,2.814,2.772,2.795,297158989,829887579,0.003230437903804617,2.7540500000000003,3.0388666666666664,-0.17527294187075826
2022-03-02,2.777,2.777,2.721,2.741,323906960,887831883,-0.01932021466905187,2.7458,3.028116666666667,-0.19049025398700536
2022-03-03,2.76,2.761,2.701,2.704,355783500,967361084,-0.013498723093761322,2.74025,3.0170999999999997,-0.19643387815750368
2022-03-04,2.681,2.71,2.652,2.662,421568753,1129164379,-0.015532544378698332,2.7324,3.00555,-0.2065573770491803
2022-03-07,2.641,2.642,2.535,2.543,657431081,1693028058,-0.04470323065364379,2.71805,2.9917666666666665,-0.2454005934718101
2022-03-08,2.54,2.568,2.486,2.507,823474261,2081933921,-0.01415650806134483,2.7055,2.97865,-0.23891924711596835
2022-03-09,2.515,2.526,2.388,2.483,1000329680,2464941033,-0.009573195053849237,2.6901,2.9656000000000002,-0.239742804654011
2022-03-10,2.552,2.578,2.525,2.547,937142180,2395099654,0.025775271848570203,2.68045,2.9528166666666666,-0.23144236572118282
2022-03-11,2.502,2.585,2.484,2.583,574145449,1451675036,0.014134275618374659,2.6765999999999996,2.939983333333333,-0.2296450939457202
2022-03-14,2.547,2.564,2.489,2.49,500412898,1264484841,-0.03600464576074336,2.6688,2.925316666666667,-0.26112759643916905
2022-03-15,2.455,2.54,2.421,2.421,720371101,1782042420,-0.027710843373494165,2.65355,2.9091833333333335,-0.2856299793449395
2022-03-16,2.46,2.557,2.4,2.552,1118256150,2779605346,0.05410987195373829,2.6449,2.8953166666666665,-0.2458628841607564
2022-03-17,2.595,2.674,2.59,2.624,981918041,2582585877,0.028213166144200663,2.6389,2.8831333333333333,-0.21788375558867357
2022-03-18,2.61,2.642,2.582,2.635,407462114,1064215121,0.004192073170731669,2.6337,2.87075,-0.21995263469508597
2022-03-21,2.639,2.666,2.614,2.636,459004012,1212819345,0.00037950664136632284,2.6298500000000002,2.8592166666666667,-0.20793269230769218
2022-03-22,2.623,2.626,2.589,2.602,304342630,792870775,-0.012898330804248959,2.62605,2.8488333333333333,-0.19317829457364344
2022-03-23,2.619,2.639,2.597,2.629,344175155,902277645,0.010376633358954779,2.6198,2.8385333333333334,-0.19032953495534333
2022-03-24,2.605,2.638,2.571,2.62,434296027,1128841043,-0.0034233548877899977,2.61615,2.8278666666666665,-0.19631901840490784
2022-03-25,2.612,2.627,2.559,2.565,508855361,1313441849,-0.020992366412213803,2.60625,2.8161333333333336,-0.21535637809727748
2022-03-28,2.54,2.545,2.494,2.512,545915442,1374741682,-0.02066276803118905,2.59255,2.8047333333333335,-0.214017521902378
2022-03-29,2.517,2.548,2.499,2.511,413883198,1044201417,-0.00039808917197448057,2.57835,2.7934166666666664,-0.2128526645768024
2022-03-30,2.527,2.61,2.524,2.61,544344827,1401462035,0.039426523297490856,2.5718,2.7831499999999996,-0.19094854308741482
2022-03-31,2.595,2.6,2.563,2.574,390435400,1006760052,-0.01379310344827589,2.5652999999999997,2.7730166666666665,-0.19107479572595854
2022-04-01,2.55,2.599,2.548,2.58,421010194,1086474053,0.002331002331002363,2.5612000000000004,2.762366666666667,-0.19850885368126747
2022-04-06,2.566,2.577,2.533,2.55,353504268,900487024,-0.011627906976744318,2.56155,2.751233333333333,-0.20758234928527042
2022-04-07,2.535,2.547,2.495,2.496,442818632,1112917410,-0.02117647058823524,2.5610000000000004,2.7402666666666664,-0.20862396956246032
2022-04-08,2.496,2.525,2.467,2.491,346638970,864112992,-0.0020032051282050656,2.5614,2.7307166666666665,-0.18701044386422971
2022-04-11,2.46,2.465,2.378,2.386,605010321,1456176620,-0.042151746286631875,2.55335,2.719916666666667,-0.21357943309162808
2022-04-12,2.386,2.442,2.381,2.44,471392786,1136473145,0.022632020117351104,2.5462,2.7105333333333332,-0.18747918747918757
2022-04-13,2.418,2.433,2.391,2.394,478173706,1152801771,-0.01885245901639332,2.5414000000000003,2.7004666666666663,-0.2014676450967312
2022-04-14,2.42,2.43,2.365,2.389,757305712,1810300879,-0.002088554720133806,2.5398,2.69095,-0.19290540540540546
2022-04-15,2.36,2.406,2.339,2.385,522694074,1238914351,-0.001674340728338164,2.5314500000000004,2.6801166666666663,-0.2141680395387151
2022-04-18,2.361,2.413,2.335,2.412,538176438,1280920676,0.01132075471698113,2.5208500000000003,2.670483333333333,-0.19331103678929773
2022-04-19,2.398,2.43,2.368,2.377,438886235,1049972637,-0.014510779436152643,2.50795,2.65985,-0.21160862354892218
2022-04-20,2.376,2.376,2.284,2.288,818080224,1899263289,-0.03744215397559947,2.49055,2.6468499999999997,-0.2542372881355933
2022-04-21,2.27,2.304,2.227,2.24,655445194,1485233314,-0.020979020979020824,2.4724500000000003,2.6334,-0.2648506727929111
2022-04-22,2.221,2.252,2.207,2.225,594208581,1324393071,-0.006696428571428603,2.45225,2.6207333333333334,-0.25460636515912893
2022-04-25,2.177,2.192,2.103,2.103,1044159500,2241221674,-0.05483146067415723,2.4264,2.6062,-0.2931092436974789
2022-04-26,2.103,2.15,2.083,2.086,1020151680,2151858221,-0.00808368996671438,2.40245,2.59195,-0.29071744304658276
2022-04-27,2.066,2.2,2.057,2.2,1365175127,2893831999,0.0546500479386387,2.38685,2.57925,-0.2572586090479406
2022-04-28,2.172,2.194,2.138,2.158,778832322,1683688128,-0.01909090909090916,2.3692,2.5671999999999997,-0.25095452967719534
2022-04-29,2.166,2.25,2.152,2.244,838179927,1849314398,0.039851714550509953,2.3509,2.5561666666666665,-0.2278045423262216
2022-05-05,2.2,2.244,2.174,2.212,765492397,1693006827,-0.014260249554367221,2.3327999999999998,2.546116666666667,-0.214209591474245
2022-05-06,2.16,2.203,2.148,2.177,733627028,1598495157,-0.015822784810126667,2.31265,2.535416666666667,-0.2277403334515785
2022-05-09,2.165,2.194,2.145,2.162,327422055,709048120,-0.006890215893431417,2.29325,2.5242833333333334,-0.23604240282685518
2022-05-10,2.136,2.217,2.121,2.204,637878072,1394483031,0.01942645698427392,2.27865,2.5150500000000005,-0.20087019579405363
2022-05-11,2.206,2.323,2.203,2.272,1284483079,2927962878,0.03085299455535373,2.2677,2.5064,-0.18595485489072028
2022-05-12,2.256,2.295,2.251,2.277,611513015,1390418814,0.0022007042253522346,2.2622500000000003,2.498683333333333,-0.16897810218978104
2022-05-13,2.29,2.298,2.26,2.285,433217044,987480486,0.003513394817742599,2.2544999999999997,2.4924333333333335,-0.14097744360902253
2022-05-16,2.295,2.319,2.256,2.257,460000370,1048772707,-0.012253829321663079,2.2476499999999997,2.48595,-0.1470143613000755
2022-05-17,2.256,2.297,2.249,2.293,340268036,775875478,0.015950376606114425,2.2428500000000002,2.478733333333333,-0.15884079236977255
2022-05-18,2.291,2.31,2.277,2.29,297727959,682924955,-0.001308329699084232,2.2381,2.471483333333333,-0.15963302752293584
2022-05-19,2.255,2.306,2.255,2.306,394460793,900615499,0.006986899563318882,2.2328,2.464183333333333,-0.15962099125364437
2022-05-20,2.317,2.352,2.31,2.347,384367482,896931094,0.01777970511708582,2.2313,2.45765,-0.14311792625045638
2022-05-23,2.347,2.348,2.313,2.332,300704631,700392455,-0.0063911376224968786,2.2335000000000003,2.4513000000000003,-0.14043494286767422
2022-05-24,2.331,2.331,2.246,2.246,571083102,1301870289,-0.036878216123499064,2.2337999999999996,2.4441,-0.16131441374159816
2022-05-25,2.246,2.26,2.233,2.253,445035331,998804924,0.003116651825467498,2.2352,2.43575,-0.18191721132897598
2022-05-26,2.254,2.271,2.212,2.249,496380206,1114149057,-0.001775410563692903,2.2425,2.42835,-0.1648718900854066
2022-05-27,2.268,2.304,2.238,2.251,463126679,1052158839,0.0008892841262782003,2.25075,2.4198166666666667,-0.18530582699963805
2022-05-30,2.262,2.289,2.252,2.276,359269334,816599725,0.011106175033318566,2.25455,2.4113166666666666,-0.1830581478822686
2022-05-31,2.276,2.338,2.251,2.334,396981527,913288793,0.025483304042179356,2.26335,2.4036333333333335,-0.16493738819320214
2022-06-01,2.333,2.366,2.321,2.354,413110272,970268951,0.00856898029134534,2.26885,2.397183333333333,-0.14118934695366658
2022-06-02,2.341,2.389,2.336,2.386,327388405,777180736,0.0135938827527613,2.27755,2.3918833333333334,-0.117603550295858
2022-06-06,2.38,2.483,2.379,2.477,465679666,1141794047,0.038139145012573206,2.29255,2.3888000000000003,-0.069496619083396
2022-06-07,2.474,2.498,2.457,2.478,316063541,782226842,0.00040371417036744184,2.30835,2.387716666666667,-0.025560361777428264
2022-06-08,2.477,2.498,2.433,2.494,392041028,966851638,0.006456820016142117,2.32285,2.3875,-0.00518548065416824
2022-06-09,2.477,2.487,2.419,2.423,332064328,813530317,-0.028468323977546173,2.3304,2.3865,-0.024164317358034704
2022-06-10,2.408,2.481,2.404,2.48,314443000,771162261,0.023524556335121627,2.34055,2.385383333333333,-0.026305457400863874
2022-06-13,2.458,2.488,2.448,2.469,279982947,690639934,-0.004435483870967816,2.3497500000000002,2.383483333333333,-0.04413472706155641
2022-06-14,2.443,2.48,2.388,2.475,420423193,1020709276,0.002430133657351341,2.36065,2.3832333333333335,-0.006024096385542244
2022-06-15,2.476,2.554,2.473,2.497,504100200,1265062248,0.008888888888888724,2.37085,2.3845,0.03139198678232136
2022-06-16,2.498,2.539,2.494,2.507,365609738,920034936,0.004004805766920416,2.3817,2.38375,-0.017633228840125414
2022-06-17,2.482,2.588,2.482,2.584,463346492,1181373865,0.030714000797766206,2.3956,2.3830833333333334,-0.015243902439024404
2022-06-20,2.59,2.661,2.588,2.626,434266350,1139676092,0.016253869969040213,2.4095500000000003,2.3829333333333333,-0.0034155597722960174
2022-06-21,2.626,2.643,2.586,2.615,343337748,896834438,-0.004188880426504116,2.4236999999999997,2.3825833333333333,-0.007966616084977174
2022-06-22,2.614,2.642,2.595,2.596,337790527,885373232,-0.00726577437858511,2.4412000000000003,2.382483333333333,-0.002305918524212025
2022-06-23,2.601,2.68,2.594,2.68,333311072,879219374,0.03235747303543923,2.4625500000000002,2.3833333333333333,0.01939901103081021
2022-06-24,2.697,2.74,2.678,2.738,344323264,934975896,0.02164179104477615,2.487,2.3853,0.04503816793893134
2022-06-27,2.751,2.78,2.735,2.741,351170751,967427239,0.001095690284879547,2.5115000000000003,2.388233333333333,0.06861598440545813
2022-06-28,2.739,2.767,2.69,2.754,301968582,821994192,0.004742794600510747,2.5354,2.3922666666666665,0.09633757961783429
2022-06-29,2.734,2.76,2.68,2.683,418819644,1139624743,-0.02578068264342781,2.55285,2.3951333333333333,0.06849860613301462
2022-06-30,2.689,2.751,2.689,2.73,385120220,1049192628,0.017517704062616435,2.57165,2.3971333333333336,0.04597701149425282
2022-07-01,2.728,2.738,2.687,2.699,373317705,1012247111,-0.011355311355311426,2.5873,2.3992166666666668,0.04856254856254849
2022-07-04,2.682,2.75,2.663,2.75,422454210,1149825963,0.018895887365691033,2.60095,2.40205,0.06589147286821695
2022-07-05,2.758,2.784,2.701,2.739,319075511,872914387,-0.0040000000000000036,2.614,2.4052000000000002,0.07411764705882362
2022-07-06,2.734,2.773,2.694,2.725,355301270,973782192,-0.005111354508944843,2.6255499999999996,2.4090166666666666,0.09174679487179493
2022-07-07,2.721,2.77,2.709,2.769,297701836,817217266,0.016146788990825778,2.64285,2.41365,0.11160176635889196
2022-07-08,2.779,2.803,2.727,2.731,341026117,940906418,-0.013723365836041945,2.6553999999999998,2.4194,0.14459346186085487
2022-07-11,2.729,2.729,2.661,2.69,331205323,889549019,-0.015012815818381542,2.6664499999999998,2.4235666666666664,0.10245901639344268
2022-07-12,2.682,2.692,2.618,2.622,366684792,970727726,-0.025278810408921992,2.6738,2.427366666666667,0.09523809523809512
2022-07-13,2.628,2.681,2.595,2.665,403435902,1065751083,0.01639969488939741,2.6822000000000004,2.431966666666667,0.11552951025533709
2022-07-14,2.653,2.758,2.649,2.735,402201800,1094292976,0.026266416510318802,2.6936,2.4378,0.1467505241090148
2022-07-15,2.729,2.755,2.68,2.68,317926973,865852959,-0.02010968921389389,2.6984000000000004,2.442266666666667,0.11111111111111116
2022-07-18,2.685,2.732,2.657,2.717,295954600,797786444,0.013805970149253666,2.70295,2.4479333333333333,0.14303744215397574
2022-07-19,2.715,2.715,2.658,2.67,317931400,853331936,-0.01729849098270153,2.7057,2.4543000000000004,0.1669580419580421
2022-07-20,2.682,2.706,2.674,2.68,211530200,569203440,0.0037453183520599342,2.7099,2.4616333333333333,0.1964285714285714
2022-07-21,2.674,2.712,2.66,2.67,240085000,645789345,-0.003731343283582156,2.7094,2.46905,0.19999999999999996
2022-07-22,2.694,2.706,2.635,2.651,273100619,729309353,-0.007116104868913897,2.70505,2.4781833333333334,0.26058012363290506
2022-07-25,2.647,2.657,2.615,2.629,268891671,707531030,-0.008298755186721962,2.6994499999999997,2.487233333333333,0.2603068072866732
2022-07-26,2.628,2.65,2.603,2.634,296400018,778613116,0.0019018638265499987,2.69345,2.494466666666667,0.19727272727272704
2022-07-27,2.629,2.65,2.616,2.637,248050857,652824563,0.001138952164009055,2.69115,2.5024500000000005,0.221964782205746
2022-07-28,2.653,2.669,2.624,2.629,280331287,741482248,-0.0030337504740235444,2.6860999999999997,2.508866666666667,0.17156862745098023
2022-07-29,2.633,2.639,2.588,2.594,324833381,847751102,-0.013313046785850213,2.68085,2.515233333333333,0.1726943942133814
2022-08-01,2.58,2.657,2.562,2.657,296644973,776182251,0.02428681572860447,2.6762,2.523233333333333,0.22048690858980247
2022-08-02,2.627,2.637,2.575,2.605,361887470,943589432,-0.019570944674444868,2.6695,2.5306166666666665,0.2049028677150786
2022-08-03,2.613,2.637,2.545,2.553,294159628,761912522,-0.01996161228406912,2.6609000000000003,2.536433333333333,0.15834845735027203
2022-08-04,2.56,2.578,2.536,2.565,273721862,700218510,0.004700352526439522,2.6507,2.5413166666666664,0.12896126760563398
2022-08-05,2.566,2.61,2.561,2.606,297501062,770493902,0.015984405458089546,2.64445,2.5468,0.14448836187966618
2022-08-08,2.588,2.602,2.571,2.596,225592800,584360800,-0.0038372985418264616,2.63975,2.5519833333333333,0.1361050328227571
2022-08-09,2.596,2.62,2.58,2.614,181719600,473721183,0.006933744221879756,2.6393500000000003,2.557933333333333,0.15817456801063345
2022-08-10,2.606,2.614,2.57,2.579,201743400,522628844,-0.013389441469012886,2.6350499999999997,2.5627,0.1247274313126907
2022-08-11,2.59,2.647,2.572,2.647,292071500,764684794,0.02636680884063569,2.63065,2.56865,0.15589519650655004
2022-08-12,2.633,2.639,2.611,2.613,239229451,626906468,-0.012844729882886208,2.6273,2.5737666666666663,0.13313096270598446
2022-08-15,2.606,2.654,2.606,2.638,214185308,564950677,0.009567546880979716,2.62335,2.5786166666666666,0.12398806987643796
2022-08-16,2.639,2.679,2.638,2.652,211315398,562021362,0.005307050796057755,2.6224499999999997,2.58395,0.13722126929674117
2022-08-17,2.653,2.702,2.639,2.695,251215347,671659962,0.016214177978883804,2.6231999999999998,2.5914333333333333,0.1999109528049865
2022-08-18,2.687,2.713,2.682,2.693,194603868,525084893,-0.0007421150278292821,2.6243499999999997,2.598766666666667,0.195295162006214
2022-08-19,2.693,2.698,2.652,2.653,192544050,514616520,-0.014853323431117671,2.62445,2.6055,0.17963539350822577
2022-08-22,2.65,2.701,2.634,2.699,241175642,645464009,0.017338861666038374,2.6279500000000002,2.6129666666666664,0.19902265659706786
2022-08-23,2.69,2.719,2.683,2.697,204361915,551734916,-0.0007410151908113782,2.6311,2.619983333333333,0.1849736379613358
2022-08-24,2.714,2.721,2.597,2.6,386985175,1021893625,-0.03596588802373002,2.62925,2.6244166666666664,0.11396743787489294
2022-08-25,2.604,2.615,2.558,2.59,254645316,657182671,-0.0038461538461539435,2.6273000000000004,2.6283499999999997,0.10025488530161408
2022-08-26,2.581,2.598,2.556,2.566,227227088,585540539,-0.009266409266409315,2.6259,2.63135,0.07544006705783723
2022-08-29,2.541,2.564,2.525,2.553,227397300,579746547,-0.005066250974279041,2.6207000000000003,2.6326166666666664,0.030682276947920917
2022-08-30,2.551,2.555,2.52,2.538,221382633,561430724,-0.005875440658049458,2.61735,2.6336166666666667,0.024213075060532496
2022-08-31,2.525,2.537,2.474,2.491,329722217,825005583,-0.01851851851851838,2.6142499999999997,2.633566666666667,-0.001202886928628799
2022-09-01,2.487,2.508,2.457,2.463,294973900,732782106,-0.011240465676435218,2.60915,2.6342333333333334,0.016508460586050377
2022-09-02,2.466,2.48,2.443,2.461,349020510,858991298,-0.0008120178643931109,2.6018999999999997,2.6339166666666665,-0.007661290322580672
2022-09-05,2.454,2.479,2.445,2.467,299676600,736895176,0.002438033319788868,2.59545,2.633883333333334,-0.000810044552450262
2022-09-06,2.466,2.47,2.42,2.468,466526847,1142575775,0.0004053506282934993,2.5881499999999997,2.6337666666666664,-0.0028282828282828465
2022-09-07,2.45,2.509,2.443,2.493,385939505,959508459,0.010129659643435929,2.5838499999999995,2.6336999999999997,-0.0016019223067681443
2022-09-08,2.494,2.496,2.445,2.448,344796853,850822849,-0.01805054151624541,2.5738999999999996,2.6327166666666666,-0.02353410450737936
2022-09-09,2.453,2.477,2.449,2.476,269631054,664274323,0.011437908496731986,2.5670499999999996,2.6309166666666663,-0.04179566563467496
2022-09-13,2.485,2.494,2.46,2.475,203552560,503964409,-0.0004038772213246222,2.5589,2.6283999999999996,-0.057501904036557416
2022-09-14,2.445,2.454,2.415,2.431,270649466,659194896,-0.01777777777777778,2.54785,2.6253333333333333,-0.07036328871892927
2022-09-15,2.431,2.438,2.336,2.349,455643405,1083976788,-0.03373097490744548,2.53055,2.6212166666666668,-0.09514637904468404
2022-09-16,2.341,2.356,2.297,2.297,483345501,1122302444,-0.02213707960834399,2.5107500000000003,2.614833333333333,-0.142910447761194
2022-09-19,2.292,2.318,2.27,2.285,399160704,915197464,-0.0052242054854158,2.49235,2.6072833333333336,-0.16544923301680048
2022-09-20,2.295,2.327,2.285,2.297,360217200,830485845,0.005251641137855589,2.47225,2.5998833333333335,-0.16198467712513676
2022-09-21,2.284,2.289,2.256,2.265,521184289,1181944144,-0.013931214627775357,2.4506500000000004,2.591733333333333,-0.1775599128540305
2022-09-22,2.25,2.28,2.236,2.252,367288984,828818165,-0.005739514348786057,2.43325,2.58455,-0.16064107342527023
2022-09-23,2.245,2.268,2.209,2.239,531741668,1189493314,-0.005772646536412074,2.4157,2.576366666666667,-0.17985347985347988
2022-09-26,2.226,2.288,2.22,2.253,528002975,1194645335,0.00625279142474322,2.4000500000000002,2.5689333333333333,-0.16524638755094467
2022-09-27,2.258,2.306,2.258,2.306,478844429,1091035686,0.023524189968930243,2.3877,2.5615333333333337,-0.1614545454545454
2022-09-28,2.294,2.3,2.248,2.249,464719960,1052922692,-0.02471812662619255,2.37325,2.553366666666667,-0.1788974078130704
2022-09-29,2.269,2.288,2.251,2.267,407569326,925354891,0.008003557136504913,2.36205,2.545733333333333,-0.16807339449541292
2022-09-30,2.259,2.276,2.219,2.221,437156367,982234934,-0.02029113365681512,2.34995,2.5366,-0.1979053810039726
2022-10-10,2.219,2.232,2.166,2.166,417162707,915088739,-0.02476361999099508,2.3352,2.5271833333333333,-0.2068839253020871
2022-10-11,2.183,2.206,2.176,2.192,394014249,863598840,0.012003693444136765,2.32145,2.5188833333333336,-0.18513011152416348
2022-10-12,2.191,2.275,2.169,2.274,739272978,1644065088,0.037408759124087476,2.31175,2.5130833333333333,-0.13272311212814636
2022-10-13,2.255,2.305,2.252,2.282,596260779,1363147675,0.0035180299032542273,2.3012,2.5067,-0.14371482176360229
2022-10-14,2.315,2.38,2.297,2.365,667115977,1559025001,0.03637160385626648,2.29705,2.5005333333333337,-0.13528336380255934
2022-10-17,2.349,2.375,2.333,2.362,389871512,918318760,-0.0012684989429175841,2.2913500000000004,2.495233333333333,-0.11865671641791042
2022-10-18,2.38,2.397,2.355,2.373,450961167,1071043942,0.004657070279424191,2.28625,2.4895,-0.1266102318733897
2022-10-19,2.366,2.39,2.351,2.355,402415044,953362761,-0.007585335018963413,2.28245,2.4842500000000003,-0.1179775280898876
2022-10-20,2.34,2.375,2.296,2.337,667018698,1556557604,-0.007643312101910715,2.28185,2.478533333333333,-0.1279850746268657
2022-10-21,2.337,2.342,2.31,2.321,442915341,1030042924,-0.0068463842533161845,2.2830500000000002,2.4727166666666665,-0.13071161048689128
2022-10-24,2.323,2.348,2.253,2.266,771540769,1771918161,-0.023696682464455,2.2821000000000002,2.4663,-0.14522821576763478
2022-10-25,2.252,2.279,2.214,2.241,666103065,1496709733,-0.01103265666372455,2.2793,2.4598333333333335,-0.14758463294028146
2022-10-26,2.251,2.329,2.251,2.302,671957850,1543143214,0.02721999107541273,2.28115,2.4542999999999995,-0.12604403948367493
2022-10-27,2.319,2.32,2.265,2.265,530353994,1214527195,-0.016072980017376115,2.2818,2.4480999999999997,-0.1410693970420932
2022-10-28,2.247,2.259,2.179,2.187,732198550,1625576083,-0.03443708609271534,2.2792000000000003,2.4407333333333336,-0.16812476226702178
2022-10-31,2.166,2.231,2.164,2.202,682884200,1503479168,0.006858710562414272,2.27665,2.4342,-0.15111796453353887
2022-11-01,2.208,2.275,2.186,2.275,762556902,1699347631,0.03315168029064486,2.2751,2.427833333333333,-0.14377117049303734
2022-11-02,2.261,2.325,2.256,2.305,721461496,1655586783,0.013186813186813362,2.2779,2.4228333333333336,-0.11516314779270631
2022-11-03,2.283,2.316,2.283,2.309,629229171,1449665101,0.0017353579175705125,2.2800000000000002,2.418766666666667,-0.09557383470426939
2022-11-04,2.307,2.394,2.304,2.383,686859859,1620339903,0.03204850584668684,2.2881,2.4157333333333337,-0.07095516569200777
2022-11-07,2.372,2.4,2.36,2.379,543151468,1292475455,-0.0016785564414603105,2.29875,2.4119499999999996,-0.08710667689946272
2022-11-08,2.379,2.386,2.341,2.363,492218900,1162296853,-0.006725514922236275,2.3073,2.408066666666666,-0.08975346687211094
2022-11-09,2.356,2.362,2.326,2.326,508981025,1190843694,-0.015658061785865374,2.3099,2.403266666666667,-0.11017597551644986
2022-11-10,2.313,2.321,2.276,2.288,738973167,1697717815,-0.016337059329320835,2.3102000000000005,2.398416666666667,-0.11283443195036846
2022-11-11,2.4,2.4,2.33,2.33,1030188096,2423406668,0.018356643356643554,2.30845,2.3931333333333336,-0.11975821684926324
2022-11-14,2.333,2.345,2.296,2.302,573687099,1332197395,-0.012017167381974225,2.30545,2.3879500000000005,-0.11902028319938762
2022-11-15,2.297,2.362,2.287,2.361,690063941,1607887432,0.025629887054735123,2.30485,2.3833333333333333,-0.10500379075056854
2022-11-16,2.359,2.372,2.327,2.33,566352602,1328655950,-0.013130029648454111,2.3036000000000003,2.3779666666666666,-0.12141779788838614
2022-11-17,2.322,2.322,2.281,2.316,629681585,1446037620,-0.006008583690987224,2.30255,2.3716500000000003,-0.14063079777365495
2022-11-18,2.317,2.348,2.312,2.315,743979880,1733414577,-0.00043177892918822014,2.30225,2.36535,-0.14036390642406238
2022-11-21,2.298,2.32,2.291,2.319,381540553,879699282,0.0017278617710583255,2.3049,2.359783333333333,-0.12589521296645312
2022-11-22,2.312,2.316,2.263,2.273,598290264,1368854747,-0.019836136265631632,2.3065,2.3526833333333332,-0.15783623564283056
2022-11-23,2.269,2.288,2.233,2.269,582687305,1317378800,-0.0017597888253410021,2.30485,2.3455500000000002,-0.15869484612532436
2022-11-24,2.276,2.289,2.262,2.264,317976523,723242428,-0.002203613926840209,2.3047999999999997,2.33995,-0.12923076923076937
2022-11-25,2.261,2.261,2.238,2.242,340945898,766181308,-0.009717314487632467,2.30755,2.33415,-0.13436293436293434
2022-11-28,2.203,2.235,2.197,2.233,487088584,1077709960,-0.004014272970562005,2.3091,2.3286000000000002,-0.1297739672642244
2022-11-29,2.233,2.28,2.228,2.268,647587855,1462123787,0.01567398119122254,2.30875,2.32385,-0.11163337250293781
2022-11-30,2.266,2.277,2.255,2.265,444986589,1007896822,-0.00132275132275117,2.30675,2.3193,-0.10756501182033085
2022-12-01,2.312,2.332,2.308,2.311,620519705,1439503784,0.020309050772626902,2.30685,2.3163,-0.07226013649136898
2022-12-02,2.31,2.339,2.302,2.316,438405490,1018348443,0.002163565556036362,2.3035,2.31385,-0.059683313032886764
2022-12-05,2.327,2.334,2.298,2.313,761532495,1758129142,-0.0012953367875646604,2.3002,2.3113833333333336,-0.0601381552214546
2022-12-06,2.301,2.346,2.299,2.319,493991600,1147772470,0.0025940337224383825,2.298,2.3089166666666667,-0.05999189298743424
2022-12-07,2.311,2.359,2.308,2.343,745058214,1744170477,0.010349288486416475,2.2988500000000003,2.306833333333333,-0.050648298217179866
2022-12-08,2.337,2.351,2.326,2.338,304336619,711782390,-0.0021340162185231604,2.3013500000000002,2.3042500000000006,-0.06217408744484554
2022-12-09,2.337,2.353,2.323,2.348,358337153,837521120,0.004277159965782706,2.30225,2.302583333333333,-0.040849673202614456
2022-12-12,2.342,2.348,2.33,2.333,388162334,907490955,-0.006388415672912928,2.3038,2.3002,-0.05775444264943452
2022-12-13,2.334,2.336,2.303,2.305,362350429,838699628,-0.012001714530647245,2.301,2.297366666666667,-0.06868686868686869
2022-12-14,2.309,2.32,2.293,2.299,333566215,768091407,-0.0026030368763558798,2.2994499999999998,2.295166666666667,-0.05429864253393668
2022-12-15,2.299,2.33,2.295,2.326,435106195,1005896265,0.01174423662461943,2.29995,2.2947833333333336,-0.009791400595998367
2022-12-16,2.312,2.319,2.291,2.298,396639029,913544786,-0.012037833190025826,2.2991,2.2948000000000004,0.0004353504571179556
2022-12-19,2.304,2.317,2.267,2.274,447690442,1025543894,-0.010443864229765065,2.29685,2.2946166666666667,-0.004814004376367698
2022-12-20,2.27,2.271,2.242,2.243,408480751,920756611,-0.013632365875109964,2.29535,2.2937166666666666,-0.023508924684371046
2022-12-21,2.244,2.253,2.225,2.24,339057832,759300920,-0.0013374944271064004,2.2939,2.2933000000000003,-0.01103752759381893
2022-12-22,2.249,2.259,2.221,2.235,406770275,911848118,-0.0022321428571430157,2.29245,2.2930166666666665,-0.007548845470692678
2022-12-23,2.216,2.236,2.207,2.222,436246900,969067963,-0.005816554809843333,2.29145,2.292733333333333,-0.0075926753014737836
2022-12-26,2.224,2.265,2.222,2.262,571469455,1287210409,0.018001800180017957,2.2929000000000004,2.2928833333333336,0.003994673768308976
2022-12-27,2.268,2.295,2.256,2.293,565056044,1286940340,0.013704686118479303,2.29415,2.292666666666667,-0.005637467476149127
2022-12-28,2.278,2.281,2.257,2.267,426917279,968584394,-0.011338857392062862,2.29425,2.2929666666666666,0.008003557136504913
2022-12-29,2.255,2.295,2.252,2.277,439087769,1001296980,0.004411116012351224,2.29255,2.293133333333333,0.004411116012351224
2022-12-30,2.287,2.298,2.278,2.279,380227663,869409611,0.0008783487044354832,2.2907,2.2941,0.02611436289959479
2023-01-03,2.267,2.293,2.246,2.289,415435034,943665756,0.004387889425186531,2.2895000000000003,2.29615,0.056786703601108046
2023-01-04,2.28,2.283,2.255,2.267,364283220,827058629,-0.009611183923110667,2.2869,2.2974,0.03421532846715314
2023-01-05,2.276,2.334,2.274,2.33,660398898,1524537066,0.027790030877812066,2.28625,2.2983333333333333,0.02462620932277937
2023-01-06,2.321,2.368,2.315,2.35,496565430,1164821539,0.008583690987124415,2.2868500000000003,2.299466666666667,0.02979842243645936
2023-01-09,2.361,2.382,2.356,2.365,319507271,756781804,0.006382978723404209,2.2877,2.2994666666666665,0.0
2023-01-10,2.365,2.406,2.36,2.401,376398322,898088949,0.015221987315010344,2.2910999999999997,2.300116666666667,0.01651143099068575
2023-01-11,2.401,2.409,2.369,2.374,292322728,698040666,-0.011245314452311361,2.29455,2.300133333333333,0.0004214075010535723
2023-01-12,2.383,2.404,2.375,2.382,347597313,829707689,0.0033698399326032025,2.2986999999999997,2.3005833333333334,0.01146496815286624
2023-01-13,2.397,2.417,2.388,2.417,379220161,909951500,0.014693534844668177,2.30325,2.3019166666666666,0.03423192126658092
2023-01-16,2.421,2.492,2.417,2.462,515887314,1269926087,0.018618121638394936,2.31145,2.3042666666666665,0.06074967686342103
2023-01-17,2.465,2.483,2.46,2.47,246206514,608463040,0.0032493907392363575,2.32125,2.3076666666666665,0.09002647837599298
2023-01-18,2.479,2.482,2.457,2.468,264109350,652164937,-0.0008097165991903799,2.3325,2.3114500000000002,0.10129406514948669
2023-01-19,2.465,2.498,2.454,2.496,301661804,748630146,0.011345218800648205,2.3453,2.3146833333333334,0.0842745438748913
2023-01-20,2.505,2.518,2.495,2.507,400846024,1004660330,0.004407051282051322,2.3588999999999998,2.3187166666666665,0.10684326710816783
2023-01-30,2.577,2.579,2.532,2.533,568397682,1450511414,0.01037096130833648,2.37445,2.3244833333333332,0.15820759030635578
2023-01-31,2.533,2.543,2.497,2.507,374504768,943675151,-0.010264508487958901,2.3867000000000003,2.3295666666666666,0.13851044504995458
2023-02-01,2.516,2.538,2.495,2.537,463857096,1167804024,0.011966493817311408,2.3989000000000003,2.3339333333333334,0.11516483516483511
2023-02-02,2.544,2.554,2.519,2.524,311955363,791120817,-0.005124162396531351,2.4117500000000005,2.3375833333333333,0.09501084598698473
2023-02-03,2.515,2.527,2.475,2.5,463220984,1158328376,-0.009508716323296418,2.4229000000000003,2.3407666666666667,0.08271979211779978
2023-02-06,2.486,2.486,2.449,2.468,424024224,1045613923,-0.012800000000000034,2.43235,2.3421833333333333,0.03566932438103221
2023-02-07,2.474,2.482,2.445,2.461,396782526,976604426,-0.002836304700162162,2.44095,2.34355,0.034468263976460634
2023-02-08,2.466,2.475,2.445,2.447,392946861,966329485,-0.005688744412840174,2.4499500000000003,2.34495,0.03554803216250524
2023-02-09,2.444,2.496,2.44,2.493,473029358,1172120590,0.018798528810788584,2.4581000000000004,2.347733333333333,0.07179707652622525
2023-02-10,2.493,2.494,2.455,2.465,426409795,1054102719,-0.011231448054552784,2.46385,2.3506833333333335,0.07736013986013979
2023-02-13,2.463,2.502,2.463,2.495,400301131,995868215,0.01217038539553772,2.47035,2.3534333333333333,0.07081545064377681
2023-02-14,2.502,2.508,2.475,2.49,270949848,673563677,-0.002004008016032066,2.4748,2.3565666666666667,0.0816681146828846
2023-02-15,2.488,2.498,2.466,2.468,275920364,682666615,-0.008835341365461935,2.4795000000000003,2.35835,0.045319779754341205
2023-02-16,2.473,2.491,2.422,2.436,440439397,1083733097,-0.012965964343598091,2.4822,2.360116666666667,0.0454935622317596
2023-02-17,2.433,2.439,2.375,2.378,594946763,1429280290,-0.023809523809523725,2.4802500000000003,2.36115,0.02677029360967187
2023-02-20,2.372,2.409,2.353,2.403,533365951,1269505061,0.010513036164844447,2.4773,2.362616666666667,0.03801295896328294
2023-02-21,2.401,2.407,2.378,2.395,378099800,905100098,-0.0033291718684976823,2.47355,2.3638833333333333,0.0327727468736525
2023-02-22,2.385,2.399,2.372,2.377,342061627,815119185,-0.007515657620041805,2.4690000000000003,2.365616666666667,0.04575450945886472
2023-02-23,2.379,2.398,2.374,2.385,384925671,918343004,0.0033655868742112904,2.46345,2.36755,0.05112384310268836
2023-02-24,2.388,2.39,2.354,2.357,493528769,1167374630,-0.011740041928721023,2.45595,2.3691,0.04107773851590135
2023-02-27,2.347,2.362,2.333,2.34,505281300,1183931502,-0.007212558336869068,2.4463,2.3707333333333334,0.043710972346119537
2023-02-28,2.35,2.362,2.334,2.359,476687944,1120630125,0.00811965811965809,2.4389,2.3728333333333333,0.056426332288401104
2023-03-01,2.358,2.378,2.344,2.372,641239839,1515000132,0.005510809665112193,2.43065,2.3745666666666665,0.04585537918871263
2023-03-02,2.368,2.371,2.341,2.347,504645348,1187932736,-0.010539629005059004,2.4217999999999997,2.3759333333333332,0.03620309050772619
2023-03-03,2.353,2.362,2.332,2.352,563211585,1323371045,0.0021303792074989225,2.4143999999999997,2.3766166666666666,0.01774123755949808
2023-03-06,2.356,2.365,2.32,2.361,773804802,1815382145,0.003826530612245138,2.4090499999999997,2.3773666666666666,0.01943005181347157
2023-03-07,2.354,2.359,2.311,2.312,895696416,2091310411,-0.02075391783142755,2.4016,2.37735,-0.00043233895373984144
2023-03-08,2.303,2.319,2.296,2.308,761173623,1754539003,-0.0017301038062284002,2.39465,2.3771666666666667,-0.00474342388960769
2023-03-09,2.309,2.316,2.296,2.303,694805094,1602665742,-0.002166377816291143,2.38515,2.3765,-0.01707212974818606
2023-03-10,2.295,2.318,2.284,2.3,992962972,2284813245,-0.0013026487190621605,2.3769,2.3758666666666666,-0.016253207869974418
2023-03-13,2.295,2.306,2.276,2.287,1019589999,2333097120,-0.005652173913043401,2.3665000000000003,2.3748500000000003,-0.02597955706984667
2023-03-14,2.285,2.287,2.238,2.276,1167430139,2646251584,-0.00480979449059904,2.3558,2.3739,-0.024432061723103415
2023-03-15,2.285,2.303,2.266,2.268,1018744045,2327203774,-0.0035149384885764245,2.3457999999999997,2.373283333333333,-0.016052060737527296
2023-03-16,2.257,2.265,2.23,2.233,1283576520,2884549880,-0.015432098765431945,2.33565,2.372183333333333,-0.028708133971291794
2023-03-17,2.248,2.252,2.221,2.228,1648031449,3685846850,-0.0022391401701745695,2.32815,2.37055,-0.042132416165090225
2023-03-20,2.229,2.25,2.213,2.226,1592100923,3546732508,-0.0008976660682227244,2.3192999999999997,2.36935,-0.031331592689295085
2023-03-21,2.233,2.266,2.232,2.265,1625921035,3658666378,0.01752021563342332,2.3128,2.3691999999999998,-0.00395778364116095
2023-03-22,2.27,2.286,2.26,2.27,1437067121,3267475374,0.002207505518763808,2.3074500000000002,2.36965,0.012037449843959047
2023-03-23,2.262,2.288,2.259,2.288,862696993,1965791419,0.007929515418502175,2.3026,2.37045,0.021428571428571352
2023-03-24,2.292,2.3,2.282,2.297,848559409,1946226680,0.003933566433566682,2.2996000000000003,2.3714833333333334,0.02774049217002239
2023-03-27,2.293,2.325,2.29,2.323,1204912351,2786917098,0.01131911188506729,2.29875,2.3731666666666666,0.045454545454545414
2023-03-28,2.322,2.322,2.293,2.298,617310942,1422968347,-0.010761945759793279,2.2956999999999996,2.3737666666666666,0.01591511936339529
2023-03-29,2.3,2.309,2.294,2.297,558502747,1286214707,-0.0004351610095735259,2.29195,2.373833333333333,0.0017444395987789019
2023-03-30,2.3,2.313,2.29,2.313,565199458,1301419790,0.006965607313887734,2.2902500000000003,2.3746,0.02029113365681523
2023-03-31,2.321,2.328,2.314,2.327,680843545,1580918255,0.006052745352356226,2.289,2.3754333333333335,0.02195871761089152
2023-04-03,2.327,2.37,2.327,2.366,1109615298,2608463108,0.016759776536312998,2.28925,2.3768833333333332,0.038174637999122574
2023-04-04,2.366,2.367,2.336,2.35,776431390,1822002563,-0.006762468300929858,2.29115,2.3779,0.02664919178680636
2023-04-06,2.334,2.355,2.331,2.354,548706855,1285376423,0.0017021276595745594,2.29345,2.37935,0.03837670930745496
2023-04-07,2.351,2.38,2.347,2.369,568429137,1346645921,0.006372132540356956,2.2967500000000003,2.38,0.016738197424892798
2023-04-10,2.379,2.385,2.358,2.368,826441010,1960483426,-0.0004221190375687245,2.30015,2.3802999999999996,0.007659574468084962
2023-04-11,2.367,2.386,2.351,2.362,505805374,1197323526,-0.0025337837837836608,2.3038999999999996,2.3802500000000006,-0.0012684989429175841
2023-04-12,2.364,2.364,2.342,2.353,535620949,1259523938,-0.0038103302286197627,2.30775,2.37945,-0.01999167013744252
2023-04-13,2.345,2.352,2.332,2.332,441531604,1033292670,-0.008924776880578134,2.31095,2.3787499999999997,-0.017691659646166924
2023-04-14,2.342,2.356,2.336,2.355,533887158,1254207925,0.009862778730703292,2.31705,2.3783000000000003,-0.01133501259445846
2023-04-17,2.354,2.366,2.348,2.364,422975200,997150265,0.003821656050955413,2.32385,2.377416666666667,-0.021928009929664816
2023-04-18,2.362,2.372,2.35,2.354,468656041,1105884332,-0.004230118443316333,2.3302500000000004,2.3756166666666667,-0.04386677497969138
2023-04-19,2.356,2.356,2.338,2.339,309091279,724993726,-0.006372132540356845,2.33395,2.3734333333333333,-0.05303643724696361
2023-04-20,2.337,2.338,2.304,2.314,543487388,1259885383,-0.010688328345446751,2.33615,2.3708666666666667,-0.06239870340356557
2023-04-21,2.318,2.326,2.268,2.269,691772625,1587990019,-0.01944684528954188,2.3352,2.367083333333333,-0.09094551282051277
2023-04-24,2.267,2.269,2.22,2.234,729423712,1633647558,-0.01542529748788013,2.3320499999999997,2.3625333333333334,-0.10889509373753492
2023-04-25,2.236,2.241,2.178,2.193,1360845153,2993352612,-0.018352730528200523,2.32555,2.356866666666667,-0.134228187919463
2023-04-26,2.187,2.238,2.184,2.226,1108303693,2461077825,0.015047879616963078,2.32195,2.3521833333333335,-0.11208615875548467
2023-04-27,2.219,2.247,2.215,2.24,459020843,1025641028,0.0062893081761006275,2.3190999999999997,2.3472333333333335,-0.11706740244383118
2023-04-28,2.247,2.26,2.236,2.255,413314576,929424456,0.006696428571428381,2.3162000000000003,2.34275,-0.10657686212361339
2023-05-04,2.253,2.253,2.224,2.23,384566957,858954724,-0.011086474501108556,2.31135,2.3382500000000004,-0.10799999999999998
2023-05-05,2.228,2.23,2.194,2.202,525795107,1161401101,-0.012556053811659251,2.30315,2.3338166666666664,-0.10777957860615883
2023-05-08,2.21,2.214,2.188,2.213,776158104,1709956981,0.004995458673932918,2.2962999999999996,2.3296833333333336,-0.1007720438845997
2023-05-09,2.209,2.211,2.179,2.18,808962924,1776822708,-0.014911884319927626,2.2876,2.3252333333333337,-0.10911319983653445
2023-05-10,2.176,2.21,2.166,2.199,1177438087,2574160726,0.008715596330275188,2.2791,2.320333333333333,-0.1179302045728039
2023-05-11,2.201,2.229,2.2,2.211,831426855,1841293786,0.005457025920873049,2.2712499999999998,2.3161,-0.10304259634888435
2023-05-12,2.211,2.22,2.185,2.185,598689306,1317692907,-0.011759384893713198,2.2624000000000004,2.3109333333333333,-0.12424849699398799
2023-05-15,2.192,2.235,2.19,2.234,691640344,1532618073,0.022425629290617755,2.25645,2.3066666666666666,-0.10281124497991978
2023-05-16,2.242,2.244,2.222,2.228,625001008,1395160844,-0.0026857654431512445,2.2512499999999998,2.3026666666666666,-0.0972447325769853
2023-05-17,2.23,2.236,2.217,2.229,622135261,1384597412,0.0004488330341112512,2.2449500000000002,2.2992166666666667,-0.084975369458128
2023-05-18,2.233,2.237,2.198,2.215,767041872,1699666378,-0.00628084342754609,2.2375,2.2965000000000004,-0.06854499579478568
2023-05-19,2.212,2.229,2.206,2.215,447228331,991730762,0.0,2.23055,2.2933666666666666,-0.07823553890969626
2023-05-22,2.216,2.227,2.201,2.214,517290300,1144617725,-0.0004514672686229959,2.2243000000000004,2.2903500000000006,-0.07557411273486436
2023-05-23,2.216,2.218,2.186,2.187,693364445,1527019909,-0.012195121951219523,2.21795,2.287183333333333,-0.07993268826251576
2023-05-24,2.181,2.204,2.175,2.183,739504663,1618149752,-0.0018289894833104503,2.2136500000000003,2.2838166666666666,-0.08469601677148841
2023-05-25,2.179,2.194,2.166,2.184,812696688,1770841548,0.0004580852038480465,2.21115,2.280933333333334,-0.07339838778107766
2023-05-26,2.183,2.183,2.153,2.167,918184107,1990154129,-0.007783882783882978,2.2098500000000003,2.27805,-0.073931623931624
2023-05-29,2.171,2.177,2.136,2.143,712522485,1531858752,-0.01107521919704657,2.2057,2.27445,-0.0915642221280204
2023-05-30,2.139,2.157,2.12,2.155,724969316,1552001557,0.005599626691553894,2.2014500000000004,2.2708333333333335,-0.09148397976391232
2023-05-31,2.149,2.153,2.125,2.131,849879478,1815634533,-0.011136890951276124,2.19525,2.267233333333333,-0.09203238176395412
2023-06-01,2.133,2.163,2.127,2.148,882644949,1899353700,0.00797747536367921,2.19115,2.2638333333333334,-0.08673469387755095
2023-06-02,2.156,2.179,2.152,2.175,787976875,1708637642,0.012569832402234526,2.1897999999999995,2.2607333333333335,-0.07878017789072445
2023-06-05,2.173,2.173,2.138,2.143,867213847,1861880059,-0.014712643678160942,2.1863,2.2579166666666666,-0.07309688581314877
2023-06-06,2.14,2.141,2.102,2.106,901203189,1912088171,-0.017265515632291173,2.1826,2.25455,-0.08752166377816295
2023-06-07,2.105,2.106,2.069,2.075,935942912,1949152966,-0.014719848053181273,2.1764,2.2507500000000005,-0.09900130264871898
2023-06-08,2.075,2.083,2.064,2.071,936815159,1941993647,-0.001927710843373509,2.1694,2.2469333333333332,-0.0995652173913042
2023-06-09,2.073,2.086,2.064,2.086,874565924,1814523638,0.007242877836793671,2.1644499999999995,2.243583333333333,-0.0878880629645824
2023-06-12,2.08,2.106,2.076,2.095,759590789,1588662807,0.00431447746883995,2.1574999999999998,2.2405666666666666,-0.07952548330404197
2023-06-13,2.093,2.113,2.09,2.111,705803363,1485189091,0.007637231503579978,2.15165,2.23795,-0.06922398589065237
2023-06-14,2.115,2.121,2.106,2.106,682405991,1441646659,-0.002368545712932435,2.1455,2.2358333333333333,-0.05687416032243631
2023-06-15,2.114,2.18,2.114,2.179,1894513924,4072250914,0.03466286799620133,2.1437,2.2350166666666667,-0.021992818671454417
2023-06-16,2.185,2.215,2.178,2.208,1071432329,2354504583,0.013308857273979013,2.1433500000000003,2.2347166666666665,-0.008086253369272156
2023-06-19,2.211,2.219,2.201,2.207,736784304,1627002668,-0.000452898550724834,2.143,2.23375,-0.02560706401766011
2023-06-20,2.203,2.22,2.199,2.21,579583067,1280742118,0.001359311282283615,2.14415,2.2327500000000002,-0.026431718061673992
2023-06-21,2.206,2.208,2.155,2.156,717516575,1563223806,-0.024434389140271406,2.1428,2.23055,-0.0576923076923076
2023-06-26,2.14,2.158,2.118,2.133,692530200,1478758274,-0.01066790352504643,2.14025,2.2278166666666666,-0.07139747496734883
2023-06-27,2.133,2.151,2.124,2.138,595913585,1273123147,0.0023441162681667738,2.1388,2.2247333333333335,-0.07963839862247102
2023-06-28,2.134,2.135,2.107,2.126,646705709,1373018916,-0.005612722170252549,2.13795,2.2218666666666667,-0.07484769364664934
2023-06-29,2.121,2.139,2.121,2.129,377461400,804433119,0.0014111006585137975,2.13665,2.219066666666667,-0.07313887679582065
2023-06-30,2.126,2.174,2.118,2.164,1009143576,2177900542,0.016439643024894313,2.1383,2.2165833333333333,-0.06441850410722005
2023-07-03,2.168,2.185,2.16,2.171,558298527,1213190975,0.0032347504621070833,2.13945,2.213983333333333,-0.06703910614525144
2023-07-04,2.169,2.178,2.161,2.174,430654335,934176288,0.0013818516812529325,2.1394,2.2107833333333335,-0.08114961961115819
2023-07-05,2.176,2.182,2.152,2.156,397849000,861355844,-0.008279668813247376,2.14005,2.20755,-0.08255319148936169
2023-07-06,2.15,2.163,2.133,2.137,597872373,1281170746,-0.008812615955473113,2.1416,2.2039333333333335,-0.09218351741716235
2023-07-07,2.13,2.132,2.116,2.118,474277941,1006764647,-0.008890968647636943,2.14375,2.1997500000000003,-0.10595187842971732
2023-07-10,2.127,2.158,2.126,2.145,582323452,1248499025,0.012747875354107707,2.14745,2.1960333333333333,-0.09417229729729726
2023-07-11,2.147,2.162,2.138,2.161,370678896,797744815,0.007459207459207473,2.1512000000000002,2.192683333333333,-0.08509737510584248
2023-07-12,2.162,2.163,2.138,2.139,435312827,935868566,-0.01018047200370209,2.1534000000000004,2.1891166666666666,-0.09094772630684245
2023-07-13,2.151,2.182,2.151,2.182,634177956,1378630702,0.020102851799906674,2.1569499999999997,2.1866166666666667,-0.0643224699828473
2023-07-14,2.184,2.187,2.167,2.169,519181764,1128574320,-0.00595783684692941,2.1601,2.1835166666666668,-0.0789808917197452
2023-07-17,2.163,2.164,2.142,2.152,364269795,783461345,-0.007837713231904075,2.1587500000000004,2.179983333333333,-0.08967851099830781
2023-07-18,2.155,2.159,2.143,2.147,446288874,958560160,-0.0023234200743496025,2.1557,2.1765333333333334,-0.08793542905692453
2023-07-19,2.145,2.148,2.117,2.125,679578094,1445979321,-0.0102468560782486,2.1516,2.172966666666667,-0.09149209063702435
2023-07-20,2.129,2.145,2.098,2.103,853623459,1811813285,-0.010352941176470454,2.14625,2.1694499999999994,-0.09118409680207429
2023-07-21,2.1,2.123,2.097,2.11,537540301,1134454100,0.003328578221587941,2.1439500000000002,2.1668,-0.07007492287351269
2023-07-24,2.1,2.114,2.088,2.09,624224979,1308892790,-0.009478672985781977,2.1418,2.1644,-0.0644583706356312
2023-07-25,2.123,2.14,2.113,2.136,934957464,1988807315,0.02200956937799048,2.1417,2.1634499999999997,-0.025991792065663488
2023-07-26,2.13,2.138,2.125,2.135,683781717,1458159715,-0.00046816479400768607,2.14215,2.1619333333333333,-0.04088050314465419
2023-07-27,2.14,2.15,2.125,2.129,494127457,1056226089,-0.002810304449648582,2.14215,2.160083333333333,-0.04955357142857153
2023-07-28,2.12,2.169,2.117,2.163,936686482,2013407725,0.015969938938468653,2.1421,2.15855,-0.04079822616407991
2023-07-31,2.172,2.199,2.172,2.182,660965287,1445212384,0.00878409616273701,2.14265,2.15775,-0.021524663677130018
2023-08-01,2.18,2.192,2.161,2.168,486445986,1058105269,-0.006416131989000817,2.14235,2.1571833333333332,-0.015440508628519423
2023-08-02,2.166,2.177,2.158,2.164,406098632,879593775,-0.0018450184501844769,2.1427500000000004,2.1563666666666665,-0.022141888838680512
2023-08-03,2.158,2.187,2.158,2.187,445575312,969634983,0.01062846580406629,2.14525,2.156483333333333,0.0032110091743118296
2023-08-04,2.21,2.225,2.19,2.204,886747451,1959096599,0.007773205304069553,2.14955,2.156566666666667,0.002273760800364011
2023-08-07,2.198,2.201,2.179,2.185,595173894,1301999178,-0.008620689655172487,2.15155,2.1561333333333335,-0.011759384893713198
2023-08-08,2.183,2.19,2.171,2.177,526421685,1147757817,-0.0036613272311213363,2.1523499999999998,2.1559999999999997,-0.0036613272311213363
2023-08-09,2.17,2.185,2.169,2.174,411631166,895238679,-0.0013780431786862835,2.1541,2.1550000000000002,-0.026857654431513
2023-08-10,2.173,2.186,2.165,2.184,473737627,1031790345,0.004599816007359703,2.1542000000000003,2.1542666666666666,-0.019748653500897717
2023-08-11,2.187,2.187,2.129,2.129,702368727,1512087616,-0.025183150183150205,2.1521999999999997,2.1526,-0.04486316733961426
2023-08-14,2.112,2.115,2.087,2.113,765851696,1610654413,-0.007515265382808889,2.1502499999999998,2.1509,-0.04604966139954847
2023-08-15,2.112,2.116,2.078,2.096,641605873,1342676081,-0.008045433033601501,2.1477,2.1489166666666666,-0.053724604966139844
2023-08-16,2.085,2.102,2.08,2.082,467057983,976619953,-0.00667938931297718,2.14555,2.146716666666667,-0.05962059620596216
2023-08-17,2.078,2.099,2.061,2.094,756313144,1574016216,0.0057636887608070175,2.1451000000000002,2.145166666666667,-0.04252400548696844
2023-08-18,2.09,2.101,2.064,2.065,622647459,1297043878,-0.01384909264565426,2.14285,2.1431999999999998,-0.05405405405405406
2023-08-21,2.061,2.061,2.033,2.035,687195028,1407292362,-0.014527845036319542,2.1401,2.140716666666667,-0.0682234432234432
2023-08-22,2.043,2.05,1.998,2.038,1146018577,2319842202,0.0014742014742012977,2.1352,2.1385666666666667,-0.059529303184125526
2023-08-23,2.023,2.028,1.984,1.987,905667448,1816410149,-0.025024533856722098,2.1277999999999997,2.1359666666666666,-0.07279514699020051
2023-08-24,1.995,2.031,1.99,2.014,991409796,1994099514,0.013588324106693417,2.12205,2.1336166666666667,-0.06542923433874714
2023-08-25,2.0,2.007,1.982,1.991,682777133,1362246861,-0.011420059582919362,2.11345,2.131283333333333,-0.06569685593618002
2023-08-28,2.136,2.136,2.003,2.01,1312341802,2700032794,0.009542943244600588,2.10485,2.1289833333333332,-0.06424581005586605
2023-08-29,2.002,2.08,2.0,2.067,1096027917,2248179740,0.028358208955224118,2.0997999999999997,2.1271833333333334,-0.049655172413792914
2023-08-30,2.064,2.088,2.057,2.066,658646718,1364718724,-0.00048379293662326184,2.0949,2.1259,-0.03593093793747082
2023-08-31,2.062,2.064,2.048,2.052,409895941,842366262,-0.006776379477250627,2.0881499999999997,2.125,-0.02564102564102555
2023-09-01,2.058,2.068,2.04,2.049,388520505,797102948,-0.0014619883040936088,2.0804,2.124566666666667,-0.012530120481927809
2023-09-04,2.058,2.069,2.038,2.067,679968051,1398673132,0.00878477306002945,2.0745,2.1245,-0.0019314340898116678
2023-09-05,2.06,2.069,2.055,2.057,435085200,896796270,-0.004837929366231397,2.0685000000000002,2.1240166666666664,-0.01390220517737295
2023-09-06,2.05,2.053,2.037,2.049,448124258,916192385,-0.003889158969372919,2.0622499999999997,2.12325,-0.021957040572792463
2023-09-07,2.043,2.043,2.003,2.003,625392618,1262214404,-0.022449975597852556,2.0532,2.1214500000000003,-0.05116058739933682
2023-09-08,2.0,2.005,1.987,1.998,469066896,936024552,-0.0024962556165751826,2.04665,2.11965,-0.05128205128205121
2023-09-11,2.0,2.025,1.99,2.011,584037929,1172438835,0.006506506506506637,2.04155,2.11685,-0.07709958696649821
2023-09-12,2.007,2.012,1.997,1.998,426593799,854262968,-0.006464445549477893,2.03665,2.11335,-0.09510869565217395
2023-09-13,1.995,2.002,1.964,1.974,734514100,1453391113,-0.012012012012012074,2.03125,2.1094666666666666,-0.10557317625736284
2023-09-14,1.969,1.974,1.952,1.96,705540431,1383425958,-0.007092198581560294,2.0245500000000005,2.1053,-0.1131221719457014
2023-09-15,1.962,1.972,1.946,1.954,896520762,1753078111,-0.003061224489795955,2.0189999999999997,2.101933333333333,-0.09369202226345086
2023-09-18,1.951,1.982,1.946,1.968,772908104,1521163681,0.007164790174001956,2.01565,2.0991833333333334,-0.07735583684950775
2023-09-19,1.966,1.967,1.945,1.952,688245182,1343148109,-0.008130081300813052,2.0113499999999997,2.0960833333333335,-0.0869971936389149
2023-09-20,1.947,1.952,1.935,1.936,549262359,1066751867,-0.008196721311475419,2.0088,2.0929166666666665,-0.08936970837253055
2023-09-21,1.93,1.94,1.917,1.917,559424890,1077187922,-0.009814049586776785,2.00395,2.089383333333333,-0.09957726632221697
2023-09-22,1.913,1.964,1.911,1.964,974501148,1892135675,0.024517475221700558,2.0026,2.08605,-0.09242144177449174
2023-09-25,1.955,1.963,1.949,1.953,476078192,930583695,-0.005600814663951015,1.9997500000000001,2.0824166666666666,-0.10041455550437572
2023-09-26,1.951,1.958,1.938,1.938,454845902,884715812,-0.007680491551459334,1.9933,2.0784833333333332,-0.10855565777368903
2023-09-27,1.935,1.977,1.935,1.956,791895321,1549533283,0.009287925696594534,1.9878,2.07515,-0.09276437847866426
2023-09-28,1.958,1.968,1.945,1.953,496048624,969167462,-0.0015337423312883347,1.9828500000000002,2.0720833333333335,-0.08610201216658864
2023-10-09,1.95,1.956,1.928,1.947,580112721,1125998597,-0.003072196620583667,1.97775,2.0692333333333335,-0.08073654390934837
2023-10-10,1.954,1.962,1.936,1.938,458517775,893269400,-0.0046224961479199855,1.9713,2.065783333333333,-0.09650349650349654
2023-10-11,1.945,1.969,1.945,1.954,578796016,1132965435,0.008255933952528327,1.96615,2.062333333333333,-0.0957889865802869
2023-10-12,1.969,1.971,1.951,1.968,509939716,1001556845,0.007164790174001956,1.9621,2.0594833333333336,-0.07994389901823273
2023-10-13,1.954,1.956,1.936,1.945,570836227,1110367167,-0.011686991869918617,1.9591999999999998,2.0555333333333334,-0.10861594867094404
2023-10-16,1.945,1.947,1.9,1.906,771927807,1479735212,-0.020051413881748137,1.9546,2.0511500000000003,-0.12125403411710467
2023-10-17,1.91,1.919,1.9,1.912,415257707,793332534,0.0031479538300105414,1.94965,2.04715,-0.11152416356877337
2023-10-18,1.906,1.906,1.885,1.887,578109825,1093760513,-0.013075313807531352,1.9441,2.0428166666666665,-0.12109920819748476
2023-10-19,1.878,1.887,1.864,1.867,717269767,1345516353,-0.010598834128245915,1.93875,2.0385166666666668,-0.12141176470588233
2023-10-20,1.86,1.874,1.845,1.85,734415500,1363194269,-0.00910551687198713,1.93325,2.0343,-0.12030432715168815
2023-10-23,1.845,1.845,1.806,1.815,951548155,1734577390,-0.018918918918918948,1.9263000000000001,2.029383333333333,-0.1398104265402843
2023-10-24,1.818,1.842,1.812,1.832,847443361,1548311385,0.009366391184573164,1.9195,2.0250833333333333,-0.12344497607655491
2023-10-25,1.844,1.848,1.814,1.815,904460724,1655296717,-0.00927947598253287,1.91265,2.0197333333333334,-0.1502808988764046
2023-10-26,1.802,1.83,1.793,1.829,846244015,1530249533,0.007713498622589521,1.9073,2.0146333333333333,-0.14332552693208422
2023-10-27,1.82,1.888,1.816,1.881,1323508741,2456974471,0.028430836522689962,1.9055,2.0105,-0.11648661343353683
2023-10-30,1.874,1.933,1.874,1.926,1482883041,2835314842,0.02392344497607657,1.9036000000000002,2.00655,-0.10957004160887651
2023-10-31,1.92,1.923,1.907,1.916,461418314,883490876,-0.005192107995846351,1.9017499999999998,2.0021166666666668,-0.12190650779101742
2023-11-01,1.921,1.923,1.899,1.908,435475245,831878499,-0.0041753653444676075,1.9002500000000002,1.9977833333333335,-0.11992619926199277
2023-11-02,1.912,1.922,1.889,1.89,481502647,916837552,-0.009433962264150941,1.89695,1.9932166666666664,-0.12661737523105376
2023-11-03,1.894,1.925,1.894,1.918,625522007,1196348050,0.014814814814814836,1.8951999999999998,1.9887333333333332,-0.12299954275262914
2023-11-06,1.93,1.982,1.93,1.981,1073307431,2108232238,0.03284671532846728,1.8969,1.9850166666666667,-0.10117967332123412
2023-11-07,1.974,1.98,1.96,1.967,694565756,1367621073,-0.007067137809187329,1.89835,1.9813833333333335,-0.09977116704805489
2023-11-08,1.964,1.983,1.957,1.971,696777573,1374036921,0.0020335536349771477,1.8991999999999998,1.9779499999999999,-0.09462563160312354
2023-11-09,1.968,1.983,1.961,1.967,576008578,1134900129,-0.0020294266869609334,1.8991500000000001,1.9745,-0.09521619135234582
2023-11-10,1.958,1.96,1.948,1.955,505557927,987856579,-0.006100660904931332,1.89965,1.9706833333333333,-0.10485347985347993
2023-11-13,1.965,1.97,1.945,1.958,508384042,994005985,0.001534526854219953,1.90225,1.9678333333333335,-0.08031939877876937
2023-11-14,1.957,1.973,1.943,1.953,599259509,1173304817,-0.0025536261491316825,1.9042999999999999,1.9651666666666665,-0.07572172266919064
2023-11-15,1.98,1.983,1.956,1.963,651342175,1282823009,0.005120327700972815,1.9081000000000004,1.96295,-0.06345419847328249
2023-11-16,1.961,1.962,1.925,1.925,742839749,1439596750,-0.019358125318390207,1.911,1.9603333333333335,-0.07540826128722378
2023-11-17,1.92,1.935,1.918,1.934,369854251,713018364,0.00467532467532461,1.9151999999999998,1.9576666666666667,-0.07640878701050613
2023-11-20,1.934,1.947,1.918,1.942,602010387,1162760021,0.004136504653567741,1.9215499999999999,1.9556166666666668,-0.059564164648910456
2023-11-21,1.949,1.962,1.928,1.931,759957242,1477950380,-0.005664263645726031,1.9265,1.9538833333333334,-0.05110565110565113
2023-11-22,1.923,1.93,1.899,1.899,773629987,1478989710,-0.016571724495080264,1.9307000000000003,1.951566666666667,-0.06820412168792922
2023-11-23,1.898,1.912,1.891,1.911,508292678,966151374,0.006319115323854652,1.9347999999999999,1.9503,-0.03824861600402618
2023-11-24,1.908,1.91,1.885,1.888,547588358,1036666689,-0.012035583464155009,1.9351500000000001,1.9482,-0.06256206554121146
2023-11-27,1.883,1.886,1.868,1.878,479283610,898970208,-0.005296610169491567,1.93275,1.9463166666666667,-0.05675539929683582
2023-11-28,1.874,1.89,1.87,1.89,404416755,760640146,0.006389776357827559,1.9314500000000003,1.9443166666666665,-0.05970149253731338
2023-11-29,1.886,1.888,1.867,1.867,450992537,846641825,-0.012169312169312163,1.9294,1.9409833333333333,-0.09675858732462517
2023-11-30,1.869,1.884,1.863,1.874,446459400,836239285,0.003749330476700674,1.9286,1.9377833333333332,-0.0929332042594384
2023-12-01,1.873,1.887,1.856,1.881,631200711,1181661362,0.003735325506937004,1.9267500000000002,1.9349333333333332,-0.08333333333333337
2023-12-04,1.878,1.88,1.858,1.858,656821120,1226999420,-0.01222753854332792,1.9205999999999999,1.93175,-0.0932162030258662
2023-12-05,1.854,1.857,1.822,1.823,733446934,1349960022,-0.018837459634015175,1.9134,1.9276833333333332,-0.11804547653604269
2023-12-06,1.818,1.85,1.816,1.834,535123528,983248292,0.006034009873834512,1.90655,1.9239666666666666,-0.1084103062712688
2023-12-07,1.828,1.841,1.817,1.829,502106061,917245049,-0.0027262813522356266,1.8996499999999998,1.9203000000000001,-0.10736944851146901
2023-12-08,1.831,1.848,1.823,1.843,491846206,903724816,0.007654455986878084,1.89405,1.9176333333333333,-0.07988017973040451
2023-12-11,1.836,1.872,1.819,1.868,967030082,1784431940,0.013564839934888884,1.8895500000000003,1.9154666666666667,-0.06506506506506504
2023-12-12,1.861,1.865,1.851,1.856,0,0,-0.0064239828693790635,1.8846999999999998,1.9128833333333333,-0.07707608155146695
2023-12-13,1.85,1.85,1.822,1.822,694101415,1272670980,-0.018318965517241437,1.8776499999999998,1.9099499999999998,-0.0880880880880881
2023-12-14,1.833,1.846,1.812,1.812,0,0,-0.005488474204171201,1.8719999999999999,1.9072500000000001,-0.08206686930091178
2023-12-15,1.82,1.83,1.795,1.802,0,0,-0.0055187637969095205,1.8654,1.9046166666666666,-0.08061224489795915
2023-12-18,1.792,1.799,1.767,1.773,663673250,1182987159,-0.016093229744728155,1.85695,1.9016,-0.09263050153531216
2023-12-19,1.771,1.791,1.767,1.781,663599408,1178902788,0.00451212633953757,1.8494499999999998,1.8984833333333335,-0.0950203252032521
2023-12-20,1.783,1.787,1.755,1.755,743595696,1314787691,-0.014598540145985384,1.84225,1.8952,-0.100922131147541
2023-12-21,1.749,1.794,1.747,1.787,965993397,1712190864,0.018233618233618243,1.8360500000000002,1.8927166666666664,-0.07696280991735538
2023-12-22,1.779,1.801,1.766,1.78,884137215,1576158511,-0.003917179630665846,1.8306499999999999,1.8904333333333332,-0.0714658320292123
2023-12-25,1.777,1.791,1.772,1.783,570330401,1015507699,0.0016853932584268705,1.8259,1.8874166666666665,-0.09215885947046842
2023-12-26,1.78,1.781,1.753,1.761,818580114,1442271690,-0.012338754907459393,1.8194499999999998,1.8842166666666669,-0.09831029185867901
2023-12-27,1.762,1.771,1.75,1.763,653687815,1150699720,0.0011357183418512218,1.81425,1.8813,-0.09029927760577916
2023-12-28,1.761,1.84,1.757,1.833,1588449099,2875816786,0.03970504821327281,1.8122,1.8792499999999999,-0.06288343558282206
2023-12-29,1.828,1.848,1.827,1.842,749327441,1378547224,0.004909983633387904,1.81025,1.8774,-0.056835637480798784
2024-01-02,1.842,1.842,1.806,1.806,708913360,1289636676,-0.019543973941368087,1.80765,1.87505,-0.07241910631741144
2024-01-03,1.802,1.809,1.778,1.787,788716184,1412240535,-0.010520487264673362,1.80585,1.8725333333333334,-0.07791537667698656
2024-01-04,1.783,1.786,1.748,1.754,1075385099,1892807411,-0.01846670397313932,1.8018500000000004,1.8692,-0.10235414534288634
2024-01-05,1.751,1.768,1.72,1.728,1180603065,2058616833,-0.014823261117445807,1.7968,1.8652,-0.12195121951219512
2024-01-08,1.724,1.734,1.698,1.699,1242198954,2127475777,-0.01678240740740733,1.7896,1.8611,-0.126478149100257
2024-01-09,1.702,1.729,1.691,1.706,1256151656,2143990455,0.0041200706297821466,1.7814999999999999,1.8577666666666666,-0.10493179433368305
2024-01-10,1.696,1.726,1.681,1.698,1106678416,1886530671,-0.004689331770222793,1.7736,1.8542,-0.11192468619246865
2024-01-11,1.694,1.744,1.694,1.732,1370393609,2359728392,0.020023557126030544,1.7691,1.851616666666667,-0.08214096449390573
2024-01-12,1.722,1.739,1.713,1.714,1012545700,1746324895,-0.010392609699769073,1.7642,1.8490666666666666,-0.08194965184788428
2024-01-15,1.702,1.72,1.692,1.698,851791011,1451523479,-0.009334889148191361,1.759,1.8465333333333334,-0.08216216216216221
2024-01-16,1.692,1.709,1.679,1.708,1284760475,2176231828,0.005889281507656108,1.7557500000000001,1.8447500000000001,-0.05895316804407713
2024-01-17,1.7,1.7,1.653,1.656,1265337918,2123585815,-0.030444964871194413,1.7495,1.8418166666666667,-0.0960698689956333
2024-01-18,1.643,1.69,1.635,1.683,1688088523,2794540413,0.01630434782608714,1.7459,1.8396166666666667,-0.07272727272727264
2024-01-19,1.675,1.697,1.669,1.669,1486453132,2498436774,-0.008318478906714222,1.7399999999999998,1.83695,-0.08747949699289226
2024-01-22,1.663,1.67,1.612,1.623,1302284360,2144565815,-0.02756141402037149,1.73215,1.83265,-0.1371610845295056
2024-01-23,1.62,1.656,1.612,1.642,1408814153,2311645671,0.011706715958102132,1.7250999999999999,1.8279166666666669,-0.14745586708203529
2024-01-24,1.65,1.657,1.599,1.65,1502149290,2449723396,0.004872107186357999,1.71955,1.8234833333333331,-0.13883089770354906
2024-01-25,1.641,1.676,1.628,1.675,1785198899,2958236063,0.015151515151515138,1.7151500000000002,1.8195999999999999,-0.1221174004192872
2024-01-26,1.665,1.67,1.633,1.637,1396533540,2307114646,-0.02268656716417916,1.70535,1.8153833333333333,-0.1338624338624338
2024-01-29,1.638,1.643,1.58,1.58,1686528696,2705441121,-0.03481979230299326,1.69225,1.80975,-0.1762252346193951
2024-01-30,1.57,1.589,1.541,1.544,1595555816,2493371607,-0.02278481012658229,1.67915,1.8024666666666669,-0.22059565875820297
2024-01-31,1.544,1.56,1.53,1.533,1866133206,2884546066,-0.007124352331606243,1.66645,1.7952333333333335,-0.22064056939501786
2024-02-01,1.527,1.574,1.522,1.548,1981325768,3070980292,0.009784735812133238,1.6561499999999998,1.7881833333333332,-0.21461187214611877
2024-02-02,1.546,1.554,1.471,1.508,2553627718,3868328779,-0.025839793281653756,1.64515,1.7805333333333335,-0.23335027961362487
2024-02-05,1.491,1.56,1.444,1.527,6284794220,9548912111,0.012599469496021198,1.6365500000000002,1.7734,-0.21892583120204612
2024-02-06,1.508,1.624,1.502,1.623,3688075091,5835093267,0.06286836935167006,1.6324,1.7678166666666664,-0.1710929519918284
2024-02-07,1.622,1.666,1.614,1.66,4361891060,7203702866,0.022797288971041274,1.6305,1.7629333333333335,-0.15002560163850498
2024-02-08,1.67,1.718,1.669,1.681,2560367620,4328895568,0.012650602409638667,1.6279500000000002,1.7582333333333333,-0.14365766683647474
2024-02-19,1.704,1.707,1.675,1.697,2281919883,3851174614,0.009518143961927406,1.6271,1.7544333333333335,-0.11844155844155846
2024-02-20,1.688,1.701,1.676,1.696,1332943721,2253230303,-0.0005892751915145267,1.627,1.7504666666666668,-0.12306101344364018
2024-02-21,1.681,1.736,1.676,1.703,1237167433,2116292414,0.004127358490566113,1.6267500000000001,1.7464833333333334,-0.12306900102986607
2024-02-22,1.7,1.714,1.694,1.71,960793958,1636373905,0.004110393423370384,1.6294499999999998,1.7428,-0.11444847229414812
2024-02-23,1.717,1.719,1.695,1.709,839875547,1432116125,-0.0005847953216373547,1.6307499999999997,1.7396333333333334,-0.10005265929436546
2024-02-26,1.706,1.72,1.69,1.704,1231141476,2098414308,-0.0029256875365711865,1.6324999999999998,1.7361833333333332,-0.10832025117739408
2024-02-27,1.696,1.746,1.694,1.746,1214852778,2089515169,0.02464788732394374,1.6386500000000002,1.7338166666666668,-0.07521186440677963
2024-02-28,1.749,1.78,1.701,1.701,1864987538,3255806446,-0.025773195876288568,1.6416,1.7308666666666668,-0.09424920127795522
2024-02-29,1.696,1.762,1.693,1.761,1424778162,2471440725,0.03527336860670194,1.64715,1.7287166666666667,-0.06825396825396823
2024-03-01,1.757,1.781,1.746,1.775,1288194720,2273286642,0.007950028392958552,1.65215,1.7271833333333333,-0.04927691483663632
2024-03-04,1.773,1.796,1.767,1.783,962685627,1715526745,0.004507042253521165,1.65945,1.7256666666666667,-0.048559231590181495
2024-03-05,1.771,1.794,1.765,1.78,3446431998,6145635732,-0.0016825574873807758,1.6694499999999999,1.7239833333333334,-0.05369484316852735
2024-03-06,1.773,1.805,1.761,1.782,1500724206,2665126136,0.0011235955056179137,1.6813499999999997,1.7227166666666667,-0.04090419806243273
2024-03-07,1.779,1.788,1.74,1.742,1219475363,2142139665,-0.02244668911335579,1.6918,1.721366666666667,-0.044432254525507364
2024-03-08,1.745,1.763,1.73,1.756,822748925,1438428485,0.008036739380022917,1.7022000000000002,1.7200666666666669,-0.0425299890948746
2024-03-11,1.76,1.84,1.76,1.84,2012724290,3627820399,0.04783599088838275,1.7187999999999999,1.7202499999999998,0.006014215418261415
2024-03-12,1.845,1.863,1.832,1.851,1113893870,2058508902,0.0059782608695651,1.7349999999999999,1.7203833333333334,0.0043407487791644606
2024-03-13,1.854,1.859,1.838,1.841,893689364,1650375298,-0.0054024851431658805,1.7459,1.7199333333333333,-0.014453961456102893
2024-03-14,1.841,1.86,1.818,1.832,827895132,1520527764,-0.004888647474198704,1.7544999999999997,1.7195333333333334,-0.012931034482758674
2024-03-15,1.825,1.836,1.796,1.833,1076474699,1953112039,0.0005458515283842669,1.7620999999999998,1.7197166666666666,0.006037321624588365
2024-03-18,1.85,1.875,1.848,1.875,1421189585,2643711004,0.022913256955810146,1.7709999999999997,1.7207666666666666,0.0347682119205297
2024-03-19,1.87,1.873,1.852,1.853,790305384,1474010254,-0.011733333333333373,1.7788499999999998,1.7216166666666666,0.028301886792452713
2024-03-20,1.848,1.862,1.844,1.856,617123607,1143969188,0.001618996222342295,1.7864999999999998,1.7229999999999999,0.04681331077270179
2024-03-21,1.86,1.868,1.844,1.846,710884938,1316880020,-0.0053879310344827624,1.7933,1.7240833333333332,0.03649635036496357
2024-03-22,1.843,1.844,1.808,1.817,1066712085,1943555229,-0.015709642470205898,1.7986999999999997,1.7251166666666664,0.035327635327635276
2024-03-25,1.809,1.819,1.781,1.781,1158324590,2087959021,-0.019812878370941145,1.80255,1.7250166666666666,-0.003357582540570836
2024-03-26,1.782,1.805,1.777,1.792,1014158890,1815893657,0.006176305446378594,1.8048499999999996,1.7252166666666668,0.006741573033707926
2024-03-27,1.787,1.788,1.741,1.742,759903151,1339840544,-0.0279017857142857,1.8069,1.7245333333333335,-0.022994952327537788
2024-03-28,1.74,1.778,1.738,1.758,739077416,1300045015,0.009184845005740572,1.8067499999999999,1.7244833333333331,-0.0017035775127767216
2024-03-29,1.756,1.773,1.75,1.768,598869727,1055046937,0.005688282138794021,1.8064,1.7245666666666668,0.0028360748723768037
2024-04-01,1.78,1.822,1.78,1.822,883013533,1596048945,0.03054298642533948,1.8083500000000001,1.7243833333333334,-0.006001091107474044
2024-04-02,1.822,1.822,1.801,1.808,640194903,1158298115,-0.007683863885839748,1.80975,1.7238166666666668,-0.018458197611292082
2024-04-03,1.804,1.804,1.789,1.79,460926972,827315040,-0.009955752212389424,1.8101500000000001,1.72355,-0.008859357696566983
2024-04-08,1.785,1.789,1.756,1.758,539691331,955289219,-0.01787709497206702,1.81095,1.7230666666666667,-0.016228315612758726
2024-04-09,1.759,1.778,1.752,1.777,486469617,859278565,0.010807736063708662,1.812,1.72345,0.013112884834663552
2024-04-10,1.774,1.774,1.731,1.739,900005281,1569964687,-0.021384355655599263,1.80695,1.7236333333333334,0.006365740740740922
2024-04-11,1.725,1.752,1.725,1.731,724619007,1258500432,-0.004600345025876917,1.8009500000000003,1.7241666666666666,0.018834608593290225
2024-04-12,1.73,1.74,1.711,1.713,725132373,1249364654,-0.010398613518197597,1.7945500000000003,1.7242833333333334,0.004103165298944944
2024-04-15,1.712,1.757,1.712,1.746,1135792622,1979130289,0.01926444833625207,1.79025,1.7250833333333333,0.028268551236749095
2024-04-16,1.74,1.742,1.709,1.713,756146236,1303733280,-0.018900343642611617,1.7842500000000001,1.7247666666666666,-0.010969976905311762
2024-04-17,1.718,1.748,1.718,1.747,631105956,1094935987,0.019848219497956787,1.7778500000000002,1.7253166666666666,0.019253208868144744
2024-04-18,1.739,1.759,1.717,1.738,723180629,1258117106,-0.005151688609044136,1.7721,1.7259833333333332,0.02355712603062421
2024-04-19,1.725,1.728,1.692,1.705,843747450,1441227373,-0.01898734177215189,1.7645500000000003,1.7259333333333335,-0.0017564402810303914
2024-04-22,1.695,1.718,1.687,1.703,511959306,872464902,-0.001173020527859281,1.7574,1.7267166666666667,0.02838164251207731
2024-04-23,1.708,1.716,1.693,1.705,477287894,813383061,0.0011743981209630938,1.7518,1.7270833333333333,0.013071895424836555
2024-04-24,1.709,1.72,1.696,1.719,544465144,930652228,0.008211143695014744,1.7487,1.7279166666666665,0.029958058717795222
2024-04-25,1.71,1.73,1.7,1.716,591638977,1015097836,-0.0017452006980803736,1.7449000000000001,1.7294666666666667,0.0573012939001849
2024-04-26,1.717,1.777,1.717,1.774,1045562882,1835092513,0.03379953379953382,1.7465,1.7316666666666665,0.08038976857490865
2024-04-29,1.78,1.854,1.78,1.837,1233080828,2249887447,0.03551296505073287,1.75045,1.7347833333333333,0.11333333333333329
2024-04-30,1.837,1.837,1.816,1.816,715833999,1307150517,-0.011431682090364714,1.75285,1.7371333333333334,0.0841791044776119
2024-05-06,1.852,1.863,1.846,1.853,869089056,1611906606,0.020374449339207068,1.7544,1.7407333333333335,0.13194868662186932
2024-05-07,1.851,1.857,1.844,1.85,555116244,1027079885,-0.0016189962223420729,1.7565000000000002,1.7452333333333336,0.1708860759493671
2024-05-08,1.847,1.847,1.82,1.821,592679800,1083975323,-0.015675675675675738,1.7580500000000001,1.74985,0.17940414507772018
2024-05-09,1.828,1.86,1.828,1.856,759364800,1404404804,0.019220208676551387,1.76295,1.7552333333333332,0.21069797782126565
2024-05-10,1.858,1.859,1.829,1.84,634573290,1166185264,-0.008620689655172376,1.7660999999999998,1.7601000000000002,0.18863049095607232
2024-05-13,1.819,1.835,1.808,1.817,550642700,1003162016,-0.012500000000000067,1.77,1.7652499999999998,0.2049071618037135
2024-05-14,1.821,1.831,1.809,1.813,513724454,933390406,-0.0022014309301046087,1.7741,1.7700166666666666,0.1872953503601833
2024-05-15,1.814,1.823,1.795,1.797,639722365,1155215878,-0.008825151682294585,1.7782999999999998,1.7729166666666667,0.10720887245841038
2024-05-16,1.806,1.819,1.794,1.801,659468880,1191189941,0.0022259321090707385,1.78105,1.7752666666666665,0.0849397590361447
2024-05-17,1.795,1.825,1.791,1.824,708980647,1282770696,0.01277068295391448,1.7866,1.77765,0.08506841165972645
2024-05-20,1.828,1.844,1.823,1.831,823089781,1508793859,0.003837719298245501,1.7908000000000002,1.7798833333333333,0.07896287566293458
2024-05-21,1.826,1.831,1.813,1.818,450842056,820583253,-0.007099945385035444,1.7948,1.7819166666666666,0.07193396226415105
2024-05-22,1.819,1.842,1.814,1.839,743467414,1358050289,0.011551155115511413,1.8014999999999997,1.7841833333333332,0.07985907222548438
2024-05-23,1.837,1.837,1.807,1.811,659988869,1199542616,-0.015225666122892889,1.8069,1.7858666666666667,0.05906432748538015
2024-05-24,1.804,1.821,1.778,1.781,682831899,1226193737,-0.01656543346217565,1.8107000000000002,1.7870666666666668,0.042129900526623576
2024-05-27,1.784,1.793,1.762,1.792,621923869,1104233033,0.006176305446378594,1.81435,1.7885333333333333,0.05164319248826299
2024-05-28,1.784,1.789,1.766,1.769,423728843,752314720,-0.012834821428571508,1.8170000000000002,1.7889166666666665,0.013172966781214157
2024-05-29,1.768,1.793,1.765,1.772,681760700,1212774232,0.0016958733747880483,1.8169,1.7901,0.04174015285126398
2024-05-30,1.772,1.783,1.767,1.777,457519100,811975922,0.0028216704288939187,1.8139000000000003,1.7903666666666669,0.009085746734809774
2024-05-31,1.781,1.794,1.77,1.772,519931443,926361099,-0.002813731007315634,1.8117,1.7903166666666666,-0.0016901408450703537
2024-06-03,1.769,1.786,1.764,1.782,553437146,983357009,0.0056433408577878375,1.80815,1.7902999999999998,-0.0005608524957935179
2024-06-04,1.778,1.812,1.777,1.806,745020494,1338179961,0.013468013468013407,1.80595,1.7907333333333333,0.014606741573033766
2024-06-05,1.805,1.821,1.796,1.796,529841662,958489684,-0.0055370985603543366,1.8047,1.7909666666666666,0.007856341189674598
2024-06-06,1.804,1.808,1.778,1.785,657750919,1180252982,-0.006124721603563588,1.8011499999999998,1.791683333333333,0.02468427095292758
2024-06-07,1.784,1.786,1.729,1.748,1001784458,1757294815,-0.020728291316526537,1.7965500000000003,1.79155,-0.004555808656036442
2024-06-11,1.735,1.757,1.727,1.752,603465510,1050263763,0.0022883295194509046,1.7933,1.7900833333333332,-0.047826086956521796
2024-06-12,1.746,1.754,1.742,1.743,394380200,689179252,-0.005136986301369828,1.7898,1.7882833333333334,-0.05834683954619113
2024-06-13,1.752,1.766,1.741,1.742,724504200,1267620108,-0.0005737234652898326,1.78705,1.7866333333333333,-0.053775122216186855
2024-06-14,1.745,1.762,1.726,1.756,648735541,1130929527,0.008036739380022917,1.7848,1.7853666666666668,-0.04148471615720528
2024-06-17,1.746,1.775,1.743,1.768,608888400,1074684610,0.006833712984054774,1.782,1.7842833333333334,-0.03546099290780136
2024-06-18,1.769,1.785,1.766,1.776,492435065,874882847,0.004524886877828038,1.77925,1.7826333333333335,-0.05279999999999996
2024-06-19,1.781,1.783,1.752,1.753,630364710,1108481830,-0.012950450450450512,1.7760000000000002,1.7809666666666668,-0.05396654074473828
2024-06-20,1.75,1.758,1.727,1.728,594462010,1033472874,-0.01426126640045633,1.7704500000000003,1.7788333333333335,-0.06896551724137934
2024-06-21,1.725,1.729,1.709,1.723,606289500,1042667756,-0.0028935185185184897,1.7660500000000003,1.7767833333333334,-0.06663055254604555
2024-06-24,1.711,1.721,1.693,1.696,735995842,1256397082,-0.015670342426001294,1.7617999999999998,1.7747666666666668,-0.06659328563566314
2024-06-25,1.694,1.698,1.657,1.666,888854570,1489330687,-0.017688679245283057,1.7555,1.7728499999999998,-0.06457046603032002
2024-06-26,1.665,1.7,1.662,1.699,766865883,1288964862,0.019807923169267827,1.752,1.7713,-0.0518973214285714
2024-06-27,1.689,1.689,1.669,1.67,721433264,1209479321,-0.017068864037669274,1.7468999999999997,1.7700999999999998,-0.04133180252583246
2024-06-28,1.665,1.688,1.647,1.652,756079060,1261766761,-0.010778443113772518,1.7406499999999998,1.7683333333333333,-0.060295790671217375
2024-07-01,1.648,1.658,1.621,1.65,868099709,1421609503,-0.001210653753026647,1.7345499999999998,1.7663666666666666,-0.0667420814479639
2024-07-02,1.643,1.652,1.627,1.633,692631751,1134882672,-0.010303030303030258,1.7271,1.7632166666666664,-0.10373216245883643
2024-07-03,1.633,1.645,1.616,1.629,741643774,1208017830,-0.0024494794856093627,1.7182499999999998,1.7602333333333333,-0.09900442477876104
2024-07-04,1.633,1.643,1.615,1.616,716873865,1165540300,-0.007980356046654369,1.7092499999999997,1.7573333333333332,-0.09720670391061448
2024-07-05,1.615,1.63,1.601,1.623,813820537,1313878496,0.004331683168316669,1.7011500000000002,1.7550833333333336,-0.07679180887372017
2024-07-08,1.615,1.62,1.592,1.596,793613042,1273747612,-0.01663585951940849,1.6935499999999997,1.7520666666666667,-0.10185706246482829
2024-07-09,1.594,1.629,1.584,1.62,1100880992,1768440724,0.015037593984962516,1.6869500000000002,1.7500833333333332,-0.06843013225991945
2024-07-10,1.609,1.636,1.608,1.618,776889000,1262057167,-0.0012345679012345512,1.6806999999999999,1.7482,-0.06528018486424036
2024-07-11,1.64,1.664,1.627,1.654,965745652,1590536255,0.02224969097651419,1.6763,1.7472166666666666,-0.03444249854057224
2024-07-12,1.648,1.661,1.64,1.653,833284352,1376375909,-0.0006045949214026347,1.6711500000000001,1.7456666666666665,-0.053264604810996596
2024-07-15,1.644,1.648,1.633,1.64,791256244,1297951100,-0.007864488808227543,1.6647500000000002,1.74445,-0.04261529480443671
2024-07-16,1.638,1.665,1.637,1.664,875855545,1448026916,0.014634146341463428,1.65915,1.7430666666666668,-0.047510017172295416
2024-07-17,1.66,1.674,1.653,1.663,783429981,1303083813,-0.0006009615384614531,1.6546499999999997,1.7418166666666666,-0.043153049482163364
2024-07-18,1.653,1.687,1.649,1.686,2080696228,3469057541,0.013830426939266394,1.6525500000000002,1.7414999999999998,-0.011143695014662836
2024-07-19,1.673,1.699,1.672,1.692,1470068545,2486560315,0.003558718861210064,1.6510000000000002,1.7413166666666666,-0.006459189665296572
2024-07-22,1.693,1.702,1.679,1.693,772695673,1307253171,0.0005910165484634966,1.6508500000000002,1.7411166666666669,-0.007038123167155463
2024-07-23,1.691,1.691,1.639,1.64,760674858,1262944817,-0.031305375073833575,1.64955,1.7397999999999998,-0.045956951716114136
2024-07-24,1.634,1.651,1.614,1.619,671540405,1095298510,-0.012804878048780388,1.64555,1.7381833333333332,-0.05652680652680653
2024-07-25,1.61,1.627,1.607,1.614,564990756,912831629,-0.0030883261272389717,1.64275,1.7355166666666666,-0.09019165727170231
2024-07-26,1.617,1.638,1.615,1.627,750258059,1220285927,0.008054522924411334,1.6415,1.7320166666666668,-0.11431682090364725
2024-07-29,1.622,1.623,1.603,1.604,572442768,920370352,-0.0141364474492931,1.6392,1.7284833333333334,-0.11674008810572689
2024-07-30,1.6,1.607,1.591,1.601,610603538,975027426,-0.0018703241895262623,1.6376000000000002,1.7242833333333334,-0.13599568267674045
2024-07-31,1.594,1.658,1.592,1.658,1432051900,2339588940,0.03560274828232357,1.63905,1.7210833333333333,-0.10378378378378383
2024-08-01,1.659,1.663,1.631,1.636,903043900,1484320327,-0.013268998793727449,1.64005,1.718,-0.10159253157605719
2024-08-02,1.621,1.639,1.604,1.609,1119024276,1810881106,-0.016503667481662543,1.6393499999999999,1.7138833333333332,-0.1330818965517242
2024-08-05,1.592,1.625,1.576,1.576,1257983773,2010902184,-0.02050963331261646,1.6383499999999998,1.7094833333333335,-0.14347826086956517
2024-08-06,1.594,1.607,1.581,1.597,893255174,1423912521,0.013324873096446588,1.6372,1.7058166666666668,-0.12107870115575126
2024-08-07,1.593,1.601,1.587,1.589,688750762,1098120312,-0.0050093926111458575,1.6357499999999998,1.7020833333333334,-0.12355212355212353
2024-08-08,1.582,1.599,1.568,1.582,893844578,1413969052,-0.004405286343612258,1.63215,1.6985000000000001,-0.11964385086254858
2024-08-09,1.59,1.598,1.566,1.566,819608200,1294422206,-0.010113780025284513,1.6278,1.6945833333333333,-0.13048306496390882
2024-08-12,1.566,1.572,1.558,1.563,646270400,1011415437,-0.0019157088122606636,1.62395,1.6902333333333333,-0.14309210526315796
2024-08-13,1.562,1.578,1.558,1.578,763605725,1195477104,0.009596928982725572,1.61965,1.6860166666666667,-0.13817586018569084
2024-08-14,1.575,1.576,1.554,1.555,879850384,1373900548,-0.014575411913815062,1.6142500000000002,1.6816333333333335,-0.14466446644664477
2024-08-15,1.551,1.579,1.55,1.565,1380274479,2158889979,0.006430868167202508,1.6082,1.677066666666667,-0.14899401848830884
2024-08-16,1.564,1.573,1.558,1.561,655459444,1025138603,-0.002555910543130979,1.60165,1.6728999999999998,-0.13804527885146334
2024-08-19,1.56,1.577,1.557,1.559,794377400,1244095195,-0.0012812299807815064,1.59495,1.6691999999999998,-0.12464907355418309
2024-08-20,1.561,1.562,1.536,1.539,936758543,1447293515,-0.012828736369467575,1.5898999999999999,1.6649833333333333,-0.1411830357142858
2024-08-21,1.532,1.543,1.527,1.529,734193701,1125584865,-0.00649772579597141,1.5854,1.6609833333333335,-0.1356698699830413
2024-08-22,1.53,1.534,1.515,1.516,855591700,1301647485,-0.008502289077828573,1.5805,1.6567166666666666,-0.1444695259593679
2024-08-23,1.512,1.526,1.509,1.517,1209725805,1835561828,0.0006596306068600288,1.575,1.652383333333333,-0.14631401238041641
2024-08-26,1.517,1.528,1.511,1.515,705268982,1070720953,-0.0013183915622939635,1.5705500000000001,1.6481,-0.14503386004514685
2024-08-27,1.511,1.512,1.497,1.5,795111890,1194899266,-0.009900990099009799,1.5655,1.6434,-0.1582491582491583
2024-08-28,1.499,1.505,1.494,1.501,788319730,1182047815,0.0006666666666665932,1.55765,1.6383166666666666,-0.16888150609080854
2024-08-29,1.488,1.522,1.484,1.513,1840128965,2770964892,0.00799467021985345,1.5515,1.6336000000000002,-0.15757238307349675
2024-08-30,1.511,1.571,1.511,1.552,2067004415,3199131567,0.025776602775941848,1.5486499999999999,1.6297166666666667,-0.13053221288515404
2024-09-02,1.547,1.552,1.506,1.507,1586730030,2416710682,-0.02899484536082486,1.5452,1.6257,-0.13787185354691078
2024-09-03,1.504,1.532,1.503,1.525,1101524700,1675797248,0.011944260119442607,1.5416,1.6219166666666667,-0.12956621004566216
2024-09-04,1.512,1.54,1.51,1.525,978509626,1492736476,0.0,1.5383999999999998,1.6182833333333333,-0.1250717154331613
2024-09-05,1.525,1.546,1.524,1.536,862451200,1323868192,0.00721311475409836,1.5360999999999998,1.6148500000000001,-0.11825487944890922
2024-09-06,1.535,1.538,1.508,1.508,989684600,1503394565,-0.01822916666666663,1.5332,1.6107166666666666,-0.1412300683371298
2024-09-09,1.5,1.519,1.498,1.513,1813528856,2736028699,0.003315649867373871,1.5307,1.6064666666666667,-0.14423076923076927
2024-09-10,1.514,1.524,1.495,1.512,1541258816,2323816829,-0.0006609385327164263,1.5274,1.6020666666666665,-0.14864864864864868
2024-09-11,1.51,1.534,1.507,1.528,1435229316,2187736486,0.010582010582010692,1.5260500000000001,1.5983166666666664,-0.1283513976041072
2024-09-12,1.536,1.549,1.521,1.525,1261776253,1936399815,-0.0019633507853403787,1.52405,1.5949333333333333,-0.11747685185185186
2024-09-13,1.525,1.528,1.508,1.509,878423707,1332460552,-0.010491803278688483,1.52145,1.5913666666666666,-0.1242019733023797
2024-09-18,1.505,1.513,1.494,1.504,965714800,1451166498,-0.003313452617627499,1.5187,1.5881666666666667,-0.1132075471698113
2024-09-19,1.511,1.537,1.492,1.519,1839423710,2789678359,0.009973404255319007,1.5177,1.5857166666666667,-0.08823529411764708
2024-09-20,1.516,1.517,1.498,1.508,2092058400,3150914900,-0.007241606319947302,1.5166499999999998,1.5825333333333333,-0.11241907004120077
2024-09-23,1.507,1.52,1.5,1.501,1303535933,1967069134,-0.004641909814323664,1.5158999999999998,1.5797166666666667,-0.10119760479041917
2024-09-24,1.515,1.588,1.504,1.587,3337729544,5158211997,0.057295136575616246,1.5193999999999999,1.5786333333333333,-0.03934624697336564
2024-09-25,1.621,1.649,1.609,1.61,2673008266,4346647262,0.01449275362318847,1.52415,1.5779666666666665,-0.024242424242424176
2024-09-26,1.604,1.686,1.595,1.686,2844215463,4662498812,0.0472049689440992,1.5334499999999998,1.57885,0.03245560318432328
2024-09-27,1.713,1.89,1.713,1.86,5612598482,10096030847,0.10320284697508897,1.5514000000000001,1.5827,0.14180478821362796
2024-09-30,2.0,2.232,1.928,2.232,6977214473,14533319604,0.19999999999999996,1.58735,1.5929666666666666,0.3811881188118813
2024-10-08,2.678,2.678,2.29,2.678,18567726532,47486377734,0.19982078853046592,1.6436499999999998,1.61055,0.650030807147258
2024-10-09,2.41,2.478,2.238,2.242,16461881315,38584923665,-0.16280806572068707,1.6804,1.6213166666666667,0.40476190476190466
2024-10-10,2.241,2.297,2.137,2.174,8062551631,17811734056,-0.030330062444246186,1.71285,1.63055,0.34197530864197523
2024-10-11,2.134,2.152,2.026,2.06,7299528756,15183685405,-0.05243790248390057,1.7396,1.6379166666666667,0.27317676143386893
2024-10-14,2.078,2.124,2.022,2.116,5700479873,11851253262,0.027184466019417597,1.7686,1.6456166666666665,0.2793228536880292
2024-10-15,2.094,2.135,2.045,2.045,4378476181,9145503484,-0.03355387523629494,1.79545,1.65215,0.23714458560193585
2024-10-16,2.001,2.044,1.989,2.0,3815133051,7664940633,-0.022004889975550057,1.8198,1.65815,0.2195121951219512
2024-10-17,2.019,2.042,1.993,1.995,3136105541,6333780718,-0.0024999999999999467,1.84395,1.6636666666666668,0.19891826923076938
2024-10-18,1.986,2.256,1.986,2.156,8169588546,17246253907,0.08070175438596494,1.8753499999999999,1.6718833333333334,0.29645219482862295
2024-10-21,2.162,2.225,2.139,2.167,5290536333,11510502663,0.005102040816326481,1.90745,1.6799,0.28529062870699873
2024-10-22,2.158,2.186,2.139,2.175,2731476861,5911593010,0.00369173973234882,1.94075,1.68795,0.28546099290780136
2024-10-23,2.166,2.211,2.145,2.162,3045440403,6623460718,-0.005977011494252782,1.97365,1.6957666666666666,0.27702303603071465
2024-10-24,2.149,2.161,2.126,2.132,1999647292,4281073037,-0.013876040703052595,2.0042999999999997,1.7039666666666666,0.30000000000000004
2024-10-25,2.147,2.236,2.138,2.196,4185661608,9158136092,0.030018761726078758,2.0387,1.7135833333333335,0.35639283508338493
2024-10-28,2.193,2.193,2.158,2.188,2035712102,4432947301,-0.0036429872495445936,2.07305,1.72315,0.355638166047088
2024-10-29,2.191,2.198,2.133,2.135,2679460409,5783642894,-0.024223034734917936,2.10045,1.7316166666666666,0.31223110018438827
2024-10-30,2.119,2.138,2.086,2.111,2306501650,4870460597,-0.01124121779859466,2.1255,1.7400666666666667,0.31608478802992535
2024-10-31,2.105,2.164,2.09,2.122,3127668969,6665871258,0.005210800568450802,2.1473,1.74875,0.325421611492817
2024-11-01,2.104,2.125,2.08,2.084,0,0,-0.01790763430725717,2.1585,1.75585,0.25693606755126663
2024-11-04,2.081,2.146,2.08,2.145,2083738600,4424060318,0.02927063339731273,2.1541500000000005,1.7643333333333333,0.31112469437652823
2024-11-05,2.144,2.258,2.13,2.249,5248183767,11653247663,0.048484848484848575,2.1327,1.775,0.39776258545680565
2024-11-06,2.249,2.316,2.202,2.223,4598609726,10389830350,-0.011560693641618602,2.13175,1.7857833333333333,0.41053299492385764
2024-11-07,2.202,2.306,2.198,2.306,3602781575,8123542737,0.0373369320737742,2.13835,1.7975999999999999,0.44395742016280537
2024-11-08,2.355,2.365,2.274,2.282,3498492991,8113596733,-0.010407632263660038,2.14945,1.80915,0.4361233480176212
2024-11-11,2.25,2.35,2.249,2.349,3186116488,7362300484,0.02936021034180558,2.1611000000000002,1.8219333333333332,0.4848293299620734
2024-11-12,2.365,2.402,2.316,2.345,3223053432,7623609143,-0.001702852277564948,2.1761,1.8349166666666668,0.49744572158365274
2024-11-13,2.325,2.381,2.3,2.372,2853985135,6672901458,0.011513859275053218,2.1947,1.8484,0.5175943698016634
2024-11-14,2.37,2.372,2.285,2.288,2166119864,5043001876,-0.03541315345699836,2.2093499999999997,1.8602333333333334,0.44993662864385287
2024-11-15,2.276,2.294,2.201,2.204,2724669211,6126017644,-0.03671328671328655,2.21175,1.8710499999999999,0.41736334405144704
2024-11-18,2.205,2.219,2.132,2.149,2860946863,6207444237,-0.02495462794918335,2.2108499999999998,1.8807833333333333,0.37316293929712474
2024-11-19,2.155,2.219,2.132,2.215,3152990214,6860088378,0.030711959050721216,2.2128500000000004,1.8916833333333334,0.4189622037155669
2024-11-20,2.201,2.24,2.195,2.223,2395697876,5309861882,0.0036117381489841893,2.2159,1.9027500000000002,0.42591404746632455
2024-11-21,2.213,2.237,2.206,2.223,1552623895,3449564223,0.0,2.22045,1.91415,0.4444444444444444
2024-11-22,2.218,2.226,2.133,2.136,2025684308,4419031313,-0.039136302294196956,2.2174500000000004,1.9242666666666666,0.39699149771092235
2024-11-25,2.14,2.151,2.1,2.132,1994601712,4239346267,-0.0018726591760299671,2.21465,1.9345333333333334,0.4063324538258575
2024-11-26,2.122,2.146,2.107,2.109,1388130768,2950218247,-0.010787992495309595,2.21335,1.9444000000000001,0.3902439024390245
2024-11-27,2.1,2.167,2.079,2.165,2381260478,5063215465,0.02655286865813178,2.21605,1.9552333333333334,0.42904290429042913
2024-11-28,2.162,2.165,2.124,2.128,1581214159,3390963014,-0.017090069284064646,2.21635,1.9657000000000002,0.41866666666666674
2024-11-29,2.122,2.221,2.12,2.179,3069830207,6686251148,0.02396616541353369,2.2211,1.977,0.45169886742171883
2024-12-02,2.172,2.218,2.166,2.211,2074856913,4569798100,0.014685635612666337,2.2244,1.9886333333333333,0.46133509583608734
2024-12-03,2.211,2.219,2.182,2.198,1591681412,3502377944,-0.005879692446856599,2.2218500000000003,1.9994,0.4162371134020617
2024-12-04,2.195,2.203,2.161,2.17,1408311822,3072274746,-0.01273885350318471,2.2192,2.01045,0.4399469143994692
2024-12-05,2.167,2.195,2.163,2.177,1088127980,2370569445,0.003225806451612856,2.2127499999999998,2.021316666666667,0.42754098360655757
2024-12-06,2.18,2.247,2.17,2.224,2590327932,5742016666,0.021589343132751626,2.2098500000000003,2.0329666666666664,0.4583606557377051
2024-12-09,2.219,2.23,2.185,2.206,1491824413,3292494593,-0.008093525179856176,2.2027,2.0441333333333334,0.4361979166666665
2024-12-10,2.32,2.32,2.214,2.221,3532884251,7987491172,0.006799637352674637,2.1965,2.056016666666667,0.4728116710875332
2024-12-11,2.215,2.235,2.209,2.218,1440691244,3197772570,-0.0013507429085998224,2.1887999999999996,2.0677666666666665,0.46596166556510243
2024-12-12,2.217,2.258,2.212,2.248,1910954845,4274890548,0.01352569882777277,2.1868000000000003,2.080033333333333,0.48677248677248697
2024-12-13,2.231,2.233,2.19,2.193,1780555011,3936277775,-0.02446619217081858,2.1862500000000002,2.0911166666666667,0.4352094240837696
2024-12-16,2.19,2.192,2.148,2.158,1255253661,2716261843,-0.015959872321021473,2.1867,2.1016666666666666,0.41508196721311474
2024-12-17,2.156,2.189,2.153,2.159,1695995491,3681413047,0.0004633920296570615,2.1839,2.1125,0.4307488402915838
2024-12-18,2.167,2.173,2.15,2.158,1073433814,2318259676,-0.0004631773969430153,2.18065,2.1233999999999997,0.43484042553191493
2024-12-19,2.137,2.178,2.132,2.171,1448207591,3123320233,0.0060240963855420215,2.17805,2.134266666666667,0.42922975641869643
2024-12-20,2.166,2.19,2.157,2.169,1255558193,2726937858,-0.0009212344541684736,2.1796999999999995,2.145283333333333,0.43832891246684347
2024-12-23,2.163,2.18,2.142,2.147,1300841400,2810536450,-0.01014292300599362,2.18045,2.15605,0.4303797468354431
2024-12-24,2.148,2.172,2.143,2.17,1558187982,3361542138,0.010712622263623794,2.1834999999999996,2.165766666666667,0.36735979836168875
2024-12-25,2.173,2.175,2.144,2.156,1159452844,2502557662,-0.006451612903225712,2.18305,2.1748666666666665,0.33913043478260874
2024-12-26,2.16,2.176,2.152,2.166,1065508375,2309054269,0.004638218923933124,2.1849499999999997,2.182866666666667,0.2846975088967971
2024-12-27,2.166,2.192,2.154,2.163,1482658799,3218106312,-0.0013850415512466352,2.18415,2.1879166666666667,0.16290322580645156
2024-12-30,2.158,2.174,2.155,2.165,1020296318,2207790488,0.0009246417013408781,2.18185,2.1868,-0.030017921146953452
2024-12-31,2.162,2.165,2.101,2.102,1904747573,4056325483,-0.029099307159353383,2.17705,2.1772,-0.21508588498879766
2025-01-02,2.096,2.097,2.0,2.019,2299909269,4709844391,-0.039486203615604065,2.1695,2.173483333333334,-0.09946476360392498
2025-01-03,2.02,2.027,1.976,1.978,2016672390,4033494990,-0.020307082714214997,2.1595500000000003,2.1702166666666667,-0.09015639374425022
2025-01-06,1.978,1.994,1.962,1.976,1679476900,3322854221,-0.0010111223458038054,2.14715,2.1688166666666664,-0.040776699029126284
2025-01-07,1.965,1.99,1.951,1.99,1695431321,3344010729,0.007085020242914908,2.1363499999999997,2.166716666666667,-0.05954631379962194
2025-01-08,1.975,1.99,1.925,1.968,2279532895,4466166489,-0.011055276381909507,2.1237,2.165433333333333,-0.03765281173594126
2025-01-09,1.956,1.985,1.954,1.971,1352568136,2671984315,0.001524390243902607,2.1113500000000003,2.1649499999999997,-0.014499999999999957
2025-01-10,1.967,1.983,1.938,1.938,1206162209,2366472762,-0.016742770167427756,2.09585,2.164,-0.028571428571428692
2025-01-13,1.916,1.959,1.916,1.942,1351760825,2622517596,0.002063983488132193,2.0833,2.160433333333333,-0.0992578849721708
2025-01-14,1.95,2.037,1.942,2.036,2836315455,5666356597,0.04840370751802281,2.0772,2.1582500000000002,-0.060452238117212675
2025-01-15,2.022,2.025,1.992,1.999,1750519097,3511330421,-0.018172888015717037,2.0692,2.1553166666666668,-0.0809195402298849
2025-01-16,2.009,2.044,1.99,2.01,1933073844,3896733940,0.005502751375687787,2.0618,2.1527833333333333,-0.07030527289546717
2025-01-17,1.999,2.043,1.998,2.026,1607214473,3249604106,0.007960199004975133,2.05455,2.1510166666666666,-0.04971857410881819
2025-01-20,2.047,2.077,2.046,2.062,1935127801,3993926764,0.017769002961500524,2.0492,2.1487833333333333,-0.06102003642987264
2025-01-21,2.081,2.083,2.048,2.07,1065999429,2200295029,0.0038797284190106307,2.04535,2.1468166666666666,-0.053930530164533974
2025-01-22,2.063,2.069,2.041,2.059,1110611438,2281647143,-0.005314009661835595,2.0398,2.14555,-0.03559718969555015
2025-01-23,2.082,2.11,2.052,2.052,1738134066,3618632283,-0.003399708596406037,2.0345999999999997,2.144566666666667,-0.027948839412600734
2025-01-24,2.045,2.092,2.044,2.084,1501141344,3113708667,0.015594541910331383,2.0305,2.1439333333333335,-0.01790763430725717
2025-01-27,2.086,2.087,2.028,2.028,1424693201,2922348703,-0.026871401151631447,2.02375,2.143,-0.026871401151631447
2025-02-05,2.043,2.047,2.016,2.024,1104967502,2240818342,-0.0019723865877712132,2.0166999999999997,2.1409833333333332,-0.05641025641025643
2025-02-06,2.022,2.082,2.017,2.08,1701774951,3505456955,0.027667984189723382,2.0156,2.1381666666666663,-0.07514450867052025
2025-02-07,2.08,2.159,2.08,2.131,2746998348,5838438100,0.02451923076923057,2.0212,2.1366333333333336,-0.041385515069725654
2025-02-10,2.14,2.147,2.114,2.142,1322839817,2821357497,0.005161895823557083,2.0294,2.1338999999999997,-0.0711188204683435
2025-02-11,2.141,2.142,2.11,2.113,1067453235,2260595044,-0.013538748832866432,2.03625,2.131083333333333,-0.07405784399649429
2025-02-12,2.107,2.154,2.101,2.15,1562336440,3322841476,0.017510648367250248,2.04425,2.127766666666667,-0.08471690080885497
2025-02-13,2.145,2.163,2.133,2.135,1498365582,3217541986,-0.006976744186046546,2.0526,2.1242666666666663,-0.0895522388059703
2025-02-14,2.134,2.181,2.132,2.174,2157786096,4668509747,0.01826697892271678,2.06275,2.120966666666667,-0.08347386172006743
2025-02-17,2.198,2.2,2.166,2.182,1650052695,3606618049,0.0036798528058876734,2.07495,2.1192,-0.046328671328671245
2025-02-18,2.178,2.19,2.131,2.14,1336311044,2892733135,-0.019248395967002674,2.0848500000000003,2.118133333333333,-0.029038112522686066
2025-02-19,2.136,2.186,2.133,2.185,1381906367,2996598071,0.02102803738317749,2.0923000000000003,2.118733333333333,0.016751977664029694
2025-02-20,2.179,2.191,2.161,2.184,1007331983,2194588122,-0.0004576659038900699,2.10155,2.1182166666666666,-0.01399548532731365
2025-02-21,2.185,2.242,2.185,2.239,1818252273,4035502065,0.025183150183150094,2.113,2.1184833333333333,0.007197480881691476
2025-02-24,2.232,2.24,2.201,2.221,1544732365,3431453112,-0.008039303260384045,2.12275,2.11845,-0.0008996851102113235
2025-02-25,2.189,2.222,2.185,2.197,1455833590,3203034929,-0.010805943268797802,2.1295,2.119466666666667,0.02855805243445686
2025-02-26,2.199,2.225,2.19,2.223,1344108588,2970832858,0.011834319526627057,2.13715,2.120983333333333,0.04268292682926811
2025-02-27,2.224,2.237,2.183,2.212,1342483472,2963835960,-0.004948268106162668,2.1448,2.1227,0.04883831199620681
2025-02-28,2.197,2.198,2.123,2.128,1895179214,4095199129,-0.03797468354430378,2.1486,2.1220833333333333,-0.017090069284064646
2025-03-03,2.133,2.189,2.12,2.154,2012943656,4353725070,0.012218045112781795,2.1521,2.122516666666667,0.012218045112781795
2025-03-04,2.131,2.151,2.12,2.149,1075561554,2299059817,-0.00232126276694522,2.15815,2.1220166666666667,-0.013767783386874677
2025-03-05,2.147,2.159,2.131,2.149,958304531,2053850546,0.0,2.1643999999999997,2.120983333333333,-0.028041610131162242
2025-03-06,2.162,2.2,2.16,2.191,1763060623,3849695006,0.019543973941368087,2.16995,2.1208666666666667,-0.0031847133757961776
2025-03-07,2.181,2.183,2.152,2.16,1259617935,2731623950,-0.014148790506617881,2.1714,2.1207000000000003,-0.004608294930875445
2025-03-10,2.166,2.174,2.14,2.159,1057825706,2277006445,-0.00046296296296310935,2.17225,2.1203999999999996,-0.0082682590721177
2025-03-11,2.135,2.161,2.131,2.159,1109701187,2382242786,0.0,2.17455,2.1193166666666667,-0.029226618705036178
2025-03-12,2.17,2.172,2.148,2.149,1044119531,2254199739,-0.004631773969430153,2.1745,2.1183666666666667,-0.025838621940163176
2025-03-13,2.146,2.158,2.113,2.125,1114060701,2373852235,-0.01116798510935324,2.1740000000000004,2.1167666666666665,-0.04322377307519143
2025-03-14,2.125,2.19,2.12,2.186,1964722065,4259564960,0.028705882352941137,2.1746000000000003,2.116233333333333,-0.014427412082957614
2025-03-17,2.188,2.191,2.169,2.173,1018689200,2217737744,-0.005946935041171053,2.17415,2.1149833333333334,-0.03336298932384352
2025-03-18,2.182,2.201,2.173,2.185,1116734054,2442376910,0.0055223193741371635,2.1764,2.1148499999999997,-0.00364797081623347
2025-03-19,2.181,2.195,2.166,2.178,956447233,2084327408,-0.0032036613272311554,2.17605,2.1151833333333334,0.009267840593141896
2025-03-20,2.178,2.18,2.155,2.158,874402155,1894715234,-0.009182736455463747,2.17475,2.1151666666666666,-0.0004631773969430153
2025-03-21,2.153,2.159,2.108,2.112,1421201720,3023428322,-0.02131603336422605,2.1684,2.1144000000000003,-0.02131603336422605
2025-03-24,2.11,2.118,2.084,2.112,942742271,1982939078,0.0,2.16295,2.1134166666666667,-0.02717641639797319
2025-03-25,2.112,2.123,2.094,2.105,933635170,1967146654,-0.0033143939393940336,2.1583499999999995,2.11235,-0.029506685108344866
2025-03-26,2.1,2.117,2.097,2.098,883948452,1861535855,-0.0033254156769596532,2.1521,2.1115333333333335,-0.02282254308337217
2025-03-27,2.093,2.125,2.076,2.103,934864047,1963608469,0.0023832221163013756,2.14665,2.1104166666666666,-0.030875576036866192
2025-03-28,2.101,2.112,2.087,2.089,816200600,1710499760,-0.006657156443176548,2.1447,2.1092999999999997,-0.031076066790352574
2025-03-31,2.079,2.083,2.047,2.064,1231822143,2541748556,-0.011967448539971226,2.1401999999999997,2.1076,-0.047091412742382266
2025-04-01,2.067,2.087,2.06,2.062,930483877,1927320561,-0.0009689922480621282,2.13585,2.105916666666667,-0.046694405917706905
2025-04-02,2.062,2.081,2.057,2.064,730318817,1510412683,0.0009699321047527132,2.1315999999999997,2.104233333333333,-0.0466512702078522
2025-04-03,2.042,2.057,2.018,2.027,1562642278,3181472986,-0.017926356589147208,2.1234,2.102983333333333,-0.03568030447193138
2025-04-07,1.93,1.931,1.721,1.775,6950586760,12659759619,-0.12432165762210168,2.1041499999999997,2.0989166666666668,-0.12085190688459646
2025-04-08,1.792,1.844,1.777,1.804,2929732212,5298034547,0.016338028169014196,2.0864000000000003,2.0960166666666664,-0.0879676440849343
2025-04-09,1.762,1.838,1.743,1.823,3192985707,5760841736,0.010532150776053184,2.0696,2.0934666666666666,-0.07742914979757087
2025-04-10,1.88,1.908,1.86,1.863,2909461825,5475498059,0.021941854086670265,2.0553,2.09135,-0.06381909547738696
2025-04-11,1.845,1.907,1.844,1.892,1860534888,3492329847,0.015566290928609616,2.04365,2.0900833333333333,-0.03861788617886186
2025-04-14,1.915,1.919,1.892,1.895,1303328059,2481540100,0.001585623678646897,2.0291,2.0888166666666668,-0.038559107052257735
2025-04-15,1.895,1.903,1.881,1.893,994336404,1879135556,-0.0010554089709762238,2.0151000000000003,2.0880666666666667,-0.023219814241486003
2025-04-16,1.885,1.885,1.844,1.87,1728180934,3218073684,-0.012150026413100812,1.9993500000000002,2.0868666666666664,-0.037075180226570414
2025-04-17,1.859,1.887,1.856,1.873,1108408392,2081248946,0.0016042780748661833,1.9840999999999998,2.0841499999999997,-0.08005893909626716
2025-04-18,1.865,1.881,1.862,1.878,888856981,1664135335,0.0026695141484249785,1.9701,2.082133333333333,-0.06053026513256643
2025-04-21,1.874,1.91,1.865,1.908,1228790651,2328928107,0.015974440894568787,1.9599,2.080433333333333,-0.05074626865671639
2025-04-22,1.903,1.911,1.895,1.899,868982666,1652435884,-0.004716981132075415,1.94925,2.078316666666667,-0.06268509378084886
2025-04-23,1.917,1.933,1.906,1.919,1517964084,2915749902,0.01053185887309116,1.93995,2.0759333333333334,-0.06935014548981566
2025-04-24,1.916,1.929,1.902,1.907,1220739638,2336068859,-0.0062532569046378494,1.9304000000000001,2.0732166666666663,-0.07874396135265693
2025-04-25,1.913,1.932,1.908,1.92,1202452000,2309659993,0.0068169900367067715,1.9212500000000001,2.0709,-0.06750849927149116
2025-04-28,1.918,1.921,1.901,1.906,699126100,1334167133,-0.007291666666666696,1.9121000000000001,2.0684666666666667,-0.07115009746588696
2025-04-29,1.902,1.912,1.895,1.903,679507027,1293918095,-0.0015739769150051597,1.9040500000000002,2.06545,-0.08685220729366605
2025-04-30,1.905,1.926,1.904,1.921,1065559528,2044909416,0.009458749343142392,1.8969999999999998,2.0636666666666668,-0.052761341222879676
2025-05-06,1.936,1.959,1.935,1.958,1039514455,2026370673,0.019260801665799132,1.8916999999999997,2.0625666666666667,-0.03260869565217395
2025-05-07,1.995,2.007,1.953,1.967,1734873221,3426132326,0.004596527068437162,1.8886999999999996,2.060683333333333,-0.054326923076923106
2025-05-08,1.963,2.006,1.961,2.001,1580404668,3148925965,0.017285205897305422,1.9,2.0585166666666668,-0.06100422336931011
2025-05-09,2.0,2.001,1.975,1.984,820913201,1629568541,-0.008495752123937939,1.9089999999999996,2.055883333333333,-0.07376283846872078
2025-05-12,2.013,2.037,2.007,2.037,1558494886,3149770589,0.02671370967741926,1.9197000000000002,2.0546166666666665,-0.03596781826786566
2025-05-13,2.062,2.065,2.027,2.03,1095212169,2234622684,-0.003436426116838587,1.9280499999999996,2.0526166666666668,-0.05581395348837215
2025-05-14,2.032,2.074,2.021,2.054,1221065338,2496059354,0.011822660098522286,1.93615,2.051266666666667,-0.03793911007025763
2025-05-15,2.046,2.047,2.012,2.012,853339514,1727955312,-0.020447906523855752,1.9419999999999997,2.048566666666667,-0.07451701931922716
2025-05-16,2.006,2.02,2.005,2.008,594697516,1197218183,-0.001988071570576566,1.9477499999999999,2.0456666666666665,-0.07974335472043992
2025-05-19,2.006,2.008,1.988,2.002,737994990,1474714685,-0.0029880478087650486,1.9543499999999998,2.0433666666666666,-0.06448598130841132
2025-05-20,2.009,2.031,1.997,2.018,784444646,1580369547,0.007992007992007943,1.9616,2.040583333333333,-0.07643020594965688
2025-05-21,2.02,2.047,2.019,2.034,1024128512,2083759005,0.007928642220019766,1.9693999999999998,2.0380833333333332,-0.06868131868131888
2025-05-22,2.036,2.037,2.014,2.016,561539403,1135814241,-0.008849557522123797,1.9748,2.0343666666666667,-0.09959803483698071
2025-05-23,2.015,2.03,1.994,1.994,727237904,1463619654,-0.010912698412698374,1.9795500000000001,2.0305833333333334,-0.10220621341737957
2025-05-26,1.99,1.997,1.965,1.977,753296212,1489711308,-0.008525576730190498,1.98245,2.0269166666666667,-0.10013654984069187
2025-05-27,1.976,1.976,1.957,1.967,746429114,1466776070,-0.005058168942842722,1.9854499999999997,2.02265,-0.1151596941070624
2025-05-28,1.969,1.975,1.956,1.959,719516754,1414015463,-0.004067107269954295,1.9873999999999998,2.0184333333333333,-0.11437613019891502
2025-05-29,1.962,1.991,1.961,1.989,934137946,1850177077,0.015313935681470214,1.9915499999999997,2.0161166666666666,-0.0653195488721805
2025-05-30,1.98,1.98,1.963,1.972,661225455,1303691548,-0.008547008547008628,1.9949999999999999,2.0130833333333333,-0.08449396471680592
2025-06-03,1.961,1.987,1.96,1.977,575877829,1139384009,0.002535496957403627,1.9978000000000002,2.0102166666666665,-0.08003722661703117
2025-06-04,1.983,2.006,1.982,2.0,738909333,1475808291,0.01163378856853825,1.9999000000000002,2.0077333333333334,-0.06933457422056777
2025-06-05,2.001,2.029,1.989,2.023,808452949,1624628220,0.011500000000000066,2.0027,2.0049333333333332,-0.0766773162939296
2025-06-06,2.022,2.027,2.01,2.017,514750401,1037863344,-0.002965892239248702,2.0035,2.00255,-0.06620370370370376
2025-06-09,2.02,2.051,2.02,2.034,844534684,1721674806,0.008428358948934012,2.006,2.0004666666666666,-0.05789717461787869
2025-06-10,2.034,2.041,1.999,2.012,938502285,1894152205,-0.010816125860373504,2.00475,1.9980166666666668,-0.06808707735062525
2025-06-11,2.016,2.053,2.016,2.038,873272046,1781856917,0.012922465208747402,2.00515,1.9961666666666666,-0.05165193113075861
2025-06-12,2.033,2.052,2.027,2.04,612476040,1250732890,0.0009813542688912325,2.00445,1.99475,-0.040000000000000036
2025-06-13,2.033,2.042,2.015,2.02,730211530,1480102735,-0.009803921568627416,2.0048500000000002,1.9919833333333334,-0.0759377859103385
2025-06-16,2.019,2.039,2.016,2.037,497644794,1011261424,0.008415841584158423,2.0063,1.9897166666666666,-0.062586286240221
2025-06-17,2.04,2.041,2.023,2.028,425257474,863471367,-0.004418262150220897,2.0076,1.9871,-0.07185354691075518
2025-06-18,2.027,2.038,2.017,2.034,493112727,999608205,0.002958579881656709,2.0084,1.9847000000000001,-0.06611570247933896
2025-06-19,2.028,2.036,2.0,2.005,698947902,1408373550,-0.014257620452310715,2.0069500000000002,1.98215,-0.07089898053753474
2025-06-20,2.005,2.015,1.987,1.988,592674400,1183215437,-0.008478802992518686,2.00555,1.9800833333333332,-0.058712121212121215
2025-06-23,1.98,2.001,1.975,1.998,606865720,1207204147,0.005030181086519203,2.00575,1.9781833333333334,-0.05397727272727282
2025-06-24,2.004,2.044,2.003,2.044,1238842943,2518135496,0.02302302302302306,2.0091,1.9771666666666665,-0.028978622327790915
2025-06-25,2.05,2.113,2.05,2.109,1638197267,3406556996,0.03180039138943247,2.0162,1.97735,0.00524308865586276
2025-06-26,2.109,2.121,2.092,2.093,1104073901,2325635079,-0.007586533902323334,2.0229,1.9771833333333333,-0.004755111745126106
2025-06-27,2.1,2.125,2.091,2.101,1132678036,2389373181,0.003822264691830002,2.0285,1.9773833333333333,0.005744375299186144
2025-06-30,2.11,2.134,2.106,2.133,1063413134,2255934780,0.015230842455973281,2.03655,1.9785333333333333,0.03343023255813948
2025-07-01,2.128,2.131,2.112,2.126,675800751,1434048675,-0.003281762775433683,2.044,1.9796,0.03103782735208549
2025-07-02,2.123,2.123,2.097,2.104,686930771,1445894926,-0.010348071495766553,2.0492,1.9802666666666666,0.019379844961240345
2025-07-03,2.11,2.147,2.108,2.141,1043751582,2221641222,0.017585551330798532,2.0551,1.9821666666666669,0.05624074987666505
2025-07-04,2.141,2.167,2.131,2.133,1077084673,2308805613,-0.0037365716954693706,2.0608999999999997,1.9881333333333333,0.20169014084507042
2025-07-07,2.126,2.134,2.106,2.11,763151365,1613281870,-0.010782934833567848,2.0646999999999998,1.9932333333333332,0.16962305986696213
2025-07-08,2.109,2.161,2.107,2.159,1259122742,2700369075,0.02322274881516595,2.07205,1.9988333333333335,0.18431157432803058
2025-07-09,2.157,2.183,2.155,2.163,1122364524,2435284014,0.0018527095877720612,2.0783,2.0038333333333336,0.16103059581320434
2025-07-10,2.17,2.179,2.153,2.169,845535637,1830798185,0.00277392510402219,2.08475,2.00845,0.14640591966173377
2025-07-11,2.169,2.202,2.159,2.185,1141929926,2493790368,0.007376671277086189,2.093,2.0132833333333333,0.15303430079155667
2025-07-14,2.18,2.187,2.167,2.177,666132475,1449095599,-0.0036613272311213363,2.1,2.0180166666666666,0.15002641310089815
2025-07-15,2.184,2.223,2.184,2.212,1427317746,3151896334,0.016077170418006492,2.1092,2.0237166666666666,0.18288770053475933
2025-07-16,2.217,2.237,2.205,2.206,801457056,1778554120,-0.002712477396021762,2.1178,2.0292666666666666,0.1777896422851042
2025-07-17,2.205,2.247,2.204,2.247,961569362,2146267403,0.01858567543064371,2.1299,2.035416666666667,0.19648562300319483
2025-07-18,2.256,2.274,2.241,2.252,944040957,2131513001,0.002225189141076944,2.1431,2.04115,0.18029350104821806
2025-07-21,2.258,2.275,2.251,2.275,991144198,2244881619,0.010213143872113806,2.15695,2.0474166666666664,0.19799894681411256
2025-07-22,2.274,2.291,2.267,2.289,1078462481,2460630715,0.006153846153846176,2.1692,2.0535833333333335,0.19280875455966662
2025-07-23,2.288,2.31,2.281,2.287,1233562231,2829799317,-0.000873743993010101,2.1781,2.0599166666666666,0.19926586261143142
2025-07-24,2.297,2.325,2.291,2.325,1034695230,2386144788,0.016615653694796784,2.1896999999999998,2.066666666666667,0.21093750000000022
2025-07-25,2.326,2.326,2.308,2.318,761029232,1763030434,-0.0030107526881720803,2.2005500000000002,2.0735333333333332,0.21615949632738718
2025-07-28,2.322,2.344,2.311,2.342,864799530,2015532116,0.010353753235547991,2.211,2.08085,0.23068838675775094
2025-07-29,2.338,2.384,2.332,2.383,1042305253,2458006719,0.017506404782237306,2.22385,2.08855,0.24049973971889638
2025-07-30,2.378,2.378,2.325,2.345,1795294339,4225955580,-0.01594628619387317,2.2359,2.095,0.19765066394279884
2025-07-31,2.354,2.37,2.299,2.301,1980383619,4628163692,-0.018763326226012844,2.2439,2.100566666666667,0.16980172852058972
2025-08-01,2.296,2.324,2.281,2.303,1137125338,2620619508,0.0008691873098651826,2.2524,2.1056,0.15092453773113457
2025-08-04,2.285,2.313,2.282,2.313,765103895,1755984115,0.004342162396873794,2.26255,2.1110833333333336,0.16582661290322598
2025-08-05,2.326,2.328,2.3,2.32,1046431524,2423350452,0.003026372676177891,2.2706,2.1157999999999997,0.1389297987236131
2025-08-06,2.314,2.338,2.312,2.336,869174240,2023667991,0.006896551724137945,2.27925,2.1209,0.15073891625615765
2025-08-07,2.338,2.35,2.3,2.32,1103568855,2561935101,-0.006849315068493178,2.2868000000000004,2.1253333333333333,0.12950340798442062
2025-08-08,2.314,2.331,2.307,2.312,746176413,1728760970,-0.0034482758620689724,2.29315,2.130333333333333,0.14910536779324057
2025-08-11,2.317,2.362,2.312,2.357,1159751841,2719858280,0.019463667820069475,2.30215,2.1361499999999998,0.1738047808764942
2025-08-12,2.358,2.385,2.345,2.385,1112049474,2635788948,0.011879507848960413,2.3108,2.142533333333333,0.19130869130869144
2025-08-13,2.395,2.475,2.391,2.473,1897685098,4624232806,0.036897274633123756,2.32415,2.150116666666667,0.2254707631318138
2025-08-14,2.473,2.489,2.438,2.446,1489282660,3670028994,-0.010917913465426476,2.3341000000000003,2.1569833333333333,0.2025565388397248
2025-08-15,2.435,2.518,2.435,2.509,1427117283,3545929725,0.025756336876533004,2.34695,2.1652,0.2445436507936507
2025-08-18,2.52,2.608,2.504,2.582,2296931519,5893785524,0.029095257074531755,2.3623,2.175,0.2948846539618857
2025-08-19,2.575,2.61,2.561,2.575,1635409032,4222774162,-0.0027110766847403545,2.3766,2.184966666666667,0.30247850278199295
2025-08-20,2.551,2.588,2.524,2.588,2059444126,5260550950,0.005048543689320395,2.39165,2.1953166666666664,0.31570920183019835
2025-08-21,2.589,2.605,2.558,2.572,1882804391,4859237813,-0.0061823802163832875,2.4040000000000004,2.205533333333334,0.31291475242470645
2025-08-22,2.566,2.663,2.563,2.662,2165908940,5681941123,0.03499222395023316,2.4212,2.2167499999999998,0.33836098541980886
2025-08-25,2.693,2.76,2.675,2.737,2751414023,7457636148,0.028174305033809244,2.44095,2.2295000000000003,0.3879310344827587
2025-08-26,2.727,2.75,2.702,2.716,2091832159,5706483427,-0.007672634271099765,2.4576000000000002,2.2418166666666663,0.3737986848760748
2025-08-27,2.716,2.796,2.696,2.696,2943477589,8091776959,-0.007363770250368162,2.47515,2.2534166666666664,0.3480000000000001
2025-08-28,2.68,2.807,2.677,2.806,2682020771,7337066720,0.04080118694362023,2.5004,2.2664666666666666,0.38704893722194744
2025-08-29,2.799,2.909,2.78,2.865,2476060762,7050495859,0.02102637205987179,2.5285,2.2806,0.4204263758056521
2025-09-01,2.88,2.932,2.859,2.927,2064101171,5979182419,0.02164048865619539,2.5592,2.2954833333333338,0.4390363815142577
2025-09-02,2.922,2.954,2.815,2.848,3020220527,8691244493,-0.026990092244619124,2.5856000000000003,2.3094166666666665,0.4155069582504969
2025-09-03,2.852,2.899,2.832,2.87,2918703247,8367566301,0.0077247191011236005,2.6123,2.3232833333333334,0.4082433758586852
2025-09-04,2.899,2.93,2.716,2.751,3504601930,9856433542,-0.04146341463414638,2.63385,2.3351333333333333,0.34852941176470575
2025-09-05,2.75,2.947,2.749,2.944,2742078899,7802431010,0.07015630679752816,2.66545,2.3505333333333334,0.4574257425742574
2025-09-08,2.946,2.951,2.856,2.908,2496878153,7234949538,-0.012228260869565188,2.693,2.3650499999999997,0.4275895925380462
2025-09-09,2.866,2.898,2.818,2.845,1704675452,4870733789,-0.021664374140302534,2.716,2.3786666666666667,0.40285996055226825
2025-09-10,2.857,2.9,2.833,2.875,1859579380,5345322586,0.010544815465729274,2.7361,2.3926833333333333,0.41347099311701085
2025-09-11,2.883,3.027,2.871,3.025,2629737283,7786806668,0.05217391304347818,2.76505,2.4096833333333336,0.5087281795511223
2025-09-12,3.01,3.033,2.982,2.995,2125362296,6394148106,-0.009917355371900749,2.7893499999999998,2.426466666666667,0.5065392354124749
2025-09-15,3.006,3.08,3.006,3.037,1713662026,5227741888,0.01402337228714523,2.8121,2.4437833333333336,0.52002002002002
2025-09-16,3.039,3.064,2.993,3.059,1888634980,5729177909,0.007243990780375409,2.8363,2.4607000000000006,0.4965753424657535
2025-09-17,3.055,3.125,3.036,3.119,1668757276,5154304123,0.019614253023864103,2.86285,2.4775333333333336,0.4788999525841633
2025-09-18,3.115,3.141,3.024,3.067,2719063197,8408306052,-0.016672010259698666,2.8876,2.4937666666666667,0.46536072623029145
2025-09-19,3.067,3.101,3.046,3.062,1712231771,5266798692,-0.0016302575806979025,2.9076,2.509783333333333,0.4574012375059495
2025-09-22,3.068,3.082,3.026,3.082,1382078742,4228087840,0.00653167864141091,2.92485,2.5256,0.4449132676980778
2025-09-23,3.115,3.13,3.015,3.093,2232003421,6865555807,0.0035691109669047094,2.9437,2.541716666666667,0.4548447789275636
2025-09-24,3.063,3.162,3.061,3.16,1944989513,6065237036,0.02166181700614289,2.9669,2.5593166666666667,0.5019011406844107
2025-09-25,3.15,3.24,3.134,3.211,1625732422,5199641840,0.016139240506328978,2.98715,2.57715,0.49976646426903315
2025-09-26,3.193,3.226,3.126,3.129,1692755881,5368043518,-0.025537215820616632,3.00035,2.59375,0.4669479606188467
2025-09-29,3.126,3.233,3.126,3.213,1632847130,5208289767,0.02684563758389258,3.01465,2.6121333333333334,0.522748815165877
2025-09-30,3.221,3.254,3.194,3.217,1240171175,3995389305,0.0012449424214129312,3.0331,2.629766666666667,0.49004168596572506
2025-10-09,3.217,3.297,3.217,3.235,1743566568,5667232670,0.005595275101025754,3.0513500000000002,2.6476333333333333,0.4956079519186316
2025-10-10,3.201,3.217,3.072,3.095,2227643125,6981652423,-0.04327666151468301,3.0685499999999997,2.6630666666666665,0.4269248501613647
2025-10-13,2.952,3.073,2.951,3.054,2223548267,6730538313,-0.013247172859450873,3.07405,2.6775500000000005,0.397711670480549
2025-10-14,3.093,3.106,2.92,2.934,2411647285,7241505142,-0.039292730844793566,3.0753500000000003,2.690166666666667,0.3477262287551677
2025-10-15,2.932,3.01,2.905,3.003,1877004280,5552036995,0.023517382413087873,3.0832500000000005,2.70335,0.35759493670886067
2025-10-16,2.984,3.044,2.978,3.014,1548870353,4670184542,0.00366300366300365,3.0902000000000003,2.716816666666667,0.3662737987307343
2025-10-17,3.002,3.021,2.91,2.915,1552640674,4576629143,-0.03284671532846706,3.0846999999999998,2.72795,0.29728526924788623
2025-10-20,2.976,3.02,2.948,2.971,1556678678,4642754506,0.019210977701543674,3.0835,2.739933333333333,0.3192717584369451
2025-10-21,2.999,3.078,2.972,3.062,1735963311,5272466544,0.03062941770447658,3.08475,2.7530500000000004,0.34593406593406595
2025-10-22,3.037,3.067,3.02,3.039,1174128749,3571697635,-0.007511430437622368,3.08375,2.7655499999999997,0.327653997378768
2025-10-23,3.021,3.045,2.98,3.038,998545786,3006639972,-0.00032905561039831,3.0797,2.7780666666666667,0.3283777874945344
2025-10-24,3.069,3.147,3.058,3.147,1494880490,4637974087,0.0358788676761026,3.0837,2.7917666666666667,0.35354838709677394
2025-10-27,3.209,3.218,3.155,3.209,1509668463,4823568500,0.01970130282809035,3.09105,2.8066166666666663,0.3843830888697153
2025-10-28,3.189,3.258,3.181,3.205,1353329704,4352354390,-0.0012464942349641461,3.0972,2.821,0.3684884713919727
2025-10-29,3.235,3.3,3.234,3.3,1370135646,4473209146,0.029641185647425905,3.1075500000000003,2.8362833333333333,0.3848090642047839
2025-10-30,3.296,3.308,3.235,3.239,1406883999,4602035005,-0.018484848484848437,3.1115,2.851183333333333,0.38123667377398696
2025-10-31,3.235,3.258,3.164,3.166,1495642875,4795957339,-0.022537820314912027,3.10925,2.8656,0.37592351151673165
2025-11-03,3.152,3.178,3.098,3.176,1291988794,4057838467,0.0031585596967782514,3.1116,2.8801500000000004,0.37907077724706917
2025-11-04,3.166,3.184,3.087,3.112,1277900258,3999079271,-0.02015113350125941,3.10655,2.893466666666667,0.3454388240380457
2025-11-05,3.06,3.157,3.046,3.142,1312861492,4073292025,0.009640102827763508,3.1028,2.907166666666667,0.35431034482758617
2025-11-06,3.158,3.213,3.153,3.201,1334422974,4251348431,0.01877784850413744,3.1010999999999997,2.921583333333333,0.3702910958904111
2025-11-07,3.184,3.218,3.155,3.185,970514620,3090346851,-0.004998437988128712,3.1056,2.936,0.3728448275862071
2025-11-10,3.2,3.215,3.117,3.158,1174688849,3697770213,-0.008477237048665653,3.1108000000000002,2.9501,0.36591695501730115
2025-11-11,3.175,3.188,3.107,3.113,1057309779,3323335999,-0.014249525015832765,3.11975,2.9627,0.3207467119219345
2025-11-12,3.095,3.116,3.058,3.108,1181466117,3648762909,-0.0016061676839062011,3.1249999999999996,2.97475,0.30314465408805047
2025-11-13,3.094,3.188,3.086,3.182,1601868261,5045454815,0.023809523809523725,3.1334,2.986566666666667,0.2866963202587951
2025-11-14,3.146,3.146,3.091,3.093,1221752298,3818689061,-0.02796983029541167,3.1423,2.99735,0.2645134914145544
2025-11-17,3.074,3.101,3.06,3.084,982889105,3024962848,-0.0029097963142579175,3.14795,3.0069333333333335,0.22917497010761267
2025-11-18,3.069,3.095,3.032,3.051,1252458681,3834326363,-0.010700389105058328,3.1474,3.01475,0.1816421378776143
2025-11-19,3.051,3.092,3.041,3.057,1325419541,4059815545,0.001966568338249708,3.1483,3.0227833333333334,0.1871844660194173
2025-11-20,3.106,3.113,3.019,3.026,1380802267,4222309799,-0.010140660778541144,3.1477,3.0300833333333332,0.16924265842349295
2025-11-21,2.99,2.99,2.903,2.904,2381325432,7001980047,-0.040317250495703894,3.1355500000000003,3.035616666666667,0.12908242612752718
2025-11-24,2.925,2.932,2.873,2.908,1510800887,4394186366,0.0013774104683195176,3.1205,3.0397166666666666,0.09241172051089408
2025-11-25,2.951,3.008,2.94,2.961,2184713731,6485664185,0.018225584594222743,3.1083000000000003,3.04345,0.08184143222506379
2025-11-26,2.955,3.061,2.943,3.027,1826348317,5496575403,0.02228976697061813,3.09465,3.0486333333333335,0.11450662739322537
2025-11-27,3.018,3.093,3.007,3.012,1249768716,3812794596,-0.0049554013875123815,3.0833,3.0539,0.1172106824925816
2025-11-28,3.008,3.048,2.993,3.035,909253540,2745371289,0.0076361221779548405,3.07675,3.0577166666666664,0.08161083392729873
2025-12-01,3.044,3.074,3.017,3.073,1004677236,3065143123,0.01252059308072484,3.0716,3.061183333333333,0.07260034904013946
2025-12-02,3.075,3.075,3.036,3.052,623224565,1904764495,-0.006833712984054663,3.0686,3.0632666666666664,0.042705842159207474
2025-12-03,3.058,3.086,3.01,3.019,776119012,2361211728,-0.01081258191349932,3.06245,3.0661166666666664,0.060042134831460814
2025-12-04,3.014,3.056,2.997,3.051,808437962,2449923929,0.010599536270288201,3.0549500000000003,3.0691333333333333,0.06306620209059233
2025-12-05,3.063,3.098,3.028,3.089,873843662,2681407787,0.012454932808914965,3.05015,3.074766666666667,0.12286441294074879
2025-12-08,3.101,3.194,3.099,3.171,1268125641,4001557936,0.026545807704758673,3.0507999999999997,3.07855,0.07710597826086962
2025-12-09,3.168,3.215,3.153,3.188,1082566090,3451146148,0.0053610848312837245,3.05455,3.0832166666666665,0.0962861072902339
2025-12-10,3.185,3.2,3.124,3.192,852958607,2694949380,0.0012547051442910462,3.0587500000000003,3.089,0.1219683655536028
2025-12-11,3.192,3.226,3.145,3.146,936231349,2993222526,-0.01441102756892243,3.05695,3.0935166666666665,0.0942608695652174
2025-12-12,3.152,3.186,3.12,3.174,1011013142,3194779883,0.008900190718372558,3.061,3.0959999999999996,0.04925619834710737
2025-12-15,3.14,3.167,3.119,3.12,798453240,2506448325,-0.017013232514177634,3.0628,3.0980833333333333,0.04173622704507518
2025-12-16,3.112,3.125,3.043,3.06,1309898681,4025761889,-0.019230769230769273,3.06325,3.098466666666667,0.007573263088574311
2025-12-17,3.057,3.165,3.054,3.164,1586163674,4937699275,0.033986928104575265,3.0686,3.1002166666666664,0.034324942791762014
2025-12-18,3.134,3.14,3.092,3.092,1380517391,4297352252,-0.022756005056890016,3.0719000000000003,3.0997666666666666,-0.00865662071176665
2025-12-19,3.118,3.141,3.096,3.107,1067093103,3326085605,0.004851228978007827,3.0820499999999997,3.1004333333333336,0.01304206064558211
2025-12-22,3.135,3.18,3.135,3.175,1326079891,4197241564,0.021886063727067695,3.0954,3.102316666666667,0.03690398432397135
2025-12-23,3.18,3.21,3.166,3.185,946018820,3015016523,0.0031496062992126816,3.1066,3.1040333333333336,0.03341985723556129
2025-12-24,3.194,3.219,3.177,3.212,782862119,2505014135,0.008477237048665653,3.1158500000000005,3.1060166666666666,0.03847397348852244
2025-12-25,3.21,3.234,3.184,3.222,882507027,2835992188,0.0031133250311332628,3.12635,3.10705,0.019620253164556845
2025-12-26,3.222,3.252,3.202,3.226,953278367,3075750266,0.0012414649286158763,3.1359000000000004,3.1073000000000004,0.004671441918405517
2025-12-29,3.217,3.234,3.19,3.205,952073248,3055961797,-0.0065096094234345925,3.1425,3.1085666666666665,0.024288910194950386
2025-12-30,3.19,3.234,3.19,3.229,1180965470,3800219967,0.007488299531981379,3.15135,3.1088333333333336,0.004979769685651947
2025-12-31,3.23,3.239,3.182,3.186,717889714,2302045752,-0.0133168163518117,3.1597,3.1083166666666666,-0.00963630711843333
2026-01-05,3.215,3.281,3.21,3.281,1093577125,3551323048,0.029817953546767084,3.1712,3.109083333333333,0.014219474497681794
2026-01-06,3.278,3.305,3.249,3.303,1317059779,4324236362,0.006705272782688176,3.1819,3.1125499999999997,0.06720516962843281
2026-01-07,3.311,3.336,3.281,3.311,1227046740,4059296356,0.0024220405691794955,3.1889000000000003,3.116833333333333,0.08415193189259984
2026-01-08,3.291,3.313,3.27,3.287,1103912963,3632320850,-0.007248565388100259,3.1938500000000003,3.122716666666667,0.12031356509884117
2026-01-09,3.269,3.315,3.253,3.314,1545146254,5087072562,0.00821417706115013,3.1999500000000003,3.1279,0.1035631035631035
2026-01-12,3.314,3.387,3.267,3.371,2193720124,7314374488,0.017199758599879322,3.2112000000000003,3.1338500000000002,0.11844724618447255
2026-01-13,3.372,3.402,3.291,3.306,1931467280,6466148012,-0.01928211213289821,3.2177999999999995,3.1403666666666665,0.13413379073756437
2026-01-14,3.307,3.388,3.292,3.332,2874007868,9606956789,0.007864488808227321,3.2283999999999997,3.1463833333333335,0.12150790979468185
2026-01-15,3.306,3.359,3.293,3.352,3886523269,12904865517,0.006002400960384069,3.243,3.151216666666666,0.0947093403004573
2026-01-16,3.382,3.394,3.337,3.346,4092518760,13720977212,-0.0017899761336515052,3.2521,3.1563333333333334,0.10102007239223432
2026-01-19,3.327,3.369,3.31,3.318,1943741767,6480798730,-0.008368200836820106,3.2634,3.161,0.09216589861751157
2026-01-20,3.319,3.335,3.242,3.263,2328267455,7628206634,-0.016576250753466026,3.2712000000000003,3.1629333333333336,0.0368605020654591
2026-01-21,3.243,3.315,3.242,3.281,1195061529,3933094023,0.00551639595464315,3.2765,3.1641333333333335,0.022436896229354852
2026-01-22,3.298,3.323,3.264,3.315,1791980017,5894354074,0.010362694300518172,3.283,3.165966666666667,0.0343213728549141
2026-01-23,3.322,3.337,3.304,3.337,907993890,3018742908,0.006636500754147789,3.28925,3.1665833333333335,0.011212121212121229
2026-01-26,3.352,3.355,3.292,3.305,1678245655,5559095524,-0.009589451603236432,3.2934000000000005,3.1676833333333336,0.02037665946279721
2026-01-27,3.31,3.352,3.263,3.327,1765271470,5853388037,0.0066565809379726115,3.29845,3.1703666666666668,0.050852811118130115
2026-01-28,3.342,3.345,3.29,3.307,1949640170,6465046669,-0.006011421701232367,3.30355,3.1725499999999998,0.041246851385390304
2026-01-29,3.297,3.342,3.284,3.292,1626118743,5378675115,-0.004535833081342644,3.3067,3.17555,0.05784061696658083
2026-01-30,3.286,3.355,3.241,3.335,1291838077,4271421135,0.013061968408262459,3.31415,3.1787666666666667,0.06142584341183954
2026-02-02,3.338,3.376,3.248,3.252,1148759349,3801816673,-0.024887556221889096,3.3127000000000004,3.179616666666667,0.015932521087160145
2026-02-03,3.302,3.32,3.238,3.313,1201589298,3952454659,0.018757687576875792,3.3132000000000006,3.18175,0.040188383045525855
2026-02-04,3.29,3.307,3.233,3.297,1179786209,3852326602,-0.004829459704195571,3.3125,3.184066666666667,0.0440151994933502
2026-02-05,3.264,3.278,3.227,3.238,985289360,3200834323,-0.01789505611161668,3.3100499999999995,3.1861499999999996,0.04015419209765492
2026-02-06,3.21,3.275,3.187,3.229,878530633,2843474221,-0.002779493514515119,3.3058,3.188166666666667,0.038931788931788835
2026-02-09,3.288,3.327,3.263,3.321,989621332,3265112642,0.02849179312480654,3.3033,3.1904833333333333,0.04368321810182274
2026-02-10,3.327,3.335,3.307,3.311,538115550,1786183382,-0.003011141222523439,3.30355,3.1941166666666665,0.07048173294536042
2026-02-11,3.3,3.312,3.272,3.273,811867303,2669085869,-0.011476895197825354,3.3006,3.1972666666666667,0.06128404669260701
2026-02-12,3.28,3.323,3.277,3.319,951628247,3145580564,0.014054384356859018,3.29895,3.2017333333333338,0.08784005244182236
2026-02-13,3.303,3.313,3.263,3.265,935966363,3077154441,-0.016269960831575725,3.2948999999999997,3.2052,0.0680405626431142
2026-02-24,3.318,3.331,3.282,3.295,924963954,3059400028,0.009188361408882129,3.29375,3.209683333333333,0.0888962326503635
2026-02-25,3.301,3.352,3.293,3.344,1102226404,3669068170,0.01487101669195745,3.2978,3.2170166666666664,0.1515151515151516
2026-02-26,3.338,3.343,3.301,3.336,891284310,2959414787,-0.0023923444976076125,3.30055,3.2241500000000003,0.14718019257221449
2026-02-27,3.31,3.317,3.283,3.301,1270882079,4189212907,-0.010491606714628232,3.29985,3.2298166666666663,0.11482607227288089
2026-03-02,3.251,3.308,3.25,3.282,1691759057,5551369279,-0.005755831566192082,3.2971000000000004,3.2340666666666666,0.08424182358771048
2026-03-03,3.303,3.32,3.198,3.205,1675116860,5460114838,-0.023461304082876278,3.2921,3.237283333333333,0.06407702523240366
2026-03-04,3.17,3.207,3.138,3.154,1404622762,4453321263,-0.015912636505460265,3.2834499999999998,3.2392666666666665,0.03920922570016461
2026-03-05,3.216,3.254,3.183,3.206,1591868255,5123994849,0.016487000634115345,3.2784,3.2414833333333335,0.04328018223234631
2026-03-06,3.191,3.238,3.169,3.225,859446068,2755966768,0.00592638802245804,3.2750500000000002,3.2443666666666666,0.0566841415465269
2026-03-09,3.183,3.21,3.1,3.201,1371918888,4311143644,-0.007441860465116301,3.2683500000000003,3.2474,0.06028486253726406
2026-03-10,3.267,3.298,3.252,3.296,1240933559,4069373222,0.02967822555451405,3.27055,3.2514833333333337,0.08030154047853144
2026-03-11,3.303,3.377,3.303,3.335,1073178339,3585290331,0.011832524271844669,3.27165,3.255583333333333,0.07963742311427646
2026-03-12,3.34,3.35,3.278,3.308,787646108,2601723474,-0.008095952023988051,3.2722,3.2578666666666667,0.043204036581520056
2026-03-13,3.29,3.334,3.28,3.3,809791868,2682651221,-0.00241837968561065,3.2753,3.2597333333333336,0.0351317440401504
2026-03-16,3.308,3.35,3.275,3.349,1065374425,3529085209,0.014848484848484889,3.2813000000000003,3.2623499999999996,0.04918546365914778
2026-03-17,3.369,3.379,3.271,3.273,1159777395,3853089118,-0.022693341295909275,3.2789,3.264466666666667,0.040368722186904016
2026-03-18,3.293,3.341,3.265,3.338,1120868025,3701559654,0.019859456156431365,3.28025,3.2672000000000003,0.05166981726528053
2026-03-19,3.297,3.353,3.287,3.303,1246934476,4139744624,-0.010485320551228305,3.2817499999999997,3.27025,0.05865384615384617
2026-03-20,3.337,3.417,3.337,3.341,1959672859,6613612449,0.011504692703602881,3.28285,3.2749333333333337,0.09183006535947724
2026-03-23,3.3,3.326,3.206,3.228,1683293180,5505326628,-0.033822208919485175,3.281,3.2760000000000002,0.020227560050569027
2026-03-24,3.275,3.277,3.145,3.237,1481026692,4747716097,0.0027881040892192566,3.2781,3.2784166666666668,0.04689521345407499
2026-03-25,3.279,3.315,3.262,3.307,1178836757,3885554464,0.021624961383997388,3.2762499999999997,3.28175,0.06437077566784666
2026-03-26,3.306,3.338,3.256,3.263,953041836,3137106085,-0.013305110371938378,3.2725999999999997,3.2832166666666667,0.027716535433070844
2026-03-27,3.241,3.313,3.221,3.293,941177748,3079351984,0.009193993257738287,3.2722,3.2850166666666665,0.033908948194662614
2026-03-30,3.242,3.273,3.216,3.264,988480358,3210679548,-0.00880655936835728,3.2713,3.285883333333333,0.016189290161892744
2026-03-31,3.248,3.272,3.178,3.182,1379478960,4434723770,-0.025122549019607754,3.27015,3.2852166666666665,-0.012414649286157653
2026-04-01,3.245,3.247,3.2,3.232,1137456799,3666283810,0.015713387806411072,3.27405,3.2853166666666667,0.0018598884066955979
2026-04-02,3.224,3.224,3.148,3.164,1035747386,3296758515,-0.02103960396039606,3.2719500000000004,3.2846333333333333,-0.012792511700468023
2026-04-03,3.182,3.189,3.139,3.141,735319582,2326714625,-0.007269279393173234,3.2677500000000004,3.2831666666666663,-0.027253019510684484
2026-04-07,3.153,3.173,3.125,3.151,749372436,2361499071,0.003183699458771061,3.2652500000000004,3.2825833333333336,-0.010985561833019464
2026-04-08,3.241,3.345,3.235,3.345,1456939901,4785824706,0.0615677562678516,3.2677,3.28365,0.019506248095092937
2026-04-09,3.316,3.331,3.292,3.32,726721415,2407159487,-0.007473841554559102,3.26695,3.283933333333333,0.0051468362095064
2026-04-10,3.339,3.462,3.339,3.437,1393326433,4765722094,0.035240963855421636,3.2734,3.2860333333333336,0.038054968287526414
2026-04-13,3.43,3.485,3.421,3.468,1041762858,3606546238,0.009019493744544693,3.2818000000000005,3.28905,0.05506540918770919
2026-04-14,3.501,3.552,3.484,3.55,1063243629,3744100707,0.023644752018454396,3.29185,3.2929833333333334,0.0712130356065177
2026-04-15,3.589,3.595,3.482,3.511,1352469021,4785008636,-0.010985915492957687,3.30375,3.2953166666666664,0.04153070305547324
2026-04-16,3.522,3.624,3.511,3.624,1479654181,5298080775,0.032184562802620276,3.3180500000000004,3.300616666666667,0.0961887477313974
2026-04-17,3.638,3.678,3.61,3.67,1503305804,5489998911,0.012693156732891842,3.3364,3.30625,0.10144057623049219
2026-04-20,3.657,3.689,3.636,3.672,1485358840,5444544524,0.0005449591280655142,3.35295,3.3115833333333335,0.09546539379474939
2026-04-21,3.663,3.688,3.614,3.681,1382838279,5051182323,0.002450980392156854,3.3756,3.3171666666666666,0.10011954572624027
2026-04-22,3.66,3.761,3.66,3.758,1861500562,6923895011,0.020918228742189626,3.40165,3.3245,0.13261000602772754
2026-04-23,3.769,3.789,3.684,3.728,1458092107,5446610050,-0.007982969664715234,3.4227000000000003,3.33225,0.14250689549494333
2026-04-24,3.689,3.704,3.63,3.674,1712826513,6285359225,-0.014484978540772575,3.44325,3.3387999999999995,0.11978055470893012
2026-04-27,3.68,3.691,3.643,3.652,960411127,3519636450,-0.0059880239520957446,3.4611999999999994,3.3444166666666666,0.10165912518853704
2026-04-28,3.63,3.643,3.588,3.602,1106101937,3998704631,-0.013691128148959564,3.4781,3.3488333333333333,0.07941264608930165
2026-04-29,3.585,3.7,3.578,3.694,1064146064,3886447435,0.02554136590782896,3.5037,3.3553166666666665,0.11770045385779127
2026-04-30,3.703,3.727,3.668,3.689,1003983995,3710117031,-0.0013535462912831475,3.5265499999999994,3.36135,0.10880673279230546
2026-05-06,3.763,3.824,3.733,3.786,1963948718,7445851678,0.0262943887232312,3.5576499999999998,3.369333333333333,0.14484426973087383
2026-05-07,3.814,3.849,3.769,3.845,894995493,3408781901,0.01558372952984688,3.59285,3.3785499999999997,0.16798298906439868
2026-05-08,3.811,3.851,3.796,3.806,969617959,3704430721,-0.010143042912873934,3.6256,3.3864,0.1412293853073463
2026-05-11,3.834,3.947,3.806,3.947,1348822785,5237822671,0.037046768260641016,3.6556999999999995,3.3979833333333334,0.21371463714637162
2026-05-12,3.952,3.966,3.907,3.94,1248083142,4919168160,-0.0017734988598936408,3.6867000000000005,3.4084333333333334,0.18925445215816472
2026-05-13,3.91,4.054,3.904,4.048,1215009887,4827427703,0.02741116751269046,3.71725,3.42095,0.2277828328783742
2026-05-14,4.092,4.104,3.948,3.961,1471968793,5906571389,-0.02149209486166015,3.7419000000000002,3.4330000000000003,0.22328597899938218
2026-05-15,3.961,4.015,3.88,3.97,1903600706,7510651175,0.0022721534965919332,3.7629000000000006,3.44535,0.2294828120161041
2026-05-18,3.912,3.971,3.892,3.923,1387092169,5450614721,-0.011838790931989918,3.7835,3.4553833333333333,0.18127070159590475
2026-05-19,3.901,3.931,3.82,3.922,1473240345,5712080576,-0.00025490695895991067,3.7984,3.4655666666666667,0.18453639383871945
2026-05-20,3.895,3.959,3.895,3.932,1160267846,4551859988,0.0025497195308514797,3.8115,3.47655,0.201344332416743
2026-05-21,3.97,4.029,3.835,3.846,1828414522,7219559133,-0.021871820956256283,3.8202,3.4853333333333336,0.1587827658933414
2026-05-22,3.877,3.959,3.866,3.946,1447580004,5660833954,0.026001040041601753,3.8334500000000005,3.496683333333333,0.20857580398162323
2026-05-25,3.982,4.034,3.916,4.034,1365032611,5436396960,0.02230106436898116,3.84725,3.509,0.22427921092564485
2026-05-26,4.012,4.07,3.997,4.055,1602324564,6460251325,0.005205751115518131,3.8636000000000004,3.5208500000000003,0.21261961722488043
2026-05-27,4.053,4.158,4.027,4.056,1747333142,7161587255,0.0002466091245376667,3.8827000000000007,3.5328500000000003,0.2158273381294964
2026-05-28,4.039,4.148,3.984,4.138,1401168181,5679123150,0.02021696252465488,3.907,3.5467999999999997,0.25355952741593457
2026-05-29,4.143,4.174,4.022,4.053,1617188056,6627594235,-0.020541324311261433,3.9295500000000003,3.55965,0.23491773308957953
