date,open,high,low,close,volume,amount,daily_return,ma20,ma60,momentum_60
2020-01-02,2.91,2.943,2.91,2.934,21465600,62973571,,,,
2020-01-03,2.934,2.939,2.918,2.927,18358800,53770238,-0.0023858214042263848,,,
2020-01-06,2.923,2.945,2.916,2.921,15483437,45362862,-0.00204988042364207,,,
2020-01-07,2.919,2.942,2.919,2.941,11067900,32464817,0.006846970215679482,,,
2020-01-08,2.939,2.939,2.914,2.921,33632500,98451932,-0.006800408024481452,,,
2020-01-09,2.93,2.946,2.93,2.944,30841600,90678072,0.007874015748031482,,,
2020-01-10,2.946,2.951,2.923,2.935,27117800,79515320,-0.0030570652173912416,,,
2020-01-13,2.936,2.948,2.923,2.946,15377228,45113383,0.0037478705281090985,,,
2020-01-14,2.954,2.966,2.951,2.961,33683100,99691694,0.005091649694500822,,,
2020-01-15,2.959,2.962,2.935,2.951,27896176,82198875,-0.0033772374197905686,,,
2020-01-16,2.951,2.954,2.939,2.947,13418300,39505598,-0.0013554727211114725,,,
2020-01-17,2.8,2.816,2.78,2.784,50045800,139739876,-0.05531048523922644,,,
2020-01-20,2.784,2.789,2.77,2.784,17899418,49786068,0.0,,,
2020-01-21,2.784,2.8,2.731,2.733,37772200,103736489,-0.018318965517241326,,,
2020-01-22,2.732,2.742,2.694,2.729,28097100,76434952,-0.0014635931211123276,,,
2020-01-23,2.72,2.73,2.649,2.667,52207000,140102816,-0.02271894466837676,,,
2020-02-03,2.456,2.456,2.41,2.418,112035245,273345272,-0.09336332958380189,,,
2020-02-04,2.418,2.483,2.413,2.482,48179164,118270914,0.026468155500413593,,,
2020-02-05,2.483,2.533,2.476,2.514,48715800,122103113,0.01289282836422223,,,
2020-02-06,2.516,2.53,2.49,2.52,40017228,100369276,0.0023866348448688957,2.79795,,
2020-02-07,2.513,2.515,2.49,2.514,28510302,71327681,-0.0023809523809524835,2.7769500000000003,,
2020-02-10,2.513,2.558,2.496,2.557,48961841,123865009,0.017104216388226012,2.7584500000000003,,
2020-02-11,2.563,2.585,2.553,2.571,23276100,59931699,0.005475166210402893,2.74095,,
2020-02-12,2.571,2.578,2.557,2.578,15841800,40669799,0.002722676001555735,2.7228000000000003,,
2020-02-13,2.576,2.581,2.56,2.562,16242100,41735460,-0.006206361520558534,2.70485,,
2020-02-14,2.559,2.578,2.558,2.577,13772501,35369095,0.005854800936768267,2.6864999999999997,,
2020-02-17,2.577,2.623,2.577,2.622,20454525,53193444,0.017462165308498312,2.67085,,
2020-02-18,2.623,2.635,2.612,2.624,19276778,50549235,0.0007627765064837089,2.65475,,
2020-02-19,2.623,2.634,2.615,2.622,16729928,43943939,-0.0007621951219513035,2.6378,,
2020-02-20,2.622,2.659,2.619,2.658,27621300,72937111,0.013729977116704761,2.62315,,
2020-02-21,2.658,2.692,2.655,2.674,34861600,93242672,0.0060195635816402415,2.6094999999999997,,
2020-02-24,2.672,2.672,2.638,2.656,29550843,78397388,-0.006731488406880981,2.6031,,
2020-02-25,2.625,2.626,2.58,2.622,32986360,86201915,-0.012801204819277157,2.5949999999999998,,
2020-02-26,2.59,2.661,2.59,2.629,29497556,77769726,0.002669717772692648,2.5898,,
2020-02-27,2.634,2.652,2.625,2.631,15448549,40738834,0.0007607455306199995,2.5849,,
2020-02-28,2.6,2.601,2.545,2.558,45632100,117307850,-0.027746104142911454,2.57945,,
2020-03-02,2.559,2.644,2.559,2.637,25554100,66931760,0.03088350273651308,2.5904,,
2020-03-03,2.66,2.68,2.628,2.644,27956618,74123983,0.0026545316647705874,2.5985,,
2020-03-04,2.637,2.669,2.629,2.668,19448548,51504815,0.00907715582450841,2.6062,,
2020-03-05,2.675,2.696,2.672,2.69,26597931,71445259,0.008245877061469287,2.6147,,
2020-03-06,2.675,2.675,2.655,2.667,15650597,41700405,-0.008550185873606009,2.62235,,
2020-03-09,2.621,2.63,2.593,2.596,30188173,78723001,-0.02662167229096357,2.6243,,
2020-03-10,2.59,2.639,2.578,2.633,24092650,62780319,0.014252696456086289,2.6274,,
2020-03-11,2.633,2.643,2.616,2.617,28118900,73949018,-0.006076718571971118,2.6293499999999996,,
2020-03-12,2.597,2.598,2.568,2.576,47657300,123026418,-0.015666794038975862,2.6300499999999998,,
2020-03-13,2.5,2.552,2.471,2.532,49634650,123932274,-0.017080745341614967,2.6277999999999997,,
2020-03-16,2.535,2.563,2.466,2.474,70245868,175597107,-0.02290679304897303,2.6204,,
2020-03-17,2.475,2.5,2.415,2.451,68388262,167649515,-0.00929668552950691,2.61175,,
2020-03-18,2.461,2.482,2.418,2.425,21863200,53621865,-0.010607915136679025,2.6018999999999997,,
2020-03-19,2.42,2.424,2.346,2.382,68702263,163124920,-0.01773195876288647,2.5881,,
2020-03-20,2.392,2.408,2.375,2.407,45074183,107946086,0.010495382031906031,2.57475,,
2020-03-23,2.369,2.369,2.326,2.332,49328364,115581757,-0.031159119235563026,2.55855,,
2020-03-24,2.368,2.378,2.341,2.374,17001240,40135107,0.018010291595197403,2.54615,,
2020-03-25,2.412,2.438,2.408,2.431,19826541,47980377,0.024010109519797762,2.53625,,
2020-03-26,2.428,2.43,2.411,2.413,11516199,27863057,-0.007404360345536931,2.5253500000000004,,
2020-03-27,2.433,2.449,2.423,2.426,13388400,32569254,0.005387484459179692,2.51875,,
2020-03-30,2.408,2.415,2.386,2.404,11349053,27207591,-0.00906842539159125,2.5071000000000003,,
2020-03-31,2.418,2.424,2.397,2.399,11625840,27981641,-0.002079866888519133,2.4948500000000005,,
2020-04-01,2.399,2.412,2.383,2.383,15514879,37211015,-0.00666944560233429,2.4806,,
2020-04-02,2.38,2.411,2.35,2.409,9669171,23115621,0.010910616869492129,2.46655,2.6264,
2020-04-03,2.409,2.414,2.393,2.402,11607900,27870440,-0.002905770029057564,2.4532999999999996,2.6175333333333333,-0.1813224267211997
2020-04-07,2.424,2.439,2.422,2.437,29299431,71197076,0.014571190674437906,2.4453500000000004,2.609366666666667,-0.16740690126409297
2020-04-08,2.434,2.439,2.424,2.438,17540055,42638473,0.00041034058268385465,2.4356,2.6013166666666665,-0.16535433070866135
2020-04-09,2.44,2.448,2.436,2.437,10279134,25092264,-0.00041017227235451426,2.4266,2.5929166666666665,-0.17137028221693307
2020-04-10,2.437,2.443,2.415,2.42,12059576,29270705,-0.006975789905621643,2.4188,2.5845666666666665,-0.171516603902773
2020-04-13,2.42,2.421,2.401,2.41,14483012,34854720,-0.004132231404958553,2.4127,2.5756666666666663,-0.1813858695652173
2020-04-14,2.413,2.435,2.413,2.434,8102577,19635709,0.009958506224066355,2.4107,2.567316666666667,-0.17069846678023848
2020-04-15,2.436,2.439,2.421,2.425,10541901,25590180,-0.003697617091208083,2.4094,2.5586333333333333,-0.17684996605566883
2020-04-16,2.421,2.424,2.41,2.417,7619700,18407450,-0.003298969072164981,2.409,2.5495666666666663,-0.18372171563660933
2020-04-17,2.424,2.435,2.421,2.424,11883921,28853016,0.002896152254861395,2.4111,2.540783333333333,-0.17858353100643853
2020-04-20,2.424,2.428,2.416,2.427,7853968,19036158,0.0012376237623763497,2.4120999999999997,2.5321166666666666,-0.176450627757041
2020-04-21,2.426,2.426,2.397,2.411,15734320,37874121,-0.006592501030078246,2.41605,2.5259,-0.13397988505747116
2020-04-22,2.404,2.413,2.394,2.412,10132561,24349178,0.00041476565740361515,2.41795,2.5197000000000003,-0.13362068965517238
2020-04-23,2.413,2.417,2.403,2.404,7994500,19257913,-0.0033167495854062867,2.4166,2.514216666666667,-0.12038053421148931
2020-04-24,2.403,2.404,2.382,2.386,37980200,90883924,-0.0074875207986687675,2.4152499999999995,2.5084999999999997,-0.12568706485892267
2020-04-27,2.387,2.401,2.386,2.397,10356299,24798664,0.004610226320201027,2.4138,2.5039999999999996,-0.10123734533183348
2020-04-28,2.395,2.396,2.346,2.379,17382100,41270508,-0.007509386733416723,2.41255,2.5033499999999997,-0.016129032258064613
2020-04-29,2.378,2.416,2.375,2.411,48644250,117150978,0.01345102984447255,2.41315,2.5021666666666667,-0.028605962933118567
2020-04-30,2.413,2.452,2.413,2.452,19040569,46484089,0.017005391953546223,2.4166,2.5011333333333337,-0.024661893396976886
2020-05-06,2.442,2.451,2.422,2.451,13009169,31727833,-0.0004078303425774088,2.4187000000000003,2.4999833333333332,-0.027380952380952395
2020-05-07,2.451,2.455,2.44,2.452,10075828,24666261,0.00040799673602598396,2.4212,2.49895,-0.024661893396976886
2020-05-08,2.453,2.472,2.453,2.469,11128490,27419101,0.006933115823817282,2.4227999999999996,2.4974833333333333,-0.03441533046538914
2020-05-11,2.469,2.483,2.457,2.467,21041200,51939193,-0.000810044552450262,2.42425,2.49575,-0.04045118630882927
2020-05-12,2.467,2.469,2.446,2.456,10720100,26317435,-0.0044588569112282705,2.4252,2.4937166666666664,-0.0473235065942591
2020-05-13,2.45,2.461,2.441,2.458,9637900,23617878,0.0008143322475571146,2.4271000000000003,2.491983333333333,-0.04059328649492566
2020-05-14,2.458,2.459,2.434,2.434,77861700,190026189,-0.009764035801464566,2.4282999999999997,2.4896,-0.05549088086922771
2020-05-15,2.436,2.444,2.427,2.429,25505300,62064873,-0.0020542317173378732,2.42805,2.4863833333333334,-0.07360793287566747
2020-05-18,2.43,2.436,2.422,2.429,8652600,21022955,0.0,2.42825,2.4831333333333334,-0.07431402439024404
2020-05-19,2.435,2.446,2.431,2.437,6950400,16948798,0.0032935364347468354,2.42925,2.48005,-0.07055682684973308
2020-05-20,2.437,2.438,2.419,2.421,13320500,32309727,-0.006565449322938011,2.4291,2.4761,-0.08916478555304741
2020-05-21,2.422,2.427,2.41,2.413,9665100,23388835,-0.00330441966129702,2.4284000000000003,2.47175,-0.09760658189977567
2020-05-22,2.414,2.415,2.371,2.379,27280200,65090336,-0.014090343970161512,2.4268,2.4671333333333334,-0.10429216867469882
2020-05-25,2.379,2.38,2.364,2.378,9989000,23696059,-0.00042034468263973945,2.4251,2.4630666666666667,-0.09305873379099916
2020-05-26,2.38,2.391,2.379,2.39,7941076,18940283,0.005046257359125228,2.4244,2.459083333333333,-0.09090909090909083
2020-05-27,2.391,2.408,2.389,2.402,26009376,62509329,0.00502092050209213,2.4252000000000002,2.4552666666666663,-0.08703914861269468
2020-05-28,2.402,2.414,2.391,2.406,26277401,63106460,0.0016652789342215257,2.42565,2.452733333333333,-0.05942142298670827
2020-05-29,2.403,2.403,2.386,2.392,9977137,23868146,-0.005818786367414841,2.4263,2.4486499999999998,-0.09290860826697012
2020-06-01,2.392,2.433,2.392,2.432,21745950,52608255,0.01672240802675584,2.4273499999999997,2.4451166666666664,-0.08018154311649028
2020-06-02,2.432,2.443,2.43,2.438,14063069,34259832,0.002467105263157965,2.42665,2.4412833333333332,-0.08620689655172409
2020-06-03,2.445,2.465,2.445,2.448,13050798,32075021,0.00410172272354381,2.4265,2.43725,-0.08996282527881039
2020-06-04,2.467,2.469,2.45,2.459,16885371,41494345,0.004493464052287566,2.42685,2.4337833333333334,-0.0779902512185976
2020-06-05,2.459,2.459,2.436,2.444,9975000,24373943,-0.0061000406669378116,2.4256,2.43125,-0.05855161787365182
2020-06-08,2.446,2.46,2.446,2.454,10981565,26947076,0.004091653027823439,2.42495,2.4282666666666666,-0.06798328902392703
2020-06-09,2.454,2.462,2.454,2.46,9353999,22998635,0.0024449877750609694,2.42515,2.42565,-0.059992357661444395
2020-06-10,2.46,2.461,2.446,2.45,7905475,19367438,-0.004065040650406471,2.42475,2.42355,-0.048913043478260865
2020-06-11,2.452,2.453,2.43,2.433,16735794,40868325,-0.006938775510204276,2.4247,2.4219,-0.03909952606635081
2020-06-12,2.42,2.431,2.401,2.43,7978310,19284839,-0.0012330456226878894,2.4247500000000004,2.4211666666666662,-0.017784963621665373
2020-06-15,2.43,2.431,2.411,2.414,10970301,26533394,-0.006584362139917754,2.424,2.42055,-0.01509587923296607
2020-06-16,2.42,2.444,2.42,2.442,10908326,26556886,0.011599005799503015,2.42425,2.4208333333333334,0.007010309278350668
2020-06-17,2.442,2.456,2.441,2.45,8927254,21854047,0.003276003276003303,2.4257,2.421966666666667,0.028547439126784147
2020-06-18,2.45,2.477,2.444,2.471,17106447,42231964,0.008571428571428452,2.4286,2.4230333333333336,0.026589115081013803
2020-06-19,2.471,2.473,2.462,2.468,11886817,29317250,-0.001214083367057972,2.43305,2.4253,0.05831903945111505
2020-06-22,2.468,2.47,2.453,2.456,13525131,33299644,-0.004862236628849326,2.4369500000000004,2.4266666666666667,0.034540859309182714
2020-06-23,2.456,2.456,2.442,2.447,10342342,25303913,-0.0036644951140064608,2.4398,2.426933333333333,0.0065816536404772474
2020-06-24,2.448,2.455,2.446,2.45,10856442,26594894,0.001225991009399241,2.4422,2.4275500000000005,0.01533360961458774
2020-06-29,2.45,2.45,2.429,2.432,19448400,47366741,-0.007346938775510292,2.4435,2.42765,0.002473206924979321
2020-06-30,2.436,2.451,2.436,2.449,15570536,38082316,0.006990131578947345,2.44635,2.4284000000000003,0.018718801996672196
2020-07-01,2.451,2.49,2.451,2.489,29737649,73582846,0.016333197223356466,2.4492000000000003,2.4299000000000004,0.03751563151313042
2020-07-02,2.49,2.548,2.48,2.546,30811623,77790752,0.022900763358778553,2.4546,2.4326166666666666,0.06840117498950904
2020-07-03,2.55,2.591,2.55,2.583,32670780,84128419,0.014532600157109332,2.46135,2.4355166666666666,0.07222914072229147
2020-07-06,2.597,2.773,2.597,2.766,124745179,335636633,0.07084785133565608,2.4767,2.4415833333333334,0.15154038301415484
2020-07-07,2.783,2.853,2.71,2.723,98402743,271302252,-0.01554591467823574,2.49065,2.4463500000000002,0.11735740664751737
2020-07-08,2.724,2.766,2.695,2.763,47165112,128657329,0.014689680499449187,2.5061,2.4517666666666664,0.13330598851517617
2020-07-09,2.76,2.782,2.726,2.775,42765544,117747755,0.004343105320304019,2.5218499999999997,2.4574,0.13869511694706604
2020-07-10,2.775,2.775,2.7,2.713,37008709,101117270,-0.022342342342342336,2.535,2.4622833333333336,0.12107438016528937
2020-07-13,2.712,2.774,2.705,2.766,38728155,106373636,0.019535569480280124,2.55165,2.468216666666667,0.14771784232365137
2020-07-14,2.768,2.793,2.712,2.75,30940007,85222858,-0.005784526391901634,2.5676499999999995,2.4734833333333333,0.12982744453574346
2020-07-15,2.76,2.766,2.685,2.71,34679511,94254557,-0.014545454545454528,2.58245,2.4782333333333337,0.11752577319587632
2020-07-16,2.71,2.732,2.636,2.638,58599094,157999641,-0.0265682656826568,2.59225,2.4819166666666663,0.09143566404633852
2020-07-17,2.639,2.67,2.62,2.64,29394901,77658678,0.0007581501137225999,2.60175,2.485516666666667,0.08910891089108919
2020-07-20,2.644,2.744,2.644,2.741,38802901,105211891,0.038257575757575824,2.61525,2.49075,0.12937783271528636
2020-07-21,2.745,2.756,2.725,2.734,23558385,64526973,-0.002553812477198103,2.6285499999999997,2.4961333333333333,0.13396930734135215
2020-07-22,2.734,2.767,2.731,2.735,28182310,77405401,0.00036576444769553795,2.6424999999999996,2.501516666666667,0.13391376451077952
2020-07-23,2.732,2.732,2.662,2.702,23980259,64632557,-0.012065813528336355,2.65525,2.5064833333333336,0.12396006655574054
2020-07-24,2.702,2.703,2.608,2.625,30262153,80259980,-0.02849740932642486,2.664,2.510466666666667,0.10016764459346184
2020-07-27,2.625,2.64,2.597,2.612,17652155,46116246,-0.00495238095238093,2.673,2.51405,0.08969545264914491
2020-07-28,2.614,2.643,2.614,2.631,13779755,36238028,0.0072741194486982685,2.6820999999999997,2.51825,0.10592686002522056
2020-07-29,2.622,2.667,2.613,2.662,18831000,49853066,0.01178259217027744,2.69075,2.5224333333333333,0.10410618000829519
2020-07-30,2.674,2.685,2.663,2.664,14300005,38197043,0.0007513148009017367,2.69665,2.5259666666666667,0.08646003262642754
2020-07-31,2.665,2.7,2.66,2.683,16872600,45235326,0.007132132132132041,2.70165,2.5298333333333334,0.09465524275805781
2020-08-03,2.702,2.746,2.702,2.744,38991010,106396095,0.02273574357063013,2.70055,2.5347,0.11908646003262646
2020-08-04,2.758,2.765,2.73,2.745,34065113,93639375,0.00036443148688047877,2.70165,2.5393,0.11178614823815325
2020-08-05,2.745,2.745,2.708,2.73,11912412,32472526,-0.005464480874316946,2.7,2.543683333333333,0.10660721524118366
2020-08-06,2.731,2.747,2.714,2.743,22095712,60406271,0.004761904761904745,2.6984000000000004,2.548466666666667,0.11685667752442996
2020-08-07,2.743,2.743,2.71,2.738,26491100,72247637,-0.0018228217280349401,2.69965,2.5531333333333337,0.1139137510170869
2020-08-10,2.74,2.777,2.74,2.77,51219000,141510518,0.011687363038714427,2.69985,2.5587333333333335,0.1380443714050945
2020-08-11,2.77,2.798,2.75,2.757,38725738,107374357,-0.004693140794223782,2.7002,2.5642,0.13503499382461936
2020-08-12,2.757,2.757,2.703,2.737,28792438,78540471,-0.007254261878853807,2.70155,2.5693333333333332,0.1268011527377524
2020-08-13,2.742,2.768,2.74,2.761,29272279,80813546,0.008768724881256906,2.7077,2.574733333333333,0.1329503487894954
2020-08-14,2.763,2.777,2.73,2.775,19437479,53639602,0.005070626584570803,2.7144500000000003,2.580633333333333,0.14622057001239153
2020-08-17,2.78,2.85,2.78,2.837,42424966,119849839,0.022342342342342336,2.71925,2.5877,0.17571487774554506
2020-08-18,2.838,2.848,2.832,2.84,24444800,69438217,0.0010574550581599063,2.72455,2.5953833333333334,0.19377889869693132
2020-08-19,2.843,2.86,2.825,2.832,25836863,73408872,-0.0028169014084507005,2.7294,2.6029500000000003,0.19091673675357423
2020-08-20,2.832,2.835,2.81,2.817,18092500,51066795,-0.005296610169491456,2.73515,2.610066666666667,0.1786610878661088
2020-08-21,2.818,2.829,2.801,2.814,21971653,61897373,-0.0010649627263046302,2.7446,2.6169333333333338,0.1715237302248127
2020-08-24,2.822,2.828,2.812,2.818,18544900,52289385,0.001421464108031234,2.7549,2.6238,0.17123857024106393
2020-08-25,2.829,2.836,2.798,2.805,23720800,66759614,-0.004613200851667831,2.7636000000000003,2.6306833333333333,0.1726588628762542
2020-08-26,2.805,2.807,2.757,2.765,29135700,80913934,-0.014260249554367221,2.76875,2.6362333333333337,0.13692434210526327
2020-08-27,2.767,2.773,2.745,2.766,14644100,40404289,0.00036166365280276835,2.7738500000000004,2.6417,0.13453650533223938
2020-08-28,2.766,2.802,2.762,2.799,16309809,45376963,0.01193058568329719,2.77965,2.6475500000000003,0.1433823529411764
2020-08-31,2.807,2.817,2.788,2.789,23266700,65267813,-0.0035727045373347144,2.7819000000000003,2.65305,0.1342008946726312
2020-09-01,2.789,2.791,2.766,2.787,14881400,41358405,-0.0007171029042668531,2.784,2.6587666666666667,0.14034369885433717
2020-09-02,2.79,2.799,2.775,2.787,12580046,35072501,0.0,2.7868500000000003,2.6643166666666667,0.13569682151589224
2020-09-03,2.787,2.804,2.775,2.782,15520500,43261289,-0.0017940437746680749,2.7887999999999997,2.669683333333333,0.1308943089430894
2020-09-04,2.781,2.781,2.737,2.762,23513500,64665831,-0.007189072609633418,2.79,2.6748833333333333,0.12734693877551018
2020-09-07,2.765,2.786,2.745,2.749,23904000,66094335,-0.004706734250543021,2.7889500000000003,2.68015,0.12988080558980686
2020-09-08,2.752,2.766,2.74,2.761,18505900,50874352,0.004365223717715638,2.7891500000000002,2.685666666666667,0.1362139917695473
2020-09-09,2.749,2.757,2.725,2.739,22490200,61736833,-0.007968127490039945,2.78925,2.691083333333333,0.13463131731565858
2020-09-10,2.743,2.756,2.718,2.721,22214200,60782705,-0.006571741511500417,2.78725,2.6957333333333335,0.11425061425061411
2020-09-11,2.722,2.723,2.697,2.718,21580310,58411098,-0.0011025358324145973,2.7844,2.7002,0.1093877551020408
2020-09-14,2.721,2.727,2.71,2.72,18116100,49250503,0.0007358351729214174,2.77855,2.70435,0.10076891946580346
2020-09-15,2.722,2.728,2.716,2.728,13407600,36514086,0.002941176470588225,2.7729500000000002,2.708683333333333,0.10534846029173428
2020-09-16,2.728,2.746,2.722,2.736,13233200,36163205,0.0029325513196480912,2.76815,2.71335,0.1140065146579805
2020-09-17,2.736,2.749,2.725,2.739,15109799,41304773,0.0010964912280699846,2.76425,2.718216666666667,0.11932979158152834
2020-09-18,2.74,2.774,2.734,2.773,16807856,46349784,0.01241328952172327,2.7622,2.7236,0.13183673469387758
2020-09-21,2.775,2.778,2.758,2.761,19910400,55106746,-0.0043274432023079346,2.7593500000000004,2.7290833333333335,0.13527960526315796
2020-09-22,2.759,2.759,2.723,2.729,22888500,62644825,-0.011590003621876122,2.7555500000000004,2.73375,0.11433238056349548
2020-09-23,2.73,2.738,2.721,2.728,13461121,36709774,-0.0003664345914253797,2.7537000000000003,2.737733333333333,0.09602249899558069
2020-09-24,2.728,2.729,2.685,2.689,44416800,119783094,-0.014296187683284556,2.74985,2.7401166666666663,0.056166535742341095
2020-09-25,2.692,2.7,2.668,2.683,28910200,77525757,-0.002231312755671344,2.74405,2.7417833333333332,0.038714672861014154
2020-09-28,2.684,2.691,2.677,2.685,18749300,50310694,0.000745434215430496,2.7388500000000002,2.7404333333333337,-0.029284164859002204
2020-09-29,2.687,2.699,2.68,2.685,18680200,50226038,0.0,2.7337499999999997,2.7398000000000002,-0.013955196474476628
2020-09-30,2.685,2.695,2.666,2.678,41309900,110765364,-0.0026070763500931626,2.7283,2.738383333333333,-0.030763662685486803
2020-10-09,2.695,2.724,2.695,2.715,40924200,111125926,0.013816280806572045,2.72495,2.7373833333333337,-0.021621621621621623
2020-10-12,2.717,2.761,2.717,2.76,46064600,126423400,0.016574585635359185,2.72485,2.7381666666666664,0.017323995576852047
2020-10-13,2.762,2.766,2.741,2.755,34909088,95966368,-0.0018115942028985588,2.72515,2.737983333333333,-0.003976861894432471
2020-10-14,2.756,2.758,2.74,2.743,26976790,74019256,-0.00435571687840286,2.72425,2.7378666666666667,-0.0025454545454546285
2020-10-15,2.743,2.745,2.732,2.735,27133500,74282779,-0.002916514764855993,2.72405,2.7382833333333334,0.009225092250922495
2020-10-16,2.735,2.745,2.731,2.738,23739384,64969079,0.00109689213893982,2.7249000000000003,2.7399500000000003,0.037907505686126
2020-10-19,2.741,2.765,2.724,2.727,36930285,101239060,-0.004017531044558154,2.7253499999999997,2.7414,0.03295454545454546
2020-10-20,2.727,2.727,2.707,2.723,32603500,88480760,-0.0014668133480014722,2.7255,2.7411000000000003,-0.006566946369938043
2020-10-21,2.723,2.726,2.707,2.719,23769600,64472769,-0.0014689680499448965,2.72505,2.74085,-0.00548646671543529
2020-10-22,2.719,2.721,2.703,2.707,21742300,58869977,-0.0044133872747333935,2.7236000000000002,2.7403833333333334,-0.010237659963436951
2020-10-23,2.708,2.716,2.696,2.699,31477200,85140349,-0.002955301071296601,2.7215999999999996,2.740333333333333,-0.0011102886750555818
2020-10-26,2.698,2.699,2.677,2.683,45663300,122566975,-0.005928121526491248,2.7171,2.7413,0.022095238095237946
2020-10-27,2.681,2.682,2.667,2.675,30302600,81001808,-0.002981736861721984,2.7128,2.74235,0.024119448698315393
2020-10-28,2.675,2.682,2.66,2.679,26585300,71003267,0.0014953271028037562,2.7102999999999997,2.74315,0.018244013683010207
2020-10-29,2.671,2.709,2.662,2.703,25558298,68721500,0.008958566629339249,2.70905,2.7438333333333333,0.015401953418482384
2020-10-30,2.703,2.72,2.684,2.687,45852800,123949283,-0.005919348871624153,2.7089499999999997,2.7442166666666665,0.008633633633633453
2020-11-02,2.688,2.703,2.688,2.698,27923400,75251306,0.004093784890212282,2.7096999999999998,2.744466666666667,0.00559075661572872
2020-11-03,2.7,2.718,2.7,2.716,24090253,65332039,0.006671608598962209,2.7112499999999997,2.744,-0.010204081632653073
2020-11-04,2.719,2.743,2.719,2.741,35806409,97888753,0.009204712812960203,2.71405,2.743933333333333,-0.0014571948998178819
2020-11-05,2.756,2.79,2.756,2.787,73543686,203925070,0.016782196278730233,2.7194999999999996,2.7448833333333336,0.020879120879120805
2020-11-06,2.787,2.811,2.782,2.81,45967140,128530808,0.008252601363473389,2.72425,2.746,0.024425811155668997
2020-11-09,2.825,2.865,2.825,2.861,45194953,128957853,0.018149466192170838,2.7293,2.7480499999999997,0.044923301680058536
2020-11-10,2.87,2.878,2.844,2.85,38248200,109412684,-0.00384480950716537,2.73405,2.7493833333333337,0.028880866425992746
2020-11-11,2.849,2.878,2.841,2.865,29470659,84417847,0.0052631578947368585,2.74015,2.751183333333333,0.03917301414581065
2020-11-12,2.865,2.88,2.855,2.878,24220900,69508821,0.0045375218150087715,2.7473,2.753533333333334,0.051516258677384075
2020-11-13,2.878,2.878,2.84,2.858,36077100,102844184,-0.006949270326615742,2.7533,2.7551500000000004,0.03513219847881199
2020-11-16,2.868,2.917,2.868,2.915,38361550,111162587,0.019944016794961383,2.7627,2.7574833333333335,0.0504504504504506
2020-11-17,2.916,2.94,2.916,2.926,45682866,133807502,0.0037735849056603765,2.77285,2.7589666666666663,0.03137116672541418
2020-11-18,2.926,2.943,2.921,2.94,35912700,105357250,0.004784688995215225,2.7839,2.760633333333333,0.035211267605633756
2020-11-19,2.94,2.942,2.911,2.921,43161200,125980432,-0.006462585034013646,2.7946,2.7621166666666666,0.03142655367231639
2020-11-20,2.921,2.936,2.908,2.936,27296501,79757752,0.005135227661759778,2.8064500000000003,2.7640999999999996,0.04224352147674826
2020-11-23,2.939,2.995,2.938,2.98,42959258,127699260,0.014986376021798309,2.8213,2.7668666666666666,0.058990760483297766
2020-11-24,2.986,2.99,2.961,2.975,44132800,131167208,-0.001677852348993203,2.8363,2.7694833333333335,0.05571327182398855
2020-11-25,2.977,2.989,2.94,2.943,57585101,170650783,-0.010756302521008454,2.8495,2.7717833333333335,0.04919786096256673
2020-11-26,2.943,2.944,2.919,2.935,31007500,90782480,-0.0027183146449201168,2.8611,2.7746166666666663,0.061482820976491936
2020-11-27,2.935,2.96,2.922,2.956,32894000,96718857,0.007155025553662764,2.87455,2.7777833333333333,0.06869125090383221
2020-11-30,2.958,2.98,2.924,2.929,51682300,152637647,-0.009133964817320761,2.8861,2.77995,0.04644515898535184
2020-12-01,2.929,2.94,2.905,2.935,39893801,116442245,0.002048480710139966,2.89705,2.7823833333333337,0.0523485120114735
2020-12-02,2.936,2.945,2.921,2.937,21991109,64550266,0.0006814310051106443,2.90685,2.784883333333333,0.053821313240043134
2020-12-03,2.935,2.935,2.906,2.912,48251100,140638710,-0.008512087163772497,2.9131,2.7869666666666664,0.04485109436670265
2020-12-04,2.912,2.913,2.879,2.901,52082569,150592675,-0.003777472527472514,2.91765,2.7889500000000003,0.04277498202731844
2020-12-07,2.902,2.907,2.857,2.857,75372200,216417847,-0.015167183729748235,2.91745,2.7905333333333338,0.03439536567704571
2020-12-08,2.858,2.87,2.845,2.85,44291900,126420293,-0.0024501225061253074,2.91745,2.792216666666667,0.03674063295743912
2020-12-09,2.851,2.853,2.81,2.812,66156400,187336248,-0.01333333333333342,2.9148,2.793066666666667,0.01847156827236507
2020-12-10,2.812,2.832,2.811,2.829,42267200,119307764,0.006045519203414118,2.91235,2.794566666666667,0.032858707557502864
2020-12-11,2.83,2.84,2.8,2.822,55688600,156835352,-0.002474372569812644,2.91055,2.79625,0.037118706357956555
2020-12-14,2.823,2.826,2.772,2.784,94869800,264092476,-0.013465627214741427,2.9040000000000004,2.79735,0.024282560706401668
2020-12-15,2.785,2.787,2.751,2.771,105006300,290263523,-0.004669540229884972,2.89625,2.7982,0.018749999999999822
2020-12-16,2.771,2.781,2.763,2.769,84800000,235116497,-0.0007217610970767785,2.8876999999999997,2.798883333333334,0.015029325513196357
2020-12-17,2.769,2.795,2.747,2.795,79628901,220160391,0.009389671361502261,2.8814,2.7998666666666665,0.021564327485380064
2020-12-18,2.795,2.829,2.795,2.813,69945300,196894103,0.006440071556350624,2.87525,2.8011,0.027017159547280123
2020-12-21,2.813,2.825,2.796,2.817,54380600,153022200,0.0014219694276573769,2.8670999999999998,2.801833333333333,0.015867291741795908
2020-12-22,2.815,2.815,2.751,2.758,139462000,387481612,-0.020944266950656765,2.85625,2.8017833333333333,-0.0010865628395508864
2020-12-23,2.76,2.771,2.75,2.761,66569592,183850257,0.0010877447425670095,2.84715,2.8023166666666666,0.011725906925613705
2020-12-24,2.762,2.771,2.741,2.751,88711500,244001282,-0.003621876131836399,2.83795,2.8027,0.008431085043988151
2020-12-25,2.75,2.773,2.737,2.761,43828682,120726443,0.0036350418029809095,2.8282,2.8039,0.02677575306805502
2020-12-28,2.761,2.765,2.74,2.748,72723800,199890477,-0.004708438971387174,2.81915,2.804983333333333,0.02422661200149112
2020-12-29,2.749,2.756,2.721,2.723,104982700,286844709,-0.00909752547307141,2.80855,2.8056166666666664,0.014152700186219613
2020-12-30,2.724,2.739,2.714,2.728,49561000,135138473,0.0018362100624311761,2.7981000000000003,2.8063333333333333,0.016014897579143428
2020-12-31,2.728,2.742,2.721,2.739,76564118,209146504,0.004032258064516014,2.78945,2.80735,0.022778192681105258
2021-01-04,2.739,2.746,2.721,2.746,89204540,244058653,0.002555677254472588,2.7817,2.8078666666666665,0.011418047882136406
2021-01-05,2.746,2.746,2.701,2.724,192253570,521180251,-0.008011653313911071,2.77505,2.8072666666666666,-0.013043478260869379
2021-01-06,2.724,2.73,2.709,2.721,81536612,221425261,-0.0011013215859031478,2.7686,2.8066999999999998,-0.012341197822141492
2021-01-07,2.721,2.726,2.7,2.711,107618900,291741604,-0.00367511944138188,2.76355,2.806166666666667,-0.011666059059423972
2021-01-08,2.712,2.726,2.699,2.724,74348680,201713302,0.004795278495020483,2.7582999999999998,2.805983333333333,-0.004021937842778711
2021-01-11,2.725,2.728,2.687,2.691,232458300,628123151,-0.01211453744493407,2.75175,2.8051999999999997,-0.017165814463111828
2021-01-12,2.692,2.714,2.691,2.712,167610400,452203403,0.0078037904124861335,2.74815,2.80495,-0.005500550055005382
2021-01-13,2.713,2.727,2.705,2.719,128080182,347696897,0.002581120943952575,2.74555,2.8048833333333336,-0.0014689680499448965
2021-01-14,2.719,2.728,2.705,2.717,136854100,371970557,-0.0007355645457888249,2.74295,2.80485,-0.0007355645457888249
2021-01-15,2.717,2.74,2.717,2.735,98152300,268201390,0.006624953993374927,2.73995,2.8053166666666667,0.010343553749538215
2021-01-18,2.63,2.63,2.59,2.608,254796253,662468899,-0.04643510054844602,2.7297000000000002,2.8038000000000003,-0.03371619118191915
2021-01-19,2.609,2.626,2.591,2.611,105008200,273791601,0.0011503067484663898,2.7194000000000003,2.8026,-0.026835631755497413
2021-01-20,2.612,2.62,2.601,2.609,88787700,231582660,-0.0007659900421295163,2.71195,2.8015,-0.024672897196261645
2021-01-21,2.61,2.622,2.603,2.613,126398663,330260802,0.0015331544653123252,2.70455,2.8004000000000002,-0.024636058230683044
2021-01-22,2.615,2.616,2.583,2.589,186428400,483418012,-0.009184845005740572,2.69645,2.7984999999999998,-0.042175360710321796
2021-01-25,2.589,2.589,2.552,2.554,169997258,434816368,-0.013518733101583691,2.6861,2.7962833333333337,-0.04949758094529211
2021-01-26,2.554,2.562,2.541,2.543,88596998,225861634,-0.004306969459671017,2.6758499999999996,2.7937000000000003,-0.05744996293550775
2021-01-27,2.543,2.558,2.54,2.542,68979801,175708397,-0.00039323633503751676,2.6668,2.7908,-0.06406480117820335
2021-01-28,2.541,2.541,2.508,2.51,84392500,212364201,-0.012588512981903999,2.6559,2.78695,-0.08427581174753751
2021-01-29,2.511,2.522,2.48,2.494,88992600,222661855,-0.006374501992031711,2.64365,2.7820666666666667,-0.10513096519555065
2021-02-01,2.495,2.514,2.479,2.511,70410800,175456696,0.006816359262229232,2.6319,2.777083333333333,-0.10640569395017796
2021-02-02,2.511,2.519,2.51,2.517,52999500,133239426,0.002389486260453877,2.62155,2.77135,-0.1202376791331703
2021-02-03,2.517,2.519,2.492,2.497,59234753,148138871,-0.007945967421533529,2.61035,2.7654666666666667,-0.12385964912280711
2021-02-04,2.496,2.497,2.47,2.48,96577200,239479290,-0.00680816980376453,2.5987999999999998,2.7590500000000002,-0.13438045375218155
2021-02-05,2.48,2.505,2.471,2.499,54482700,135912033,0.007661290322580783,2.58755,2.752733333333333,-0.13168867268936757
2021-02-08,2.499,2.521,2.493,2.512,60929500,152932794,0.005202080832332978,2.5786000000000002,2.7469666666666663,-0.12106368089573127
2021-02-09,2.512,2.528,2.503,2.528,53307600,134176836,0.006369426751592355,2.5694,2.7405166666666663,-0.13276157804459687
2021-02-10,2.529,2.549,2.529,2.547,88683800,225287629,0.007515822784810222,2.5607999999999995,2.7342000000000004,-0.1295283663704716
2021-02-18,2.57,2.614,2.57,2.61,132889512,345074493,0.02473498233215543,2.5554499999999996,2.7287000000000003,-0.11224489795918369
2021-02-19,2.61,2.664,2.61,2.662,256265253,678413720,0.01992337164750957,2.5518,2.7243833333333334,-0.0886682642930503
2021-02-22,2.664,2.741,2.664,2.706,359092551,974001080,0.016528925619834656,2.5567,2.7205500000000002,-0.07833787465940056
2021-02-23,2.707,2.708,2.669,2.678,140518500,377243394,-0.010347376201034764,2.5600499999999995,2.7155166666666664,-0.1013422818791947
2021-02-24,2.678,2.683,2.63,2.647,109227718,290277016,-0.011575802837938798,2.5619500000000004,2.7100500000000003,-0.11025210084033621
2021-02-25,2.649,2.699,2.649,2.689,127616364,342697828,0.015867019267094884,2.5657500000000004,2.7058166666666663,-0.0863064899762147
2021-02-26,2.683,2.683,2.631,2.637,111138522,294372947,-0.01933804388248417,2.56815,2.7008500000000004,-0.1015332197614992
2021-03-01,2.638,2.673,2.638,2.672,67053130,178164590,0.013272658323852937,2.57405,2.6961166666666667,-0.09607577807848433
2021-03-02,2.682,2.69,2.64,2.657,108083800,287602350,-0.0056137724550898715,2.57975,2.6915833333333334,-0.09286445885967898
2021-03-03,2.658,2.724,2.657,2.722,192024826,519298299,0.024463680843056057,2.58875,2.688033333333333,-0.07257240204429305
2021-03-04,2.722,2.747,2.706,2.718,191659010,521915480,-0.0014695077149154967,2.5991500000000003,2.684383333333334,-0.07456588355464755
2021-03-05,2.7,2.702,2.668,2.69,74136501,198911686,-0.010301692420897735,2.60895,2.6806833333333335,-0.07623626373626369
2021-03-08,2.698,2.724,2.673,2.679,90904501,245276984,-0.004089219330855043,2.61735,2.6769833333333333,-0.0765253360910031
2021-03-09,2.68,2.708,2.63,2.668,173080230,462668973,-0.004106009705113767,2.6249,2.6738333333333335,-0.0661533076653833
2021-03-10,2.675,2.683,2.65,2.653,81362543,216657580,-0.005622188905547221,2.6327,2.67055,-0.06912280701754392
2021-03-11,2.653,2.702,2.653,2.7,82849742,222134441,0.017715793441387184,2.6437,2.668683333333333,-0.03982930298719756
2021-03-12,2.708,2.735,2.694,2.727,118048813,320777473,0.009999999999999787,2.6551,2.6669833333333335,-0.03605514316012737
2021-03-15,2.727,2.762,2.726,2.752,119698300,328923973,0.009167583425009118,2.6671,2.6658166666666667,-0.024805102763997278
2021-03-16,2.753,2.76,2.73,2.755,67204512,184760888,0.0010901162790697416,2.67845,2.6653333333333338,-0.01041666666666663
2021-03-17,2.754,2.754,2.724,2.741,57404264,157032518,-0.005081669691469948,2.6881500000000003,2.664833333333333,-0.010826416456152899
2021-03-18,2.742,2.755,2.735,2.741,48444000,132942329,0.0,2.6947,2.6643666666666665,-0.010111953773925597
2021-03-19,2.735,2.745,2.712,2.724,62021300,169068636,-0.006202116016052472,2.6978,2.6631833333333335,-0.02540250447227177
2021-03-22,2.725,2.755,2.725,2.75,74633547,204915599,0.009544787077826689,2.7,2.662133333333333,-0.022396018485602576
2021-03-23,2.75,2.755,2.716,2.729,80547937,219659532,-0.007636363636363552,2.70255,2.6606666666666667,-0.03123890663826767
2021-03-24,2.714,2.723,2.671,2.681,120757515,324573370,-0.01758886038842067,2.70425,2.659383333333333,-0.027918781725888353
2021-03-25,2.681,2.702,2.68,2.683,59891149,161015722,0.0007459903021260761,2.70395,2.6580833333333334,-0.028250633828323157
2021-03-26,2.685,2.717,2.685,2.715,57568100,155937201,0.011926947446887715,2.7078499999999996,2.6574833333333334,-0.013086150490730697
2021-03-29,2.728,2.756,2.718,2.751,120932801,331974442,0.013259668508287303,2.7117999999999998,2.6573166666666665,-0.003621876131836399
2021-03-30,2.751,2.755,2.728,2.75,59314402,162653170,-0.00036350418029806875,2.7164499999999996,2.65735,0.0007278020378456151
2021-03-31,2.75,2.75,2.732,2.743,46845700,128365046,-0.0025454545454546285,2.7175000000000002,2.6576833333333334,0.0073448402497244825
2021-04-01,2.744,2.769,2.737,2.761,83195736,228877523,0.006562158220926095,2.71965,2.6582333333333334,0.012096774193548265
2021-04-02,2.761,2.766,2.733,2.738,101892951,279346455,-0.008330315103223462,2.7220500000000003,2.6582166666666667,-0.0003650967506388936
2021-04-06,2.74,2.752,2.74,2.745,54854031,150624758,0.0025566106647187947,2.7253499999999997,2.6582000000000003,-0.00036416605972322547
2021-04-07,2.745,2.767,2.732,2.765,86225406,237430449,0.007285974499089187,2.7302,2.6588833333333333,0.015051395007342094
2021-04-08,2.765,2.779,2.759,2.766,71461106,197769558,0.00036166365280276835,2.73585,2.6596333333333333,0.016538037486218293
2021-04-09,2.767,2.774,2.754,2.77,71050201,196649971,0.001446131597975464,2.73935,2.660616666666667,0.02176318701586144
2021-04-12,2.771,2.786,2.764,2.777,83678812,232461120,0.002527075812274404,2.7418500000000003,2.6614999999999998,0.019456681350954463
2021-04-13,2.775,2.776,2.744,2.745,121185500,333601945,-0.011523226503420969,2.7415,2.6624,0.020066889632107232
2021-04-14,2.745,2.756,2.738,2.751,71205500,195551283,0.0021857923497266007,2.7413000000000003,2.6630499999999997,0.014380530973451267
2021-04-15,2.752,2.759,2.746,2.755,39205901,107935626,0.001454016721192275,2.742,2.6636499999999996,0.01324016182420018
2021-04-16,2.755,2.799,2.755,2.79,142883054,398129699,0.012704174228675091,2.7444499999999996,2.664866666666667,0.026867868973132092
2021-04-19,2.79,2.809,2.781,2.802,67400401,188719748,0.004301075268817289,2.74835,2.6659833333333336,0.024497257769652725
2021-04-20,2.799,2.802,2.791,2.794,61519900,172056437,-0.002855103497501732,2.75055,2.669083333333333,0.07131901840490795
2021-04-21,2.79,2.792,2.772,2.785,58733800,163354733,-0.003221188260558283,2.75335,2.671983333333334,0.06664113366526236
2021-04-22,2.785,2.811,2.785,2.793,57038100,159684490,0.0028725314183124517,2.7589499999999996,2.6750499999999997,0.07052510540436963
2021-04-23,2.789,2.791,2.776,2.788,83048600,231116294,-0.001790189760114691,2.7641999999999998,2.677966666666667,0.06697282816685801
2021-04-26,2.792,2.804,2.773,2.78,94835300,264308013,-0.0028694404591105283,2.76745,2.68115,0.07377365778292777
2021-04-27,2.777,2.778,2.75,2.767,107965000,297974985,-0.004676258992805771,2.76825,2.6847,0.08339859044635878
2021-04-28,2.763,2.771,2.75,2.77,63181951,174639837,0.0010842067220817597,2.7692500000000004,2.688483333333333,0.08926464805348
2021-04-29,2.77,2.79,2.76,2.786,65654253,182321076,0.005776173285198638,2.7714000000000003,2.6925499999999998,0.09598741148701828
2021-04-30,2.78,2.783,2.746,2.757,171453100,472699220,-0.010409188801148606,2.7712,2.6966666666666663,0.09840637450199208
2021-05-06,2.758,2.805,2.758,2.798,169067156,472327939,0.014871236851650371,2.7742,2.701733333333333,0.12189254210104239
2021-05-07,2.808,2.848,2.802,2.829,122937057,347618742,0.011079342387419588,2.7784000000000004,2.7070333333333334,0.12664277180406214
2021-05-10,2.841,2.873,2.835,2.87,102924939,293451318,0.01449275362318847,2.78365,2.7129166666666666,0.14024632499006762
2021-05-11,2.867,2.868,2.801,2.843,98627400,278998930,-0.009407665505226537,2.7875,2.718683333333333,0.13856627953544254
2021-05-12,2.837,2.859,2.827,2.854,63286328,180334809,0.0038691523039042774,2.7917,2.7249166666666667,0.1508064516129033
2021-05-13,2.83,2.847,2.807,2.811,115171006,324950162,-0.015066573230553715,2.7934,2.730116666666667,0.12484993997599036
2021-05-14,2.811,2.825,2.807,2.817,64349664,181044420,0.002134471718249875,2.797,2.7352,0.12141719745222934
2021-05-17,2.817,2.831,2.81,2.812,79067500,222677237,-0.0017749378771744206,2.80005,2.7399333333333336,0.11234177215189867
2021-05-18,2.812,2.828,2.808,2.824,45792799,129183886,0.004267425320056972,2.8035,2.74455,0.1087553985080485
2021-05-19,2.823,2.823,2.795,2.799,126197300,353601427,-0.00885269121813026,2.80395,2.7477,0.07241379310344831
2021-05-20,2.775,2.775,2.737,2.755,267570400,734884212,-0.01571989996427292,2.8016,2.7492499999999995,0.03493613824192332
2021-05-21,2.755,2.774,2.754,2.76,65796949,181761442,0.001814882032667775,2.7999,2.75015,0.0199556541019954
2021-05-24,2.76,2.77,2.752,2.758,73721500,203398892,-0.0007246376811593791,2.79855,2.7514833333333333,0.02987303958177745
2021-05-25,2.758,2.792,2.748,2.785,111278500,308439372,0.009789702683103751,2.79815,2.7537833333333332,0.052134491877597444
2021-05-26,2.785,2.813,2.782,2.804,67256100,188437574,0.006822262118491906,2.79895,2.7556999999999996,0.04276682781703234
2021-05-27,2.804,2.819,2.797,2.816,80468303,226103855,0.004279600570613384,2.80075,2.758683333333333,0.06788016685627607
2021-05-28,2.822,2.834,2.804,2.812,60578651,170741041,-0.0014204545454545858,2.803,2.761016666666667,0.05239520958083821
2021-05-31,2.823,2.824,2.796,2.815,105748053,297320371,0.001066856330014243,2.80525,2.7636499999999997,0.05946556266465941
2021-06-01,2.815,2.838,2.798,2.837,97397900,274704340,0.007815275310834924,2.8078,2.7655666666666665,0.042248346803820835
2021-06-02,2.837,2.838,2.823,2.832,69839979,197723095,-0.0017624250969334732,2.81155,2.7674666666666665,0.04194260485651213
2021-06-03,2.832,2.868,2.832,2.846,111056866,316906543,0.004943502824858781,2.8139499999999997,2.7700666666666667,0.057992565055762224
2021-06-04,2.847,2.85,2.822,2.84,62514900,177160283,-0.0021082220660576523,2.8145,2.77275,0.060097051138484625
2021-06-07,2.84,2.85,2.83,2.837,51145753,145152460,-0.0010563380281688461,2.81285,2.775566666666667,0.063343328335832
2021-06-08,2.838,2.84,2.82,2.826,66384501,187672805,-0.0038773352132535077,2.8120000000000003,2.77845,0.06520919713531859
2021-06-09,2.826,2.857,2.822,2.842,104401939,297102283,0.0056617126680820196,2.8114,2.780816666666667,0.052592592592592524
2021-06-10,2.842,2.87,2.84,2.853,81874539,233895589,0.0038705137227306174,2.8135,2.7829166666666665,0.04620462046204632
2021-06-11,2.862,2.87,2.852,2.857,64379217,184155299,0.00140203294777419,2.8154999999999997,2.7846666666666664,0.03815406976744207
2021-06-15,2.867,2.87,2.832,2.841,95232000,270860926,-0.0056002800140007025,2.81695,2.7861,0.03121597096188755
2021-06-16,2.841,2.857,2.826,2.832,74276100,210574408,-0.0031678986272440923,2.8173500000000002,2.7876166666666666,0.03319956220357523
2021-06-17,2.832,2.842,2.818,2.824,59775800,169073259,-0.0028248587570621764,2.8186,2.789,0.030280919372491777
2021-06-18,2.824,2.828,2.818,2.824,55202700,155773135,0.0,2.82205,2.7906666666666666,0.03671071953010263
2021-06-21,2.823,2.823,2.81,2.812,62711900,176478472,-0.004249291784702569,2.82465,2.7917,0.022545454545454424
2021-06-22,2.812,2.841,2.812,2.837,55515100,157109787,0.008890469416785285,2.8286,2.7935,0.03957493587394656
2021-06-23,2.838,2.878,2.837,2.873,119935100,343279359,0.01268946069792043,2.833,2.7967000000000004,0.07161506900410308
2021-06-24,2.876,2.903,2.865,2.885,102479301,296189722,0.004176818656456582,2.83705,2.8000666666666665,0.07528885575847921
2021-06-25,2.886,2.903,2.878,2.895,70678501,204518998,0.0034662045060658286,2.8409999999999997,2.8030666666666666,0.06629834254143652
2021-06-28,2.895,2.895,2.856,2.859,88658073,254155154,-0.012435233160621784,2.84335,2.804866666666667,0.03925845147219187
2021-06-29,2.859,2.859,2.836,2.838,67864800,192953482,-0.007345225603357819,2.8445,2.806333333333334,0.03200000000000003
2021-06-30,2.838,2.859,2.834,2.852,46118211,131384064,0.0049330514446792595,2.84525,2.8081499999999995,0.03973751367116285
2021-07-01,2.855,2.871,2.846,2.853,47653802,136352251,0.00035063113604505425,2.8463,2.809683333333333,0.03332126041289385
2021-07-02,2.853,2.856,2.828,2.829,99310705,281617536,-0.008412197686645695,2.84545,2.8112,0.03323593864134411
2021-07-05,2.83,2.842,2.82,2.836,84361601,238757533,0.002474372569812644,2.84525,2.8127166666666663,0.033151183970856035
2021-07-06,2.836,2.843,2.83,2.843,43956206,124675263,0.0024682651622003338,2.8455500000000002,2.814016666666667,0.0282097649186257
2021-07-07,2.84,2.85,2.828,2.846,59188300,167871898,0.0010552233556102575,2.8465499999999997,2.8153500000000005,0.028922631959508394
2021-07-08,2.846,2.846,2.8,2.803,186436700,524705160,-0.015108924806746415,2.8446000000000002,2.8159,0.011913357400721969
2021-07-09,2.803,2.822,2.777,2.821,67643900,189839625,0.006421691045308764,2.843,2.8166333333333338,0.015844436442203902
2021-07-12,2.821,2.842,2.815,2.826,52706272,149107702,0.0017724211272598378,2.84145,2.8179833333333333,0.029508196721311553
2021-07-13,2.827,2.851,2.822,2.848,86056771,244483695,0.007784854918612805,2.8418,2.8196000000000003,0.03525990548891311
2021-07-14,2.848,2.864,2.846,2.854,80661050,230467321,0.00210674157303381,2.8428999999999998,2.82125,0.03593466424682412
2021-07-15,2.854,2.887,2.835,2.885,128152099,368327528,0.010861948142957045,2.84595,2.822833333333333,0.034050179211469356
2021-07-16,2.885,2.913,2.878,2.897,167622804,486934210,0.004159445407279083,2.8496,2.8244166666666666,0.03390435403283365
2021-07-19,2.9,2.911,2.884,2.889,62487542,181034519,-0.002761477390403888,2.8534499999999996,2.826,0.034001431639226753
2021-07-20,2.883,2.883,2.853,2.869,41775242,119613041,-0.00692281066112832,2.85505,2.8273999999999995,0.030161579892280077
2021-07-21,2.873,2.888,2.858,2.865,49400700,141551763,-0.0013942140118508028,2.85465,2.8286000000000002,0.025778732545649774
2021-07-22,2.865,2.89,2.859,2.89,51536142,148472882,0.008726003490401313,2.8548999999999998,2.8303000000000003,0.03658536585365857
2021-07-23,2.894,2.913,2.872,2.881,86382142,250435465,-0.0031141868512112314,2.8542,2.8319833333333335,0.036330935251798646
2021-07-26,2.88,2.88,2.808,2.832,173397801,491898553,-0.01700798333911835,2.85285,2.833066666666667,0.023491145645103018
2021-07-27,2.832,2.852,2.767,2.773,190676442,534206855,-0.02083333333333326,2.8496,2.8331166666666667,0.0010830324909747446
2021-07-28,2.774,2.791,2.714,2.747,160431100,440520823,-0.009376126938334006,2.84435,2.8324666666666665,-0.0139985642498206
2021-07-29,2.758,2.778,2.745,2.769,125746800,346934774,0.008008736803785999,2.8401500000000004,2.832666666666667,0.0043525571273121955
2021-07-30,2.769,2.803,2.756,2.8,59807997,166448020,0.01119537739256038,2.8387000000000002,2.8327000000000004,0.0007147962830591492
2021-08-02,2.799,2.799,2.72,2.777,133443700,366210390,-0.008214285714285618,2.83575,2.8318333333333334,-0.018381053375751133
2021-08-03,2.765,2.77,2.733,2.738,119959806,329226205,-0.014043932301044393,2.8305,2.8296333333333332,-0.045993031358885106
2021-08-04,2.739,2.764,2.739,2.762,62615101,172452781,0.008765522279035709,2.8263,2.8282833333333333,-0.028491030601477285
2021-08-05,2.761,2.776,2.743,2.75,58970053,162426206,-0.00434467776973213,2.8236499999999998,2.8265499999999997,-0.03644008409250177
2021-08-06,2.75,2.763,2.735,2.761,64120800,176490222,0.0040000000000000036,2.82065,2.825716666666666,-0.017787264318747664
2021-08-09,2.761,2.812,2.752,2.801,133293999,372786385,0.014487504527345152,2.8194,2.8254500000000005,-0.005679801206957769
2021-08-10,2.801,2.803,2.781,2.8,43975000,122818529,-0.00035701535166021703,2.817,2.8252499999999996,-0.004267425320056861
2021-08-11,2.809,2.861,2.808,2.858,188364700,537017704,0.020714285714285907,2.8172,2.8258166666666664,0.012039660056657242
2021-08-12,2.857,2.896,2.841,2.889,194729398,562271912,0.01084674597620694,2.8174,2.827316666666667,0.03215434083601276
2021-08-13,2.887,2.891,2.869,2.884,95549706,275390650,-0.00173070266528208,2.81675,2.829466666666667,0.046823956442831216
2021-08-16,2.884,2.909,2.881,2.892,121967400,353359122,0.00277392510402219,2.8169,2.8316666666666666,0.047826086956521685
2021-08-17,2.89,2.908,2.852,2.858,102758101,295825653,-0.011756569847856113,2.8163500000000004,2.8333333333333335,0.0362581580855692
2021-08-18,2.858,2.88,2.857,2.876,64490110,185024404,0.006298110566829829,2.8169,2.83485,0.032675044883303306
2021-08-19,2.869,2.873,2.849,2.866,43372616,124168770,-0.003477051460361591,2.8157,2.8358833333333338,0.022111269614836004
2021-08-20,2.864,2.883,2.849,2.881,78500411,224926439,0.005233775296580534,2.8157,2.836966666666667,0.023082386363636243
2021-08-23,2.894,2.91,2.889,2.894,92720715,268748285,0.004512322110378442,2.8188,2.8383333333333334,0.02916073968705568
2021-08-24,2.903,2.927,2.9,2.918,181725266,529770195,0.008293020041465038,2.8260499999999995,2.8400499999999997,0.036589698046181285
2021-08-25,2.918,2.952,2.914,2.952,114794141,337034160,0.011651816312542751,2.8363000000000005,2.8419666666666665,0.04053577722946766
2021-08-26,2.951,3.008,2.945,2.993,180366486,539542479,0.01388888888888884,2.8474999999999997,2.84465,0.05685028248587565
2021-08-27,2.991,3.025,2.95,3.022,98158950,295215740,0.009689274974941542,2.8586,2.847583333333333,0.06184118060435684
2021-08-30,3.026,3.05,3.015,3.047,89855033,272830536,0.008272667107875664,2.8721,2.8510333333333335,0.07288732394366204
2021-08-31,3.047,3.122,3.035,3.12,92505049,285661626,0.023957991467016715,2.8912,2.85575,0.0997532604864293
2021-09-01,3.133,3.168,3.084,3.115,146045892,455905458,-0.0016025641025640969,2.90885,2.8605666666666667,0.10226468506723285
2021-09-02,3.114,3.196,3.11,3.194,92919359,293427061,0.025361155698234272,2.93105,2.866433333333333,0.1238564391273751
2021-09-03,3.194,3.196,3.163,3.171,97503250,309707761,-0.00720100187852224,2.95155,2.8717333333333332,0.11146161934805443
2021-09-06,3.181,3.216,3.174,3.199,82565670,263612114,0.008830022075055233,2.97145,2.8774333333333337,0.1197059852992648
2021-09-07,3.205,3.291,3.204,3.28,115868404,377698273,0.025320412628946576,2.99545,2.88475,0.15452305526223142
2021-09-08,3.281,3.333,3.266,3.316,103735871,342295407,0.01097560975609757,3.01835,2.892816666666667,0.17090395480225995
2021-09-09,3.318,3.422,3.3,3.417,141801865,478579169,0.03045838359469233,3.0447499999999996,2.9027000000000003,0.20998583569405094
2021-09-10,3.418,3.423,3.349,3.354,196972117,666206550,-0.01843722563652317,3.06825,2.9115333333333333,0.18767705382436262
2021-09-13,3.354,3.448,3.349,3.426,151300608,515098233,0.02146690518783534,3.09495,2.921766666666667,0.21834992887624471
2021-09-14,3.426,3.426,3.35,3.356,135428983,457733191,-0.020431990659661503,3.11985,2.930416666666667,0.18293972506168465
2021-09-15,3.355,3.374,3.31,3.333,140710358,469213438,-0.0068533969010725615,3.1427,2.938083333333333,0.16011138183083884
2021-09-16,3.358,3.401,3.315,3.32,106777100,359155234,-0.003900390039003998,3.1654,2.945333333333333,0.15077989601386488
2021-09-17,3.315,3.347,3.175,3.231,171614282,557034837,-0.026807228915662673,3.1829,2.950933333333333,0.11606217616580317
2021-09-22,3.215,3.289,3.175,3.289,133237058,430435672,0.01795109873104317,3.2026499999999998,2.9581000000000004,0.15040223854494594
2021-09-23,3.331,3.355,3.257,3.28,76679801,252965615,-0.002736394040741996,3.2207500000000002,2.9654666666666665,0.1557434813248766
2021-09-24,3.265,3.267,3.16,3.166,151700311,485141079,-0.03475609756097553,3.2314499999999997,2.9707000000000003,0.11009817671809263
2021-09-27,3.166,3.184,3.069,3.081,198623765,616851894,-0.026847757422615248,3.23585,2.9745,0.07991587802313349
2021-09-28,3.081,3.164,3.08,3.159,95742665,299674452,0.025316455696202445,3.2427,2.9799999999999995,0.1166489925768821
2021-09-29,3.158,3.159,3.057,3.075,98007070,302838464,-0.026590693257359854,3.2441000000000004,2.9839833333333337,0.08427362482369549
2021-09-30,3.074,3.093,3.041,3.09,87597800,268920995,0.004878048780487809,3.2426000000000004,2.9881,0.08688005627857898
2021-10-08,3.117,3.133,3.055,3.08,77981458,239836659,-0.003236245954692518,3.2408499999999996,2.9919999999999995,0.08222066057624744
2021-10-11,3.082,3.125,3.071,3.123,87986858,273105483,0.013961038961038952,3.2373,2.997333333333333,0.11416339636104178
2021-10-12,3.123,3.163,3.044,3.083,106565700,328443943,-0.012808197246237607,3.2329,3.0017,0.09287486706841541
2021-10-13,3.083,3.085,3.003,3.043,104397700,316476018,-0.012974375608173827,3.2251,3.0053166666666664,0.07678697806086343
2021-10-14,3.029,3.047,3.001,3.026,53846226,162938722,-0.00558659217877111,3.2124,3.008283333333333,0.0625
2021-10-15,3.026,3.056,3.006,3.048,60308100,182839100,0.007270323859881023,3.1990000000000003,3.0115166666666666,0.06797477224947435
2021-10-18,3.048,3.1,3.034,3.097,67931000,208984179,0.016076115485564202,3.1830000000000003,3.0150500000000005,0.07348353552859632
2021-10-19,3.097,3.124,3.07,3.109,56094400,174311863,0.003874717468517863,3.17075,3.018583333333333,0.07317915084570248
2021-10-20,3.088,3.088,3.028,3.035,102562200,311805593,-0.023801865551624224,3.1512000000000002,3.0210166666666667,0.05053651782623758
2021-10-21,3.031,3.101,3.03,3.073,88445951,271973356,0.01252059308072484,3.13705,3.0244166666666668,0.07110491460439161
2021-10-22,3.067,3.094,3.006,3.011,169814600,514080264,-0.02017572404816137,3.1209499999999997,3.02685,0.05095986038394407
2021-10-25,3.013,3.02,2.98,3.01,80403253,241653957,-0.00033211557622059296,3.1054500000000003,3.02885,0.04152249134948094
2021-10-26,3.01,3.013,2.976,2.984,114637700,342754379,-0.008637873754152814,3.0930999999999997,3.030566666666666,0.03575147518222854
2021-10-27,2.98,2.98,2.909,2.913,130591400,382216351,-0.02379356568364621,3.0743,3.0319166666666666,0.028601694915254328
2021-10-28,2.9,2.901,2.828,2.836,171629200,487826810,-0.026433230346721626,3.0521000000000003,3.032966666666667,0.022719076812116823
2021-10-29,2.836,2.847,2.82,2.84,115858000,328268926,0.0014104372355430161,3.0358,3.0345166666666668,0.03385511467054969
2021-11-01,2.838,2.857,2.818,2.849,78802964,223832581,0.0031690140845070935,3.0242,3.0358500000000004,0.02889129649693034
2021-11-02,2.85,2.857,2.768,2.798,215914101,604623050,-0.017901017901017946,3.0061500000000003,3.035816666666667,-0.0007142857142856673
2021-11-03,2.798,2.845,2.796,2.839,84907300,239818596,0.014653323802716223,2.99435,3.0368500000000003,0.022326251350378135
2021-11-04,2.837,2.838,2.811,2.832,71639204,202065461,-0.002465656921451287,2.9814499999999997,3.038416666666667,0.034331628926223434
2021-11-05,2.824,2.824,2.791,2.793,105238402,294914811,-0.013771186440677874,2.9671,3.0389333333333335,0.011223750905141161
2021-11-08,2.793,2.807,2.785,2.79,79703700,222808928,-0.0010741138560688146,2.95045,3.0396,0.014545454545454639
2021-11-09,2.79,2.793,2.766,2.776,100244693,278235844,-0.005017921146953541,2.9351000000000003,3.0398500000000004,0.00543281419775421
2021-11-10,2.77,2.771,2.726,2.769,124031700,340086989,-0.002521613832852876,2.9213999999999998,3.0393166666666662,-0.011424491253123947
2021-11-11,2.77,2.82,2.77,2.816,108539401,304356156,0.016973636691946403,2.9109000000000003,3.0395833333333333,0.005714285714285783
2021-11-12,2.817,2.819,2.789,2.8,75690453,211897829,-0.005681818181818232,2.8985,3.038616666666667,-0.020293911826452127
2021-11-15,2.8,2.805,2.786,2.804,48963202,136936718,0.0014285714285713347,2.88385,3.0372,-0.029421945309795805
2021-11-16,2.804,2.816,2.785,2.787,82531900,230849502,-0.006062767475035646,2.86775,3.0355833333333337,-0.033633841886269056
2021-11-17,2.787,2.792,2.777,2.79,47032174,131001754,0.0010764262648008671,2.8555,3.0338833333333333,-0.03526970954356845
2021-11-18,2.791,2.807,2.786,2.79,46983374,131336721,0.0,2.84135,3.03275,-0.023792862141357562
2021-11-19,2.787,2.835,2.776,2.826,95727753,268921613,0.012903225806451646,2.8321,3.0319166666666666,-0.017385257301807955
2021-11-22,2.828,2.84,2.819,2.825,93285400,263721796,-0.00035385704175505683,2.82285,3.0312333333333332,-0.014305652477320296
2021-11-23,2.825,2.85,2.82,2.838,70461464,200044011,0.004601769911504405,2.8155499999999996,3.0305166666666663,-0.01492537313432829
2021-11-24,2.842,2.871,2.842,2.87,69275300,197919903,0.01127554615926707,2.8134,3.0301166666666663,-0.008293020041465149
2021-11-25,2.87,2.88,2.843,2.859,57873000,165362116,-0.0038327526132404532,2.81455,3.0291333333333337,-0.020219328307059636
2021-11-26,2.85,2.85,2.822,2.827,55498501,157140533,-0.011192724728926184,2.8139,3.0270500000000005,-0.04234417344173447
2021-11-29,2.808,2.808,2.778,2.792,91388950,254651748,-0.012380615493456038,2.8110500000000003,3.0237,-0.06715669896424992
2021-11-30,2.792,2.818,2.783,2.794,56266400,157409313,0.0007163323782235498,2.81085,3.0199,-0.07544672402382524
2021-12-01,2.793,2.821,2.783,2.819,55568900,156005758,0.008947745168217613,2.80985,3.0161000000000002,-0.07482769937643585
2021-12-02,2.818,2.841,2.811,2.834,60460700,171058364,0.005321035828308007,2.8099499999999997,3.0113333333333334,-0.09166666666666667
2021-12-03,2.834,2.88,2.817,2.865,93361906,266551655,0.010938602681721976,2.81355,3.007166666666666,-0.0802568218298555
2021-12-06,2.865,2.897,2.85,2.857,135949606,390765863,-0.002792321116928398,2.8169,3.00155,-0.10551033187226044
2021-12-07,2.877,2.888,2.855,2.887,67277500,193500025,0.010500525026251317,2.82245,2.9968166666666667,-0.0895616524755597
2021-12-08,2.887,2.888,2.867,2.887,58121381,167325359,0.0,2.82835,2.9916166666666664,-0.09753047827446071
2021-12-09,2.887,2.906,2.877,2.898,71783700,207876355,0.0038101835815727014,2.83245,2.9852499999999997,-0.11646341463414622
2021-12-10,2.89,2.89,2.87,2.878,85855200,247052280,-0.0069013112491372874,2.8363500000000004,2.97795,-0.132086851628468
2021-12-13,2.878,2.884,2.865,2.869,59091400,169731982,-0.003127171646977067,2.8396,2.9688166666666667,-0.16037459760023398
2021-12-14,2.865,2.865,2.831,2.831,92762000,263518251,-0.013245033112582849,2.8418,2.9600999999999997,-0.15593321407274896
2021-12-15,2.828,2.852,2.821,2.843,49801300,141394745,0.004238784881667179,2.84445,2.9503833333333334,-0.17016929363689437
2021-12-16,2.846,2.886,2.845,2.885,93899223,269980615,0.014773126978543827,2.8492,2.942533333333333,-0.1403456495828368
2021-12-17,2.889,2.898,2.864,2.869,69537081,200057127,-0.005545927209705259,2.85135,2.9348,-0.13921392139213917
2021-12-20,2.868,2.882,2.839,2.843,67948181,193779494,-0.00906239107703044,2.8522499999999997,2.92685,-0.1436746987951807
2021-12-21,2.842,2.885,2.84,2.882,77878842,223883408,0.01371790362293357,2.8544500000000004,2.9210333333333334,-0.10801609408851742
2021-12-22,2.882,2.885,2.867,2.877,40729700,117104222,-0.001734906315059126,2.8548,2.9141666666666666,-0.12526603830951666
2021-12-23,2.876,2.89,2.869,2.886,54708458,157482683,0.0031282586027112647,2.85615,2.9076,-0.12012195121951208
2021-12-24,2.886,2.887,2.866,2.875,44667800,128333116,-0.003811503811503858,2.85855,2.9027499999999997,-0.0919140871762476
2021-12-27,2.874,2.898,2.87,2.882,50562300,145875503,0.0024347826086956736,2.86305,2.8994333333333335,-0.06458941901979875
2021-12-28,2.882,2.885,2.854,2.865,67395100,192874123,-0.00589868147120054,2.8666,2.894533333333334,-0.0930674264007596
2021-12-29,2.864,2.867,2.852,2.855,46748300,133611469,-0.003490401396160636,2.8684,2.8908666666666667,-0.07154471544715457
2021-12-30,2.855,2.858,2.848,2.852,39446500,112535835,-0.0010507880910682887,2.8693,2.8869,-0.07702265372168282
2021-12-31,2.852,2.879,2.851,2.876,55859121,160338192,0.008415147265077083,2.86985,2.8835,-0.06623376623376631
2022-01-04,2.892,2.922,2.891,2.918,124269654,361385077,0.014603616133518793,2.8729,2.880083333333333,-0.06564201088696764
2022-01-05,2.917,2.917,2.891,2.909,70152460,203801195,-0.0030843043180261986,2.874,2.8771833333333334,-0.05643853389555642
2022-01-06,2.905,2.921,2.895,2.913,89772719,261710121,0.0013750429700927214,2.8753,2.8750166666666668,-0.042720999014130956
2022-01-07,2.912,2.945,2.908,2.929,72756024,213333837,0.005492619292825296,2.87685,2.8733999999999997,-0.032055518836748176
2022-01-10,2.929,2.949,2.921,2.948,80730390,237005126,0.00648685558211004,2.8803500000000004,2.8717333333333332,-0.03280839895013121
2022-01-11,2.947,2.98,2.94,2.969,68046352,201931038,0.0071234735413838735,2.88535,2.8695999999999997,-0.041330319664191206
2022-01-12,2.969,2.972,2.938,2.957,77454600,228812927,-0.004041764904008094,2.89165,2.8670666666666667,-0.04889031843036351
2022-01-13,2.957,2.98,2.955,2.956,78052400,231662358,-0.000338180588434156,2.8973,2.8657500000000002,-0.02602965403624391
2022-01-14,2.955,2.955,2.908,2.911,109453358,319212063,-0.015223274695534528,2.8986,2.8630500000000003,-0.0527172144484217
2022-01-17,2.825,2.849,2.818,2.828,82274600,232787467,-0.028512538646513264,2.89655,2.8600000000000003,-0.060777150448356076
2022-01-18,2.828,2.866,2.822,2.858,52728246,149910001,0.010608203677510586,2.8973000000000004,2.8574666666666664,-0.05049833887043176
2022-01-19,2.858,2.893,2.858,2.875,106750600,307467199,0.005948215535339418,2.89695,2.85565,-0.0365281501340482
2022-01-20,2.872,2.89,2.851,2.861,118363200,339574560,-0.004869565217391236,2.89615,2.8547833333333332,-0.01785101270168199
2022-01-21,2.861,2.866,2.841,2.858,69443800,197990946,-0.0010485844110451614,2.8947499999999997,2.85515,0.0077574047954867
2022-01-24,2.856,2.857,2.825,2.844,59217500,168394805,-0.004898530440867854,2.8931999999999998,2.8552166666666667,0.0014084507042253502
2022-01-25,2.841,2.841,2.764,2.765,159771900,446286086,-0.02777777777777768,2.88735,2.8538166666666664,-0.029484029484029506
2022-01-26,2.765,2.782,2.749,2.773,124044500,343083039,0.002893309222423257,2.88275,2.8533999999999997,-0.008934953538241586
2022-01-27,2.773,2.786,2.754,2.755,91999900,254737683,-0.006491164803462013,2.87775,2.852,-0.029587883057414555
2022-01-28,2.756,2.767,2.725,2.747,145588849,399632344,-0.0029038112522685733,2.8724999999999996,2.8505833333333332,-0.03001412429378525
2022-02-07,2.753,2.812,2.753,2.806,95512157,266826407,0.021477975973789754,2.869,2.8508,0.0046544933762977525
2022-02-08,2.817,2.877,2.815,2.873,122562910,349111992,0.023877405559515452,2.86675,2.8521833333333335,0.02974910394265229
2022-02-09,2.873,2.898,2.872,2.879,101588210,292975226,0.002088409328228291,2.8652500000000005,2.8539,0.03710374639769465
2022-02-10,2.878,2.922,2.851,2.92,143787401,416937103,0.014241055922195267,2.8655999999999997,2.856416666666667,0.05453232213795589
2022-02-11,2.919,2.955,2.909,2.923,161532790,474829587,0.001027397260274121,2.8653,2.8582000000000005,0.03799715909090917
2022-02-14,2.922,2.922,2.87,2.877,115670111,334343401,-0.015737256243585462,2.86175,2.859483333333333,0.02750000000000008
2022-02-15,2.876,2.877,2.848,2.858,86118800,246354430,-0.006604101494612324,2.8562000000000003,2.860383333333333,0.01925820256776034
2022-02-16,2.858,2.892,2.858,2.887,75991901,218883048,0.010146955913225897,2.8527,2.8620499999999995,0.03588087549336216
2022-02-17,2.886,2.886,2.861,2.873,97102104,279415983,-0.004849324558365065,2.84855,2.8634333333333335,0.02974910394265229
2022-02-18,2.869,2.928,2.861,2.926,122724000,357450588,0.01844761573268361,2.8493,2.8657,0.0487455197132618
2022-02-21,2.922,2.953,2.908,2.952,115546255,338433756,0.008885850991114053,2.8555,2.8678000000000003,0.04458598726114649
2022-02-22,2.935,2.944,2.91,2.941,93539600,273648182,-0.0037262872628727184,2.85965,2.8697333333333335,0.041061946902654745
2022-02-23,2.938,2.938,2.891,2.91,83103306,241717129,-0.010540632437946118,2.8613999999999997,2.8709333333333333,0.025369978858351017
2022-02-24,2.906,2.91,2.856,2.885,115864200,333982152,-0.0085910652920963,2.8626,2.871183333333333,0.00522648083623678
2022-02-25,2.884,2.91,2.846,2.865,96204911,276612482,-0.006932409012131546,2.86295,2.871283333333333,0.0020986358866736943
2022-02-28,2.865,2.877,2.839,2.874,65495900,187353801,0.003141361256544517,2.86445,2.8720666666666665,0.01662539794835527
2022-03-01,2.878,2.911,2.874,2.904,66320179,191864488,0.010438413361169019,2.8714000000000004,2.873933333333333,0.0401146131805159
2022-03-02,2.906,2.941,2.905,2.937,140083823,409975845,0.011363636363636243,2.8796,2.876316666666667,0.051181102362204633
2022-03-03,2.939,2.979,2.939,2.972,168163468,499386302,0.01191692202928163,2.8904500000000004,2.8788666666666667,0.05427456544874065
2022-03-04,2.968,2.987,2.934,2.962,111586106,330429079,-0.003364737550470953,2.9012000000000002,2.881,0.04516584333098095
2022-03-07,2.975,2.988,2.929,2.942,125566975,370867959,-0.006752194463200523,2.908,2.8822833333333335,0.026876090750436177
2022-03-08,2.936,2.936,2.851,2.859,134150986,386860865,-0.028212100611828772,2.9073,2.882316666666667,0.0007000350017500878
2022-03-09,2.86,2.885,2.745,2.802,262687124,740788366,-0.019937040923399763,2.90345,2.8809,-0.029442327675788027
2022-03-10,2.819,2.873,2.803,2.848,207405162,590208056,0.016416845110635236,2.89985,2.8802499999999998,-0.01350883269830283
2022-03-11,2.842,2.872,2.791,2.868,83921800,238318929,0.0070224719101124045,2.8971,2.8797500000000005,-0.010351966873706098
2022-03-14,2.862,2.897,2.826,2.829,124683393,356651095,-0.013598326359832491,2.8947,2.8789333333333333,-0.01702571230020844
2022-03-15,2.821,2.821,2.666,2.671,342079109,933454133,-0.05585012371862863,2.88535,2.8756333333333335,-0.06901359358661563
2022-03-16,2.674,2.738,2.6,2.73,273819744,733318777,0.022089105204043502,2.8775,2.8739500000000002,-0.035676439420699424
2022-03-17,2.752,2.792,2.739,2.76,137051320,378095614,0.01098901098901095,2.8718500000000002,2.8725666666666663,-0.0291945128385509
2022-03-18,2.76,2.836,2.752,2.83,126843677,355787498,0.025362318840579823,2.86705,2.8716500000000003,-0.01906412478336217
2022-03-21,2.829,2.86,2.821,2.849,91309377,259608329,0.006713780918727874,2.8619,2.8713166666666665,-0.006971070059254125
2022-03-22,2.847,2.909,2.835,2.897,134671624,388568960,0.016848016848016734,2.8597,2.8722166666666666,0.018994020400984857
2022-03-23,2.895,2.907,2.862,2.893,105196371,303894053,-0.001380738695201944,2.8588500000000003,2.8724,0.003816793893129722
2022-03-24,2.887,2.91,2.878,2.9,102576158,297424648,0.0024196335983408535,2.8596,2.872783333333333,0.00799443865137306
2022-03-25,2.899,2.929,2.889,2.901,129277750,375960119,0.0003448275862067973,2.8613999999999997,2.8730333333333333,0.005197505197505059
2022-03-28,2.9,2.951,2.87,2.947,230514487,676216232,0.01585660117200982,2.86505,2.8742333333333336,0.0250434782608695
2022-03-29,2.944,2.967,2.926,2.965,134578398,397132437,0.006107906345435898,2.8680999999999996,2.8756166666666667,0.028799444829979093
2022-03-30,2.952,2.98,2.94,2.973,107646861,319005873,0.0026981450252951955,2.8699,2.8774166666666665,0.03769633507853398
2022-03-31,2.972,3.038,2.972,3.012,216670064,653350577,0.013118062563067578,2.8718999999999997,2.880033333333333,0.05499124343257433
2022-04-01,3.006,3.049,2.992,3.045,120941289,365883001,0.010956175298804771,2.87605,2.88325,0.06767180925666194
2022-04-06,3.043,3.096,3.031,3.09,144312820,442130261,0.01477832512315258,2.8834500000000003,2.8868166666666664,0.0744089012517386
2022-04-07,3.075,3.09,3.035,3.044,208741545,638769619,-0.014886731391585695,2.8927,2.888916666666667,0.04318026045236456
2022-04-08,3.04,3.08,3.01,3.079,184847544,563347897,0.011498028909329827,2.90655,2.89175,0.05843932622894488
2022-04-11,3.076,3.076,3.012,3.02,253375600,771250766,-0.019162065605716205,2.91515,2.893533333333333,0.036731891520769056
2022-04-12,3.017,3.044,2.985,3.01,139757900,421213103,-0.0033112582781458233,2.92225,2.8948833333333335,0.027654489586889763
2022-04-13,3.001,3.069,2.997,3.033,84099767,255283569,0.007641196013289164,2.9324500000000002,2.8962999999999997,0.028833107191316154
2022-04-14,3.038,3.098,3.031,3.089,92435767,283970892,0.018463567424991778,2.95335,2.8983,0.04041764904008094
2022-04-15,3.08,3.12,3.045,3.056,112417701,346550240,-0.010683068954354114,2.96965,2.89995,0.03347987825498833
2022-04-18,3.04,3.044,2.981,2.992,114262200,343546824,-0.020942408376963373,2.98125,2.90055,0.012178619756427533
2022-04-19,2.986,3.039,2.968,3.036,105053200,316634859,0.014705882352941124,2.9915499999999997,2.902633333333333,0.042940570250773025
2022-04-20,3.02,3.026,2.932,2.949,145260600,431732533,-0.028656126482213495,2.99655,2.9046499999999997,0.04278642149929279
2022-04-21,2.939,2.96,2.88,2.895,165488000,481824473,-0.01831129196337733,2.99645,2.905266666666667,0.012946116165150512
2022-04-22,2.886,2.931,2.858,2.925,140201453,408026586,0.010362694300518172,2.99805,2.9061000000000003,0.017391304347825987
2022-04-25,2.899,2.899,2.8,2.801,223759553,635732956,-0.042393162393162265,2.9930999999999996,2.9050999999999996,-0.020971688220901785
2022-04-26,2.801,2.828,2.753,2.762,227688093,633145239,-0.0139235987147448,2.98615,2.9034999999999997,-0.03358992302309305
2022-04-27,2.765,2.799,2.735,2.798,220067649,609292803,0.01303403330919628,2.9787,2.902733333333333,-0.016174402250351605
2022-04-28,2.796,2.849,2.788,2.844,143509400,404972299,0.01644031451036443,2.9726500000000002,2.90405,0.02857142857142847
2022-04-29,2.844,2.886,2.812,2.878,148325600,423207900,0.011954992967651235,2.9679,2.9058,0.037865128020194705
2022-05-05,2.877,2.886,2.847,2.867,92666600,265651154,-0.0038220986796386747,2.9606500000000002,2.907666666666666,0.04065335753176047
2022-05-06,2.829,2.835,2.783,2.792,130603500,365960912,-0.026159748866410926,2.948,2.9084166666666667,0.016381507098653048
2022-05-09,2.788,2.788,2.761,2.784,120205776,333820255,-0.002865329512893977,2.9326999999999996,2.9080500000000002,-0.007840342124020072
2022-05-10,2.784,2.788,2.726,2.787,154643200,426023741,0.0010775862068965747,2.91985,2.9066166666666664,-0.029933867037939543
2022-05-11,2.786,2.808,2.778,2.785,104750970,292617341,-0.0007176175098672077,2.90515,2.90505,-0.032650225772837715
2022-05-12,2.785,2.795,2.75,2.773,107704403,298486460,-0.004308797127468567,2.8928,2.9026,-0.0503424657534246
2022-05-13,2.773,2.829,2.773,2.828,129872357,364637155,0.01983411467724472,2.8837,2.901016666666666,-0.032500855285665486
2022-05-16,2.856,2.879,2.829,2.872,131531278,375899888,0.01555869872701554,2.87565,2.9009333333333336,-0.001737921445950641
2022-05-17,2.871,2.879,2.836,2.862,64263670,183657461,-0.0034818941504177747,2.8643,2.9010000000000002,0.0013995801259623075
2022-05-18,2.861,2.861,2.827,2.834,72257604,204993412,-0.009783368273934334,2.8532,2.900116666666667,-0.018358157256667784
2022-05-19,2.81,2.837,2.799,2.837,67904600,191397309,0.0010585744530700048,2.84545,2.899516666666666,-0.012530455969369969
2022-05-20,2.837,2.88,2.836,2.876,104024150,298324700,0.013746915756080336,2.83745,2.898683333333333,-0.01708817498291193
2022-05-23,2.883,2.898,2.872,2.88,65938245,190068279,0.0013908205841446364,2.834,2.897483333333333,-0.024390243902439046
2022-05-24,2.88,2.887,2.834,2.836,77251185,221018002,-0.015277777777777835,2.8310500000000003,2.8957333333333333,-0.035702142128527736
2022-05-25,2.833,2.867,2.822,2.865,74356400,212126326,0.010225669957687034,2.82805,2.8949833333333337,-0.015463917525773141
2022-05-26,2.867,2.91,2.859,2.905,122836400,355368972,0.0139616055846421,2.83325,2.895316666666667,0.006932409012131657
2022-05-27,2.906,2.915,2.895,2.904,110906300,322004062,-0.000344234079173833,2.84035,2.895966666666667,0.013612565445026092
2022-05-30,2.904,2.915,2.878,2.89,70676500,204191834,-0.004820936639118423,2.84495,2.8962333333333334,0.005567153792623625
2022-05-31,2.888,2.897,2.875,2.894,64349000,185680252,0.0013840830449827202,2.84745,2.896066666666667,-0.003443526170798794
2022-06-01,2.89,2.905,2.877,2.903,69998251,202341214,0.0031098825155493337,2.8487,2.8954999999999997,-0.011576438542730605
2022-06-02,2.902,2.902,2.869,2.885,68971907,198647349,-0.006200482259731355,2.8496,2.89405,-0.029273216689098325
2022-06-06,2.883,2.886,2.859,2.884,152923800,439627707,-0.00034662045060651625,2.8541999999999996,2.89275,-0.026333558406482216
2022-06-07,2.884,2.912,2.872,2.899,106024260,306825196,0.005201109570041718,2.85995,2.892033333333333,-0.014615907545887152
2022-06-08,2.904,2.938,2.888,2.937,117181760,341857243,0.01310796826491889,2.8674500000000003,2.893333333333333,0.02728226652675758
2022-06-09,2.935,2.969,2.926,2.944,87280586,257068255,0.0023833844058562814,2.8754,2.8956999999999997,0.050678087080656686
2022-06-10,2.939,2.972,2.919,2.964,86191186,254638465,0.006793478260869623,2.88495,2.8976333333333333,0.04073033707865181
2022-06-13,2.954,2.954,2.901,2.92,72199286,210962351,-0.014844804318488558,2.88955,2.8985000000000003,0.018131101813110284
2022-06-14,2.905,2.96,2.897,2.958,157149900,459615657,0.013013698630137016,2.8938499999999996,2.90065,0.04559915164369044
2022-06-15,2.955,3.001,2.943,2.961,132136053,393702110,0.001014198782961273,2.8988,2.905483333333333,0.10857356795207784
2022-06-16,2.96,2.975,2.904,2.914,106941700,312929275,-0.015873015873015817,2.9028,2.90855,0.06739926739926738
2022-06-17,2.9,2.914,2.885,2.907,107441950,311393231,-0.0024021962937543773,2.9063,2.911,0.05326086956521747
2022-06-20,2.902,2.902,2.875,2.885,92679000,267177374,-0.007567939456484485,2.9067499999999997,2.911916666666667,0.019434628975264934
2022-06-21,2.885,2.905,2.878,2.891,73990800,214252619,0.0020797227036395416,2.9072999999999998,2.9126166666666666,0.014742014742014753
2022-06-22,2.89,2.894,2.85,2.855,89269300,256144762,-0.012452438602559623,2.90825,2.911916666666667,-0.014497756299620246
2022-06-23,2.853,2.883,2.84,2.879,89602800,256530803,0.00840630472854631,2.90895,2.911683333333334,-0.004839267196681596
2022-06-24,2.88,2.892,2.87,2.883,65272200,187892210,0.0013893713094823568,2.9078500000000003,2.9114,-0.00586206896551722
2022-06-27,2.883,2.915,2.88,2.91,92013601,267258326,0.009365244536940764,2.90815,2.9115499999999996,0.0031023784901760276
2022-06-28,2.91,2.935,2.906,2.935,73016401,213481306,0.00859106529209619,2.9104,2.9113499999999997,-0.004071937563624006
2022-06-29,2.934,2.97,2.93,2.947,113871351,336337179,0.00408858603066431,2.91305,2.91105,-0.006070826306913912
2022-06-30,2.947,2.972,2.938,2.964,80930051,239596096,0.00576857821513399,2.9161,2.9109,-0.003027245206861706
2022-07-01,2.962,2.976,2.936,2.969,100854600,298337923,0.001686909581646301,2.9203,2.9101833333333333,-0.014276228419654813
2022-07-04,2.966,2.981,2.957,2.975,61256659,181800280,0.002020882452004047,2.92485,2.9090166666666666,-0.02298850574712641
2022-07-05,2.98,3.004,2.972,2.989,122446734,366071726,0.004705882352941115,2.9293500000000003,2.9073333333333333,-0.03268608414239482
2022-07-06,2.974,2.975,2.905,2.923,108013034,316190698,-0.02208096353295408,2.92865,2.9053166666666663,-0.03975032851511173
2022-07-07,2.922,2.944,2.911,2.936,48513558,142204590,0.00444748546014373,2.9282500000000002,2.902933333333333,-0.04644365053588839
2022-07-08,2.948,2.955,2.93,2.934,55512401,163097998,-0.0006811989100816707,2.92675,2.9015,-0.02847682119205297
2022-07-11,2.931,2.931,2.896,2.907,70814800,205670178,-0.00920245398773012,2.9261,2.899783333333333,-0.03421926910299
2022-07-12,2.907,2.944,2.907,2.93,68649845,201131104,0.007911936704506406,2.9247,2.898066666666667,-0.03395977579953835
2022-07-13,2.93,2.936,2.914,2.928,40452300,118288747,-0.0006825938566553669,2.92305,2.8953833333333336,-0.052120427322758234
2022-07-14,2.928,2.928,2.89,2.898,89442600,259196175,-0.010245901639344246,2.92225,2.89275,-0.051701570680628195
2022-07-15,2.898,2.91,2.857,2.858,101146732,291245066,-0.013802622498274686,2.9198,2.890516666666667,-0.044786096256684504
2022-07-18,2.859,2.917,2.859,2.917,116797200,339116684,0.020643806857942426,2.9214,2.8885333333333336,-0.0391963109354414
2022-07-19,2.917,2.927,2.905,2.921,49310165,143799156,0.0013712718546452507,2.9229000000000003,2.8880666666666666,-0.009494743981010467
2022-07-20,2.92,2.935,2.92,2.926,39950700,116957199,0.001711742553919926,2.92645,2.8885833333333335,0.010708117443868792
2022-07-21,2.925,2.925,2.88,2.882,88132800,254806513,-0.015037593984962405,2.9266,2.8878666666666666,-0.014700854700854582
2022-07-22,2.88,2.886,2.85,2.865,124326300,356166693,-0.00589868147120054,2.9257,2.8889333333333336,0.022848982506247895
2022-07-25,2.867,2.885,2.865,2.874,53707100,154249151,0.003141361256544517,2.9239,2.8908,0.04055032585083285
2022-07-26,2.874,2.921,2.862,2.912,113616723,329550853,0.013221990257480831,2.9227499999999997,2.8927,0.04074338813438172
2022-07-27,2.907,2.922,2.893,2.912,67072200,195244569,0.0,2.921,2.8938333333333337,0.02390998593530247
2022-07-28,2.918,2.929,2.91,2.923,83951740,245193656,0.003777472527472625,2.9189499999999997,2.8945833333333337,0.015635858234885225
2022-07-29,2.925,2.931,2.896,2.901,59259230,172407870,-0.007526513855627859,2.91555,2.89515,0.011859086152772758
2022-08-01,2.901,2.914,2.874,2.908,80569700,233412233,0.0024129610479146635,2.9122,2.8970833333333337,0.04154727793696278
2022-08-02,2.9,2.901,2.827,2.845,177488300,506095433,-0.021664374140302534,2.9050000000000002,2.8981,0.021910919540230056
2022-08-03,2.843,2.875,2.812,2.817,125822604,357210142,-0.009841827768014122,2.8997,2.8986,0.010764262648008671
2022-08-04,2.82,2.829,2.796,2.821,130782800,367557703,0.0014199503017393589,2.89395,2.8992,0.01292639138240581
2022-08-05,2.821,2.829,2.8,2.825,110346900,310308328,0.0014179369018079147,2.8885,2.9000666666666666,0.01875225387666779
2022-08-08,2.826,2.861,2.821,2.856,87118100,248224904,0.010973451327433548,2.8859500000000002,2.9005333333333336,0.00990099009900991
2022-08-09,2.856,2.88,2.847,2.877,67784300,194631564,0.007352941176470562,2.8833,2.9006166666666666,0.0017409470752087763
2022-08-10,2.876,2.88,2.852,2.861,50348100,144108965,-0.00556134862704194,2.87995,2.9006,-0.00034940600978328185
2022-08-11,2.867,2.889,2.863,2.888,73109102,210635118,0.009437259699405676,2.8794500000000003,2.9015,0.01905434015525742
2022-08-12,2.888,2.918,2.888,2.915,110716379,322211704,0.009349030470914066,2.8823,2.9028,0.02749383151216067
2022-08-15,2.913,2.944,2.91,2.929,96842301,283963414,0.004802744425385752,2.8829000000000002,2.9036833333333334,0.0184283727399166
2022-08-16,2.929,2.946,2.922,2.939,103386188,303620120,0.0034141345169000914,2.8838,2.9046666666666665,0.020486111111111205
2022-08-17,2.937,2.95,2.925,2.943,78988518,232402956,0.0013610071452874184,2.88465,2.90645,0.03772919605077574
2022-08-18,2.941,2.954,2.916,2.919,67169719,196591374,-0.008154943934760461,2.8865,2.90735,0.01884816753926688
2022-08-19,2.922,2.964,2.922,2.944,131903241,389189740,0.008564576909900534,2.89045,2.908,0.013425129087779819
2022-08-22,2.945,2.974,2.942,2.97,85062041,252134030,0.008831521739130599,2.89525,2.9091,0.02272727272727293
2022-08-23,2.969,2.993,2.948,2.98,89838791,267437970,0.0033670033670032407,2.89865,2.9106,0.03114186851211076
2022-08-24,2.981,2.988,2.934,2.936,81575735,241347361,-0.014765100671141007,2.89985,2.9112999999999998,0.014512785072563927
2022-08-25,2.943,3.003,2.943,3.001,188511786,563178935,0.022138964577656628,2.90375,2.9129333333333336,0.03375818119187035
2022-08-26,3.0,3.007,2.975,2.98,85533451,255627411,-0.006997667444185285,2.9076999999999997,2.914516666666666,0.032928942807625816
2022-08-29,2.979,3.007,2.938,3.002,96707300,288554415,0.007382550335570448,2.9124,2.9164833333333333,0.040915395284327305
2022-08-30,3.0,3.008,2.959,2.975,54685700,162812945,-0.008994003997334965,2.9189,2.91775,0.026215936529838002
2022-08-31,2.974,2.98,2.946,2.957,61983417,183514643,-0.006050420168067339,2.9259,2.918083333333333,0.006809669731018042
2022-09-01,2.955,3.019,2.95,2.985,150443519,450895201,0.009469056476158366,2.9341,2.918766666666667,0.013926630434782483
2022-09-02,2.985,2.991,2.969,2.979,48870900,145499574,-0.0020100502512562235,2.9417999999999997,2.9190166666666664,0.005060728744939347
2022-09-05,2.99,3.035,2.979,3.033,164081814,495637940,0.018126888217522508,2.9506500000000004,2.9209,0.03869863013698627
2022-09-06,3.038,3.086,3.032,3.082,121584220,372872185,0.016155621496867667,2.9608999999999996,2.9229666666666665,0.04192021636240684
2022-09-07,3.081,3.086,3.057,3.074,72178800,221861140,-0.002595717066839698,2.97155,2.92485,0.03816278284363395
2022-09-08,3.072,3.084,3.043,3.065,57358359,175933465,-0.002927781392322637,2.9804,2.9273666666666665,0.05181880576527109
2022-09-09,3.067,3.112,3.067,3.108,92363170,286265047,0.014029363784665572,2.9900499999999997,2.930716666666667,0.06914344685242524
2022-09-13,3.107,3.112,3.077,3.085,58992706,182567215,-0.007400257400257404,2.99785,2.9340499999999996,0.06932409012131724
2022-09-14,3.069,3.092,3.055,3.059,58471499,179516068,-0.008427876823338676,3.0038500000000004,2.9368499999999997,0.05811138014527839
2022-09-15,3.073,3.106,3.035,3.071,115922899,356165435,0.003922850604772821,3.01025,2.9404500000000002,0.07565674255691768
2022-09-16,3.065,3.068,2.974,2.981,98692735,297417656,-0.02930641484858365,3.01335,2.94215,0.03542896839180276
2022-09-19,2.974,2.998,2.954,2.981,84104219,250782013,0.0,3.0152,2.9437833333333336,0.0339923690600068
2022-09-20,2.991,3.002,2.973,2.978,47397500,141484064,-0.0010063737001004824,3.0156,2.944916666666667,0.023367697594501635
2022-09-21,2.973,3.014,2.96,3.005,62024053,185551315,0.00906648757555395,3.01685,2.9460833333333336,0.023850085178875657
2022-09-22,2.996,3.023,2.99,3.017,56268700,169303488,0.00399334442595678,3.0208999999999997,2.94725,0.02375296912114
2022-09-23,3.014,3.036,2.985,2.993,74847900,224904412,-0.007954922108054374,3.0204999999999997,2.9477333333333333,0.009784075573549211
2022-09-26,2.984,2.997,2.938,2.945,89114800,264845105,-0.016037420648179146,3.01875,2.9473333333333334,-0.008083529808016188
2022-09-27,2.945,2.963,2.906,2.961,56800900,166582598,0.005432937181663933,3.0166999999999997,2.9471,-0.004705882352941226
2022-09-28,2.961,2.965,2.933,2.94,59047000,173862188,-0.007092198581560294,3.01495,2.9462833333333336,-0.016393442622950838
2022-09-29,2.949,2.973,2.921,2.935,58634200,172937702,-0.00170068027210879,3.0138499999999997,2.9464833333333336,0.004105371193978691
2022-09-30,2.935,2.976,2.932,2.96,50343100,148680974,0.008517887563884052,3.0126,2.9468833333333335,0.008174386920980936
2022-10-10,2.961,3.014,2.96,2.965,75905100,226563525,0.0016891891891892552,3.0119,2.9474,0.0105657805044308
2022-10-11,2.965,2.971,2.93,2.955,65768500,193896407,-0.003372681281618828,3.008,2.9482,0.016511867905056876
2022-10-12,2.954,2.991,2.926,2.99,54109800,159773464,0.011844331641285955,3.0034,2.9492,0.020477815699658786
2022-10-13,2.986,2.986,2.925,2.944,88015600,259010066,-0.015384615384615441,2.9968999999999997,2.9494666666666665,0.005464480874316946
2022-10-14,2.948,2.987,2.948,2.976,60377047,179562588,0.010869565217391353,2.99245,2.9507666666666665,0.026915113871635477
2022-10-17,2.976,2.976,2.925,2.967,52517601,154784435,-0.003024193548387011,2.9854000000000003,2.9525833333333336,0.03813855843247027
2022-10-18,2.965,2.979,2.95,2.962,33860200,100393704,-0.001685203909673083,2.97925,2.953333333333333,0.015426808364758404
2022-10-19,2.961,2.98,2.95,2.959,42267200,125469677,-0.0010128291694800895,2.97425,2.9539666666666666,0.01300924340979126
2022-10-20,2.955,2.955,2.925,2.933,65409732,191859245,-0.008786752281176202,2.96735,2.9540833333333336,0.0023923444976075015
2022-10-21,2.933,2.962,2.933,2.946,40298301,118821049,0.004432321854756394,2.9656,2.95515,0.022206800832754947
2022-10-24,2.945,2.953,2.879,2.894,93107776,270974434,-0.017651052274270218,2.96125,2.955633333333333,0.010122164048865567
2022-10-25,2.895,2.9,2.846,2.866,81789476,234449644,-0.009675190048375915,2.95565,2.9555000000000002,-0.0027835768963118124
2022-10-26,2.865,2.88,2.84,2.849,80650200,230598026,-0.005931612002791353,2.94785,2.95445,-0.021634615384615308
2022-10-27,2.85,2.877,2.849,2.863,62659200,179621077,0.004914004914004844,2.94015,2.9536333333333333,-0.016826923076923017
2022-10-28,2.86,2.86,2.803,2.814,106127400,299876415,-0.017114914425427896,2.9312,2.9518166666666663,-0.03729045501197403
2022-10-31,2.814,2.815,2.738,2.747,188546700,520446726,-0.023809523809523836,2.9213,2.94925,-0.053085143054119266
2022-11-01,2.748,2.767,2.725,2.767,161348800,442238474,0.007280669821623675,2.9116,2.9469,-0.04848693259972492
2022-11-02,2.767,2.806,2.751,2.8,83173200,231424407,0.011926273942898469,2.9046,2.94615,-0.015817223198594133
2022-11-03,2.789,2.795,2.771,2.781,56708297,157847968,-0.006785714285714173,2.8969,2.94555,-0.012779552715655007
2022-11-04,2.781,2.844,2.781,2.829,72255300,203877597,0.01725997842502691,2.89035,2.945683333333333,0.0028358738036158293
2022-11-07,2.829,2.865,2.823,2.854,60753769,173023737,0.00883704489218795,2.8848,2.946166666666667,0.010265486725663742
2022-11-08,2.854,2.862,2.844,2.854,46140929,131609691,0.0,2.87975,2.9461333333333335,-0.0007002801120447044
2022-11-09,2.854,2.88,2.851,2.852,68850301,197164153,-0.0007007708479328523,2.87285,2.9457166666666668,-0.008689607229753205
2022-11-10,2.847,2.87,2.816,2.859,71630500,204058304,0.0024544179523142695,2.8686,2.9456833333333337,-0.0006990562740301076
2022-11-11,2.898,2.938,2.887,2.921,119456001,347741401,0.021685904162294545,2.8658500000000005,2.9462333333333333,0.011426592797783908
2022-11-14,2.95,2.972,2.9,2.91,78623800,230653245,-0.003765833618623704,2.863,2.9461500000000003,-0.0017152658662091813
2022-11-15,2.91,2.923,2.888,2.92,49216950,143360828,0.0034364261168384758,2.8609,2.9459999999999997,-0.003072721065209949
2022-11-16,2.92,2.923,2.907,2.911,36166330,105405225,-0.003082191780821919,2.8585000000000003,2.945533333333333,-0.009527050017012595
2022-11-17,2.91,2.91,2.872,2.89,63827668,184171854,-0.0072140158021297696,2.85635,2.94465,-0.01800883452259594
2022-11-18,2.89,2.891,2.871,2.877,53541700,154123180,-0.0044982698961938405,2.8529,2.94395,-0.014388489208633226
2022-11-21,2.868,2.871,2.839,2.866,46031568,131386213,-0.003823427181091299,2.8515,2.94265,-0.02649456521739124
2022-11-22,2.866,2.905,2.865,2.885,55243002,159345661,0.0066294487090019505,2.85245,2.9412333333333334,-0.028619528619528767
2022-11-23,2.884,2.916,2.88,2.901,94430000,274258846,0.00554592720970537,2.85505,2.939916666666667,-0.026510067114093983
2022-11-24,2.913,2.92,2.897,2.917,49144981,143185060,0.005515339538090247,2.8577500000000002,2.9396,-0.0064713896457766484
2022-11-25,2.916,2.97,2.913,2.966,132863784,392629164,0.016798080219403655,2.8653500000000003,2.939016666666667,-0.011662779073641993
2022-11-28,2.946,2.956,2.918,2.948,62533665,183818533,-0.00606877950101159,2.8754,2.938483333333333,-0.010738255033557076
2022-11-29,2.985,3.036,2.97,3.034,201603967,607437968,0.02917232021709637,2.8887500000000004,2.939016666666667,0.01065956029313786
2022-11-30,3.028,3.063,3.004,3.014,88283935,267525107,-0.0065919578114700395,2.89945,2.9396666666666667,0.0131092436974789
2022-12-01,3.038,3.044,2.99,2.993,68816606,207140895,-0.006967485069674817,2.91005,2.9402666666666666,0.012174501183632058
2022-12-02,2.993,2.993,2.955,2.972,103666700,307550700,-0.007016371533578369,2.9172000000000002,2.94005,-0.004355108877721947
2022-12-05,2.983,3.034,2.983,3.025,86901500,262062372,0.017833109017496573,2.92575,2.940816666666667,0.015441423296408185
2022-12-06,3.022,3.023,2.999,3.013,67770800,203853657,-0.003966942148760366,2.9337,2.9404833333333333,-0.006594131223211397
2022-12-07,3.006,3.018,2.985,2.998,46625100,139918417,-0.004978426817125681,2.941,2.9390833333333335,-0.027255029201816883
2022-12-08,2.997,3.022,2.989,3.013,49694000,149492388,0.0050033355570380245,2.9487,2.9380666666666664,-0.019843851659076095
2022-12-09,3.011,3.025,3.0,3.02,54218300,163344675,0.0023232658479921398,2.9536499999999997,2.937316666666667,-0.014681892332789492
2022-12-12,3.008,3.011,2.957,2.958,82176300,244570794,-0.020529801324503216,2.9560500000000003,2.934816666666667,-0.04826254826254828
2022-12-13,2.958,2.982,2.953,2.972,34846438,103509561,0.0047329276538201626,2.9586499999999996,2.932933333333333,-0.036628849270664454
2022-12-14,2.972,2.974,2.96,2.966,34461200,102197956,-0.0020188425302826163,2.9614,2.9313833333333337,-0.030402092186989194
2022-12-15,2.964,2.965,2.923,2.931,73936000,216964764,-0.011800404585300073,2.96345,2.9290500000000006,-0.04558775643113
2022-12-16,2.926,2.968,2.92,2.953,58714200,173326482,0.007505970658478356,2.96725,2.9285833333333335,-0.009392821200939316
2022-12-19,2.953,2.964,2.898,2.914,72754600,212598731,-0.013206908228919678,2.96965,2.9274666666666667,-0.022475679302247475
2022-12-20,2.914,2.915,2.865,2.88,80203700,231240543,-0.011667810569663817,2.9694000000000003,2.925833333333333,-0.032907991940899994
2022-12-21,2.882,2.899,2.87,2.883,74895000,215714424,0.0010416666666666075,2.9684999999999997,2.9238,-0.04059900166389352
2022-12-22,2.89,2.906,2.852,2.861,77455600,222861041,-0.007630939993062746,2.9657,2.9212,-0.05170699370235321
2022-12-23,2.86,2.869,2.843,2.851,67151900,191529018,-0.003495281370150427,2.95995,2.918833333333333,-0.04744403608419645
2022-12-26,2.851,2.856,2.842,2.844,65526100,186517983,-0.0024552788495265654,2.95475,2.91715,-0.034295415959253006
2022-12-27,2.846,2.877,2.846,2.872,66616400,191115142,0.009845288326300938,2.94665,2.9156666666666666,-0.030057413036136404
2022-12-28,2.872,2.883,2.854,2.878,44516900,127890499,0.002089136490250665,2.9398500000000003,2.914633333333333,-0.021088435374149617
2022-12-29,2.876,2.876,2.841,2.849,74464500,212229124,-0.010076441973592698,2.9326499999999998,2.9132000000000002,-0.029301533219761478
2022-12-30,2.85,2.865,2.846,2.863,55376500,158246823,0.004914004914004844,2.9272,2.911583333333333,-0.03277027027027024
2023-01-03,2.864,2.883,2.854,2.876,48583200,139524146,0.00454069158225634,2.9197499999999996,2.9101000000000004,-0.03001686340640808
2023-01-04,2.876,2.905,2.869,2.897,53686317,155397648,0.0073018080667592855,2.9139500000000003,2.9091333333333336,-0.019627749576988207
2023-01-05,2.9,2.908,2.892,2.902,50186053,145528108,0.0017259233690025688,2.9091500000000003,2.907666666666666,-0.02943143812709037
2023-01-06,2.902,2.904,2.892,2.897,51267700,148478958,-0.001722949689869191,2.90335,2.9068833333333335,-0.01596467391304357
2023-01-09,2.901,2.907,2.89,2.899,51867400,150340272,0.0006903693476010275,2.8973000000000004,2.9056,-0.0258736559139785
2023-01-10,2.9,2.904,2.878,2.883,85262100,245937423,-0.0055191445325974975,2.89355,2.9042,-0.028311425682507663
2023-01-11,2.883,2.911,2.881,2.905,64943100,188233342,0.007630939993062746,2.8902,2.90325,-0.0192437542201217
2023-01-12,2.905,2.906,2.882,2.892,90597300,261787768,-0.004475043029259829,2.8865000000000003,2.902133333333333,-0.022642784724569154
2023-01-13,2.893,2.91,2.893,2.907,66760753,193887486,0.005186721991701226,2.8853,2.9017,-0.008864643709512343
2023-01-16,2.82,2.82,2.77,2.788,186379353,519675045,-0.040935672514619936,2.87705,2.899066666666667,-0.05363204344874417
2023-01-17,2.788,2.792,2.776,2.78,106421800,295838452,-0.0028694404591105283,2.8703499999999997,2.8971666666666667,-0.039391845196959374
2023-01-18,2.78,2.791,2.78,2.783,75283900,209632690,0.0010791366906475197,2.8655,2.895783333333333,-0.028960223307746058
2023-01-19,2.784,2.79,2.775,2.789,90972000,252977954,0.002155946819978549,2.8608000000000002,2.8947833333333337,-0.021060021060021028
2023-01-20,2.79,2.818,2.79,2.817,88700498,249116778,0.01003944065973461,2.8586,2.8940166666666665,-0.01606706252183021
2023-01-30,2.833,2.849,2.8,2.801,127149100,358000624,-0.005679801206957769,2.8561,2.8938,-0.004619758351101622
2023-01-31,2.801,2.81,2.796,2.809,60527300,169838230,0.00285612281328107,2.8543499999999997,2.894833333333333,0.022570076447033127
2023-02-01,2.809,2.815,2.796,2.813,78093727,219003348,0.0014239943040228464,2.8514,2.8956,0.016624503071919206
2023-02-02,2.813,2.823,2.802,2.817,68580008,193023853,0.0014219694276573769,2.84835,2.8958833333333334,0.0060714285714287275
2023-02-03,2.815,2.816,2.786,2.799,139694000,390425628,-0.006389776357827559,2.84585,2.8961833333333336,0.006472491909385036
2023-02-06,2.792,2.792,2.777,2.784,86270600,240113329,-0.005359056806002238,2.8419,2.8954333333333335,-0.0159066808059386
2023-02-07,2.784,2.802,2.784,2.795,58756917,164218406,0.0039511494252872925,2.8378500000000004,2.8944499999999995,-0.020672740014015423
2023-02-08,2.797,2.802,2.786,2.788,59525900,166306998,-0.002504472271914193,2.8324,2.89335,-0.023125437981780017
2023-02-09,2.786,2.8,2.781,2.797,56688600,158441046,0.0032281205164994553,2.82715,2.8924333333333334,-0.019284712482468325
2023-02-10,2.798,2.805,2.792,2.8,69044200,193255409,0.0010725777618876275,2.8223,2.89145,-0.020636586218957698
2023-02-13,2.8,2.806,2.787,2.805,69617900,194855539,0.0017857142857145014,2.8175999999999997,2.8895166666666667,-0.03971242725094137
2023-02-14,2.804,2.823,2.804,2.822,96506800,271916690,0.0060606060606061,2.81455,2.88805,-0.030240549828178698
2023-02-15,2.822,2.823,2.805,2.809,59031800,165941895,-0.004606661941885193,2.80975,2.8862000000000005,-0.03801369863013693
2023-02-16,2.809,2.827,2.78,2.794,128882900,362060765,-0.005339978640085508,2.8048499999999996,2.88425,-0.04019237375472351
2023-02-17,2.799,2.814,2.791,2.799,114880900,322096574,0.0017895490336434783,2.79945,2.8827333333333334,-0.03148788927335644
2023-02-20,2.799,2.844,2.799,2.843,175180900,495237396,0.01571989996427292,2.8022,2.882166666666666,-0.011817865832464358
2023-02-21,2.848,2.886,2.848,2.879,130005541,373481898,0.012662680267323312,2.80715,2.8823833333333337,0.004535938590369826
2023-02-22,2.879,2.889,2.86,2.883,80162400,230813153,0.0013893713094823568,2.81215,2.88235,-0.0006932409012131435
2023-02-23,2.894,2.91,2.882,2.894,96237928,278872064,0.003815469996531373,2.8174,2.882233333333333,-0.0024129610479144414
2023-02-24,2.893,2.896,2.869,2.886,73935565,213207989,-0.0027643400138217533,2.82085,2.8817166666666667,-0.010627356873500027
2023-02-27,2.88,2.907,2.88,2.891,73067550,211572943,0.0017325017325016123,2.82535,2.8804666666666665,-0.025286581254214457
2023-02-28,2.891,2.898,2.877,2.898,51958359,150034861,0.002421307506053294,2.8298,2.8796333333333335,-0.016960651289009476
2023-03-01,2.899,2.916,2.898,2.915,112762711,328135308,0.005866114561766667,2.8349,2.87765,-0.039222148978246496
2023-03-02,2.915,2.942,2.91,2.929,86228774,252651667,0.004802744425385752,2.8405,2.8762333333333334,-0.028201725282017254
2023-03-03,2.93,2.948,2.921,2.944,87213463,256196216,0.005121201775349915,2.84775,2.8754166666666667,-0.016371533578349418
2023-03-06,2.945,2.95,2.927,2.93,91306800,268088307,-0.004755434782608647,2.85505,2.8747166666666666,-0.014131897711978425
2023-03-07,2.929,2.97,2.92,2.923,111609900,329211304,-0.0023890784982935065,2.86145,2.8730166666666666,-0.033719008264462724
2023-03-08,2.92,2.922,2.901,2.921,77218638,224811490,-0.0006842285323298558,2.8681,2.871483333333333,-0.03053435114503822
2023-03-09,2.922,2.939,2.915,2.917,57295400,167495220,-0.001369394043135963,2.8741,2.8701333333333334,-0.027018012008005465
2023-03-10,2.914,2.914,2.87,2.877,97365800,281052253,-0.01371271854645184,2.87795,2.8678666666666666,-0.04513773647527386
2023-03-13,2.873,2.91,2.87,2.91,72623800,209998465,0.011470281543274341,2.8832,2.866033333333333,-0.03642384105960261
2023-03-14,2.91,2.923,2.883,2.895,71521600,207670627,-0.005154639175257825,2.88685,2.8649833333333334,-0.02129817444219073
2023-03-15,2.899,2.925,2.886,2.919,88122000,256196945,0.008290155440414448,2.89235,2.8641,-0.017833109017496573
2023-03-16,2.91,2.924,2.894,2.898,72016400,209392783,-0.007194244604316502,2.89755,2.8629666666666664,-0.022926500337154487
2023-03-17,2.901,2.93,2.901,2.917,77682000,226786099,0.00655624568668034,2.90345,2.862733333333333,-0.004776526782668156
2023-03-20,2.917,2.941,2.902,2.904,95327000,278501185,-0.004456633527596843,2.9065000000000003,2.861916666666666,-0.016593294954283744
2023-03-21,2.906,2.914,2.887,2.896,63657800,184341646,-0.0027548209366391463,2.90735,2.861616666666667,-0.0061770761839397
2023-03-22,2.9,2.921,2.893,2.91,54584066,158789472,0.004834254143646577,2.9087,2.8621166666666666,0.01041666666666674
2023-03-23,2.909,2.915,2.896,2.912,42059400,122322128,0.0006872852233676952,2.9096,2.8626,0.010058966354491883
2023-03-24,2.915,2.917,2.89,2.894,62030900,179647395,-0.006181318681318659,2.9099999999999997,2.86315,0.011534428521495999
2023-03-27,2.894,2.894,2.86,2.873,97238353,278881016,-0.007256392536281964,2.9091,2.863516666666667,0.007716590669940349
2023-03-28,2.875,2.886,2.866,2.878,45533700,130962553,0.0017403411068568353,2.9081,2.8640833333333333,0.011954992967651235
2023-03-29,2.88,2.89,2.871,2.876,34230274,98502953,-0.0006949270326616075,2.90615,2.86415,0.0013927576601671099
2023-03-30,2.875,2.888,2.858,2.887,67884200,194987414,0.0038247566063978056,2.9040500000000002,2.8643,0.003127171646976956
2023-03-31,2.889,2.905,2.884,2.894,55129200,159721785,0.002424662279182588,2.90155,2.8650499999999997,0.015795015795015743
2023-04-03,2.894,2.918,2.894,2.915,75613500,220176079,0.007256392536281853,2.9008,2.8659166666666662,0.01816276632902558
2023-04-04,2.913,2.935,2.907,2.928,110291700,322909367,0.00445969125214396,2.90105,2.866783333333333,0.018080667593880495
2023-04-06,2.928,2.928,2.909,2.911,31225906,91008860,-0.0058060109289617134,2.90055,2.8670166666666663,0.004832585433206749
2023-04-07,2.91,2.922,2.905,2.912,37052900,107890557,0.00034352456200603676,2.9003,2.8671833333333336,0.003445899379737938
2023-04-10,2.912,2.913,2.901,2.909,45922792,133549938,-0.0010302197802197766,2.9019000000000004,2.867383333333333,0.004142216085605721
2023-04-11,2.909,2.932,2.903,2.932,79054500,231070532,0.007906497078033814,2.903,2.8679333333333332,0.0113832355984822
2023-04-12,2.934,2.967,2.934,2.966,128781253,381179772,0.011596180081855367,2.90655,2.869316666666667,0.02878945542837319
2023-04-13,2.964,2.986,2.961,2.973,107516040,319787901,0.002360080917059859,2.90925,2.87045,0.023407917383821086
2023-04-14,2.973,2.979,2.954,2.965,62391435,184942348,-0.002690884628321566,2.9126000000000003,2.871666666666667,0.025242047026279302
2023-04-17,2.962,3.0,2.952,2.999,99264253,296290766,0.011467116357504192,2.9167,2.8731999999999998,0.0316477468180254
2023-04-18,2.997,3.019,2.99,3.018,119134496,358379733,0.006335445148382579,2.9224,2.877033333333333,0.08249641319942613
2023-04-19,3.016,3.025,3.006,3.013,123493956,372704726,-0.0016567263088137496,2.92825,2.8809166666666663,0.08381294964028774
2023-04-20,3.01,3.021,2.984,3.009,71219301,213582218,-0.001327580484566826,2.9332000000000003,2.8846833333333333,0.08120733021918802
2023-04-21,3.009,3.038,2.991,2.992,67684800,203993526,-0.005649717514124242,2.9372,2.8880666666666666,0.07278594478307632
2023-04-24,2.993,3.004,2.98,2.987,175007101,523034033,-0.0016711229946523298,2.94185,2.8909000000000002,0.06034788782392608
2023-04-25,2.988,3.013,2.97,3.009,112814600,338306937,0.007365249414127861,2.9486499999999998,2.894366666666666,0.07425919314530516
2023-04-26,2.999,3.032,2.97,3.015,122174900,367421983,0.001994017946161497,2.9555,2.8977999999999997,0.07333570665717337
2023-04-27,3.014,3.037,2.999,3.023,121086700,365975685,0.002653399668325118,2.96285,2.9013,0.07465339495200851
2023-04-28,3.016,3.061,3.013,3.059,160162400,487420768,0.011908699966920233,2.97145,2.905333333333333,0.0859069932552361
2023-05-04,3.052,3.135,3.042,3.13,110225394,342886224,0.02321019941157232,2.98325,2.9108499999999995,0.11825652018578059
2023-05-05,3.138,3.179,3.119,3.158,103719097,326728367,0.008945686900958538,2.9954,2.9170833333333333,0.13433908045977017
2023-05-08,3.155,3.263,3.148,3.249,194076954,626117647,0.028815706143128672,3.01145,2.92465,0.16243291592128806
2023-05-09,3.249,3.285,3.208,3.211,206046131,669668909,-0.011695906432748648,3.0264499999999996,2.9317,0.1517216642754664
2023-05-10,3.2,3.212,3.132,3.143,172259637,544893190,-0.021177203363438202,3.038,2.9374666666666664,0.12370396853771881
2023-05-11,3.145,3.164,3.125,3.136,78337498,246173841,-0.002227171492204749,3.04935,2.9430666666666667,0.1200000000000001
2023-05-12,3.136,3.163,3.11,3.123,92668900,290498742,-0.004145408163265252,3.0589,2.9483666666666664,0.11336898395721917
2023-05-15,3.122,3.123,3.046,3.116,122320000,376965463,-0.0022414345180916673,3.0664000000000002,2.953266666666667,0.10418143160878812
2023-05-16,3.113,3.138,3.091,3.096,79416149,247617056,-0.006418485237484006,3.0725499999999997,2.9580499999999996,0.10217159131363474
2023-05-17,3.096,3.105,3.071,3.083,72269820,223115089,-0.004198966408268667,3.07845,2.9628666666666663,0.10343593414459562
2023-05-18,3.085,3.129,3.084,3.111,65427820,203631845,0.009082062925721779,3.08405,2.9680666666666666,0.11146838156484473
2023-05-19,3.098,3.098,3.064,3.068,209455600,644546232,-0.013821922211507576,3.08655,2.9718166666666668,0.07914175167077042
2023-05-22,3.065,3.076,3.045,3.058,69759400,213381011,-0.0032594524119948787,3.0888,2.9748,0.062174366099339906
2023-05-23,3.056,3.066,3.02,3.02,67180700,204377434,-0.012426422498364897,3.08935,2.9770833333333333,0.047519944502254496
2023-05-24,3.018,3.018,2.974,2.978,96195399,287369302,-0.013907284768211903,3.0886500000000003,2.9784833333333336,0.029025570145127855
2023-05-25,2.974,2.978,2.932,2.963,91052700,268765483,-0.00503693754197454,3.08745,2.979766666666667,0.02668052668052656
2023-05-26,2.96,2.999,2.946,2.991,105758900,314225158,0.009449881876476551,3.08655,2.9814333333333334,0.03459010722933242
2023-05-29,2.999,3.044,2.981,3.022,153613900,463052316,0.010364426613172828,3.0869,2.9835,0.04278812974465129
2023-05-30,3.016,3.029,2.98,3.021,80546630,242262389,-0.00033090668431501324,3.0868,2.9852666666666665,0.036363636363636376
2023-05-31,3.012,3.018,2.982,2.988,78721000,235788344,-0.010923535253227423,3.08325,2.9862499999999996,0.020143393649709962
2023-06-01,2.99,3.011,2.971,2.985,64527800,192860693,-0.0010040160642570406,3.076,2.9869333333333334,0.013926630434782483
2023-06-02,2.987,3.0,2.977,2.984,85495900,255216880,-0.0003350083752093891,3.0673000000000004,2.9878333333333336,0.018430034129692796
2023-06-05,2.985,3.005,2.973,3.002,61297600,183532760,0.0060321715817692745,3.05495,2.98915,0.027027027027026973
2023-06-06,3.002,3.038,2.982,2.992,81204535,244827859,-0.0033311125916055673,3.044,2.9903333333333335,0.024306744265662594
2023-06-07,2.991,3.028,2.976,3.023,97089500,292681837,0.010360962566845044,3.038,2.9921,0.03633870414809737
2023-06-08,3.021,3.068,3.006,3.06,100371600,305208527,0.012239497188223591,3.0342,2.99515,0.06360792492179357
2023-06-09,3.058,3.059,3.032,3.041,60166000,183079655,-0.006209150326797475,3.0301,2.997333333333333,0.04501718213058403
2023-06-12,3.041,3.041,3.006,3.01,76298500,230181326,-0.010194015126603118,3.0248,2.9992499999999995,0.03972366148531936
2023-06-13,3.004,3.017,2.998,3.003,49448020,148532062,-0.0023255813953487747,3.02015,3.0006500000000003,0.02877697841726623
2023-06-14,3.003,3.025,2.984,2.985,78180600,234506339,-0.005994005994006124,3.01525,3.0021,0.030020703933747228
2023-06-15,2.988,2.997,2.98,2.994,58757000,175553046,0.0030150753768845018,3.0094000000000003,3.0033833333333333,0.026396983201919966
2023-06-16,2.994,3.001,2.988,2.989,87889300,263149365,-0.0016700066800268143,3.00545,3.0048000000000004,0.029269972451790638
2023-06-19,2.989,2.99,2.95,2.952,103081422,305355734,-0.01237872198059553,3.00015,3.005733333333333,0.01933701657458564
2023-06-20,2.95,2.951,2.922,2.925,83787500,245848047,-0.009146341463414642,2.9954,3.0059833333333335,0.005154639175257714
2023-06-21,2.924,2.938,2.905,2.908,95955209,280357291,-0.005811965811965747,2.9919000000000002,3.0059166666666663,-0.0013736263736263687
2023-06-26,2.9,2.9,2.861,2.862,185650900,533908538,-0.015818431911966968,2.9868499999999996,3.005383333333333,-0.011057360055286791
2023-06-27,2.862,2.92,2.862,2.915,114655500,331625619,0.0185185185185186,2.98305,3.0060833333333337,0.01461886529759826
2023-06-28,2.911,2.938,2.905,2.935,79024700,231038912,0.006861063464836947,2.9787,3.0070333333333337,0.019805420430854648
2023-06-29,2.934,2.943,2.918,2.933,76133400,223326056,-0.0006814310051107553,2.9743,3.0079833333333337,0.019819193324061235
2023-06-30,2.931,2.948,2.929,2.938,71608401,210589391,0.0017047391749063223,2.9718,3.0088333333333335,0.01766539660547295
2023-07-03,2.94,2.975,2.94,2.973,97236200,287933595,0.011912865895166602,2.9712,3.0101500000000003,0.027297857636489287
2023-07-04,2.97,2.97,2.936,2.95,64226300,189330282,-0.0077362933064243355,2.9695,3.0107333333333335,0.012006861063464935
2023-07-05,2.944,2.957,2.933,2.948,109278300,322285370,-0.0006779661016950156,2.9668,3.011066666666667,0.006830601092896238
2023-07-06,2.948,2.957,2.934,2.941,55686809,163866682,-0.002374491180461402,2.96425,3.011566666666667,0.010305736860185544
2023-07-07,2.936,2.961,2.932,2.959,59335022,175070563,0.006120367222033352,2.96105,3.01235,0.016140109890109944
2023-07-10,2.96,2.972,2.954,2.966,47931012,142027990,0.002365664075701268,2.95635,3.0133,0.019594362323822834
2023-07-11,2.968,2.973,2.95,2.964,40194180,119043555,-0.0006743088334457692,2.9525,3.013833333333333,0.01091405184174632
2023-07-12,2.966,2.969,2.94,2.946,51387480,151754232,-0.006072874493927016,2.9493,3.0135,-0.006743088334457137
2023-07-13,2.95,2.981,2.948,2.977,66926200,198755934,0.010522742701968735,2.948,3.0135666666666667,0.001345442314160783
2023-07-14,2.979,3.002,2.978,2.992,73284063,219133170,0.005038629492778002,2.94835,3.014016666666667,0.009106239460371146
2023-07-17,2.983,2.983,2.96,2.975,46000300,136395587,-0.005681818181818121,2.9474,3.0136166666666666,-0.008002667555851994
2023-07-18,2.974,2.981,2.96,2.968,37397400,111046331,-0.0023529411764706687,2.94635,3.012783333333333,-0.01656726308813783
2023-07-19,2.965,2.988,2.965,2.987,47309100,140887349,0.006401617250674008,2.9481,3.0123499999999996,-0.008629273149684646
2023-07-20,2.987,2.996,2.972,2.978,41569153,124019111,-0.003013056578506812,2.95075,3.0118333333333336,-0.010302426055167735
2023-07-21,2.974,2.984,2.967,2.978,37754200,112343994,0.0,2.95425,3.0116,-0.004679144385026701
2023-07-24,2.97,2.988,2.961,2.976,57460100,170934718,-0.000671591672263383,2.95995,3.011416666666667,-0.0036826247070639306
2023-07-25,2.993,3.019,2.993,3.018,107629214,324197418,0.014112903225806495,2.9651000000000005,3.011566666666667,0.0029910269192421346
2023-07-26,3.019,3.031,3.015,3.025,88312200,266949260,0.0023194168323392717,2.9696000000000002,3.0117333333333334,0.0033167495854062867
2023-07-27,3.024,3.058,3.019,3.034,102028283,310293894,0.002975206611570247,2.97465,3.0119166666666666,0.0036387694343367194
2023-07-28,3.028,3.093,3.027,3.086,134814800,414367885,0.01713909030982208,2.98205,3.012366666666667,0.008826413860738791
2023-07-31,3.101,3.134,3.093,3.106,115187491,357919395,0.006480881399870464,2.9887,3.011966666666667,-0.007667731629392938
2023-08-01,3.105,3.125,3.096,3.11,105422589,327903473,0.0012878300064391723,2.9966999999999997,3.0111666666666665,-0.015199493350221638
2023-08-02,3.108,3.108,3.065,3.071,92751100,285621180,-0.012540192926044913,3.0028499999999996,3.0082,-0.05478608802708529
2023-08-03,3.063,3.088,3.051,3.087,70156394,215303794,0.005210029306414787,3.0101500000000003,3.006133333333333,-0.038617253192151924
2023-08-04,3.097,3.112,3.073,3.076,90478000,279491037,-0.003563330093942385,3.016,3.005016666666667,-0.021317212853961043
2023-08-07,3.072,3.072,3.039,3.048,55295600,168500139,-0.00910273081924573,3.0201000000000002,3.0035499999999997,-0.028061224489795977
2023-08-08,3.042,3.059,3.033,3.043,55814500,169965281,-0.0016404199475065218,3.02405,3.002216666666667,-0.025616394492475214
2023-08-09,3.043,3.043,3.03,3.033,37008564,112315761,-0.0032862306933947316,3.0284,3.000833333333333,-0.026636713735558426
2023-08-10,3.033,3.065,3.029,3.054,40919500,124854924,0.006923837784371889,3.03225,3.0001333333333333,-0.013565891472868352
2023-08-11,3.054,3.061,3.011,3.012,50088900,151592860,-0.013752455795677743,3.03325,2.9989500000000002,-0.0230295167045087
2023-08-14,2.997,3.012,2.972,3.006,81355151,243440080,-0.0019920318725100694,3.0347999999999997,2.9972,-0.03375120540019305
2023-08-15,3.006,3.036,2.997,3.03,99455122,300584131,0.007984031936127733,3.0379,2.996566666666667,-0.012385919165580295
2023-08-16,3.025,3.043,3.006,3.029,74871978,226597756,-0.0003300330033002563,3.04,2.996083333333333,-0.009483322432962682
2023-08-17,3.013,3.029,3.0,3.028,69016074,208002829,-0.0003301419610431955,3.0424999999999995,2.9962166666666668,0.0026490066225166586
2023-08-18,3.024,3.058,3.023,3.029,78958046,239931265,0.00033025099075301156,3.04505,2.997066666666667,0.017125587642713214
2023-08-21,3.029,3.034,3.0,3.004,86661872,261038783,-0.00825354902608122,3.0464499999999997,2.9977500000000004,0.013837327033412006
2023-08-22,3.005,3.031,2.993,3.022,82506000,248446640,0.005992010652463353,3.0466499999999996,2.9982666666666664,0.010364426613172828
2023-08-23,3.019,3.058,3.016,3.028,79397401,241209477,0.0019854401058903015,3.0468,2.9983666666666666,0.0019854401058903015
2023-08-24,3.028,3.039,3.007,3.012,72440000,218735083,-0.005284015852047519,3.0457,2.9982166666666665,-0.002979145978152853
2023-08-25,3.01,3.033,3.001,3.015,106847963,322352398,0.0009960159362549792,3.0421500000000004,2.998666666666667,0.009036144578313365
2023-08-28,3.15,3.168,3.047,3.057,172673199,531886076,0.013930348258706315,3.0397,2.9998666666666667,0.024120603015075348
2023-08-29,3.049,3.064,3.035,3.057,86003564,262486451,0.0,3.03705,3.0010833333333333,0.024463806970509427
2023-08-30,3.057,3.057,3.016,3.027,92629001,280901441,-0.00981354268891066,3.03485,3.0015,0.00832778147901414
2023-08-31,3.024,3.034,2.988,2.994,102337554,307111445,-0.010901883052527261,3.0302,3.001533333333333,0.0006684491978610207
2023-09-01,2.995,3.028,2.995,3.022,66712669,201150060,0.009352037408149494,3.0275,3.001516666666667,-0.00033079722130346934
2023-09-04,3.032,3.075,3.032,3.068,105903360,324183861,0.015221707478491053,3.0284999999999997,3.0016499999999997,0.002614379084967311
2023-09-05,3.068,3.068,3.034,3.044,61836014,188196574,-0.007822685788787531,3.02855,3.0017,0.0009865175928971404
2023-09-06,3.036,3.049,3.025,3.041,45688400,138699883,-0.000985545335085436,3.02895,3.002216666666667,0.010299003322259193
2023-09-07,3.04,3.057,3.031,3.033,72547621,220821934,-0.002630713581058819,3.0279,3.0027166666666663,0.009990009990009874
2023-09-08,3.025,3.029,3.007,3.014,69540000,209658836,-0.006264424662050794,3.028,3.0032,0.009715242881072061
2023-09-11,3.015,3.039,3.014,3.035,46378225,140555589,0.006967485069675039,3.0294499999999998,3.0038833333333335,0.013694054776218989
2023-09-12,3.033,3.038,3.026,3.03,31238825,94657868,-0.0016474464579901982,3.0294499999999998,3.004566666666667,0.013716962194713966
2023-09-13,3.033,3.057,3.033,3.045,71652376,218130039,0.004950495049504955,3.03025,3.0061166666666663,0.0315040650406504
2023-09-14,3.044,3.086,3.037,3.083,119430806,366654561,0.012479474548440228,3.033,3.0087499999999996,0.05401709401709409
2023-09-15,3.085,3.11,3.072,3.085,104789693,323953456,0.0006487187804087302,3.0358,3.0117,0.0608665749656121
2023-09-18,3.084,3.087,3.054,3.087,61768300,189560174,0.0006482982171800433,3.03995,3.0154500000000004,0.07861635220125796
2023-09-19,3.085,3.113,3.082,3.108,73535350,228239533,0.006802721088435382,3.0442500000000003,3.0186666666666664,0.0662092624356776
2023-09-20,3.106,3.121,3.095,3.116,65517532,204077919,0.002574002574002643,3.04865,3.0216833333333333,0.06166950596252141
2023-09-21,3.107,3.123,3.095,3.097,104729399,324973555,-0.0060975609756097615,3.0529,3.0244166666666668,0.055915444936924796
2023-09-22,3.083,3.112,3.082,3.111,100762067,312511526,0.004520503713270951,3.0576999999999996,3.0273,0.058883594281824436
2023-09-25,3.107,3.125,3.095,3.105,86118600,268039907,-0.0019286403085825299,3.0601000000000003,3.0294999999999996,0.04439959636730584
2023-09-26,3.101,3.11,3.088,3.092,44600700,137978930,-0.004186795491143314,3.06185,3.0318666666666667,0.04813559322033889
2023-09-27,3.091,3.097,3.075,3.081,71082300,219143618,-0.0035575679172057395,3.0645499999999997,3.0340833333333332,0.0451153324287652
2023-09-28,3.084,3.09,3.076,3.077,52079000,160507715,-0.0012982797792924217,3.0687,3.0363499999999997,0.046242774566473965
2023-10-09,3.077,3.078,3.042,3.072,66265900,202879871,-0.001624959376015589,3.0712,3.038233333333333,0.0381885772220345
2023-10-10,3.072,3.078,3.041,3.043,63708100,194512034,-0.00944010416666663,3.06995,3.0395166666666666,0.025960890087660227
2023-10-11,3.047,3.051,3.026,3.034,76037100,230940816,-0.0029576076240552807,3.06945,3.0406833333333334,0.02361673414304999
2023-10-12,3.043,3.066,3.041,3.06,62037103,189335370,0.00856954515491104,3.0704000000000002,3.042583333333333,0.0386965376782078
2023-10-13,3.046,3.065,3.037,3.056,53520215,163522910,-0.0013071895424836555,3.07155,3.0439000000000003,0.0265367819952973
2023-10-16,3.058,3.076,3.05,3.075,70751010,216776420,0.006217277486911144,3.0745999999999998,3.045283333333333,0.02774064171123003
2023-10-17,3.073,3.076,3.059,3.071,39328200,120585680,-0.0013008130081301195,3.0764,3.046883333333333,0.03226890756302514
2023-10-18,3.068,3.071,3.047,3.048,52982500,161883635,-0.007489417127971354,3.0773,3.048216666666667,0.02695417789757415
2023-10-19,3.039,3.043,3.0,3.003,91039100,274436031,-0.014763779527559029,3.0751999999999997,3.048483333333334,0.005356545028456727
2023-10-20,2.999,2.999,2.97,2.98,107055000,319540227,-0.007659007659007733,3.07005,3.0485166666666665,0.000671591672263272
2023-10-23,2.979,2.983,2.935,2.95,80500862,238086559,-0.010067114093959662,3.0633,3.0480500000000004,-0.009402283411685697
2023-10-24,2.968,2.972,2.95,2.971,69351300,205279078,0.007118644067796609,3.0575,3.0479666666666665,-0.0016801075268816357
2023-10-25,2.987,3.003,2.981,2.994,83523800,249738015,0.007741501178054611,3.0518,3.0475666666666665,-0.007952286282306043
2023-10-26,2.987,3.007,2.975,3.004,52428800,156824086,0.0033400133600534065,3.0462,3.0472166666666665,-0.006942148760330502
2023-10-27,3.004,3.027,2.998,3.015,80812200,243815269,0.003661784287616543,3.0421,3.0469,-0.00626235992089641
2023-10-30,3.009,3.01,2.97,2.974,118171838,351932913,-0.013598673300165842,3.0352500000000004,3.0450333333333335,-0.036292935839274065
2023-10-31,2.972,2.983,2.961,2.982,53211888,158216602,0.0026899798251514007,3.0291,3.0429666666666666,-0.039922730199613565
2023-11-01,2.983,2.985,2.964,2.979,55255150,164238770,-0.001006036217303885,3.02345,3.040783333333333,-0.04212218649517674
2023-11-02,2.979,2.998,2.977,2.988,53830712,161037369,0.0030211480362536403,3.0188,3.0394,-0.027027027027027084
2023-11-03,2.988,2.996,2.97,2.974,70046700,208714193,-0.004685408299866078,3.0136499999999997,3.037516666666667,-0.03660511823777124
2023-11-06,2.974,2.978,2.948,2.955,172542660,509516531,-0.00638870208473441,3.0078000000000005,3.0355,-0.03933680104031212
2023-11-07,2.952,2.96,2.94,2.957,58693200,173182766,0.0006768189509305245,3.0035000000000003,3.033983333333333,-0.029855643044619518
2023-11-08,2.953,2.963,2.945,2.956,50499789,149216320,-0.000338180588434156,2.9996,3.0325333333333333,-0.028590207032533788
2023-11-09,2.956,2.983,2.953,2.981,90250558,268600330,0.008457374830852515,2.9956500000000004,3.0316666666666667,-0.017144741180349476
2023-11-10,2.971,2.979,2.957,2.973,50737294,150542193,-0.0026836632002683602,2.9915,3.0303166666666663,-0.026522593320235766
2023-11-13,2.977,2.983,2.955,2.978,44482028,131909519,0.0016818028927010342,2.98665,3.02975,-0.011288180610889764
2023-11-14,2.978,2.981,2.96,2.968,44989800,133462722,-0.00335795836131636,2.9815,3.029116666666667,-0.012641383898868819
2023-11-15,2.98,2.984,2.97,2.977,43642050,129854731,0.0030323450134770447,2.9779500000000003,3.028233333333333,-0.01749174917491747
2023-11-16,2.977,2.985,2.968,2.979,54895312,163561653,0.0006718172657038668,2.97675,3.0274,-0.016507098052162328
2023-11-17,2.974,2.977,2.959,2.969,42546443,126158077,-0.0033568311513931803,2.9762,3.026416666666667,-0.019484808454425462
2023-11-20,2.97,2.978,2.962,2.973,46994700,139661371,0.001347254968002698,2.9773500000000004,3.0254833333333333,-0.018487949818421945
2023-11-21,2.976,3.007,2.975,2.989,74451569,222860684,0.005381769256643132,2.97825,3.0252333333333334,-0.004993342210386165
2023-11-22,2.983,3.0,2.981,2.981,62422629,186678900,-0.0026764804282368715,2.9776,3.02455,-0.013567174056915876
2023-11-23,2.981,3.005,2.978,3.001,78975166,236404539,0.006709158000670845,2.97745,3.0241000000000002,-0.008916776750330313
2023-11-24,2.998,3.015,2.998,3.009,54047416,162595960,0.002665778073975389,2.97715,3.0240500000000003,-0.0009960159362549792
2023-11-27,3.002,3.006,2.987,3.0,60792100,181918979,-0.0029910269192422456,2.9784499999999996,3.0238,-0.004975124378109541
2023-11-28,2.996,2.996,2.978,2.994,47899900,143007650,-0.0019999999999998908,2.97905,3.0227500000000003,-0.02060843964671233
2023-11-29,2.994,2.999,2.976,2.981,53477001,159578384,-0.004342017368069606,2.9791499999999997,3.0214833333333333,-0.024860974811907077
2023-11-30,2.977,2.991,2.975,2.99,45284200,135116873,0.0030191211003021134,2.97925,3.020866666666667,-0.012223323422530519
2023-12-01,2.99,3.005,2.987,3.002,60824500,182432761,0.004013377926421313,2.98065,3.0210000000000004,0.002672010688042681
2023-12-04,3.002,3.014,2.996,3.008,66769900,200666266,0.0019986675549634736,2.9833,3.0207666666666664,-0.0046326935804102964
2023-12-05,3.004,3.004,2.97,2.972,79642395,238037773,-0.01196808510638303,2.9840500000000003,3.0191666666666666,-0.031290743155150014
2023-12-06,2.973,2.974,2.941,2.969,68120100,201514304,-0.0010094212651413637,2.9847,3.0179166666666664,-0.024638633377135455
2023-12-07,2.966,2.978,2.953,2.97,44796400,132906112,0.0003368137420007855,2.98415,3.0167333333333333,-0.023347583031897323
2023-12-08,2.97,2.982,2.955,2.971,45438800,134990555,0.00033670033670030186,2.98405,3.0157000000000003,-0.020441806791955064
2023-12-11,2.963,3.0,2.921,2.997,103498712,306446892,0.008751262201278864,2.985,3.015416666666667,-0.0056403450564034285
2023-12-12,2.991,3.01,2.98,3.009,79682300,238997947,0.004004004004003914,2.98705,3.0149833333333333,-0.008566721581548697
2023-12-13,3.003,3.01,2.986,2.987,48040200,144041471,-0.007311399135925489,2.9875499999999997,3.0142666666666664,-0.01419141914191413
2023-12-14,2.997,3.006,2.98,2.995,59005900,176857125,0.0026782725142282526,2.9883499999999996,3.0134333333333334,-0.016420361247947435
2023-12-15,2.998,3.002,2.972,2.978,65631700,195802391,-0.005676126878130239,2.9888,3.0116833333333335,-0.03405773597145634
2023-12-18,2.972,2.99,2.962,2.975,49728912,148067048,-0.001007387508394908,2.9889,3.00985,-0.03565640194489461
2023-12-19,2.971,2.974,2.955,2.967,70795600,209782264,-0.0026890756302521135,2.9878,3.00785,-0.0388726919339164
2023-12-20,2.97,2.987,2.961,2.965,66441112,197627032,-0.0006740815638692776,2.987,3.0054666666666665,-0.04601029601029605
2023-12-21,2.959,2.959,2.929,2.945,110704800,325507067,-0.006745362563237767,2.9842000000000004,3.002616666666667,-0.054878048780487854
2023-12-22,2.946,2.959,2.933,2.941,78736042,231843127,-0.0013582342954159277,2.9808,3.0000166666666668,-0.050371327090733
2023-12-25,2.937,2.94,2.918,2.939,68357200,200047872,-0.0006800408024481008,2.97775,2.99715,-0.0552876888460303
2023-12-26,2.938,2.957,2.919,2.922,81675800,239747051,-0.005784280367471917,2.9741500000000003,2.9941000000000004,-0.05893719806763276
2023-12-27,2.92,2.935,2.907,2.934,82812327,242209513,0.004106776180698102,2.9718,2.9914666666666667,-0.051099611901681774
2023-12-28,2.934,2.938,2.908,2.916,157440300,459288706,-0.00613496932515345,2.9680999999999997,2.988716666666667,-0.05355404089581306
2023-12-29,2.916,2.935,2.907,2.931,108213960,316097312,0.005144032921810648,2.96455,2.9862833333333336,-0.047448813779655485
2024-01-02,2.931,2.983,2.93,2.97,145816989,432515576,0.013306038894575378,2.96265,2.9845833333333336,-0.033203125
2024-01-03,2.968,3.014,2.965,3.01,244179313,733444176,0.013468013468013407,2.96455,2.9840333333333335,-0.010844561288202548
2024-01-04,3.008,3.04,3.003,3.034,246967953,747167919,0.007973421926910307,2.9677999999999995,2.9840333333333335,0.0
2024-01-05,3.03,3.087,3.026,3.044,321240200,984456676,0.0032959789057351863,2.9715,2.983766666666667,-0.005228758169934622
2024-01-08,3.04,3.042,3.013,3.015,119728400,362024466,-0.009526938239158955,2.9737,2.983083333333333,-0.013416230366492088
2024-01-09,3.014,3.042,2.991,3.038,107309100,324000371,0.007628524046434437,2.97575,2.982466666666667,-0.01203252032520341
2024-01-10,3.026,3.045,3.019,3.023,85594400,258955427,-0.004937458854509469,2.9764500000000003,2.981666666666667,-0.015630087919244584
2024-01-11,3.02,3.02,2.991,2.995,110549200,331815755,-0.009262322196493589,2.9768499999999998,2.9807833333333336,-0.017388451443569486
2024-01-12,2.995,3.017,2.99,3.01,112794000,339434882,0.005008347245408995,2.9776,2.9808999999999997,0.002331002331002141
2024-01-15,3.0,3.025,2.99,3.024,53472700,161052976,0.0046511627906977715,2.9798999999999998,2.9816333333333334,0.014765100671140896
2024-01-16,3.022,3.036,3.009,3.034,106610355,322106829,0.003306878306878147,2.98285,2.983033333333333,0.028474576271186214
2024-01-17,3.032,3.042,2.993,2.997,102852200,310917036,-0.012195121951219523,2.98435,2.9834666666666667,0.008751262201278864
2024-01-18,2.993,2.993,2.9,2.972,291413900,857370693,-0.008341675008341598,2.9846999999999997,2.9831000000000003,-0.00734802939211765
2024-01-19,2.967,2.975,2.941,2.95,133033264,393130633,-0.007402422611036297,2.98495,2.9821999999999997,-0.01797603195739006
2024-01-22,2.95,2.952,2.842,2.881,306073753,885868183,-0.023389830508474763,2.9819500000000003,2.979966666666667,-0.04444444444444451
2024-01-23,2.779,2.779,2.71,2.768,302400943,829643281,-0.03922249219021168,2.9734000000000003,2.9765333333333333,-0.06926698049764635
2024-01-24,2.773,2.845,2.766,2.836,162034243,452951071,0.024566473988439252,2.9691,2.9741,-0.04896042924211952
2024-01-25,2.836,2.91,2.836,2.908,182523900,526075343,0.02538787023977429,2.9678,2.972916666666667,-0.023833501174890914
2024-01-26,2.905,2.955,2.901,2.949,201314024,590150297,0.014099037138927129,2.96945,2.972266666666667,-0.013052208835341417
2024-01-29,2.953,2.987,2.95,2.964,181188403,537473140,0.0050864699898272026,2.9711,2.9720999999999997,-0.003362474781439251
2024-01-30,2.95,2.978,2.925,2.93,222367359,655604462,-0.011470985155195623,2.9691,2.9716833333333335,-0.008460236886632777
2024-01-31,2.924,2.96,2.913,2.934,139043363,408451765,0.0013651877133105117,2.9653,2.9713000000000003,-0.007778153533987031
2024-02-01,2.923,2.926,2.894,2.904,103071600,299953702,-0.010224948875255713,2.9588,2.9704333333333333,-0.017591339648173276
2024-02-02,2.902,2.953,2.851,2.912,310794398,907374977,0.0027548209366390353,2.9522,2.9692833333333337,-0.02314659510231465
2024-02-05,2.896,2.94,2.861,2.918,193436841,561841598,0.002060439560439553,2.9473499999999997,2.968366666666667,-0.0184998318197106
2024-02-06,2.91,2.977,2.888,2.96,220979100,649425457,0.014393420150788039,2.94345,2.9680666666666666,-0.006044325050369448
2024-02-07,2.959,3.006,2.931,3.004,211241868,629229074,0.014864864864864824,2.9425,2.968666666666666,0.0121293800539084
2024-02-08,3.003,3.028,2.988,3.005,157435563,473782142,0.0003328894806924332,2.943,2.9691333333333336,0.009405441719852137
2024-02-19,3.007,3.079,2.983,3.075,209851897,638557517,0.02329450915141451,2.94625,2.9707333333333334,0.03222557905337364
2024-02-20,3.063,3.127,3.056,3.119,207746746,645505995,0.014308943089430981,2.951,2.9732333333333334,0.05052206130010117
2024-02-21,3.111,3.154,3.102,3.112,217641302,681530656,-0.0022443090734209914,2.9549,2.9755499999999997,0.04675412041708715
2024-02-22,3.107,3.172,3.105,3.17,175098700,551476051,0.018637532133676027,2.96355,2.9785666666666666,0.06055536968885922
2024-02-23,3.168,3.187,3.141,3.152,176915000,558730587,-0.005678233438485725,2.97255,2.9814166666666666,0.05736330090573638
2024-02-26,3.151,3.151,3.07,3.083,195111634,606051288,-0.021890862944162426,2.9791999999999996,2.982783333333333,0.027324225258247292
2024-02-27,3.071,3.109,3.061,3.1,97814640,302095035,0.005514109633473874,2.99015,2.9842999999999997,0.03024260551678304
2024-02-28,3.1,3.125,3.076,3.094,122426679,379135091,-0.001935483870967869,3.00645,2.9858666666666664,0.03133333333333321
2024-02-29,3.076,3.114,3.072,3.112,98182151,303902063,0.005817711700064621,3.02025,2.9878333333333336,0.0394121576486306
2024-03-01,3.106,3.125,3.098,3.107,137353950,427297985,-0.0016066838046272514,3.0302,2.9899333333333336,0.042267695404226924
2024-03-04,3.108,3.136,3.093,3.134,109761600,342053833,0.008690054715159157,3.03945,2.9923333333333333,0.048160535117056646
2024-03-05,3.128,3.157,3.119,3.155,100365293,315548619,0.006700701978302526,3.0490000000000004,2.994883333333333,0.05096602265156558
2024-03-06,3.151,3.181,3.148,3.153,85032795,269154706,-0.0006339144215530279,3.06015,2.9973,0.048204787234042534
2024-03-07,3.153,3.193,3.151,3.172,125412142,397966453,0.00602600697748179,3.07205,3.0006333333333335,0.06729475100942128
2024-03-08,3.173,3.195,3.154,3.189,134488700,427438924,0.005359394703656983,3.0863,3.0043,0.07409902324014817
2024-03-11,3.187,3.19,3.133,3.157,141793751,446909608,-0.010034493571652536,3.0985500000000004,3.0074166666666664,0.06296296296296289
2024-03-12,3.151,3.151,3.072,3.086,202924309,627475471,-0.022489705416534722,3.1069500000000003,3.009333333333333,0.03870750589027261
2024-03-13,3.077,3.078,3.041,3.068,158809227,486439842,-0.005832793259883284,3.11235,3.0105166666666667,0.023690357023690378
2024-03-14,3.059,3.083,3.051,3.077,101209032,310930649,0.002933507170795213,3.1160000000000005,3.0116500000000004,0.02259887005649719
2024-03-15,3.07,3.076,3.044,3.071,107864900,329546901,-0.0019499512512186623,3.1193,3.0130500000000002,0.02812186139939743
2024-03-18,3.068,3.068,3.04,3.054,158092500,481928019,-0.0055356561380658365,3.1182499999999997,3.0140333333333333,0.01969949916527547
2024-03-19,3.054,3.076,3.047,3.052,81260800,248644447,-0.0006548788474131095,3.1149,3.0152666666666668,0.02484889187374062
2024-03-20,3.051,3.067,3.031,3.058,105249153,321309390,0.001965923984272644,3.1122000000000005,3.01665,0.02789915966386536
2024-03-21,3.057,3.07,3.044,3.062,53729800,164432373,0.001308044473512071,3.1068000000000002,3.0182333333333333,0.03201887428378836
2024-03-22,3.06,3.07,3.041,3.068,121480900,371517272,0.0019595035924233617,3.1026,3.01995,0.034738617200674504
2024-03-25,3.063,3.109,3.047,3.078,140359426,433327000,0.0032594524119946566,3.1023500000000004,3.0221666666666662,0.04516129032258065
2024-03-26,3.072,3.08,3.043,3.061,104191700,318330435,-0.0055230669265756704,3.1004,3.0241666666666664,0.04080244814688894
2024-03-27,3.057,3.084,3.052,3.06,121895574,374451098,-0.00032669062397905346,3.0987,3.0261833333333334,0.04117046614494724
2024-03-28,3.058,3.062,3.03,3.052,127257400,387817807,-0.002614379084967311,3.0957,3.02835,0.04449007529089655
2024-03-29,3.049,3.075,3.04,3.072,113915205,348914884,0.006553079947575258,3.09395,3.03065,0.047034764826175746
2024-04-01,3.07,3.072,3.057,3.067,72014321,220555190,-0.0016276041666666297,3.0906,3.033166666666667,0.05178326474622774
2024-04-02,3.067,3.095,3.066,3.088,98249497,303191431,0.006847081838930569,3.08725,3.0357833333333333,0.05356533606277725
2024-04-03,3.088,3.127,3.084,3.125,132608200,412547985,0.011981865284974136,3.0858499999999998,3.0383666666666667,0.05218855218855212
2024-04-08,3.121,3.161,3.103,3.135,114964901,361079788,0.0031999999999998696,3.084,3.04045,0.04152823920265791
2024-04-09,3.132,3.148,3.104,3.12,92734700,289327266,-0.004784688995215225,3.08055,3.0418833333333333,0.028345418589321048
2024-04-10,3.12,3.151,3.115,3.131,132532576,415578633,0.003525641025641013,3.07925,3.0433333333333334,0.028580814717476866
2024-04-11,3.123,3.186,3.118,3.171,128032500,404816747,0.012775471095496593,3.0835,3.045933333333333,0.05174129353233825
2024-04-12,3.164,3.182,3.152,3.164,86256612,273314685,-0.002207505518763697,3.0883,3.0480333333333336,0.04147465437788034
2024-04-15,3.165,3.232,3.156,3.23,142635870,457726472,0.020859671302149163,3.0959499999999998,3.051483333333333,0.06847502480979162
2024-04-16,3.229,3.27,3.203,3.244,190940500,618443141,0.004334365325077583,3.1046,3.055633333333333,0.08313856427378963
2024-04-17,3.226,3.282,3.203,3.277,172064263,558835097,0.010172626387176198,3.11575,3.0600833333333335,0.08870431893687725
2024-04-18,3.276,3.32,3.27,3.286,171600500,565504225,0.0027464144034177185,3.12745,3.0644500000000003,0.08664021164021163
2024-04-19,3.274,3.325,3.267,3.308,214235900,707693956,0.0066950699939134495,3.13995,3.0690166666666667,0.090309822017139
2024-04-22,3.306,3.318,3.22,3.221,226259562,735673390,-0.02629987908101561,3.1479,3.07275,0.0747414080747415
2024-04-23,3.207,3.216,3.162,3.173,170174600,541887570,-0.014902204284383713,3.15315,3.0761,0.06763122476446837
2024-04-24,3.173,3.179,3.14,3.174,150520100,475262342,0.0003151591553733901,3.15795,3.079833333333333,0.07593220338983042
2024-04-25,3.166,3.194,3.161,3.193,100409299,319003727,0.005986137366099653,3.1645499999999998,3.0850333333333335,0.10829573064908038
2024-04-26,3.187,3.204,3.143,3.164,148548600,469800614,-0.009082367679298486,3.16975,3.0916333333333337,0.14306358381502915
2024-04-29,3.15,3.153,3.1,3.13,189352927,591166881,-0.01074589127686476,3.1736500000000003,3.0965333333333334,0.1036671368124118
2024-04-30,3.124,3.161,3.122,3.143,112682098,354444371,0.0041533546325878135,3.1772,3.1004500000000004,0.08081155433287468
2024-05-06,3.148,3.161,3.128,3.16,132451471,417117574,0.005408845052497835,3.18185,3.1039666666666665,0.0715496778569007
2024-05-07,3.156,3.165,3.143,3.16,83915500,264589415,0.0,3.1854500000000003,3.1072333333333333,0.06612685560053988
2024-05-08,3.158,3.192,3.154,3.182,134912900,428965922,0.006962025316455733,3.1883,3.111433333333333,0.08600682593856646
2024-05-09,3.18,3.198,3.172,3.193,98165800,312695364,0.003456945317410476,3.1912000000000003,3.11575,0.08827539195637346
2024-05-10,3.19,3.212,3.182,3.212,106906190,341996408,0.005950516755402591,3.1957999999999998,3.120883333333333,0.10606060606060619
2024-05-13,3.207,3.22,3.173,3.216,108676600,347573335,0.001245330012453305,3.20005,3.12595,0.10439560439560447
2024-05-14,3.211,3.214,3.184,3.203,114448501,366107123,-0.004042288557214002,3.20165,3.1307,0.0976696367374914
2024-05-15,3.199,3.221,3.186,3.202,91991301,294878769,-0.0003122073056509578,3.20355,3.1347333333333336,0.08175675675675675
2024-05-16,3.201,3.223,3.199,3.209,115589511,371308246,0.0021861336664585895,3.2024999999999997,3.1381500000000004,0.06824234354194414
2024-05-17,3.209,3.233,3.196,3.23,106958000,343177582,0.006544094733561767,3.2018,3.1418999999999997,0.07487520798668879
2024-05-20,3.228,3.277,3.228,3.269,108426500,352499537,0.012074303405572806,3.2014000000000005,3.1451333333333333,0.06308943089430885
2024-05-21,3.261,3.292,3.259,3.285,88676206,290865366,0.004894463138574556,3.20135,3.1479,0.05322218659826872
2024-05-22,3.286,3.317,3.284,3.285,130201490,429529429,0.0,3.2002,3.1507833333333335,0.05559125964010292
2024-05-23,3.275,3.28,3.236,3.243,137971800,448857690,-0.012785388127854014,3.2013,3.1519999999999997,0.023028391167192463
2024-05-24,3.239,3.277,3.231,3.238,116394730,379070814,-0.0015417823003391895,3.20455,3.153433333333333,0.027284263959390875
2024-05-27,3.24,3.295,3.24,3.295,103511600,339238701,0.017603458925262494,3.2106000000000003,3.156966666666667,0.0687641907233214
2024-05-28,3.29,3.303,3.273,3.286,119592706,393670913,-0.0027314112291350057,3.21525,3.160066666666667,0.06000000000000005
2024-05-29,3.28,3.316,3.274,3.289,133830250,441131422,0.0009129640900791269,3.2215000000000003,3.1633166666666663,0.06302521008403361
2024-05-30,3.279,3.307,3.257,3.266,119783400,392687175,-0.006993006993006978,3.2283,3.1658833333333334,0.0494858611825193
2024-05-31,3.265,3.288,3.265,3.273,63365200,207572224,0.002143294549908248,3.2348,3.16865,0.05342774380431292
2024-06-03,3.268,3.269,3.226,3.242,102457700,332403966,-0.009471432936144275,3.2389,3.17045,0.03446075303126994
2024-06-04,3.238,3.258,3.223,3.255,84725163,274771920,0.004009870450339292,3.2436499999999997,3.1721166666666667,0.031695721077654504
2024-06-05,3.253,3.259,3.213,3.217,88543175,286385124,-0.011674347158218024,3.2454,3.1731833333333337,0.020298128766254475
2024-06-06,3.217,3.25,3.216,3.234,77010590,248989697,0.005284426484302163,3.2474499999999997,3.1742166666666662,0.01954602774274905
2024-06-07,3.232,3.262,3.232,3.261,77525000,251902045,0.008348794063079756,3.2499000000000002,3.1754166666666666,0.022577610536218318
2024-06-11,3.259,3.26,3.189,3.205,118279470,380005617,-0.01717264642747629,3.2493499999999997,3.176216666666667,0.015204307887234814
2024-06-12,3.199,3.25,3.184,3.246,100102600,322266154,0.012792511700467912,3.2515,3.1788833333333333,0.051847051198963046
2024-06-13,3.24,3.246,3.207,3.218,70373900,226662702,-0.008626001232285851,3.2522999999999995,3.1813833333333332,0.04889178617992185
2024-06-14,3.217,3.232,3.206,3.223,83118700,267653356,0.0015537600994406375,3.253,3.1838166666666665,0.047448813779655374
2024-06-17,3.215,3.225,3.173,3.181,118964900,379494049,-0.013031337263419096,3.2505499999999996,3.18565,0.03581895148160208
2024-06-18,3.181,3.193,3.158,3.188,76288055,242461141,0.002200565859792558,3.2465,3.187883333333333,0.04387688277668644
2024-06-19,3.187,3.201,3.18,3.188,64572000,206053855,0.0,3.24165,3.19015,0.044560943643512596
2024-06-20,3.186,3.202,3.181,3.194,63729083,203378892,0.0018820577164366803,3.2371000000000003,3.192416666666667,0.04447351209941153
2024-06-21,3.192,3.204,3.182,3.199,74075300,236594818,0.0015654351909830666,3.2348999999999997,3.1946999999999997,0.04474199869366435
2024-06-24,3.191,3.191,3.143,3.157,93449500,295363246,-0.013129102844638862,3.23085,3.1961833333333334,0.029009126466753576
2024-06-25,3.156,3.182,3.155,3.17,72398700,229236035,0.004117833386126035,3.2245999999999997,3.1977166666666665,0.029889538661468595
2024-06-26,3.169,3.181,3.152,3.178,67598900,214021107,0.0025236593059936308,3.2192,3.1996666666666664,0.03822280300555381
2024-06-27,3.178,3.191,3.165,3.178,83666100,266049053,0.0,3.21365,3.201633333333333,0.03856209150326784
2024-06-28,3.176,3.209,3.169,3.201,79768726,254985981,0.007237256135934622,3.2104,3.2041166666666667,0.04882044560943655
2024-07-01,3.195,3.272,3.192,3.269,153585806,499009361,0.021243361449547082,3.2101999999999995,3.2074,0.06412760416666674
2024-07-02,3.267,3.28,3.245,3.271,81739180,266958356,0.0006118078923218473,3.21165,3.2108,0.06651450929246816
2024-07-03,3.271,3.278,3.243,3.249,81225300,264655992,-0.006725771935187974,3.2113500000000004,3.2134833333333335,0.05213730569948183
2024-07-04,3.249,3.263,3.229,3.235,66402000,215325824,-0.004309018159433742,3.21225,3.215316666666667,0.0351999999999999
2024-07-05,3.235,3.244,3.2,3.218,115719800,371881325,-0.005255023183925789,3.21145,3.2167000000000003,0.026475279106858096
2024-07-08,3.217,3.227,3.2,3.207,82272100,264212320,-0.003418272218769447,3.2087499999999998,3.21815,0.027884615384615286
2024-07-09,3.206,3.235,3.183,3.233,96999700,311501408,0.008107265357031546,3.21015,3.21985,0.032577451293516635
2024-07-10,3.227,3.228,3.163,3.167,151426000,481635213,-0.02041447571914634,3.2062000000000004,3.2197833333333334,-0.0012614317250079221
2024-07-11,3.17,3.179,3.151,3.162,140520499,443982393,-0.001578781180928246,3.2034,3.21975,-0.0006321112515803584
2024-07-12,3.162,3.18,3.151,3.158,86935464,274879380,-0.0012650221378873727,3.20015,3.21855,-0.022291021671826616
2024-07-15,3.152,3.198,3.138,3.195,101107233,321323695,0.011716276124129177,3.20085,3.217733333333334,-0.015104808877928644
2024-07-16,3.191,3.198,3.168,3.182,79006789,251130425,-0.0040688575899843205,3.20055,3.21615,-0.028989929813854176
2024-07-17,3.18,3.186,3.157,3.169,63820379,201954786,-0.004085480829666865,3.1995999999999998,3.2142,-0.03560559951308584
2024-07-18,3.166,3.174,3.137,3.173,89881800,283359890,0.001262227832123708,3.19855,3.21195,-0.04081015719467951
2024-07-19,3.164,3.166,3.132,3.15,113611200,357154250,-0.007248660573589749,3.1961,3.2107666666666663,-0.022042843837317694
2024-07-22,3.143,3.143,3.091,3.118,174559436,543203072,-0.010158730158730145,3.19415,3.20985,-0.017333753545540564
2024-07-23,3.113,3.119,3.093,3.097,73947100,229830204,-0.006735086593970485,3.1905,3.208566666666667,-0.02425960932577187
2024-07-24,3.094,3.107,3.081,3.099,77790100,240726775,0.0006457862447530882,3.18655,3.2070000000000003,-0.02943939868462253
2024-07-25,3.09,3.093,3.06,3.085,98300900,302561240,-0.004517586318167233,3.1818999999999997,3.205683333333333,-0.02496839443742105
2024-07-26,3.081,3.088,3.051,3.067,80586431,247013868,-0.005834683954619058,3.1752,3.2046333333333332,-0.02012779552715649
2024-07-29,3.06,3.08,3.053,3.079,56212900,172570612,0.003912618193674611,3.1657,3.2035666666666667,-0.02036271078587326
2024-07-30,3.075,3.076,3.052,3.064,54735300,167497865,-0.004871711594673589,3.15535,3.2019666666666664,-0.03037974683544309
2024-07-31,3.063,3.095,3.059,3.093,99866400,307491908,0.009464751958224493,3.14755,3.20085,-0.021202531645569622
2024-08-01,3.093,3.106,3.084,3.096,59219600,183314308,0.0009699321047527132,3.1406,3.1994166666666666,-0.027027027027026973
2024-08-02,3.082,3.1,3.068,3.088,86214600,266371163,-0.0025839793281653423,3.1341,3.197666666666666,-0.03288443470090818
2024-08-05,3.082,3.088,3.043,3.047,112849100,345893056,-0.013277202072538796,3.1261,3.194916666666667,-0.05136986301369861
2024-08-06,3.048,3.066,3.013,3.036,107981562,327458332,-0.0036101083032491488,3.11625,3.1919166666666663,-0.05597014925373134
2024-08-07,3.025,3.063,3.023,3.048,75656800,230656971,0.0039525691699604515,3.1103,3.189333333333333,-0.04839213237589757
2024-08-08,3.048,3.063,3.038,3.059,65790400,200808544,0.0036089238845145033,3.10515,3.1869500000000004,-0.04465958775765144
2024-08-09,3.059,3.065,3.044,3.048,81646700,249206238,-0.0035959463877084374,3.09965,3.1842666666666664,-0.05017139295730755
2024-08-12,3.043,3.075,3.035,3.068,72191773,221021131,0.006561679790026309,3.0933,3.181566666666667,-0.05015479876160989
2024-08-13,3.064,3.076,3.05,3.069,96106607,294386057,0.00032594524119944346,3.08765,3.178233333333333,-0.061180789232181176
2024-08-14,3.068,3.075,3.057,3.062,46971472,144050369,-0.002280873248615256,3.0823,3.174516666666667,-0.06788432267884337
2024-08-15,3.06,3.098,3.053,3.091,86941756,268150604,0.009470934030045841,3.0782,3.1712833333333337,-0.059056316590563096
2024-08-16,3.091,3.103,3.083,3.096,58437100,180875895,0.0016175994823681705,3.0755000000000003,3.1688333333333336,-0.04532839962997215
2024-08-19,3.095,3.128,3.092,3.126,88244900,275316304,0.009689922480620172,3.0759,3.1669666666666667,-0.03458925262507728
2024-08-20,3.128,3.13,3.076,3.091,86662300,268071028,-0.011196417146512982,3.0756,3.1635666666666666,-0.061911987860394424
2024-08-21,3.085,3.086,3.04,3.058,94565686,288945858,-0.01067615658362997,3.07355,3.1597666666666666,-0.06938527084601342
2024-08-22,3.056,3.074,3.05,3.061,74396800,227956652,0.0009810333551341088,3.07235,3.1559666666666666,-0.06932198236546072
2024-08-23,3.06,3.07,3.045,3.059,66242775,202301178,-0.0006533812479581069,3.07195,3.152516666666666,-0.06338028169014076
2024-08-26,3.056,3.059,3.026,3.043,73755728,223879047,-0.0052304674730303535,3.07015,3.148683333333333,-0.07027192178429575
2024-08-27,3.038,3.054,3.035,3.05,50812698,154827183,0.0023003614853762677,3.0694500000000002,3.1454833333333334,-0.059222702035780395
2024-08-28,3.045,3.058,3.028,3.037,50305100,152913498,-0.004262295081967182,3.06665,3.14185,-0.06697388632872503
2024-08-29,3.035,3.035,2.976,2.981,122878200,367673933,-0.018439249259137314,3.0608999999999997,3.137916666666667,-0.07336027354678276
2024-08-30,2.979,3.012,2.956,2.99,115116000,343487081,0.0030191211003021134,3.056,3.1338500000000002,-0.07544836116264686
2024-09-02,2.984,3.022,2.954,3.005,97341900,292124401,0.0050167224080266415,3.0539,3.129583333333333,-0.07850352652560566
2024-09-03,3.003,3.013,2.959,2.978,112622400,334918991,-0.008985024958402588,3.051,3.1258,-0.07082683307332294
2024-09-04,2.97,2.984,2.952,2.977,64247500,190762708,-0.000335795836131747,3.04745,3.1213166666666665,-0.08287122612446096
2024-09-05,2.974,2.988,2.966,2.979,51889455,154374591,0.0006718172657038668,3.04345,3.1173333333333337,-0.07426973275326287
2024-09-06,2.98,2.991,2.953,2.955,65942853,195875597,-0.00805639476334341,3.0387999999999997,3.1128666666666667,-0.08315234253800796
2024-09-09,2.946,2.948,2.891,2.9,117983600,343230502,-0.01861252115059231,3.0304,3.1081833333333337,-0.08833700094309971
2024-09-10,2.899,2.912,2.883,2.907,97889100,283409499,0.0024137931034482474,3.0223,3.1035,-0.08814303638644927
2024-09-11,2.902,2.902,2.83,2.843,148072830,422393854,-0.022015823873409057,3.01135,3.09775,-0.10821831869510667
2024-09-12,2.84,2.864,2.83,2.853,175512200,500124280,0.003517411185367747,2.99945,3.0920666666666667,-0.10676268002504685
2024-09-13,2.851,2.876,2.842,2.845,132952450,380204794,-0.002804065895548602,2.9869000000000003,3.0861666666666667,-0.11065958111909957
2024-09-18,2.844,2.882,2.842,2.878,98923500,282934205,0.011599297012302223,2.9745,3.0815166666666665,-0.08837503959455173
2024-09-19,2.879,2.886,2.849,2.873,98601100,282940216,-0.0017373175816538522,2.9636,3.0765666666666664,-0.09369085173501568
2024-09-20,2.872,2.879,2.856,2.874,61729600,176994157,0.0003480682213714559,2.9544,3.0715000000000003,-0.0956576463184392
2024-09-23,2.87,2.912,2.865,2.905,90240600,261275260,0.010786360473207912,2.9466,3.0669500000000003,-0.08590308370044053
2024-09-24,2.932,3.04,2.92,3.039,249189600,746372074,0.04612736660929451,2.9455999999999998,3.06425,-0.05060918462980313
2024-09-25,3.086,3.149,3.079,3.085,347754517,1082686965,0.015136558078315154,2.9477,3.0611833333333336,-0.05628632609360662
2024-09-26,3.079,3.194,3.074,3.189,297067851,932807748,0.033711507293354925,2.95465,3.059816666666667,-0.02506878630388254
2024-09-27,3.224,3.253,3.138,3.178,241338400,768259732,-0.0034493571652556287,2.9617,3.0586333333333333,-0.021852877808556492
2024-09-30,3.255,3.433,3.232,3.399,587413977,1951601206,0.0695405915670233,2.9826,3.0613666666666663,0.05069551777434311
2024-10-08,3.731,3.731,3.316,3.404,507637798,1766260048,0.0014710208884964882,3.0033000000000003,3.0644666666666667,0.05779987569919198
2024-10-09,3.37,3.37,3.146,3.148,269941474,869561173,-0.07520564042303168,3.01045,3.063483333333333,-0.018397256002494422
2024-10-10,3.148,3.345,3.148,3.27,403220818,1319200654,0.038754764930114316,3.02505,3.0641000000000003,0.011444478812248748
2024-10-11,3.272,3.3,3.195,3.226,265261600,862469389,-0.013455657492354778,3.0375,3.0650833333333334,0.018629617934954323
2024-10-14,3.238,3.334,3.238,3.312,231364800,762403772,0.026658400495970236,3.05415,3.0675833333333333,0.04743833017077792
2024-10-15,3.3,3.308,3.229,3.231,190007400,621221100,-0.024456521739130377,3.06795,3.0688000000000004,0.023115896136795433
2024-10-16,3.213,3.3,3.209,3.279,170885400,558279644,0.01485608170844932,3.0869,3.0702,0.026291079812206686
2024-10-17,3.278,3.302,3.228,3.231,138273900,450750236,-0.014638609332113472,3.1031,3.0710166666666665,0.015399120050282766
2024-10-18,3.225,3.287,3.181,3.252,238583443,770905583,0.006499535747446661,3.12355,3.0724,0.02619122751656655
2024-10-21,3.255,3.26,3.211,3.232,207138769,668863440,-0.006150061500614923,3.1425,3.0733833333333336,0.018594390167034458
2024-10-22,3.232,3.258,3.218,3.244,115096213,372895639,0.003712871287128605,3.1624499999999998,3.0749500000000003,0.02984126984127
2024-10-23,3.244,3.255,3.232,3.245,147476000,478138345,0.00030826140567197235,3.1808,3.077066666666667,0.040731237973059775
2024-10-24,3.239,3.241,3.216,3.226,153592613,495789574,-0.005855161787365226,3.1984500000000002,3.079216666666667,0.04165321278656764
2024-10-25,3.226,3.234,3.214,3.224,115292800,371592637,-0.0006199628022317549,3.2159500000000003,3.0812999999999997,0.040335592126492514
2024-10-28,3.221,3.246,3.214,3.245,163889200,529689427,0.006513647642679921,3.2329499999999998,3.083966666666667,0.051863857374392364
2024-10-29,3.243,3.25,3.192,3.2,143261100,460595983,-0.013867488443759624,3.2410000000000005,3.086183333333333,0.04336485164656012
2024-10-30,3.2,3.205,3.146,3.165,146092600,462622652,-0.010937500000000044,3.245,3.087616666666667,0.027931146476128488
2024-10-31,3.164,3.164,3.117,3.146,134801800,423354446,-0.006003159557661952,3.24285,3.088983333333333,0.026762402088772896
2024-11-01,3.14,3.193,3.136,3.175,195546600,620888484,0.009218054672600173,3.2427,3.0903500000000004,0.026511477529906236
2024-11-04,3.18,3.192,3.143,3.189,90916706,288044828,0.00440944881889771,3.2322,3.0919000000000003,0.030038759689922534
2024-11-05,3.188,3.218,3.179,3.218,137628278,440700142,0.009093759799310153,3.2229,3.094066666666667,0.04209844559585485
2024-11-06,3.218,3.218,3.178,3.19,202193074,645621491,-0.008701056556867592,3.225,3.0964499999999995,0.04693140794223827
2024-11-07,3.181,3.26,3.177,3.259,183247500,590799638,0.02163009404388716,3.22445,3.1001666666666665,0.07345191040843213
2024-11-08,3.266,3.278,3.207,3.226,171141067,553405289,-0.010125805461798087,3.22445,3.1031333333333335,0.05839895013123364
2024-11-11,3.22,3.22,3.172,3.193,179443532,571324327,-0.010229386236825788,3.2185,3.1053666666666664,0.04380516508662957
2024-11-12,3.19,3.215,3.16,3.173,186292600,594122359,-0.006263701847792014,3.2156,3.10745,0.04101049868766404
2024-11-13,3.17,3.196,3.162,3.193,138758400,441594912,0.006303183107469357,3.2113,3.1095333333333333,0.04074315514993487
2024-11-14,3.188,3.199,3.163,3.167,133618400,425095871,-0.008142812402129773,3.2081000000000004,3.111166666666667,0.031932225480612475
2024-11-15,3.16,3.195,3.155,3.17,226436200,719396361,0.000947268708556992,3.2039999999999997,3.1129666666666664,0.03527106466361851
2024-11-18,3.187,3.26,3.185,3.218,272079820,879480495,0.015141955835962229,3.2033,3.115083333333333,0.041087026852151265
2024-11-19,3.218,3.229,3.18,3.209,232906567,745195537,-0.002796768178993103,3.20155,3.116966666666667,0.036498708010335834
2024-11-20,3.205,3.216,3.195,3.215,110815723,355272026,0.0018697413524462192,3.20005,3.1184500000000006,0.02847088931541908
2024-11-21,3.21,3.222,3.205,3.218,91284152,293282711,0.0009331259720062324,3.1996499999999997,3.120566666666667,0.041087026852151265
2024-11-22,3.218,3.231,3.137,3.142,197781147,628523274,-0.023617153511497846,3.19555,3.121966666666667,0.02746893394375416
2024-11-25,3.142,3.173,3.133,3.148,202268832,636641287,0.0019096117122852085,3.1907,3.1234166666666665,0.028422084286181093
2024-11-26,3.142,3.17,3.135,3.159,88939542,280983607,0.0034942820838625988,3.18865,3.1250833333333334,0.032690421706439876
2024-11-27,3.159,3.191,3.125,3.189,224876200,711555586,0.009496676163342821,3.1898500000000003,3.1275166666666667,0.04797896812356228
2024-11-28,3.185,3.2,3.179,3.186,92765311,295960702,-0.0009407337723424947,3.19185,3.129783333333333,0.044590163934426164
2024-11-29,3.185,3.214,3.185,3.201,123905600,396986685,0.00470809792843685,3.19315,3.132516666666667,0.05400065854461644
2024-12-02,3.209,3.213,3.183,3.209,121409100,388125396,0.002499218994064467,3.1941499999999996,3.1363166666666666,0.07648440120764843
2024-12-03,3.202,3.245,3.193,3.241,243412596,785749045,0.009971953879713391,3.1953,3.1405000000000003,0.08394648829431439
2024-12-04,3.238,3.28,3.22,3.266,262912500,856472737,0.0077136686207959215,3.1991,3.14485,0.08685524126455912
2024-12-05,3.264,3.27,3.252,3.259,249777833,814408173,-0.002143294549908137,3.1991,3.1495333333333333,0.09435862995298838
2024-12-06,3.259,3.313,3.259,3.302,328714635,1083884518,0.013194231359312747,3.2028999999999996,3.15495,0.10917030567685604
2024-12-09,3.302,3.33,3.288,3.31,250858000,831408475,0.0024227740763174133,3.2087499999999998,3.1604666666666663,0.11111111111111116
2024-12-10,3.35,3.371,3.3,3.306,404395135,1346996877,-0.0012084592145015227,3.2154,3.166316666666667,0.11878172588832481
2024-12-11,3.302,3.325,3.3,3.319,129654653,429677946,0.003932244404113661,3.2217,3.1733,0.1444827586206896
2024-12-12,3.321,3.328,3.309,3.325,128889953,427887083,0.0018077734257306854,3.2296,3.1802666666666664,0.14379084967320277
2024-12-13,3.322,3.322,3.28,3.288,191578400,631300359,-0.01112781954887232,3.2355000000000005,3.187683333333333,0.15652479774885686
2024-12-16,3.285,3.338,3.281,3.317,190872500,632894247,0.008819951338199683,3.24045,3.1954166666666666,0.16263582194181558
2024-12-17,3.308,3.336,3.302,3.312,176041100,584300688,-0.0015073861923425858,3.2455999999999996,3.2032,0.16414762741652011
2024-12-18,3.319,3.35,3.317,3.332,196912001,656843420,0.006038647342995196,3.2514499999999997,3.2107666666666668,0.15774843641417635
2024-12-19,3.32,3.321,3.278,3.292,181173800,597160320,-0.01200480192076836,3.2551499999999995,3.2177500000000006,0.1458405847546118
2024-12-20,3.284,3.298,3.262,3.264,142620200,466696688,-0.008505467800729027,3.2612499999999995,3.2242499999999996,0.13569937369519813
2024-12-23,3.26,3.302,3.26,3.278,161772811,531636042,0.004289215686274606,3.2677499999999995,3.230466666666666,0.1283993115318418
2024-12-24,3.278,3.316,3.273,3.311,163945800,541523489,0.010067114093959662,3.2753500000000004,3.235,0.0895031260282988
2024-12-25,3.311,3.334,3.305,3.326,169528800,563198679,0.0045303533675626895,3.2821999999999996,3.239016666666666,0.07811993517017823
2024-12-26,3.327,3.329,3.304,3.316,161861100,535843856,-0.0030066145520144527,3.2887,3.241133333333333,0.03982439636249602
2024-12-27,3.308,3.317,3.282,3.315,151024500,498771822,-0.00030156815440285367,3.2943999999999996,3.2434166666666666,0.04310887350534931
2024-12-30,3.314,3.365,3.31,3.362,249438901,835007238,0.014177978883861186,3.30205,3.2428000000000003,-0.010885554574874945
2024-12-31,3.363,3.388,3.345,3.351,242627000,816818217,-0.0032718619869125387,3.30755,3.241916666666667,-0.015569917743830763
2025-01-02,3.351,3.368,3.255,3.279,291280800,963523375,-0.0214861235452104,3.3082000000000003,3.2441000000000004,0.04161372299872923
2025-01-03,3.282,3.29,3.238,3.248,312030900,1017359129,-0.009454101860323139,3.3076499999999998,3.243733333333333,-0.006727828746177278
2025-01-06,3.243,3.249,3.21,3.248,159646100,515785771,0.0,3.3049499999999994,3.2441000000000004,0.0068195908245505255
2025-01-07,3.247,3.247,3.2,3.234,164322500,528765167,-0.004310344827586299,3.30115,3.2428,-0.023550724637681153
2025-01-08,3.225,3.243,3.194,3.228,128830000,414840256,-0.0018552875695732052,3.2972499999999996,3.24275,-0.0009285051067779992
2025-01-09,3.222,3.222,3.18,3.184,191348601,610367009,-0.013630731102850069,3.2905,3.2411666666666665,-0.028972247636474435
2025-01-10,3.185,3.193,3.15,3.151,211617600,669076458,-0.01036432160804035,3.2817999999999996,3.239833333333334,-0.024760136180749015
2025-01-13,3.14,3.152,3.11,3.124,136759300,427664333,-0.008568708346556542,3.2736000000000005,3.2377,-0.03936039360393595
2025-01-14,3.125,3.179,3.123,3.174,201953700,637514555,0.016005121638924313,3.2664500000000003,3.2367333333333335,-0.017945544554455517
2025-01-15,3.174,3.211,3.169,3.183,143646700,457884994,0.002835538752362865,3.2600000000000002,3.235716666666667,-0.018803945745992756
2025-01-16,3.188,3.219,3.188,3.213,134217000,430139438,0.009425070688030335,3.2540500000000003,3.235183333333333,-0.00986132511556237
2025-01-17,3.21,3.212,3.181,3.196,133009600,425256965,-0.005291005291005235,3.24925,3.2346833333333334,-0.009299442033477878
2025-01-20,3.196,3.206,3.18,3.185,161191701,514639382,-0.003441802252816095,3.2453000000000003,3.2340333333333335,-0.012096774193548376
2025-01-21,3.053,3.055,3.017,3.027,217611460,659378954,-0.04960753532182105,3.2327500000000002,3.2304,-0.06718027734976884
2025-01-22,3.027,3.027,2.996,3.003,129926501,390232798,-0.007928642220019877,3.2173499999999997,3.227116666666667,-0.061562499999999964
2025-01-23,3.019,3.063,3.019,3.052,207932337,633230475,0.01631701631701632,3.2036500000000006,3.225233333333333,-0.03570300157977879
2025-01-24,3.045,3.077,3.031,3.067,176820420,540343135,0.004914809960681499,3.1912,3.2239166666666668,-0.0251112523839796
2025-01-27,3.067,3.114,3.067,3.105,140551700,435627010,0.01238995761330286,3.1807,3.2227499999999996,-0.022047244094488105
2025-02-05,3.106,3.111,3.036,3.043,234095900,715366927,-0.01996779388083736,3.16475,3.2203166666666667,-0.04578237692066478
2025-02-06,3.041,3.049,3.02,3.041,252298000,764346957,-0.0006572461386790129,3.14925,3.2173666666666665,-0.05500310752019888
2025-02-07,3.041,3.061,3.023,3.054,277715501,845621577,0.0042749095692207195,3.1380000000000003,3.2151,-0.04263322884012544
2025-02-10,3.05,3.052,3.037,3.047,218705949,665773849,-0.002292075965946161,3.12795,3.2115666666666667,-0.06505062902730896
2025-02-11,3.047,3.061,3.045,3.06,179773401,549307825,0.00426649163111259,3.11855,3.2087999999999997,-0.051456912585244874
2025-02-12,3.061,3.064,3.045,3.062,181305700,553650356,0.0006535947712418277,3.10995,3.206616666666667,-0.041027247103037956
2025-02-13,3.06,3.074,3.057,3.065,208861300,640334377,0.0009797517962115698,3.1018,3.204816666666667,-0.03403718878033413
2025-02-14,3.064,3.07,3.051,3.068,225514046,689851319,0.0009787928221860476,3.096,3.202733333333333,-0.03914813654870031
2025-02-17,3.068,3.071,3.042,3.055,193882163,591055793,-0.004237288135593209,3.0912,3.2008666666666667,-0.03536469845279433
2025-02-18,3.053,3.071,3.043,3.053,249105369,761812600,-0.000654664484451839,3.08765,3.198916666666667,-0.036908517350157766
2025-02-19,3.048,3.05,3.03,3.035,223587300,678959018,-0.005895840157222332,3.0807,3.1958666666666664,-0.05686761963952758
2025-02-20,3.03,3.033,3.02,3.022,196738500,594853971,-0.004283360790774404,3.0726500000000003,3.1927499999999998,-0.05827360548457472
2025-02-21,3.023,3.027,2.995,3.0,352205600,1058072446,-0.007279947054930402,3.0620000000000003,3.189166666666667,-0.06687402799377917
2025-02-24,2.999,3.002,2.981,2.996,235457477,704388238,-0.0013333333333332975,3.0520000000000005,3.1854666666666662,-0.06898694841516473
2025-02-25,2.991,3.0,2.972,2.975,208777400,623072744,-0.007009345794392496,3.0415,3.1826833333333338,-0.053150859325270416
2025-02-26,2.975,3.008,2.975,3.001,207659401,622448532,0.008739495798319341,3.0402,3.1802333333333332,-0.046696315120711596
2025-02-27,3.002,3.028,2.996,3.028,187680756,565650501,0.008997000999666716,3.04145,3.1780500000000003,-0.041468819246596955
2025-02-28,3.027,3.039,3.007,3.01,163965650,495345853,-0.005944517833553542,3.0393499999999998,3.1750666666666665,-0.056130448416431555
2025-03-03,3.01,3.019,2.996,2.997,205102343,615784707,-0.004318936877076407,3.03585,3.171916666666667,-0.05932203389830515
2025-03-04,2.997,3.002,2.983,2.996,97408000,291657495,-0.0003336670003336595,3.0304,3.1685,-0.06404248672289914
2025-03-05,2.996,3.004,2.984,3.004,113282400,339089688,0.002670226969292422,3.02845,3.1650833333333335,-0.06388282954191338
2025-03-06,3.004,3.007,2.985,2.998,172287800,515598502,-0.001997336884154377,3.0263,3.1610333333333336,-0.07497685899413753
2025-03-07,2.996,3.007,2.992,2.997,224683269,673568017,-0.0003335557038026682,3.0234499999999995,3.15655,-0.08236374770361299
2025-03-10,2.995,3.002,2.985,3.001,136822900,409759286,0.001334668001334638,3.02115,3.15225,-0.07916538815587604
2025-03-11,2.993,3.023,2.986,3.022,188485969,566783383,0.006997667444185174,3.01925,3.147583333333334,-0.08479709267110846
2025-03-12,3.022,3.026,3.011,3.018,102018427,307969053,-0.001323626737260053,3.0170500000000002,3.1427166666666664,-0.08821752265861038
2025-03-13,3.014,3.047,3.013,3.046,205799156,625036125,0.009277667329357309,3.0161000000000002,3.138383333333333,-0.07864488808227477
2025-03-14,3.043,3.077,3.041,3.068,241624061,740449971,0.007222586999343417,3.0161,3.1342,-0.07562518830973186
2025-03-17,3.069,3.081,3.063,3.077,136369884,419182885,0.002933507170795213,3.0172,3.1300666666666666,-0.07458646616541365
2025-03-18,3.077,3.079,3.054,3.065,134980698,413544469,-0.0038999025024374356,3.0178000000000003,3.12635,-0.06782238442822386
2025-03-19,3.061,3.07,3.051,3.066,100744501,308412086,0.00032626427406201586,3.0193499999999998,3.1221666666666663,-0.07567078685559248
2025-03-20,3.066,3.077,3.058,3.061,191114200,585948012,-0.0016307893020220954,3.0212999999999997,3.1179833333333336,-0.07578502415458932
2025-03-21,3.058,3.08,3.043,3.055,174555717,534916071,-0.001960143743874432,3.02405,3.1133666666666664,-0.08313325330132049
2025-03-24,3.054,3.08,3.054,3.078,146219701,448782776,0.007528641571194594,3.0281499999999997,3.1098,-0.06500607533414338
2025-03-25,3.073,3.1,3.072,3.1,169054626,522325495,0.007147498375568606,3.0344,3.107066666666667,-0.05024509803921562
2025-03-26,3.096,3.103,3.084,3.101,171399001,530788815,0.000322580645161219,3.0393999999999997,3.104116666666667,-0.05399633923123859
2025-03-27,3.1,3.105,3.091,3.099,93902700,291081985,-0.0006449532408899783,3.04295,3.1005833333333332,-0.06402899426155229
2025-03-28,3.095,3.099,3.074,3.082,157192901,484495058,-0.005485640529203084,3.04655,3.096516666666667,-0.07336139506915218
2025-03-31,3.079,3.095,3.067,3.073,150717500,464119231,-0.0029201817001945907,3.05035,3.0924666666666667,-0.07328106151990343
2025-04-01,3.071,3.098,3.07,3.097,113641700,350848542,0.007809957696062408,3.0553999999999997,3.0888333333333335,-0.06576168929110104
2025-04-02,3.097,3.116,3.092,3.112,133127236,413946188,0.0048433968356473844,3.0608,3.0846666666666662,-0.07436049970255798
2025-04-03,3.098,3.12,3.089,3.117,145169479,451452176,0.0016066838046271403,3.06675,3.080766666666667,-0.0698299015219338
2025-04-07,3.05,3.053,2.875,2.938,471864511,1400235161,-0.05742701315367338,3.0637999999999996,3.075083333333333,-0.10399512046355586
2025-04-08,2.939,3.003,2.938,3.003,298132600,888849289,0.022123893805309658,3.0639,3.0709999999999997,-0.07543103448275867
2025-04-09,2.983,3.012,2.945,3.007,268858300,801625258,0.001332001332001287,3.06315,3.0669833333333334,-0.07419950738916259
2025-04-10,3.02,3.048,3.01,3.038,291703000,885372931,0.010309278350515427,3.06415,3.0637166666666666,-0.06060606060606066
2025-04-11,3.03,3.031,3.013,3.023,120779888,365078983,-0.004937458854509469,3.0629999999999997,3.0603,-0.06350681536555147
2025-04-14,3.023,3.055,3.02,3.051,123122425,374237437,0.009262322196493589,3.06215,3.0580833333333337,-0.04177135678391963
2025-04-15,3.051,3.067,3.044,3.066,118990570,363495779,0.00491642084562427,3.0616,3.056666666666666,-0.02697556331323392
2025-04-16,3.063,3.084,3.056,3.082,147468500,452387325,0.005218525766470972,3.0624499999999997,3.055966666666667,-0.013444302176696676
2025-04-17,3.078,3.078,3.061,3.075,81058528,248877279,-0.002271252433484694,3.0629,3.0543166666666663,-0.031190926275992403
2025-04-18,3.067,3.08,3.066,3.077,83169155,255559322,0.0006504065040648932,3.0637,3.0525499999999997,-0.03330191643103986
2025-04-21,3.075,3.094,3.065,3.067,97844810,301075505,-0.003249918752031178,3.0643,3.050116666666667,-0.045440398381574876
2025-04-22,3.064,3.082,3.063,3.077,125932900,387436756,0.003260515161395361,3.0642500000000004,3.0481333333333334,-0.037234042553191515
2025-04-23,3.077,3.08,3.058,3.061,106024706,324950805,-0.005199870003249951,3.0623,3.046066666666667,-0.03893249607535321
2025-04-24,3.06,3.081,3.055,3.074,95897590,294733956,0.00424697811172825,3.06095,3.04685,0.015526924347538662
2025-04-25,3.072,3.079,3.064,3.071,70100003,215152749,-0.0009759271307741013,3.05955,3.0479833333333333,0.022644022644022765
2025-04-28,3.07,3.077,3.06,3.074,118311494,363368046,0.0009768804949525922,3.05915,3.04835,0.007208387942332806
2025-04-29,3.071,3.076,3.057,3.062,79978494,245018119,-0.0039037085230969604,3.0586,3.0482666666666662,-0.0016302575806979025
2025-04-30,3.062,3.062,3.034,3.038,117201200,356508256,-0.007838014369693003,3.05565,3.0471500000000002,-0.02157809983896941
2025-05-06,3.04,3.043,3.02,3.03,116445701,352428894,-0.0026333113890717463,3.0515499999999998,3.0469333333333335,-0.0042720999014131955
2025-05-07,3.043,3.055,3.036,3.049,168755169,513728435,0.006270627062706424,3.04815,3.047066666666667,0.002630713581058819
2025-05-08,3.049,3.059,3.04,3.053,89909801,274413601,0.0013119055428010284,3.0538999999999996,3.04705,-0.0003274394237066103
2025-05-09,3.051,3.074,3.05,3.07,129185300,396206112,0.005568293481821085,3.05725,3.047433333333333,0.007548408270429796
2025-05-12,3.073,3.084,3.067,3.083,91184195,280634398,0.0042345276872965965,3.0610500000000003,3.047816666666667,0.007516339869281019
2025-05-13,3.09,3.107,3.083,3.105,198210201,614150598,0.007135906584495588,3.0644,3.0485333333333333,0.014043109079033389
2025-05-14,3.101,3.134,3.095,3.133,197015500,614422151,0.00901771336553936,3.0699,3.0496666666666665,0.022185970636215302
2025-05-15,3.132,3.145,3.123,3.124,141456107,442995927,-0.002872646026172987,3.07355,3.0506,0.018252933507170832
2025-05-16,3.118,3.123,3.09,3.106,86700630,268988030,-0.005761843790012877,3.07555,3.0514500000000004,0.016693944353518786
2025-05-19,3.106,3.121,3.104,3.117,86716277,270282355,0.003541532517707724,3.0773,3.052516666666667,0.020962987225679575
2025-05-20,3.118,3.127,3.112,3.121,91527828,285541297,0.0012832852101378744,3.0796,3.0539500000000004,0.028336079077429854
2025-05-21,3.121,3.158,3.12,3.15,115707933,364002124,0.009291893623838421,3.08325,3.056083333333333,0.04235605559232303
2025-05-22,3.147,3.157,3.137,3.151,72560286,228471311,0.0003174603174602719,3.08745,3.0585999999999998,0.05033333333333334
2025-05-23,3.152,3.168,3.122,3.123,89887004,282705233,-0.008886067914947504,3.0897499999999996,3.0607166666666665,0.042389853137516864
2025-05-26,3.119,3.128,3.102,3.107,95942718,298445311,-0.005123278898495065,3.0920499999999995,3.0629166666666663,0.044369747899159595
2025-05-27,3.105,3.114,3.087,3.095,75818830,235010069,-0.003862246540070835,3.0931,3.0644833333333334,0.031322892369210376
2025-05-28,3.095,3.103,3.086,3.1,55699568,172392932,0.001615508885298933,3.09455,3.0656833333333333,0.023778071334213946
2025-05-29,3.1,3.11,3.097,3.108,71506852,221997032,0.002580645161290418,3.0962500000000004,3.0673166666666662,0.032558139534883734
2025-05-30,3.104,3.123,3.104,3.122,80482384,250818749,0.0045045045045044585,3.09925,3.0694,0.041708375041708434
2025-06-03,3.118,3.139,3.103,3.134,74922500,234014853,0.0038436899423446302,3.10405,3.0717,0.04606141522029361
2025-06-04,3.135,3.142,3.124,3.142,69241081,217069614,0.002552648372686761,3.10965,3.074,0.04593874833555267
2025-06-05,3.14,3.149,3.116,3.124,78906418,246694544,-0.005728835136855404,3.1134,3.0761,0.04202801867911932
2025-06-06,3.124,3.138,3.12,3.124,111079251,347082120,0.0,3.11695,3.078216666666667,0.04237570904237575
2025-06-09,3.124,3.129,3.11,3.128,75424100,235332325,0.001280409731113874,3.1198500000000005,3.0803333333333334,0.04231922692435863
2025-06-10,3.125,3.148,3.118,3.133,106585668,334252841,0.0015984654731457937,3.12235,3.0821833333333335,0.03673064195896769
2025-06-11,3.131,3.144,3.129,3.142,63494630,199338142,0.002872646026172987,3.1242,3.08425,0.04108681245858192
2025-06-12,3.142,3.143,3.133,3.14,51247128,160803595,-0.0006365372374282918,3.12455,3.0858166666666667,0.030860144451740013
2025-06-13,3.139,3.143,3.119,3.125,125091346,391104908,-0.004777070063694322,3.1246,3.086766666666667,0.018578878748370276
2025-06-16,3.121,3.132,3.117,3.131,60081687,187725550,0.0019199999999999218,3.1258500000000002,3.087666666666667,0.017549561260968405
2025-06-17,3.131,3.138,3.126,3.134,60362136,189105442,0.0009581603321622278,3.1267000000000005,3.0888166666666668,0.022512234910277318
2025-06-18,3.132,3.14,3.122,3.138,69871022,219000791,0.0012763241863433805,3.1275500000000003,3.0900166666666666,0.023483365949119372
2025-06-19,3.137,3.137,3.118,3.124,73519113,229796892,-0.004461440407903083,3.12625,3.091066666666667,0.02058150931068292
2025-06-20,3.124,3.145,3.124,3.14,91566508,287317349,0.00512163892445594,3.1257,3.0924833333333335,0.02782324058919805
2025-06-23,3.136,3.159,3.118,3.153,111588538,350443162,0.0041401273885350864,3.1272,3.0937333333333332,0.024366471734892814
2025-06-24,3.145,3.16,3.139,3.157,102083849,321835872,0.0012686330478908214,3.1297,3.0946833333333337,0.01838709677419348
2025-06-25,3.158,3.178,3.147,3.173,133355588,421989600,0.005068102629078197,3.1336,3.095883333333333,0.023218316672041217
2025-06-26,3.17,3.185,3.165,3.18,98276704,312154800,0.002206114087614175,3.1376,3.0972333333333335,0.02613746369796699
2025-06-27,3.179,3.193,3.147,3.154,127815823,404722320,-0.008176100628930927,3.1399,3.098433333333333,0.02336145360155739
2025-06-30,3.148,3.155,3.14,3.152,136603834,429836144,-0.0006341154090043766,3.1414,3.0997500000000002,0.02570777741620578
2025-07-01,3.152,3.176,3.151,3.175,99495111,315150085,0.007296954314720772,3.14345,3.10105,0.025185663545366443
2025-07-02,3.177,3.2,3.175,3.199,117885402,376313306,0.0075590551181101695,3.1463,3.1025,0.02795629820051415
2025-07-03,3.197,3.207,3.188,3.198,108784637,348047433,-0.0003125976867770497,3.15,3.10385,0.025986525505293567
2025-07-04,3.197,3.233,3.196,3.222,167707650,539974042,0.007504690431519689,3.1549,3.1085833333333333,0.0966643975493533
2025-07-07,3.219,3.235,3.207,3.235,95827567,308935440,0.004034761018001154,3.16025,3.1124500000000004,0.07725607725607708
2025-07-08,3.232,3.242,3.218,3.229,71753460,231601535,-0.0018547140649148863,3.16505,3.1161499999999998,0.07382773528433662
2025-07-09,3.228,3.252,3.226,3.245,78020949,253102861,0.004955094456488007,3.1702,3.1195999999999997,0.06813693219223182
2025-07-10,3.244,3.277,3.243,3.271,75563978,246576780,0.008012326656394286,3.1767499999999997,3.1237333333333335,0.08203771088322842
2025-07-11,3.27,3.287,3.25,3.25,136776468,447220525,-0.006420055029043081,3.183,3.1270499999999997,0.06522451655195005
2025-07-14,3.247,3.284,3.246,3.272,108586124,355275711,0.006769230769230639,3.19005,3.1304833333333333,0.0671885192433137
2025-07-15,3.268,3.272,3.226,3.233,124622482,403984389,-0.011919315403422948,3.195,3.133,0.0489941596365997
2025-07-16,3.232,3.234,3.205,3.221,165737333,533075010,-0.003711722858026567,3.19915,3.1354333333333333,0.04747967479674786
2025-07-17,3.219,3.225,3.204,3.212,108941068,349830234,-0.0027941633033219393,3.20355,3.1376833333333334,0.043873903152421345
2025-07-18,3.212,3.228,3.211,3.226,80614306,259717719,0.004358655043586568,3.2078499999999996,3.140333333333333,0.05184219106618837
2025-07-21,3.226,3.248,3.225,3.247,100531310,325907446,0.0065096094234344815,3.2125500000000002,3.1431666666666667,0.05524861878453047
2025-07-22,3.247,3.305,3.224,3.3,195337026,640154670,0.016322759470280168,3.2197000000000005,3.1471499999999994,0.07807905913100299
2025-07-23,3.314,3.329,3.294,3.297,154403420,511370562,-0.0009090909090908594,3.2259,3.1508666666666665,0.072543916720885
2025-07-24,3.294,3.308,3.275,3.307,132457271,436800288,0.003033060357900963,3.2322499999999996,3.1548000000000003,0.07684793226961895
2025-07-25,3.304,3.325,3.288,3.293,116835480,386062855,-0.00423344420925309,3.2391999999999994,3.15845,0.07124268054651939
2025-07-28,3.282,3.282,3.25,3.26,142440656,464594889,-0.010021257212268542,3.2445999999999997,3.16175,0.06466361854996738
2025-07-29,3.251,3.259,3.234,3.251,117932676,382663718,-0.0027607361963190025,3.2484,3.1653000000000002,0.07011191573403552
2025-07-30,3.25,3.282,3.249,3.262,135363979,442289421,0.003383574284835378,3.2515500000000004,3.169166666666667,0.07656765676567656
2025-07-31,3.251,3.255,3.196,3.211,199017169,638954821,-0.015634580012262478,3.2521999999999998,3.1718666666666664,0.05313217448343721
2025-08-01,3.21,3.222,3.196,3.208,88037917,282201386,-0.0009342883836810367,3.2515,3.1744499999999998,0.050769734687192924
2025-08-04,3.195,3.224,3.194,3.222,88429429,284009313,0.00436408977556102,3.25085,3.1769833333333333,0.049511400651465864
2025-08-05,3.223,3.256,3.218,3.254,87068700,282106022,0.009931719428926122,3.2521,3.1798333333333333,0.05546545572494321
2025-08-06,3.255,3.27,3.252,3.267,114725800,374422005,0.003995082974800113,3.2532000000000005,3.182533333333333,0.05217391304347818
2025-08-07,3.267,3.284,3.255,3.279,147066654,481477943,0.0036730945821854544,3.2536,3.184966666666667,0.04660070220236201
2025-08-08,3.275,3.288,3.27,3.278,98807450,324005803,-0.0003049710277522877,3.255,3.1875333333333336,0.04929577464788726
2025-08-11,3.277,3.283,3.257,3.26,161379799,526366177,-0.005491153142159977,3.2544000000000004,3.1900999999999997,0.04958145524790725
2025-08-12,3.26,3.292,3.26,3.278,104948160,344012480,0.005521472392638005,3.2566499999999996,3.1927833333333333,0.05165222970805261
2025-08-13,3.278,3.282,3.255,3.258,107908288,351994155,-0.006101281269066505,3.2585,3.1950666666666665,0.04389618711951293
2025-08-14,3.258,3.265,3.234,3.237,109252707,354894970,-0.006445672191528473,3.2597499999999995,3.1965166666666667,0.027619047619047654
2025-08-15,3.233,3.233,3.209,3.231,129936100,418361746,-0.001853568118628468,3.2600000000000002,3.1978500000000003,0.025388765471278996
2025-08-18,3.23,3.236,3.214,3.223,134969065,434845368,-0.0024760136180749237,3.2588,3.199516666666667,0.03202049311559385
2025-08-19,3.221,3.223,3.212,3.217,103232286,332002502,-0.0018616196090598391,3.2546500000000003,3.20135,0.03540392661731562
2025-08-20,3.214,3.241,3.206,3.24,112975538,364871739,0.007149518184644155,3.2518000000000002,3.2037666666666667,0.04684975767366728
2025-08-21,3.24,3.258,3.231,3.256,127908198,415674551,0.004938271604938205,3.24925,3.2063666666666664,0.05032258064516126
2025-08-22,3.258,3.258,3.226,3.253,169201858,547820885,-0.0009213759213758665,3.2472499999999997,3.2087833333333338,0.046653796653796764
2025-08-25,3.254,3.274,3.243,3.273,176378554,574875219,0.006148170919151541,3.2479,3.2113,0.048366431774503615
2025-08-26,3.27,3.273,3.26,3.261,107061647,349638135,-0.0036663611365719273,3.2484,3.213416666666667,0.04052329291640078
2025-08-27,3.258,3.259,3.205,3.208,190896900,616117897,-0.01625268322600426,3.2457000000000003,3.2145166666666665,0.02100572883513685
2025-08-28,3.205,3.214,3.176,3.205,224181088,716433418,-0.0009351620947630757,3.2454,3.2158666666666664,0.025928297055057614
2025-08-29,3.201,3.227,3.186,3.189,180980728,579134004,-0.004992199687987475,3.2444499999999996,3.2169499999999998,0.020806658130601674
2025-09-01,3.188,3.198,3.164,3.171,212962041,676408329,-0.005644402634054635,3.2419000000000002,3.2176666666666667,0.013746803069053515
2025-09-02,3.171,3.187,3.165,3.186,138606235,440228971,0.004730368968779652,3.2384999999999997,3.21855,0.016916693265240923
2025-09-03,3.185,3.188,3.148,3.153,175130628,553425776,-0.010357815442561202,3.2328,3.2187333333333332,0.0035009548058562157
2025-09-04,3.149,3.175,3.122,3.172,204558395,643178290,0.00602600697748179,3.2274499999999997,3.2192666666666665,0.010191082802547768
2025-09-05,3.166,3.167,3.144,3.162,135163612,426184701,-0.0031525851197983235,3.2216500000000003,3.219883333333333,0.011840000000000073
2025-09-08,3.16,3.171,3.152,3.168,111711496,353563515,0.00189753320683117,3.2170500000000004,3.2205,0.011817310763334588
2025-09-09,3.168,3.174,3.155,3.17,102677291,325048395,0.0006313131313131493,3.21165,3.2211,0.01148691767708998
2025-09-10,3.167,3.172,3.156,3.169,86565900,274032957,-0.0003154574132492316,3.2072000000000003,3.221616666666667,0.00987890376035705
2025-09-11,3.167,3.174,3.15,3.174,175492519,554593269,0.0015777847901545794,3.20405,3.2224500000000003,0.016005121638924313
2025-09-12,3.171,3.178,3.154,3.159,136000431,430411442,-0.00472589792060496,3.20045,3.2227666666666663,0.006050955414012682
2025-09-15,3.156,3.156,3.135,3.142,163360700,513234756,-0.00538144982589428,3.1963999999999997,3.222583333333333,-0.0034887408817000365
2025-09-16,3.145,3.159,3.131,3.135,115256577,361916019,-0.00222788033099941,3.1923,3.2222166666666667,-0.006968641114982632
2025-09-17,3.134,3.153,3.125,3.149,155671600,489338053,0.004465709728867617,3.18775,3.221816666666667,-0.007563819728963139
2025-09-18,3.15,3.15,3.082,3.096,343379949,1068605314,-0.016830739917434112,3.17975,3.2204166666666665,-0.026415094339622636
2025-09-19,3.096,3.114,3.077,3.113,254907648,789274234,0.005490956072351283,3.1727499999999997,3.219733333333333,-0.012999365884590941
2025-09-22,3.112,3.113,3.08,3.087,140548279,434515263,-0.008352071956312157,3.16345,3.21865,-0.02062182741116747
2025-09-23,3.087,3.107,3.07,3.105,226650330,701061686,0.005830903790087438,3.15565,3.2174833333333335,-0.022047244094488105
2025-09-24,3.1,3.122,3.093,3.111,147229828,457454869,0.0019323671497584183,3.1508,3.216016666666667,-0.027508596436386257
2025-09-25,3.106,3.108,3.083,3.097,132771900,410443852,-0.004500160720025792,3.1454,3.2143333333333333,-0.03158223889931211
2025-09-26,3.095,3.104,3.08,3.098,137495261,425490676,0.0003228931223764331,3.14085,3.212266666666667,-0.038485412787088835
2025-09-29,3.091,3.105,3.072,3.093,214805423,662483851,-0.0016139444803098257,3.13695,3.2098999999999998,-0.04389489953632142
2025-09-30,3.091,3.092,3.073,3.082,115426700,355382758,-0.003556417717426541,3.1317500000000003,3.20745,-0.0455249303189843
2025-10-09,3.082,3.103,3.068,3.103,192947361,594695149,0.006813757300454304,3.12925,3.2050833333333335,-0.04375963020030815
2025-10-10,3.1,3.141,3.091,3.136,265947347,832048253,0.010634869481147335,3.12745,3.202833333333333,-0.041271782329562745
2025-10-13,3.125,3.145,3.094,3.14,238490581,743812669,0.0012755102040815647,3.12635,3.201,-0.03384615384615386
2025-10-14,3.139,3.205,3.126,3.204,474243200,1507596097,0.020382165605095537,3.12815,3.1998666666666664,-0.02078239608801946
2025-10-15,3.203,3.215,3.187,3.207,238431243,763943699,0.000936329588014928,3.13,3.1994333333333334,-0.008042066192391006
2025-10-16,3.201,3.244,3.197,3.239,242080231,781310136,0.009978172747115766,3.1335,3.1997333333333335,0.005588326606643879
2025-10-17,3.239,3.268,3.224,3.229,243919045,792139562,-0.003087372645878328,3.13625,3.200016666666667,0.005292652552926436
2025-10-20,3.229,3.258,3.2,3.256,252638582,816254793,0.008361721895323582,3.1411,3.2005166666666667,0.00929944203347799
2025-10-21,3.243,3.253,3.228,3.248,160358423,519618096,-0.002457002457002311,3.1464000000000003,3.200533333333333,0.00030797659377901354
2025-10-22,3.241,3.256,3.238,3.253,117732243,382621933,0.0015394088669951067,3.1523000000000003,3.1997500000000003,-0.014242424242424168
2025-10-23,3.248,3.283,3.248,3.278,225949709,739691906,0.007685213648939371,3.1587500000000004,3.1994333333333334,-0.005762814680012163
2025-10-24,3.265,3.273,3.254,3.259,195565725,637760802,-0.0057962172056131855,3.1669,3.1986333333333334,-0.014514665860296372
2025-10-27,3.253,3.286,3.235,3.272,181602250,592349598,0.003988953666768991,3.17485,3.1982833333333334,-0.006377163680534537
2025-10-28,3.268,3.279,3.253,3.267,122988372,401591094,-0.0015281173594131614,3.18385,3.1984,0.0021472392638037796
2025-10-29,3.265,3.265,3.23,3.249,171294655,555620855,-0.0055096418732781816,3.1910499999999997,3.1983666666666664,-0.0006151953245154829
2025-10-30,3.245,3.271,3.242,3.248,114843191,373835004,-0.0003077870113881165,3.1978999999999997,3.1981333333333333,-0.0042918454935622075
2025-10-31,3.247,3.248,3.225,3.24,114408542,370000179,-0.0024630541871921707,3.20505,3.1986166666666667,0.009031454375584058
2025-11-03,3.24,3.285,3.239,3.283,191633780,626811594,0.013271604938271508,3.2143,3.199866666666667,0.023379052369077113
2025-11-04,3.283,3.327,3.28,3.313,223001855,737846054,0.009137983551629647,3.2253,3.2013833333333332,0.028243327126008744
2025-11-05,3.306,3.332,3.292,3.322,128942958,427582154,0.0027165710836098977,3.2373,3.202516666666667,0.020897357098955238
2025-11-06,3.315,3.335,3.302,3.326,94328311,313556933,0.0012040939193256328,3.2484500000000005,3.2034999999999996,0.01805938169574528
2025-11-07,3.326,3.35,3.325,3.331,75841424,252940407,0.0015033072760071153,3.2582,3.2043666666666666,0.015858493443122956
2025-11-10,3.328,3.358,3.317,3.356,95077894,318181716,0.007505253677574375,3.2689999999999997,3.2056666666666667,0.02379499694935938
2025-11-11,3.354,3.354,3.327,3.347,91917953,307055315,-0.002681764004767495,3.27615,3.207116666666667,0.026687116564417135
2025-11-12,3.345,3.375,3.345,3.36,109340171,367505154,0.003884075291305633,3.2838000000000003,3.208483333333333,0.02501525320317266
2025-11-13,3.352,3.368,3.336,3.361,103080047,345429308,0.0002976190476191576,3.2899000000000003,3.2102,0.03161448741559236
2025-11-14,3.356,3.381,3.346,3.348,99226760,333939431,-0.0038678964593872323,3.29585,3.21205,0.03429101019462455
2025-11-17,3.348,3.348,3.311,3.329,134521516,447738536,-0.005675029868578152,3.2995000000000005,3.2136833333333334,0.030331166821417677
2025-11-18,3.324,3.327,3.273,3.284,178681585,588238947,-0.013517572844698234,3.3013,3.2147,0.018926466025442013
2025-11-19,3.283,3.308,3.282,3.3,105795193,348660939,0.004872107186357999,3.3036499999999998,3.216083333333333,0.02580043518806341
2025-11-20,3.299,3.333,3.295,3.3,102651083,339974086,0.0,3.30475,3.2170833333333335,0.01851851851851838
2025-11-21,3.29,3.3,3.25,3.255,203958688,666227783,-0.013636363636363669,3.30455,3.2170666666666667,-0.00030712530712528885
2025-11-24,3.253,3.265,3.227,3.227,171180394,553967594,-0.008602150537634468,3.3023,3.2166333333333332,-0.007992622194897048
2025-11-25,3.226,3.246,3.22,3.243,129958849,420361711,0.004958165478772925,3.3011000000000004,3.216133333333333,-0.00916590284142993
2025-11-26,3.24,3.252,3.223,3.226,147222900,475840020,-0.005242059821153222,3.29995,3.21555,-0.01073290401717264
2025-11-27,3.226,3.239,3.208,3.23,124318854,401048374,0.001239925604463732,3.29905,3.2159166666666668,0.006857855361595888
2025-11-28,3.23,3.232,3.215,3.23,89971333,290065589,0.0,3.29855,3.216333333333333,0.007800312012480548
2025-12-01,3.23,3.245,3.222,3.245,114560230,370453373,0.004643962848297267,3.2966499999999996,3.2172666666666667,0.01756036375039205
2025-12-02,3.244,3.25,3.236,3.249,98340779,319016055,0.0012326656394452407,3.29345,3.218566666666667,0.024597918637653926
2025-12-03,3.246,3.264,3.236,3.241,94656824,307606155,-0.002462296091104932,3.2893999999999997,3.2194833333333337,0.017263025737602078
2025-12-04,3.238,3.248,3.224,3.228,85025900,274815447,-0.004011107682813875,3.2845,3.2207333333333334,0.0237868696479544
2025-12-05,3.227,3.23,3.206,3.226,107288900,345204617,-0.0006195786864932051,3.2792499999999998,3.2216333333333336,0.01702395964691039
2025-12-08,3.225,3.227,3.193,3.21,195997498,628441255,-0.004959702417854928,3.2719499999999995,3.2224333333333335,0.015180265654648917
2025-12-09,3.203,3.204,3.181,3.184,143744500,458517490,-0.008099688473520161,3.2638,3.2227,0.005050505050504972
2025-12-10,3.186,3.191,3.16,3.171,150870312,478269249,-0.004082914572864471,3.25435,3.2227166666666665,0.0003154574132491206
2025-12-11,3.171,3.174,3.145,3.155,183537188,579234276,-0.005045726900031577,3.24405,3.2224833333333334,-0.004417797412432978
2025-12-12,3.155,3.159,3.135,3.142,180122193,565760514,-0.0041204437400950145,3.2337499999999997,3.22195,-0.010081915563957211
2025-12-15,3.143,3.175,3.133,3.168,147648857,467091226,0.008274984086569237,3.2257,3.2220999999999997,0.002849002849002913
2025-12-16,3.167,3.167,3.135,3.14,218581300,686949710,-0.008838383838383868,3.2185,3.222066666666667,-0.0006365372374282918
2025-12-17,3.136,3.154,3.124,3.143,157998518,495539898,0.0009554140127387978,3.2106500000000002,3.2222,0.0025518341307815273
2025-12-18,3.143,3.18,3.14,3.175,162248076,513315654,0.01018135539293663,3.2043999999999997,3.222633333333333,0.00825658939345808
2025-12-19,3.175,3.183,3.159,3.174,127672494,404755029,-0.00031496062992120155,3.2003500000000003,3.2239333333333335,0.025193798449612448
2025-12-22,3.174,3.174,3.155,3.159,150432000,475517527,-0.00472589792060496,3.19695,3.2247,0.014776742691936962
2025-12-23,3.158,3.173,3.155,3.16,121823000,385373319,0.00031655587211143477,3.1927999999999996,3.225916666666667,0.02364755425979914
2025-12-24,3.16,3.166,3.146,3.165,127133408,401114744,0.0015822784810126667,3.18975,3.226916666666667,0.019323671497584627
2025-12-25,3.165,3.177,3.163,3.174,112772764,357444737,0.0028436018957345155,3.1869500000000004,3.2279666666666667,0.020250723240115676
2025-12-26,3.17,3.187,3.167,3.187,121476500,386249074,0.004095778197857669,3.1848,3.2294666666666667,0.029060381013884307
2025-12-29,3.187,3.2,3.172,3.185,155206513,494659817,-0.0006275494195167042,3.1818,3.2309166666666664,0.028082633957391856
2025-12-30,3.179,3.194,3.171,3.188,137469558,437951361,0.0009419152276295417,3.17875,3.2325000000000004,0.030714516650501178
2025-12-31,3.188,3.194,3.175,3.183,105880010,337059439,-0.0015683814303639743,3.1758499999999996,3.2341833333333336,0.03277092796885128
2026-01-05,3.183,3.193,3.17,3.18,160709824,510847599,-0.0009425070688029447,3.17345,3.235466666666667,0.024814695456010227
2026-01-06,3.18,3.219,3.172,3.218,212208423,677876074,0.011949685534591081,3.17305,3.2368333333333337,0.02614795918367352
2026-01-07,3.218,3.232,3.202,3.232,145318753,467902780,0.004350528278433963,3.17415,3.2383666666666664,0.029299363057324834
2026-01-08,3.23,3.231,3.213,3.221,109021090,351116569,-0.0034034653465346842,3.1759999999999997,3.2386500000000003,0.005305867665418296
2026-01-09,3.221,3.235,3.216,3.234,121750149,392760656,0.004036013660353888,3.17915,3.2391,0.00841908325537899
2026-01-12,3.233,3.237,3.214,3.231,142405448,459145758,-0.0009276437847867136,3.18295,3.2389666666666668,-0.002469898116702729
2026-01-13,3.228,3.245,3.224,3.229,141142025,456857959,-0.0006190034045187032,3.1873,3.2389666666666668,0.0
2026-01-14,3.228,3.236,3.197,3.199,194456918,625541707,-0.009290802105915263,3.18885,3.2380166666666668,-0.017506142506142464
2026-01-15,3.199,3.209,3.183,3.188,153320022,490206980,-0.0034385745545482127,3.19125,3.237016666666667,-0.018472906403940947
2026-01-16,3.189,3.2,3.155,3.163,254663722,808039637,-0.007841907151819427,3.19225,3.235516666666667,-0.027666769136182046
2026-01-19,3.163,3.18,3.154,3.179,169245729,536333533,0.005058488776477965,3.19245,3.2338666666666667,-0.030201342281879207
2026-01-20,3.18,3.218,3.175,3.217,194369138,621283721,0.011953444479396058,3.1946,3.2331666666666665,-0.012887388769561192
2026-01-21,3.078,3.079,3.052,3.057,301877800,923943262,-0.049735778675784936,3.1895,3.2295833333333333,-0.06570904645476772
2026-01-22,3.059,3.08,3.055,3.077,155801800,478674278,0.006542361792607032,3.18535,3.2264166666666667,-0.05815733088460362
2026-01-23,3.081,3.082,3.059,3.069,161176568,494701122,-0.00259993500162492,3.18055,3.2234166666666666,-0.05540166204986152
2026-01-26,3.069,3.109,3.064,3.106,211831264,654976910,0.012056044314108894,3.17715,3.2210499999999995,-0.04371921182266025
2026-01-27,3.106,3.113,3.075,3.081,260210876,804341780,-0.008048937540244605,3.17185,3.2184000000000004,-0.04907407407407416
2026-01-28,3.082,3.148,3.072,3.132,329895023,1028739544,0.0165530671859786,3.1692,3.215883333333333,-0.04599451720986891
2026-01-29,3.134,3.168,3.12,3.166,225603099,709880740,0.01085568326947639,3.1681,3.2134333333333336,-0.04437066103229703
2026-01-30,3.165,3.196,3.124,3.144,264593377,834801090,-0.006948831332912131,3.16615,3.210466666666667,-0.05358217940999399
2026-02-02,3.137,3.138,3.042,3.046,401047605,1235729327,-0.03117048346055984,3.15945,3.2058000000000004,-0.08418520745640412
2026-02-03,3.049,3.064,3.028,3.051,237958217,724610538,0.0016414970453053623,3.1511,3.201133333333333,-0.08405884118883211
2026-02-04,3.056,3.153,3.056,3.15,437466557,1363521066,0.032448377581120846,3.147,3.1976999999999998,-0.06138259833134685
2026-02-05,3.132,3.143,3.112,3.136,149211527,466573398,-0.004444444444444362,3.1427500000000004,3.194183333333333,-0.06304152972811472
2026-02-06,3.11,3.141,3.1,3.126,151344403,472796203,-0.0031887755102041337,3.13735,3.1902833333333334,-0.06964285714285712
2026-02-09,3.126,3.146,3.125,3.144,93180979,292349656,0.0057581573896354765,3.133,3.186666666666667,-0.06456411782207683
2026-02-10,3.144,3.16,3.132,3.156,118853689,374162405,0.003816793893129722,3.12935,3.183466666666667,-0.05734767025089593
2026-02-11,3.153,3.192,3.143,3.183,224707518,713970108,0.008555133079847899,3.12855,3.181033333333333,-0.043857014118353965
2026-02-12,3.185,3.198,3.169,3.18,142012267,452049042,-0.0009425070688029447,3.12815,3.1793,-0.03166869671132755
2026-02-13,3.17,3.175,3.134,3.137,148983293,469202890,-0.013522012578616405,3.12685,3.1765833333333333,-0.04939393939393932
2026-02-24,3.152,3.196,3.152,3.19,217299547,691885851,0.016895122728721734,3.1274,3.1747500000000004,-0.033333333333333326
2026-02-25,3.19,3.237,3.187,3.194,363803227,1167864053,0.0012539184952977678,3.12625,3.1737333333333333,-0.018740399385560713
2026-02-26,3.197,3.211,3.178,3.195,120777051,385766967,0.00031308703819665773,3.1331499999999997,3.1732,-0.009916330957545738
2026-02-27,3.193,3.237,3.19,3.232,206367498,665145099,0.011580594679186262,3.1409000000000002,3.173016666666667,-0.0033919210607461503
2026-03-02,3.275,3.306,3.235,3.303,325190372,1065672481,0.021967821782178154,3.1526,3.1743,0.023868567885926728
2026-03-03,3.306,3.404,3.296,3.367,374115273,1253251550,0.019376324553436186,3.16565,3.1765833333333333,0.04241486068111455
2026-03-04,3.341,3.341,3.251,3.304,168292053,553439482,-0.018711018711018768,3.1768,3.1778166666666667,0.022910216718266208
2026-03-05,3.283,3.312,3.255,3.291,138530487,454326194,-0.0039346246973365195,3.1847499999999997,3.1785833333333335,0.014175654853620934
2026-03-06,3.282,3.29,3.253,3.285,122717861,401360823,-0.001823154056517673,3.1907,3.1791833333333335,0.011080332409972415
2026-03-09,3.347,3.373,3.308,3.309,202199892,675842638,0.007305936073059405,3.19895,3.1803166666666667,0.02098117864856519
2026-03-10,3.256,3.283,3.24,3.27,129612243,423148675,-0.011786038077969185,3.21015,3.181016666666667,0.013011152416356753
2026-03-11,3.263,3.317,3.24,3.313,134046487,439613998,0.01314984709480127,3.22325,3.182466666666667,0.02696838189708628
2026-03-12,3.325,3.392,3.313,3.381,207427219,698295169,0.020525203742831177,3.2348,3.1853166666666666,0.05327102803738315
2026-03-13,3.38,3.408,3.358,3.364,204236448,690999168,-0.005028098195800079,3.2461999999999995,3.1883166666666667,0.0565326633165828
2026-03-16,3.365,3.381,3.33,3.335,113578600,379859829,-0.008620689655172376,3.2566499999999996,3.1910499999999997,0.05171870072532325
2026-03-17,3.325,3.349,3.308,3.309,112049787,372500010,-0.007796101949025469,3.2649,3.1936166666666668,0.048811410459588034
2026-03-18,3.308,3.319,3.261,3.296,118516785,389647686,-0.003928679359323173,3.2719,3.196183333333333,0.04901336728198591
2026-03-19,3.306,3.329,3.296,3.305,134593615,445624309,0.0027305825242720516,3.278,3.198466666666667,0.04324494949494939
2026-03-20,3.275,3.329,3.273,3.296,107415600,355018429,-0.002723146747352634,3.2838000000000003,3.2010666666666667,0.04968152866242037
2026-03-23,3.305,3.306,3.226,3.234,202280443,660155165,-0.018810679611650394,3.2886499999999996,3.2025833333333336,0.02895322939866385
2026-03-24,3.23,3.27,3.227,3.269,139870305,455037626,0.010822510822510845,3.2926,3.2041500000000003,0.029606299212598497
2026-03-25,3.25,3.257,3.21,3.256,157561500,509345306,-0.003976751300091896,3.2957,3.205516666666667,0.025834908632640152
2026-03-26,3.251,3.288,3.248,3.268,114829500,375558985,0.0036855036855036882,3.2993500000000004,3.2073333333333336,0.03450459006014572
2026-03-27,3.267,3.283,3.243,3.267,88778799,289198915,-0.0003059975520195435,3.3010999999999995,3.2091166666666666,0.033860759493670844
2026-03-30,3.262,3.304,3.262,3.299,108153999,355809927,0.009794918885827952,3.3009,3.21135,0.04233807266982614
2026-03-31,3.293,3.314,3.248,3.251,159039900,519957179,-0.014549863595028856,3.2951,3.2126333333333332,0.02425960932577187
2026-04-01,3.248,3.269,3.236,3.241,132234201,429458774,-0.0030759766225776364,3.29195,3.2135333333333334,0.016943834326953233
2026-04-02,3.24,3.27,3.238,3.258,100208745,326342217,0.005245294662141298,3.2903,3.21475,0.02291993720565144
2026-04-03,3.256,3.259,3.204,3.216,152336599,490888645,-0.012891344383057057,3.28685,3.215216666666666,0.008782936010037545
2026-04-07,3.217,3.232,3.196,3.228,102118372,328441978,0.003731343283582156,3.2828000000000004,3.2159666666666666,0.01413760603204528
2026-04-08,3.21,3.228,3.186,3.227,171453300,549273612,-0.0003097893432466581,3.28065,3.2167499999999998,0.014779874213836308
2026-04-09,3.222,3.232,3.202,3.212,79258200,254702266,-0.004648280136349436,3.2756,3.21665,-0.0018645121193286984
2026-04-10,3.211,3.231,3.205,3.218,83960572,270381505,0.0018679950186799577,3.2674499999999993,3.2164166666666665,-0.004331683168316891
2026-04-13,3.225,3.233,3.202,3.223,113707200,365930898,0.0015537600994406375,3.2603999999999997,3.21645,0.0006209251785158632
2026-04-14,3.216,3.224,3.205,3.223,99129016,318664154,0.0,3.2548000000000004,3.216266666666667,-0.003401360544217691
2026-04-15,3.221,3.242,3.206,3.24,115504450,372895343,0.0052745888923364515,3.25135,3.2164166666666665,0.002785515320334442
2026-04-16,3.23,3.251,3.23,3.244,94220260,305409124,0.0012345679012346622,3.24875,3.216666666666667,0.004645401052957521
2026-04-17,3.24,3.244,3.216,3.218,106833300,344442966,-0.00801479654747228,3.2444,3.2169833333333333,0.005939356048765276
2026-04-20,3.219,3.235,3.212,3.225,89628031,288666367,0.0021752641392169814,3.2408500000000005,3.2176,0.011606022584692566
2026-04-21,3.224,3.273,3.222,3.265,218600872,712181256,0.01240310077519391,3.2424,3.2192999999999996,0.03224786595004758
2026-04-22,3.268,3.281,3.259,3.269,112700900,368498363,0.001225114854517706,3.2424,3.2207999999999997,0.02831078955646449
2026-04-23,3.269,3.294,3.253,3.293,121308325,397569032,0.007341694707861723,3.24425,3.222066666666667,0.023624494870997825
2026-04-24,3.277,3.292,3.266,3.28,146004600,478523898,-0.003947767992711904,3.2448500000000005,3.2257833333333332,0.07294733398756947
2026-04-27,3.27,3.293,3.264,3.275,100852200,330541990,-0.0015243902439023849,3.24525,3.2290833333333335,0.06434839129021763
2026-04-28,3.27,3.326,3.265,3.325,165336452,545846331,0.01526717557251911,3.24655,3.23335,0.08341479309221245
2026-04-29,3.315,3.36,3.313,3.347,139571871,466652880,0.006616541353383409,3.25135,3.237366666666667,0.0775917578879588
2026-04-30,3.34,3.357,3.324,3.341,143435124,478767666,-0.0017926501344487367,3.25635,3.2417,0.08438818565400852
2026-05-06,3.335,3.342,3.3,3.341,145180000,481710572,0.0,3.2604999999999995,3.245183333333333,0.06673052362707543
2026-05-07,3.327,3.327,3.268,3.272,293781100,964538060,-0.02065249925172119,3.2632999999999996,3.24695,0.03348073278584951
2026-05-08,3.273,3.292,3.25,3.261,159384137,519812739,-0.0033618581907089995,3.2649500000000002,3.2489,0.03721374045801529
2026-05-11,3.261,3.276,3.253,3.263,146354012,477609074,0.0006133088009812049,3.2667499999999996,3.2525166666666663,0.07124097176625077
2026-05-12,3.26,3.284,3.255,3.257,117147994,382461892,-0.0018387986515475685,3.2690000000000006,3.25595,0.06751884627990812
2026-05-13,3.258,3.271,3.23,3.244,122094995,396171454,-0.003991403131716309,3.2703,3.2575166666666666,0.02984126984127
2026-05-14,3.244,3.246,3.222,3.223,102244144,330506928,-0.006473489519112308,3.2703,3.258966666666667,0.02774234693877542
2026-05-15,3.224,3.244,3.21,3.223,160566378,517776590,0.0,3.2703,3.2605833333333334,0.03103007037747929
2026-05-18,3.22,3.234,3.2,3.217,188532470,605137252,-0.0018616196090598391,3.26915,3.2618,0.02321882951653942
2026-05-19,3.217,3.228,3.208,3.222,96124900,309449822,0.0015542430836181786,3.26805,3.2629,0.02091254752851701
2026-05-20,3.222,3.23,3.208,3.215,135717273,436881640,-0.0021725636250776725,3.2679,3.263433333333333,0.010053408733898817
2026-05-21,3.205,3.215,3.167,3.172,230279100,734993648,-0.013374805598755701,3.2652500000000004,3.2633,-0.002515723270440251
2026-05-22,3.173,3.175,3.138,3.156,168086350,530077819,-0.0050441361916772065,3.2598,3.263616666666666,0.006056742110296609
2026-05-25,3.178,3.219,3.178,3.185,197291430,630135948,0.009188846641318138,3.2556,3.263533333333333,-0.0015673981191222097
2026-05-26,3.178,3.192,3.163,3.186,124157400,394360503,0.00031397174254310656,3.25025,3.2634,-0.0025046963055729288
2026-05-27,3.18,3.183,3.143,3.17,178428700,563920657,-0.005021971123666091,3.2447500000000007,3.2629833333333336,-0.007824726134585291
2026-05-28,3.163,3.193,3.157,3.17,144437000,459099902,0.0,3.2394999999999996,3.26195,-0.019183168316831756
2026-05-29,3.165,3.212,3.162,3.206,213209600,681631366,0.011356466876971671,3.23355,3.2603333333333335,-0.0293672419013018
