date,hs300,zz500,cyb,kc50,securities,consumer,medicine,new_energy,dividend
2020-01-02,,,,,,,,,
2020-01-03,,,,,,,,,
2020-01-06,,,,,,,,,
2020-01-07,,,,,,,,,
2020-01-08,,,,,,,,,
2020-01-09,,,,,,,,,
2020-01-10,,,,,,,,,
2020-01-13,,,,,,,,,
2020-01-14,,,,,,,,,
2020-01-15,,,,,,,,,
2020-01-16,,,,,,,,,
2020-01-17,,,,,,,,,
2020-01-20,,,,,,,,,
2020-01-21,,,,,,,,,
2020-01-22,,,,,,,,,
2020-01-23,,,,,,,,,
2020-02-03,,,,,,,,,
2020-02-04,,,,,,,,,
2020-02-05,,,,,,,,,
2020-02-06,,,,,,,,,
2020-02-07,,,,,,,,,
2020-02-10,,,,,,,,,
2020-02-11,,,,,,,,,
2020-02-12,,,,,,,,,
2020-02-13,,,,,,,,,
2020-02-14,,,,,,,,,
2020-02-17,,,,,,,,,
2020-02-18,,,,,,,,,
2020-02-19,,,,,,,,,
2020-02-20,,,,,,,,,
2020-02-21,,,,,,,,,
2020-02-24,,,,,,,,,
2020-02-25,,,,,,,,,
2020-02-26,,,,,,,,,
2020-02-27,,,,,,,,,
2020-02-28,,,,,,,,,
2020-03-02,,,,,,,,,
2020-03-03,,,,,,,,,
2020-03-04,,,,,,,,,
2020-03-05,,,,,,,,,
2020-03-06,,,,,,,,,
2020-03-09,,,,,,,,,
2020-03-10,,,,,,,,,
2020-03-11,,,,,,,,,
2020-03-12,,,,,,,,,
2020-03-13,,,,,,,,,
2020-03-16,,,,,,,,,
2020-03-17,,,,,,,,,
2020-03-18,,,,,,,,,
2020-03-19,,,,,,,,,
2020-03-20,,,,,,,,,
2020-03-23,,,,,,,,,
2020-03-24,,,,,,,,,
2020-03-25,,,,,,,,,
2020-03-26,,,,,,,,,
2020-03-27,,,,,,,,,
2020-03-30,,,,,,,,,
2020-03-31,,,,,,,,,
2020-04-01,,,,,,,,,
2020-04-02,,,,,,,,,
2020-04-03,-0.10894191371414796,-0.05006020987441928,0.039093484419263635,,-0.11725452812202086,0.02148760330578514,0.0437994722955144,,-0.1813224267211997
2020-04-07,-0.08673592655230744,-0.023695054945054972,0.07369614512471645,,-0.09282296650717703,0.0615026595744681,0.07472178060413359,,-0.16740690126409297
2020-04-08,-0.08682997817123461,-0.03174872665534789,0.057046979865771785,,-0.09760765550239237,0.048788582807832714,0.0830208891269415,,-0.16535433070866135
2020-04-09,-0.09121540312876064,-0.03519946362722093,0.05433589462129529,,-0.09591642924976251,0.028571428571428692,0.09793541556379037,,-0.17137028221693307
2020-04-10,-0.08507535245503162,-0.03926568077511472,0.04743303571428559,,-0.08031341821743387,0.037593984962405846,0.0967397113842865,,-0.171516603902773
2020-04-13,-0.0998075998075999,-0.060936713110626095,0.0076128330614464446,,-0.10328185328185324,0.00997747022851625,0.07503908285565397,,-0.1813858695652173
2020-04-14,-0.08467644936252106,-0.036749831422791646,0.04259967231021311,,-0.08092485549132955,0.03196641911527287,0.08393782383419701,,-0.17069846678023848
2020-04-15,-0.0997144217039505,-0.05438567401757577,0.019871106337271627,,-0.10095238095238102,0.0069996818326441,0.07157569515962936,,-0.17684996605566883
2020-04-16,-0.0953632887189293,-0.04279766860949208,0.044324324324324316,,-0.08108108108108114,0.012508017960231044,0.08367983367983367,,-0.18372171563660933
2020-04-17,-0.08020231213872842,-0.03875062635710713,0.0519761775852734,,-0.078564500484966,0.019532500800512276,0.07194616977225676,,-0.17858353100643853
2020-04-20,-0.07501205981669079,-0.02969140950792326,0.06088362068965525,,-0.07017543859649134,0.023010546500479512,0.07815734989648049,,-0.176450627757041
2020-04-21,-0.08576246687545164,-0.030364032880389247,0.04897739504843912,,-0.09214354995150331,0.018041237113401998,0.054563997960224375,,-0.13397988505747116
2020-04-22,-0.08419038507534082,-0.037452565583237174,0.032545931758530156,,-0.1022944550669217,0.053565666343981855,0.06666666666666665,,-0.13362068965517238
2020-04-23,-0.0689403166869672,-0.031051752921535836,0.03118393234672312,,-0.0943579766536965,0.08044840092317851,0.054945054945055194,,-0.12038053421148931
2020-04-24,-0.07987375576596256,-0.05268389662027828,0.006256517205422307,,-0.1159420289855071,0.08636664460622101,0.05106167846309417,,-0.12568706485892267
2020-04-27,-0.04729729729729726,-0.0194458785062811,0.0464112250404749,,-0.08148893360160958,0.13587891296869636,0.10046607975142408,,-0.10123734533183348
2020-04-28,0.04700737906531849,0.058999812699007226,0.14227166276346614,,0.033519553072625774,0.28555045871559637,0.17728531855955687,,-0.016129032258064613
2020-04-29,0.021485411140583555,0.04347025234849866,0.07488986784140961,,0.03811659192825112,0.20565552699228795,0.11016949152542388,,-0.028605962933118567
2020-04-30,0.02653007617546632,0.04706094482509915,0.0652057723142705,,0.04640883977900545,0.18270270270270283,0.07062436028659169,,-0.024661893396976886
2020-05-06,0.005388760585065544,0.03256872701803526,0.051295336787564816,,0.023706896551723977,0.15449143656064313,0.057625434674615006,,-0.027380952380952395
2020-05-07,0.005915637860082423,0.021505376344086002,0.04381443298969079,,0.015069967707211918,0.1568221070811746,0.07351460221550865,,-0.024661893396976886
2020-05-08,0.013329915406306014,0.024562006183442175,0.04130545639979588,,0.024520255863539564,0.14807233026270894,0.0956743002544529,,-0.03441533046538914
2020-05-11,0.0007608419984783676,0.025189786059351293,0.039548022598870025,,0.018143009605122717,0.12682265174635465,0.07287449392712553,,-0.04045118630882927
2020-05-12,-0.006547469151347296,0.007270882651335908,0.018444666001994126,,-0.0020986358866736943,0.13180128421764103,0.07200000000000006,,-0.0473235065942591
2020-05-13,0.0010126582278480178,0.021668657225729415,0.035211267605633756,,0.014941302027748016,0.1528532608695652,0.09838546922300706,,-0.04059328649492566
2020-05-14,-0.014080965551923619,0.015167007498295693,0.024660291897332653,,-0.016771488469601747,0.12841253791708795,0.09516616314199378,,-0.05549088086922771
2020-05-15,-0.03986220472440938,-0.016317784737102436,-0.014002897151134897,,-0.06374501992031878,0.10172299536116647,0.0663366336633664,,-0.07360793287566747
2020-05-18,-0.030948254518445073,-0.029267495094833174,-0.02440191387559798,,-0.0611835506519558,0.13724183877415075,0.09381237524950103,,-0.07431402439024404
2020-05-19,-0.02400990099009903,-0.010384044832701611,0.003407984420642718,,-0.05805805805805808,0.12364353830976649,0.11803444782168171,,-0.07055682684973308
2020-05-20,-0.04938271604938271,-0.03624009060022648,-0.030403800475059417,,-0.12546816479400746,0.0926105195224265,0.09404702351175565,,-0.08916478555304741
2020-05-21,-0.05886610373944512,-0.06258958432871475,-0.0582750582750583,,-0.12969924812030076,0.09503730132987331,0.09790209790209792,,-0.09760658189977567
2020-05-22,-0.07222762645914405,-0.08710746409973169,-0.0945821854912764,,-0.1502347417840375,0.07939632545931752,0.07314629258517025,,-0.10429216867469882
2020-05-25,-0.06993177387914229,-0.09688038877567007,-0.10022779043280172,,-0.16123019571295427,0.10463968410661395,0.07791563275434243,,-0.09305873379099916
2020-05-26,-0.050859950859950875,-0.055975550908798466,-0.0304471931493816,,-0.1367521367521367,0.12118193891102247,0.13108038914490527,,-0.09090909090909083
2020-05-27,-0.05551461557356907,-0.06162510056315362,-0.05400284225485552,,-0.14786729857819902,0.09319816873773723,0.10229007633587783,,-0.08703914861269468
2020-05-28,-0.02110348334604617,-0.015238740264138184,-0.006516290726817142,,-0.07700101317122587,0.13676671214188274,0.12184873949579833,,-0.05942142298670827
2020-05-29,-0.051521099116781044,-0.04214309049330289,-0.023369036027263923,,-0.12451737451737455,0.11478663579225934,0.10723447922011276,,-0.09290860826697012
2020-06-01,-0.02577952369260994,-0.016709928617780645,-0.004780114722753415,,-0.09560229445506696,0.13479829452279435,0.10000000000000009,,-0.08018154311649028
2020-06-02,-0.029985372988786008,-0.020860284605433432,-0.010057471264367734,,-0.12279069767441864,0.1125806451612903,0.09154577288644306,,-0.08620689655172409
2020-06-03,-0.052857142857142825,-0.03480760019160145,-0.02876001885902868,,-0.15703971119133575,0.05569230769230771,0.062560620756547,,-0.08996282527881039
2020-06-04,-0.03421499636010683,-0.027461056688614094,-0.018000947418285285,,-0.1293345829428303,0.0843524615867044,0.07475728155339811,,-0.0779902512185976
2020-06-05,0.0032581453634084045,0.012172753043188322,0.03676105315449596,,-0.0918762088974856,0.1167529107373868,0.11382925611582606,,-0.05855161787365182
2020-06-08,-0.013732221677292822,-0.01190864600326258,0.004847309743092554,,-0.12546816479400746,0.10085632730732641,0.08579881656804722,,-0.06798328902392703
2020-06-09,0.00947394664672152,0.008774834437086154,0.03853754940711451,,-0.09064609450337513,0.11408540471637996,0.12437311935807416,,-0.059992357661444395
2020-06-10,0.023302938196555267,0.02331432405233147,0.07661085743277507,,-0.08682926829268278,0.15142576204523106,0.18003103983445423,,-0.048913043478260865
2020-06-11,0.029313448187194835,0.028890015205271125,0.08555327868852469,,-0.08464566929133854,0.14732291320252755,0.20105820105820116,,-0.03909952606635081
2020-06-12,0.07702630166398272,0.08149857954545459,0.16866812227074224,,-0.031282586027111536,0.19625520110957018,0.2544959128065396,,-0.017784963621665373
2020-06-15,0.07121581370159769,0.07814992025518341,0.1623235613463625,,-0.03537981269510915,0.2092859655293704,0.25272925764192133,,-0.01509587923296607
2020-06-16,0.10658220875791802,0.11442965095358049,0.20077007700770055,,0.006451612903225712,0.22528248587570632,0.2916895982388552,,0.007010309278350668
2020-06-17,0.1184649610678532,0.11340941512125546,0.19890410958904114,,-0.009554140127388422,0.24481030780243374,0.3413273842721696,,0.028547439126784147
2020-06-18,0.1122392974753017,0.10816073641352442,0.18787222523010283,,-0.011530398322851187,0.22102332057083185,0.30016313213703105,,0.026589115081013803
2020-06-19,0.16420873511060718,0.16282500460999438,0.2708688245315163,,0.06907894736842102,0.2805884463580912,0.3567867036011081,,0.05831903945111505
2020-06-22,0.13791193575186922,0.14581818181818185,0.2530454042081949,,0.07051282051282048,0.24088858035404392,0.32600536193029495,,0.034540859309182714
2020-06-23,0.11386940097139786,0.12373513225634647,0.2403225806451612,,0.062039957939011625,0.23014256619144602,0.3106493506493506,,0.0065816536404772474
2020-06-24,0.1306000543035568,0.13479118121527178,0.24500809498111176,,0.08244111349036376,0.24371176070700185,0.2790224032586559,,0.01533360961458774
2020-06-29,0.1156756756756756,0.13465346534653477,0.25409836065573765,,0.040382571732199724,0.23743676222596966,0.27517802644964395,,0.002473206924979321
2020-06-30,0.13966175668303338,0.17400881057268713,0.3171412618648799,,0.0858369098712446,0.2537112010796223,0.30645994832041334,,0.018718801996672196
2020-07-01,0.16434995911692574,0.17914831130690168,0.30473537604456835,,0.11218985976267515,0.24383116883116873,0.2763895971443142,,0.03751563151313042
2020-07-02,0.18976313640076237,0.20467943994104631,0.3113839285714286,,0.21041214750542303,0.2780327868852459,0.28971962616822444,,0.06840117498950904
2020-07-03,0.19715283373623427,0.18554303095365898,0.2906724511930585,,0.30638297872340425,0.2715727775968739,0.28804902962206325,,0.07222914072229147
2020-07-06,0.2940221801460643,0.25697211155378485,0.33587786259541996,,0.4589632829373649,0.3093851132686085,0.28210313447927193,,0.15154038301415484
2020-07-07,0.252910052910053,0.23285262047133304,0.32154171066525894,,0.3502109704641352,0.2896962104603822,0.28648915187376733,,0.11735740664751737
2020-07-08,0.2743691899070384,0.25372610906540416,0.36190476190476195,,0.43478260869565233,0.318354430379747,0.2908011869436202,,0.13330598851517617
2020-07-09,0.2902542372881356,0.2753648366921473,0.39198334200937013,,0.4285714285714288,0.33270202020202033,0.3052073288331727,,0.13869511694706604
2020-07-10,0.27125398512221044,0.29688605803255474,0.4304741608950453,,0.41746538871139505,0.33585381222432265,0.3323586744639375,,0.12107438016528937
2020-07-13,0.30510285866951636,0.3519842688594923,0.5121424716675662,,0.45425188374596326,0.4174633524537923,0.3683955404750363,,0.14771784232365137
2020-07-14,0.27253613666228627,0.3060903045152257,0.44944997380827645,,0.42138364779874227,0.38235294117647056,0.3652007648183555,,0.12982744453574346
2020-07-15,0.2646048109965635,0.2812554795721549,0.43338599262769884,,0.3930084745762712,0.41327014218009483,0.3906775588659299,,0.11752577319587632
2020-07-16,0.20369881109643329,0.20772442588726503,0.3240165631469978,,0.3088235294117647,0.310421286031042,0.3035971223021583,,0.09143566404633852
2020-07-17,0.20581304006284373,0.20712423979148564,0.3293875450334536,,0.2705263157894737,0.32820351758793964,0.32544664413326885,,0.08910891089108919
2020-07-20,0.23259452411994785,0.22932783221591868,0.3260538344337227,,0.33752620545073375,0.31865042174320535,0.32021123379740746,,0.12937783271528636
2020-07-21,0.24874835309617915,0.24411764705882355,0.35608004104669044,,0.33974358974358965,0.35126582278481,0.37572533849129597,,0.13396930734135215
2020-07-22,0.25150169757116725,0.24460061707233471,0.3614641586171834,,0.3471778487752928,0.33231240428790176,0.3570075757575757,,0.13391376451077952
2020-07-23,0.2469911041339612,0.24965541006202607,0.38698103536647865,,0.36412459720730395,0.3256026853829723,0.39109848484848486,,0.12396006655574054
2020-07-24,0.2015831134564645,0.20828961175236094,0.31450777202072544,,0.3016393442622951,0.2762717027109354,0.3381433381433381,,0.10016764459346184
2020-07-27,0.2035723666929341,0.21182871182871188,0.3099535843218153,,0.3012048192771084,0.27710478497880064,0.3369411764705883,,0.08969545264914491
2020-07-28,0.20516836335160527,0.23381676689069697,0.31881086622245003,,0.2843243243243243,0.2967588462682129,0.3369411764705883,,0.10592686002522056
2020-07-29,0.2331861854063879,0.2663724624889674,0.3729508196721312,,0.33477321814254846,0.3390191897654584,0.4045801526717556,,0.10410618000829519
2020-07-30,0.20624360286591625,0.23110039607370414,0.33065730055193177,,0.29461457233368527,0.3467397928092626,0.4177820267686425,,0.08646003262642754
2020-07-31,0.21235324144971912,0.2250296761064947,0.3346476096599311,,0.31052631578947376,0.34514078110808355,0.4119304837952089,,0.09465524275805781
2020-08-03,0.23369982101764264,0.25602716468590825,0.3698765432098765,,0.34888653234358435,0.34398327859062405,0.445590994371482,,0.11908646003262646
2020-08-04,0.22160384518087528,0.2328583403185247,0.34084231145935373,,0.3152965660770033,0.3298662704309061,0.41802136553646063,,0.11178614823815325
2020-08-05,0.22427774961986824,0.2494109727364524,0.36511857707509865,,0.31865828092243187,0.36503159795365625,0.4627358490566036,,0.10660721524118366
2020-08-06,0.2200253485424588,0.2494544233674667,0.3308859520313263,,0.36908517350157743,0.325768886234697,0.4109141791044775,,0.11685667752442996
2020-08-07,0.20510875063227108,0.22745490981963923,0.2910592808551993,,0.3217665615141956,0.2843252799057159,0.3624253559944879,,0.1139137510170869
2020-08-10,0.21933180311145106,0.23971797884841362,0.29715127701375255,,0.35501066098081013,0.30734767025089615,0.3554022988505747,,0.1380443714050945
2020-08-11,0.21322398769861595,0.2151474530831099,0.2732615083251715,,0.30638297872340425,0.3212030075187968,0.3593314763231199,,0.13503499382461936
2020-08-12,0.20132856412876854,0.20599629442479372,0.2496321726336439,,0.3044871794871795,0.26830697129466907,0.293339416058394,,0.1268011527377524
2020-08-13,0.18868881562262252,0.1980346435709528,0.22998544395924325,,0.3060573857598301,0.2736318407960201,0.2605346624376983,,0.1329503487894954
2020-08-14,0.21670486376368725,0.22460970287057247,0.26359627633513005,,0.3372591006423984,0.3115770821027761,0.2830361225422955,,0.14622057001239153
2020-08-17,0.25019225839528336,0.2570506286102616,0.29059405940594063,,0.41576673866090696,0.3299763033175356,0.2957233848953593,,0.17571487774554506
2020-08-18,0.27653997378768036,0.28815903197925663,0.3209939148073022,,0.43756906077348057,0.3848024316109422,0.34827264239028954,,0.19377889869693132
2020-08-19,0.25596017815037975,0.2716542266967539,0.27797468354430377,,0.4177777777777778,0.35180220434912113,0.28314917127071815,,0.19091673675357423
2020-08-20,0.22780222624902935,0.2359856875106492,0.2281648675171739,,0.3784378437843783,0.32069884512881264,0.25441376188320497,,0.1786610878661088
2020-08-21,0.24395318595578686,0.2512002743484225,0.2749123685528292,,0.418242491657397,0.3505833084056236,0.2880886426592799,,0.1715237302248127
2020-08-24,0.25012987012987,0.2613480055020634,0.31029263370333005,,0.38968166849615793,0.38373837383738363,0.31367041198501866,,0.17123857024106393
2020-08-25,0.24728401448525617,0.24471350613915432,0.3015952143569294,,0.3902976846747517,0.383679525222552,0.3067655236329936,,0.1726588628762542
2020-08-26,0.20035282258064524,0.18396304240224381,0.2252641690682038,,0.29915433403805514,0.3430635838150289,0.2849999999999999,,0.13692434210526327
2020-08-27,0.2060819301331993,0.19570602807597037,0.2588292210933718,,0.3075291622481444,0.3670629167874746,0.30614115490375804,,0.13453650533223938
2020-08-28,0.23604826546003,0.21803143093465693,0.2941747572815534,,0.3586723768736615,0.41941125036432525,0.34367868553172065,,0.1433823529411764
2020-08-31,0.22462311557788928,0.20970937912813725,0.27206946454413905,,0.3627556512378902,0.41093117408906865,0.31662149954832874,,0.1342008946726312
2020-09-01,0.22608043967024738,0.21548599670510704,0.2735984666986102,,0.354632587859425,0.4103677961193166,0.30165844912595263,,0.14034369885433717
2020-09-02,0.21929388363998004,0.21726927521875505,0.2908827785817656,,0.35760171306209854,0.41025641025641013,0.32334241598546787,,0.13569682151589224
2020-09-03,0.20622375895282774,0.2035122271459051,0.2621313035204569,,0.3340402969247085,0.3901601830663617,0.29393398751115063,,0.1308943089430894
2020-09-04,0.19529702970297014,0.19373873135551545,0.24316682375117815,,0.33119658119658113,0.3518360375747225,0.25076720736519076,,0.12734693877551018
2020-09-07,0.18211341493879596,0.17093596059113314,0.20292590844738068,,0.2989247311827956,0.3315942028985508,0.2158590308370043,,0.12988080558980686
2020-09-08,0.1851482681285821,0.178131669676572,0.19757122839794494,,0.3250807319698601,0.31101449275362314,0.20590790616854893,,0.1362139917695473
2020-09-09,0.1741658240647117,0.15006574621959246,0.13965436711816914,,0.30097087378640763,0.27952297847585794,0.15555555555555567,,0.13463131731565858
2020-09-10,0.15704330512692888,0.11026800129157244,0.10077874484654159,,0.2628205128205128,0.2775216138328529,0.12910097997443537,,0.11425061425061411
2020-09-11,0.16484336151168555,0.11066623959000643,0.11928702010968917,,0.26580921757770626,0.2967222541690626,0.12141372141372142,,0.1093877551020408
2020-09-14,0.16259560819146301,0.11629392971246011,0.13217866909753884,,0.2534464475079534,0.28534777651083254,0.1162693433709745,,0.10076891946580346
2020-09-15,0.15639464068209485,0.11259118300031723,0.11885612153708669,,0.21641025641025635,0.2675819557298964,0.10208248264597786,,0.10534846029173428
2020-09-16,0.14845461182769548,0.10980641066328145,0.09147149801148924,,0.17864271457085823,0.24699300699300708,0.0719773554387384,,0.1140065146579805
2020-09-17,0.1361434108527133,0.10726698262243284,0.06935413957520598,,0.15841584158415833,0.20336644591611464,0.026159334126040434,,0.11932979158152834
2020-09-18,0.15537944284341987,0.12715210867161586,0.08929345470307748,,0.22057368941641942,0.21453949166438924,0.04617834394904463,,0.13183673469387758
2020-09-21,0.15213178294573648,0.12406790417261626,0.08061002178649246,,0.25127681307456595,0.19351321886072492,0.04547267650578379,,0.13527960526315796
2020-09-22,0.12470081378650066,0.09396497811131965,0.046629927935565973,,0.21541501976284572,0.16953713670613557,0.03678797468354422,,0.11433238056349548
2020-09-23,0.10323033707865159,0.09448941469489403,0.07087959009393674,,0.18137730358874893,0.139389193422083,0.07750699161006791,,0.09602249899558069
2020-09-24,0.0608695652173914,0.05444257531732677,0.0442553191489361,,0.07885304659498193,0.10107747562852731,0.06884057971014479,,0.056166535742341095
2020-09-25,0.04083464213596599,0.037428312707515676,0.03235294117647047,,-0.004071661237784907,0.10396927016645341,0.05432196669310074,,0.038714672861014154
2020-09-28,-0.02821906354515047,-0.018873361187148885,-0.0065306122448979265,,-0.09622501850481113,0.06549678695007399,0.03548895899053628,,-0.029284164859002204
2020-09-29,-0.01604729729729726,-0.021398002853066922,-0.009588493807431098,,-0.04296875,0.05706653715395804,0.017631276351092406,,-0.013955196474476628
2020-09-30,-0.031679866611088014,-0.04713286713286724,-0.033022533022532996,,-0.10716925351071693,0.04680748919827149,0.02605363984674325,,-0.030763662685486803
2020-10-09,-0.027298850574712596,-0.04781364936657129,-0.03477935676888555,,-0.09705882352941186,0.05376598768356211,0.022903583302549047,,-0.021621621621621623
2020-10-12,0.021316614420062496,-0.01718963165075038,-0.0007448789571695702,,-0.040570999248685236,0.09292452830188691,0.04242867593269928,,0.017323995576852047
2020-10-13,0.0036847492323439646,-0.04720349067830221,-0.0406852248394004,,-0.06883789785344185,0.05080935251798557,0.015940488841657885,,-0.003976861894432471
2020-10-14,0.007641470466749345,-0.038724373576309756,-0.035778821828695295,,-0.08333333333333337,0.04843820733363513,0.0,,-0.0025454545454546285
2020-10-15,0.01734949832775934,-0.025591898179827655,-0.02645113886847905,,-0.057034220532319324,0.02682763246143538,-0.01935038009675194,,0.009225092250922495
2020-10-16,0.06518876207199287,0.02002304811293576,0.029710711493354136,,0.0008025682182986049,0.10224800580130533,0.048933038999264156,,0.037907505686126
2020-10-19,0.047122692725298565,0.009356556787102344,0.006581494386372455,,0.0207125103562551,0.06360841806573658,0.011293260473588251,,0.03295454545454546
2020-10-20,0.02644383329807498,-0.011327087120682311,0.013021830716200666,,-0.0329153605015674,0.09121061359867322,0.017090909090909046,,-0.006566946369938043
2020-10-21,0.025110782865583436,-0.024892226394103822,-0.011729095724555272,,-0.022328548644338087,0.07681498829039812,-0.014411247803163607,,-0.00548646671543529
2020-10-22,0.01043405676126885,-0.0403525685167333,-0.03584764749813296,,-0.02371541501976271,0.05770114942528748,-0.037334263782275,,-0.010237659963436951
2020-10-23,0.004196391103650665,-0.05501171928857029,-0.07021433850702141,,-0.04330708661417315,0.033379373848986926,-0.08509189925119132,,-0.0011102886750555818
2020-10-26,0.043039086517347336,-0.008829063540309767,-0.0015766653527788943,,-0.011754827875734675,0.06014319809069213,-0.03486700215672178,,0.022095238095237946
2020-10-27,0.03972064600611103,-0.008544532947139749,0.007874015748031482,,-0.011784511784511786,0.061655205122124856,-0.0302710313269976,,0.024119448698315393
2020-10-28,0.040502490794888546,-0.01290137614678899,0.001554605518849561,,-0.005892255892255838,0.04861270350836988,-0.01971136923618444,,0.018244013683010207
2020-10-29,0.020846493998736726,-0.038751045441873466,-0.02723880597014927,,-0.036407766990291246,0.062329390354868064,-0.037024456521739135,,0.015401953418482384
2020-10-30,0.009121764955451583,-0.05721079871310675,-0.03355957767722473,,-0.06280587275693306,0.020361990950226172,-0.05933917734322325,,0.008633633633633453
2020-11-02,0.007368421052631691,-0.06367663344407526,-0.033604135893648523,,-0.07951807228915675,0.017555705604321403,-0.08216899534264799,,0.00559075661572872
2020-11-03,0.0022797927461140066,-0.07137064071370636,-0.045061283345349645,,-0.07704402515723274,0.016885136636302978,-0.09441920830629458,,-0.010204081632653073
2020-11-04,0.009111617312072884,-0.06595050312754969,-0.029218407596785956,,-0.07594936708860767,0.026145251396648028,-0.08057648214870616,,-0.0014571948998178819
2020-11-05,0.02442558476505896,-0.05643857758620696,-0.026420557365182784,,-0.05723370429252783,0.02645502645502651,-0.09416317316994516,,0.020879120879120805
2020-11-06,0.028672345730313742,-0.0658336692194007,-0.030158146377344597,,-0.08602150537634412,0.03828828828828823,-0.09685950413223132,,0.024425811155668997
2020-11-09,0.05939139559286466,-0.0385034013605442,0.023334587881068902,,-0.01670644391408105,0.07914659325533369,-0.06102494942683745,,0.044923301680058536
2020-11-10,0.050198703200167394,-0.04955991875423149,0.012495266944339223,,-0.04327301337529499,0.07904957733607487,-0.06139755766621435,,0.028880866425992746
2020-11-11,0.050697084917617374,-0.043849972421400985,-0.0019230769230769162,,-0.030944625407166138,0.06669701798315497,-0.07889344262295073,,0.03917301414581065
2020-11-12,0.05720969800085074,-0.028351955307262644,0.023155416012558883,,-0.030303030303030387,0.08267898383371808,-0.03880070546737213,,0.051516258677384075
2020-11-13,0.04971196927672272,-0.03253162797163911,0.03313609467455625,,-0.04637917005695702,0.05813419117647056,-0.02372393961178998,,0.03513219847881199
2020-11-16,0.04081205525324405,-0.03509252912954086,0.015897634742148004,,-0.05604483586869502,0.06147264129700525,-0.02886671418389164,,0.0504504504504506
2020-11-17,0.0178388353496004,-0.055007433436950914,-0.013425393172228683,,-0.09916094584286794,0.036080178173719446,-0.0667134831460674,,0.03137116672541418
2020-11-18,0.017864476386036943,-0.06253354804079447,-0.027255278310940545,,-0.08762490392006139,0.013169446883230851,-0.09418282548476442,,0.035211267605633756
2020-11-19,0.04276178556528998,-0.04108654108654097,0.01267828843106189,,-0.06896551724137934,0.03283384750991636,-0.05597416576964487,,0.03142655367231639
2020-11-20,0.05713683322791474,-0.023435346015991176,0.029165001997602857,,-0.051077414205905725,0.05538116591928244,-0.04583182966438104,,0.04224352147674826
2020-11-23,0.06042232908216594,-0.02192681924078388,0.01846032992930091,,-0.049411764705882266,0.05049833887043209,-0.05555555555555569,,0.058990760483297766
2020-11-24,0.047163931020153926,-0.02739912758996732,-0.005775895263765984,,-0.050552922590837324,0.025585429314830987,-0.06842480399144701,,0.05571327182398855
2020-11-25,0.03235172127747821,-0.03808740923414178,-0.03178858674837237,,-0.061855670103092675,-0.011794981771391932,-0.09042553191489355,,0.04919786096256673
2020-11-26,0.046609279865631015,-0.024526198439241975,-0.011368090944727682,,-0.03336045565500423,-0.0032278889606198735,-0.09904492394764763,,0.061482820976491936
2020-11-27,0.05355282350489676,-0.02914364640883982,-0.02690238278247492,,-0.01540957015409583,-0.010180275715800602,-0.09859649122807024,,0.06869125090383221
2020-11-30,0.023184868822452742,-0.05242428358006246,-0.046886721680420074,,-0.03703703703703698,-0.05605749486652967,-0.12058423913043481,,0.04644515898535184
2020-12-01,0.054985638079606325,-0.0323505323505322,-0.013272658323852937,,0.0015797788309637184,-0.050215208034433134,-0.08816466552315616,,0.0523485120114735
2020-12-02,0.04543602281988579,-0.038357278395229066,-0.024454477050413814,,-0.005503144654088188,-0.042710472279260836,-0.08436639118457301,,0.053821313240043134
2020-12-03,0.04588091353996737,-0.03445002034450029,-0.02130044843049328,,-0.0007886435331231345,-0.037180796731358434,-0.06588881262868918,,0.04485109436670265
2020-12-04,0.05241605241605218,-0.025637528978590063,-0.006030908405578628,,-0.007949125596184436,-0.010699588477366406,-0.05067218200620471,,0.04277498202731844
2020-12-07,0.055290950507351555,-0.026088150487436512,-0.0037907505686125553,,-0.018459069020866692,0.019161928827121644,-0.05117420259376104,,0.03439536567704571
2020-12-08,0.073541842772612,-0.006590940961996972,0.03805413887799136,,0.01490066225165565,0.06399651719634303,-0.019927536231883924,,0.03674063295743912
2020-12-09,0.055508830950378396,-0.02814938684503898,0.013260530421216776,,-0.035743298131600376,0.0654432898518682,-0.036383285302593604,,0.01847156827236507
2020-12-10,0.07857911733046286,-0.0015721023295698355,0.07663934426229502,,-0.020729684908789348,0.09524892020913844,0.018476621417797823,,0.032858707557502864
2020-12-11,0.06560550656055053,-0.0007270612185545922,0.08239700374531833,,-0.01269035532994911,0.08301376043311537,0.013207547169811429,,0.037118706357956555
2020-12-14,0.0668089647812169,-0.0017303532804613386,0.07839934667211113,,-0.012701100762066098,0.09046563192904666,0.010381905821282844,,0.024282560706401668
2020-12-15,0.06387945670628192,-0.008299942759015577,0.07367149758454095,,-0.010998307952622577,0.08405411399423368,0.04683402023229677,,0.018749999999999822
2020-12-16,0.05814198441120699,-0.015963511972634015,0.06509584664536727,,-0.025295109612141653,0.09416445623342184,0.04112634309003349,,0.015029325513196357
2020-12-17,0.07946598855689757,-0.0008578781812981218,0.09068825910931166,,0.00508044030482635,0.12045760430686414,0.09883062995096181,,0.021564327485380064
2020-12-18,0.07995735607675902,-0.0064203167356255975,0.0895824888528578,,0.002564102564102555,0.1355193762898419,0.1278485901892623,,0.027017159547280123
2020-12-21,0.06214924132197064,-0.008548206278026882,0.10545165141265422,,-0.03970826580226894,0.12916291629162924,0.11948249619482487,,0.015867291741795908
2020-12-22,0.058242220353238006,-0.020606916019760058,0.09596774193548385,,-0.07346938775510214,0.14112811144096837,0.11522319725295693,,-0.0010865628395508864
2020-12-23,0.07980421366248147,-0.0030012862655424133,0.11178614823815325,,-0.0699186991869919,0.15324436263230545,0.11522319725295693,,0.011725906925613705
2020-12-24,0.07659664757054951,-0.02033850092447731,0.08692185007974484,,-0.06978653530377665,0.1351660939289805,0.08676307007786432,,0.008431085043988151
2020-12-25,0.1035375323554788,0.008411892675852073,0.12021189894050521,,-0.047342192691029905,0.1589002795899348,0.13446327683615822,,0.02677575306805502
2020-12-28,0.10584177624488023,0.005237125400058273,0.11721611721611724,,-0.06704824202780058,0.1832521456738576,0.11583301993230544,,0.02422661200149112
2020-12-29,0.10002151000215087,0.010279001468428861,0.11626951520131468,,-0.06060606060606066,0.17374159127812572,0.11157654226961156,,0.014152700186219613
2020-12-30,0.1111587982832618,0.011224489795918391,0.1290843081887858,,-0.04571428571428571,0.17849758787043424,0.11977401129943499,,0.016014897579143428
2020-12-31,0.13796814464055096,0.03375899016585948,0.15146645239051848,,0.011589403973510048,0.1958266452648476,0.1209858103061987,,0.022778192681105258
2021-01-04,0.12555391432791718,0.0247496423462088,0.15304145679969006,,0.0032573289902280145,0.22679253764890994,0.09281328999638849,,0.011418047882136406
2021-01-05,0.11172498465316161,0.0030538589672404193,0.11367871785314954,,-0.03758809710258404,0.2358653431160984,0.07964912280701753,,-0.013043478260869379
2021-01-06,0.11809096471548042,0.0016652789342215257,0.1171875,,-0.0230524642289347,0.2287120239623448,0.09170153417015348,,-0.012341197822141492
2021-01-07,0.14757122361139596,0.010315026484527534,0.14542728635682156,,-0.0016090104585679832,0.2519430051813474,0.11449579831932777,,-0.011666059059423972
2021-01-08,0.14464762687487154,0.020505617977528035,0.14566037735849058,,-0.007258064516128981,0.22947964293490108,0.11416490486257924,,-0.004021937842778711
2021-01-11,0.13496806099320025,0.010309278350515427,0.13477600607441165,,-0.03608660785886142,0.20021929824561413,0.08593475973342701,,-0.017165814463111828
2021-01-12,0.17544587308170878,0.03280091272104979,0.18307692307692314,,0.043831168831168776,0.24566473988439297,0.14085014409221897,,-0.005500550055005382
2021-01-13,0.1636438582028028,0.017821782178217838,0.14366729678638945,,0.015397082658022532,0.19756838905775087,0.11083303539506617,,-0.0014689680499448965
2021-01-14,0.14100452861259782,0.018967484312606864,0.14356814701378262,,-0.0032626427406199365,0.17159634623749453,0.0884450784593438,,-0.0007355645457888249
2021-01-15,0.1412639405204461,0.021670493685419068,0.15801704105344716,,-0.011336032388663986,0.1488806781134535,0.1032982964842335,,0.010343553749538215
2021-01-18,0.15190137902214795,0.051210971695360374,0.21065182829888696,,0.014814814814814836,0.17643127645355317,0.13578869047619047,,-0.03371619118191915
2021-01-19,0.14484210526315788,0.046436915887850594,0.17489143308330046,,0.04587935429056933,0.16434038721296695,0.11284916201117312,,-0.026835631755497413
2021-01-20,0.14777497900923597,0.056237218813905976,0.2093750000000001,,0.0485519591141399,0.163055617601072,0.12885662431941913,,-0.024672897196261645
2021-01-21,0.15778517901748534,0.06491431890792909,0.23244082266201027,,0.05927180355630801,0.1609446752678767,0.13788150807899457,,-0.024636058230683044
2021-01-22,0.14789603960396058,0.06482018561484915,0.24319140774836967,,0.027707808564231717,0.13811563169164898,0.1717813051146384,,-0.042175360710321796
2021-01-25,0.18372924111835198,0.09124629080118707,0.2649239172844322,,0.05744125326370764,0.2246119733924612,0.19211469534050174,,-0.04949758094529211
2021-01-26,0.15172413793103456,0.07081608515671212,0.2044325563622469,,0.021815008726003615,0.20592789205927886,0.16745197535338896,,-0.05744996293550775
2021-01-27,0.14164598842018195,0.056914119359534165,0.1951679879199697,,0.0,0.18177845750491595,0.14761734145467575,,-0.06406480117820335
2021-01-28,0.10506874615226747,0.03712330761391769,0.15011286681715585,,0.0,0.15418118466898956,0.10936943355895967,,-0.08427581174753751
2021-01-29,0.08062234794908063,0.0027123483226267897,0.12602230483271382,,-0.025295109612141653,0.1434707903780068,0.1014595941616232,,-0.10513096519555065
2021-02-01,0.09291052312664116,0.017258737235725574,0.1588926810769815,,-0.03277310924369736,0.15271149674620377,0.15959004392386533,,-0.10640569395017796
2021-02-02,0.08775752773375589,0.010329701429177884,0.14674512688488406,,-0.06715210355987056,0.16496598639455806,0.16193895870736097,,-0.1202376791331703
2021-02-03,0.09241187014538954,0.01125516455335518,0.16155572176514577,,-0.06496710526315785,0.1679017573576118,0.17528008673653783,,-0.12385964912280711
2021-02-04,0.10052271813429825,0.012546870493221673,0.19383429672446995,,-0.06806722689075628,0.17904396073410167,0.192436040044494,,-0.13438045375218155
2021-02-05,0.10279621806477568,-0.0058933448325426685,0.18296892980437285,,-0.07010135135135132,0.18835324232081918,0.21504587155963306,,-0.13168867268936757
2021-02-08,0.12886178861788622,0.0057479522919958725,,,-0.05972696245733777,0.23496199782844718,0.2540500736377025,,-0.12106368089573127
2021-02-09,0.14458073597426102,0.01449069470095199,0.22977099236641219,0.004778156996587013,-0.038167938931297885,0.23462028001697077,0.27449541284403667,,-0.13276157804459687
2021-02-10,0.16982272360999184,0.03289473684210531,0.2803265940902022,0.029247910863509752,-0.04064352243861136,0.2951418744625969,0.3393528969149737,,-0.1295283663704716
2021-02-18,0.16280008069396823,0.049098196392785676,0.2636148382004737,0.036516853932584414,-0.04043807919123843,0.26624783362218385,0.29854740061162066,,-0.11224489795918369
2021-02-19,0.15943188637727568,0.05822064056939502,0.2402190923317684,0.02364394993045904,-0.021885521885521952,0.27245572861105183,0.2903838844545801,,-0.0886682642930503
2021-02-22,0.1146788990825689,0.03966685488424626,0.17701863354037273,-0.0013937282229965486,-0.052144659377628355,0.20543870830677724,0.21671709531013605,,-0.07833787465940056
2021-02-23,0.09897476340694,0.02914389799635697,0.16043193212495166,0.007735583684950864,-0.07343234323432346,0.18005481762597508,0.21897533206831143,,-0.1013422818791947
2021-02-24,0.07678571428571423,0.016257883672039286,0.12470952749806363,-0.00494350282485867,-0.07237936772046583,0.14122621564482007,0.17368018362662596,,-0.11025210084033621
2021-02-25,0.10044194455604671,0.02763139153966665,0.13844936708860756,0.0,-0.05663567202028741,0.1586371527777779,0.1992202729044834,,-0.0863064899762147
2021-02-26,0.06900702106318946,0.008000000000000007,0.11578112609040447,-0.015827338129496216,-0.07575757575757569,0.12478411053540595,0.18845700824499412,,-0.1015332197614992
2021-03-01,0.07159810126582289,0.0216246976810357,0.14296998420221163,0.005747126436781658,-0.10214168039538707,0.1302764088279409,0.195406773063449,,-0.09607577807848433
2021-03-02,0.06320810971973767,0.021212555539630085,0.12514757969303436,0.0007189072609632419,-0.11865793780687395,0.12073091146399828,0.1548860563924297,,-0.09286445885967898
2021-03-03,0.06067677946324368,0.018479334179714924,0.11452728670253642,-0.0063875088715401596,-0.1348580441640379,0.128830384117393,0.1486079759217458,,-0.07257240204429305
2021-03-04,0.030403430130578668,0.00042283298097256505,0.06093328191284231,-0.033946251768033786,-0.1533596837944664,0.0718575718575718,0.10379842045881915,,-0.07456588355464755
2021-03-05,0.026710859816728494,-0.0014046916701783152,0.05841924398625409,-0.03316866619618908,-0.13733228097868977,0.05877360492255468,0.07861866274797946,,-0.07623626373626369
2021-03-08,-0.011673151750972721,-0.028831350594821448,-0.0015168752370117167,-0.06732813607370658,-0.14022435897435903,-0.013519134775374253,-0.003994190268700071,,-0.0765253360910031
2021-03-09,-0.022959183673469385,-0.04370506132806984,-0.03082191780821919,-0.10127478753541075,-0.14554374488961586,-0.05103305785123968,-0.01256002955301061,,-0.0661533076653833
2021-03-10,-0.015748031496062964,-0.05251270468661773,-0.02267573696145131,-0.09659090909090906,-0.15252854812398042,-0.042348608837970536,0.014417744916820796,,-0.06912280701754392
2021-03-11,0.021713147410358458,-0.011757958130197865,0.02001539645881456,-0.05507246376811581,-0.11036225779275488,-0.002075119319360774,0.0530841121495329,,-0.03982930298719756
2021-03-12,0.026347305389221587,-0.012739765244775159,0.011800532927293439,-0.061460592913955114,-0.10584250635055037,-0.004358655043586568,0.04405775638652343,,-0.03605514316012737
2021-03-15,0.017359709325797335,-0.0029103608847496076,-0.01768550557477888,-0.09742120343839533,-0.11568123393316199,-0.03749218912726504,0.00819366852886394,,-0.024805102763997278
2021-03-16,0.015006002400960394,-0.009822331359237269,-0.0234759560772434,-0.1096956829440906,-0.11063464837049741,-0.04453029686864585,0.0014678899082569696,,-0.01041666666666663
2021-03-17,0.016556951924995067,-0.005050505050505083,-0.02249718785151844,-0.09601706970128021,-0.11120615911035081,-0.021685761047463115,-0.01825340014316401,,-0.010826416456152899
2021-03-18,0.022496516026279112,0.006083429895712644,-0.006374203224596919,-0.07997118155619598,-0.09948096885813151,-0.017575757575757578,-0.002846975088968029,,-0.010111953773925597
2021-03-19,-0.019042010208088045,-0.014167143674871263,-0.04268745360059378,-0.09957325746799428,-0.1322662173546757,-0.05405405405405417,-0.06041881222107781,,-0.02540250447227177
2021-03-22,-0.002171767028627869,0.0020103388856977933,-0.030133928571428603,-0.08766928011404129,-0.10571184995737437,-0.03917609046849757,-0.05719178082191778,,-0.022396018485602576
2021-03-23,-0.019765166340508844,-0.025017667844523084,-0.07163426925845928,-0.10979020979020981,-0.11054852320675101,-0.05540055799123145,-0.06424201223657378,,-0.03123890663826767
2021-03-24,-0.019868865487780774,-0.01671710621126954,-0.0643855776306107,-0.10334996436208121,-0.06607929515418498,-0.055633380028016766,-0.06329113924050633,,-0.027918781725888353
2021-03-25,-0.028577059519116932,-0.019638761467889898,-0.0648451730418943,-0.11150317572335933,-0.08129370629370625,-0.058260175578611295,-0.052685596989394456,,-0.028250633828323157
2021-03-26,-0.008080409932991639,0.005807200929152101,-0.027879677182685247,-0.07178750897343866,-0.06707855251544581,-0.027447023208879928,-0.017400204708290734,,-0.013086150490730697
2021-03-29,-0.014268960125097596,-0.003595570257442837,-0.040742088032011625,-0.07747489239598271,-0.07933740191804706,-0.02533172496984326,-0.05013280212483395,,-0.003621876131836399
2021-03-30,-0.008382066276803157,0.006222865412445655,-0.02622950819672132,-0.06811594202898541,-0.07800175284837862,-0.03960007841599689,-0.01954836535220772,,0.0007278020378456151
2021-03-31,-0.012514665623777899,0.009156976744185918,-0.019138755980861233,-0.0702389572773352,-0.09590235396687019,-0.041106719367588807,-0.010620075368276805,,0.0073448402497244825
2021-04-01,-0.01274623406720743,0.007784344817644451,-0.02893890675241151,-0.07127583749109057,-0.10607356715141159,-0.038791423001949266,-0.009081735620585119,,0.012096774193548265
2021-04-02,-0.023832040854927294,-0.00511145818543246,-0.038381018841591175,-0.06694560669456062,-0.14238952536824867,-0.026653883029722047,-0.011325782811459018,,-0.0003650967506388936
2021-04-06,-0.03768278965129357,-0.019824096049141482,-0.08266129032258063,-0.08811475409836067,-0.15097402597402598,-0.07823378526932956,-0.035690680766688576,,-0.00036416605972322547
2021-04-07,-0.06166022455365361,-0.02684749515637974,-0.09404283801874169,-0.08787465940054495,-0.15134255492270154,-0.14230836389034407,-0.056873578160545946,,0.015051395007342094
2021-04-08,-0.06804086099963524,-0.0228595178719867,-0.09157509157509158,-0.0877914951989025,-0.14727420667209112,-0.13512101689012723,-0.0546151389332481,,0.016538037486218293
2021-04-09,-0.10019646365422397,-0.0302152317880795,-0.11976439790575921,-0.08397480755773279,-0.1651893634165995,-0.15899292981548552,-0.08733898837574616,,0.02176318701586144
2021-04-12,-0.11075210913660027,-0.048307184145334414,-0.13471673254281957,-0.09908643710470832,-0.1754670999187654,-0.14680361253763075,-0.10752688172043001,,0.019456681350954463
2021-04-13,-0.10185185185185186,-0.036483086385239005,-0.11375041820006682,-0.10925539318023658,-0.15723793677204667,-0.11109080942810157,-0.0797803617571059,,0.020066889632107232
2021-04-14,-0.12226534932956956,-0.03949185307925984,-0.11996098829648905,-0.1103448275862069,-0.2029548989113531,-0.12725325718365166,-0.10041048310704126,,0.014380530973451267
2021-04-15,-0.12380446333687567,-0.032379099499722064,-0.10809917355371901,-0.10591471801925711,-0.1899441340782123,-0.12146482958665694,-0.09076279369166396,,0.01324016182420018
2021-04-16,-0.10463647844127733,-0.013296011196640922,-0.10010043521928358,-0.12216288384512686,-0.16366612111292955,-0.0933729348431408,-0.07961992136304064,,0.026867868973132092
2021-04-19,-0.07908070937386891,0.0004214075010535723,-0.06421404682274257,-0.1045576407506702,-0.14086814086814103,-0.06034808929247071,-0.04960578186596587,,0.024497257769652725
2021-04-20,-0.0783602394340649,-0.009576682859125607,-0.08371634931057126,-0.12844036697247707,-0.15733982157339832,-0.05017989017231583,-0.05011464133639043,,0.07131901840490795
2021-04-21,-0.06344244207429195,-0.006837845380965768,-0.05443548387096775,-0.11193029490616624,-0.15759545085296522,-0.020494972931167754,-0.008366800535475227,,0.06664113366526236
2021-04-22,-0.06931236283833209,-0.012169824367307402,-0.08365633074935397,-0.11745406824146987,-0.15515840779853785,-0.02957557134626465,-0.04694533762057873,,0.07052510540436963
2021-04-23,-0.07587198849334786,-0.021137324423837534,-0.08973551637279598,-0.11402359108781124,-0.17026378896882488,-0.03315125258994167,-0.04323130325023672,,0.06697282816685801
2021-04-26,-0.0878706199460918,-0.026555903581642393,-0.1166306695464363,-0.11979166666666663,-0.16666666666666663,-0.05738476011288818,-0.09151113786875387,,0.07377365778292777
2021-04-27,-0.0962528858106908,-0.0284160435078179,-0.1104256631708822,-0.12321660181582361,-0.1654320987654322,-0.08509867825457174,-0.06855081178592914,,0.08339859044635878
2021-04-28,-0.06967882416984217,-0.006212895209167457,-0.06440355329949243,-0.10695538057742782,-0.1315115286080274,-0.06419662509170942,-0.018317292766221738,,0.08926464805348
2021-04-29,-0.06303205940952727,-0.008401046687784075,-0.06759317751105498,-0.0931470392548236,-0.11243611584327073,-0.03937881308929558,-0.01654698719950043,,0.09598741148701828
2021-04-30,-0.047725162488393646,0.012212240314430245,-0.02224403009486431,-0.07147719537100061,-0.1172945205479452,-0.02660377358490562,0.02825947334617851,,0.09840637450199208
2021-05-06,-0.053664921465968574,0.023348519362186737,-0.0412677451304061,-0.08111792774369464,-0.11591695501730093,-0.0589782118707739,-0.010665804783451804,,0.12189254210104239
2021-05-07,-0.07595638514137859,0.011876148734624614,-0.07755235602094246,-0.11111111111111116,-0.12510860121633371,-0.07075649228453151,-0.0577651515151516,,0.12664277180406214
2021-05-10,-0.08960116554361686,0.00546218487394956,-0.09332905708787687,-0.12449255751014876,-0.13443191673894195,-0.11678832116788329,-0.05933250927070466,,0.14024632499006762
2021-05-11,-0.08386508659981773,0.008593970132431572,-0.09111397295556989,-0.1112637362637362,-0.1090589270008796,-0.0986221899927483,-0.045817958179581675,,0.13856627953544254
2021-05-12,-0.07636097917427842,0.030907278165503538,-0.07520981278244021,-0.08710801393728218,-0.08926961226330021,-0.09085972850678747,-0.02083333333333337,-0.09607438016528924,0.1508064516129033
2021-05-13,-0.08774170010944904,0.03499132446500863,-0.0774967574578469,-0.0714285714285714,-0.08628519527702083,-0.09962304792676357,-0.043491392328601663,-0.10178384050367262,0.12484993997599036
2021-05-14,-0.07688152682751181,0.03857693956279484,,-0.05894736842105264,-0.01905626134301286,-0.10392122384385438,-0.048150322959483294,-0.09251559251559249,0.12141719745222934
2021-05-17,-0.08854532677442029,0.023106007561966013,-0.06672873991309736,-0.07133152173913038,-0.059964726631393184,-0.10687285223367693,-0.046645551396487184,-0.09528585757271812,0.11234177215189867
2021-05-18,-0.10625107628723951,0.014400443090556436,-0.09262071059823873,-0.08051420838971579,-0.060017652250662024,-0.13792531120331952,-0.07808988764044944,-0.1123152709359605,0.1087553985080485
2021-05-19,-0.10201249132546841,-0.002046663937781412,-0.059337913803872544,-0.07520325203252032,-0.06584723441615448,-0.11599657827202736,-0.03679717397703852,-0.08358208955223867,0.07241379310344831
2021-05-20,-0.1045548654244306,-0.019774011299435013,-0.04006309148264975,-0.06997282608695654,-0.0714285714285714,-0.12189805499664663,-0.0397643593519883,-0.07171717171717162,0.03493613824192332
2021-05-21,-0.0812309894435499,-0.014392396469789515,-0.006596306068601621,-0.05512909979064895,-0.05944986690328302,-0.08635882974973563,-0.000932545850170996,-0.05046343975283207,0.0199556541019954
2021-05-24,-0.07373519913885895,-0.008849557522123797,0.008973080757726848,-0.043265875785066354,-0.03829029385574345,-0.06753618009648032,-0.004669987546699894,-0.0404145077720206,0.02987303958177745
2021-05-25,-0.018426386585590482,0.014756585298579372,0.07403581267217652,-0.0007097232079489313,0.010762331838565009,-0.0031493145609483575,0.07333767926988277,0.0185185185185186,0.052134491877597444
2021-05-26,-0.027382256297918905,0.021344421344421383,0.07539958304378036,0.007896625987078076,0.007168458781362075,0.004307922831990885,0.06924577373211971,0.01650165016501659,0.04276682781703234
2021-05-27,0.00337774441733929,0.05300453514739223,0.10803127221037667,0.05043859649122795,0.024590163934426146,0.03358925143953928,0.09481334654773699,0.03695408734602457,0.06788016685627607
2021-05-28,-0.015873015873015928,0.03425706726082711,0.07843814789219072,0.021428571428571352,0.047706422018348515,0.010805687203791381,0.057635949202214265,0.03358613217768136,0.05239520958083821
2021-05-31,-0.002056459151243195,0.049684210526315775,0.1175236096537251,0.06609195402298851,0.06220984215413172,0.03901397515527938,0.1023411371237457,0.08369565217391295,0.05946556266465941
2021-06-01,-0.01980198019801971,0.037534626038781216,0.09931034482758627,0.07285714285714295,0.029170464904284543,0.02848403746893524,0.09924664264657701,0.07483731019522777,0.042248346803820835
2021-06-02,0.003026290902212958,0.048887010425471944,0.13885859687386404,0.07540263543191794,0.031746031746031855,0.0644386631979188,0.12027257240204414,0.14153132250580036,0.04194260485651213
2021-06-03,-0.0007595898214964869,0.045154030102686704,0.11796536796536805,0.06277372262773717,0.010978956999085021,0.06933867735470933,0.10865122615803813,0.12427409988385607,0.057992565055762224
2021-06-04,0.042322834645669216,0.07580342988903288,0.19293581466008347,0.12082066869300911,0.03541472506989751,0.13493569470799072,0.1928545388261027,0.20638820638820654,0.060097051138484625
2021-06-07,0.06226149829282979,0.10349402919062367,0.22575579112681576,0.16233254531126895,0.07177033492822993,0.16634008273459622,0.22708567153011594,0.21204516938519435,0.063343328335832
2021-06-08,0.04939999999999989,0.11114421930870089,0.2006960556844548,0.1517295597484276,0.07988450433108785,0.1113010040589617,0.1767492711370262,0.18440594059405924,0.06520919713531859
2021-06-09,0.024566192240202733,0.08110853163087617,0.16981132075471694,0.12883435582822078,0.05018939393939381,0.08588064046579325,0.14873979410720617,0.15071770334928236,0.052592592592592524
2021-06-10,0.028588098016335994,0.09409888357256779,0.19601203912716336,0.1540832049306624,0.05397727272727271,0.09464248488638738,0.16879432624113466,0.1813898704358068,0.04620462046204632
2021-06-11,0.039682539682539764,0.09588441330998254,0.2504892367906064,0.18492063492063493,0.05910852713178283,0.11988747024453561,0.21241226449944595,0.24816625916870416,0.03815406976744207
2021-06-15,0.021289178001182574,0.08212983223924142,0.22334238076773927,0.19157392686804453,0.03953712632594031,0.09087039795701224,0.17955294979846093,0.23292682926829267,0.03121597096188755
2021-06-16,0.0027472527472527375,0.0627991298042061,0.15995397008055234,0.14319433516915825,0.029836381135707635,0.059389376829778184,0.13598250091141084,0.15126050420168058,0.03319956220357523
2021-06-17,-0.0029205607476634476,0.06147422977253103,0.16528301886792462,0.19655442443226323,0.03170028818443815,0.046679004729590634,0.11920057102069959,0.1577698695136418,0.030280919372491777
2021-06-18,0.025815489293576244,0.08099869356945844,0.2163629313687474,0.22432859399684046,0.05339805825242716,0.06497354497354513,0.15637559371574716,0.23745410036719705,0.03671071953010263
2021-06-21,0.012861100118717772,0.07136715391229576,0.2144227080935941,0.23750000000000004,0.03336510962821748,0.045397225725094525,0.15365056302215763,0.2364294330518697,0.022545454545454424
2021-06-22,0.027151127969654576,0.09017106407654385,0.23070957735556408,0.24116260801256884,0.024667931688804545,0.05485232067510548,0.18416273156556473,0.2770186335403726,0.03957493587394656
2021-06-23,0.04926008514088798,0.11109482632273182,0.2650412898151788,0.26232114467408585,0.023584905660377187,0.04556050010595469,0.18991964937910888,0.3320659062103928,0.07161506900410308
2021-06-24,0.05274903631568262,0.10454744845737673,0.23646279703934536,0.23987291501191432,0.03615604186489052,0.04661016949152552,0.15781870711448165,0.34050632911392387,0.07528885575847921
2021-06-25,0.04708921120603993,0.09901847575057743,0.22377358490566035,0.2335653518948182,0.06244087038789026,-0.7383274538285951,,0.3002421307506056,0.06629834254143652
2021-06-28,0.04679754114614321,0.09974018475750568,0.25331816458096323,0.2581648522550546,0.05303030303030298,-0.7361798679867987,-0.7077944774554352,0.33211233211233226,0.03925845147219187
2021-06-29,0.02712797326518568,0.08744426866100952,0.23344556677890016,0.26049766718507006,0.04277566539923949,-0.7428046540110227,-0.715022344448264,0.32455089820359295,0.03200000000000003
2021-06-30,0.04079207920792083,0.09433962264150941,0.2656660412757974,0.28348909657320864,0.06943105110896819,-0.7401071723000825,-0.7119113573407203,0.35534213685474203,0.03973751367116285
2021-07-01,0.02777777777777768,0.07466742955228156,0.22884473877851352,0.2532617037605527,0.030622009569378106,-0.7420401541269519,-0.712152070604209,0.30915576694411406,0.03332126041289385
2021-07-02,-0.00930052315442731,0.06307977736549164,0.170899854862119,0.19133034379671154,-0.001908396946564861,-0.7572892040977147,-0.7274258760107817,0.2950236966824644,0.03323593864134411
2021-07-05,-0.0025326319890901505,0.06736932060959977,0.19047619047619047,0.22846441947565532,0.0019120458891013214,-0.7563108725899423,-0.72446881425634,0.30373831775700944,0.033151183970856035
2021-07-06,0.005688505296194579,0.0655574516496018,0.1806427779830071,0.1882001493651979,0.010546500479386545,-0.7518322475570032,-0.7329427980702963,0.30960854092526713,0.0282097649186257
2021-07-07,0.0138970444313955,0.07202608818942302,0.2115102639296187,0.2210526315789474,0.008587786259541819,-0.7531709281256291,-0.7327702702702703,0.40023894862604537,0.028922631959508394
2021-07-08,0.019452163556967106,0.07412149665670786,0.23494423791821561,0.27578304048892277,0.01833976833976836,-0.7529218782038138,-0.7325301204819277,0.4652862362971988,0.011913357400721969
2021-07-09,0.03189341945902302,0.10122921185827916,0.2573277502854969,0.282371294851794,0.044334975369458185,-0.7548775425487754,-0.7239546420978029,0.52125,0.015844436442203902
2021-07-12,0.04709925207196264,0.12041201218627595,0.2936957342393356,0.296875,0.06910167818361312,-0.7558067831449127,-0.7202527202527202,0.57356608478803,0.029508196721311553
2021-07-13,0.044422110552763794,0.12075905692926958,0.2600664942741042,0.2821705426356589,0.050731707317073216,-0.7513292433537833,-0.7195507195507196,0.5314769975786924,0.03525990548891311
2021-07-14,0.03881140084899948,0.11230791325578049,0.2535211267605635,0.2430769230769232,0.048275862068965614,-0.748865043334709,-0.7164601769911505,0.4806295399515741,0.03593466424682412
2021-07-15,0.049163812210356594,0.10113475177304965,0.2756696428571428,0.22965779467680614,0.05675146771037176,-0.7475429975429975,-0.7127091491634033,0.5358444714459296,0.034050179211469356
2021-07-16,0.01316565140499093,0.0915473181690536,0.18942101501072184,0.18562874251497008,0.029551954242135414,-0.7555868733642037,-0.7224334600760456,0.42624854819976776,0.03390435403283365
2021-07-19,0.019090730171225978,0.08323991031390143,0.20028663561447524,0.18270676691729304,0.0356111645813284,-0.7585725677830941,-0.7168965517241379,0.3969907407407409,0.034001431639226753
2021-07-20,0.014137050854113431,0.08739637487705498,0.19260838663823732,0.19018867924528293,0.032786885245901676,-0.7605606000789578,-0.721228484643942,0.4216027874564461,0.030161579892280077
2021-07-21,0.0225977598742384,0.09715805683886325,0.21783574198096578,0.20669144981412635,0.04615384615384621,-0.7611320007916089,-0.7182860998650473,0.48611111111111116,0.025778732545649774
2021-07-22,0.01342412451361863,0.09654499860685428,0.18920788654444842,0.21153846153846145,0.06551059730250497,-0.7671926748490161,-0.7331794195250659,0.4869169510807736,0.03658536585365857
2021-07-23,0.015957446808510634,0.09904868494683838,0.1760391198044009,0.20340236686390534,0.08921568627450971,-0.7666666666666666,-0.7405566600397614,0.497690531177829,0.036330935251798646
2021-07-26,-0.021025741796030673,0.07906521130702493,0.13384188626907068,0.195266272189349,0.06508875739644981,-0.7813180288937265,-0.7608134280180762,0.4982578397212545,0.023491145645103018
2021-07-27,-0.06202457577530718,0.05084745762711851,0.06476771787046465,0.17927994121969149,0.03146509341199599,-0.791062328498628,-0.7751423149905123,0.3738636363636365,0.0010830324909747446
2021-07-28,-0.06843224434564088,0.03472222222222232,0.07825203252032509,0.15480557593543653,-0.004798464491362897,-0.7950346420323325,-0.7676190476190476,0.3650793650793651,-0.0139985642498206
2021-07-29,-0.04329173166926681,0.050755789765635884,0.1234526597524257,0.21041055718475077,0.019398642095053376,-0.7941461523551075,-0.7663960024984384,0.42494481236203074,0.0043525571273121955
2021-07-30,-0.03734439834024894,0.057456872565386785,0.1460055096418733,0.22477744807121658,0.005870841487279899,-0.7940119760479042,-0.757922247631493,0.4528301886792452,0.0007147962830591492
2021-08-02,-0.0013999999999999568,0.07642867123096275,0.20361830436324935,0.2707055214723926,0.061569016881827254,-0.7816929931146213,-0.7484087102177555,0.4948921679909193,-0.018381053375751133
2021-08-03,-0.0008001600320063362,0.06560802340158789,0.18960028298549703,0.2527047913446676,0.07214428857715438,-0.7739669421487603,-0.7444152431011826,0.4173228346456692,-0.045993031358885106
2021-08-04,0.0027860696517412187,0.08436932532476615,0.22068721218561826,0.28670788253477597,0.058242843040474,-0.7827835880933226,-0.7492748952626491,0.5376712328767124,-0.028491030601477285
2021-08-05,-0.009295886075949333,0.07129041171594341,0.1933682373472949,0.2702290076335876,0.04257425742574261,-0.7871789767071471,-0.7548428072403938,0.5462857142857143,-0.03644008409250177
2021-08-06,-0.0015996800639872522,0.08829281922324661,0.19015817223198583,0.2566641279512567,0.050695825049701826,-0.7880781499202552,-0.7650773602778654,0.6074766355140186,-0.017787264318747664
2021-08-09,-0.015408621025941094,0.07593891869583147,0.13993871297242078,0.21625652498135728,-0.0009250693802034249,-0.7841444270015698,-0.7689697717458359,0.5280641466208478,-0.005679801206957769
2021-08-10,-0.015998457979953584,0.0777443197372023,0.11938809444629195,0.20482809070958297,0.028142589118199002,-0.7803001154290112,-0.7707641196013288,0.4689578713968956,-0.004267425320056861
2021-08-11,-0.02157996146435459,0.08299208299208316,0.11311914323962524,0.20603384841795447,0.019718309859155125,-0.783981517135156,-0.7739183424741012,0.4850166481687015,0.012039660056657242
2021-08-12,-0.025115919629057126,0.08900738310090239,0.08897742363877814,0.2058608058608058,0.014097744360902054,-0.787304044900329,-0.777200488997555,0.4505971769815418,0.03215434083601276
2021-08-13,-0.03294797687861273,0.0933168656511596,0.06769635228393023,0.1767713659605552,0.0,-0.7891922856597289,-0.7769938650306748,0.4385201305767139,0.046823956442831216
2021-08-16,-0.02317429406036997,0.09202369472379113,0.06440903054448865,0.1868537666174297,0.027358490566037563,-0.7860725308641976,-0.7747355320472931,0.38937093275488044,0.047826086956521685
2021-08-17,-0.05016463296533025,0.06483516483516483,0.029644268774703608,0.1422319474835887,0.0018518518518517713,-0.7951714887909561,-0.7813575226775102,0.3812095032397407,0.0362581580855692
2021-08-18,-0.06945748075840064,0.05803207393313414,0.01314523885860841,0.11150568181818188,0.02661934338952965,-0.8018955584463854,-0.7880352262374735,0.3529411764705881,0.032675044883303306
2021-08-19,-0.0760135135135136,0.05875966888315909,0.026494345718901302,0.14173789173789175,0.008007117437722311,-0.803804550540843,-0.786865308604439,0.4025974025974026,0.022111269614836004
2021-08-20,-0.09612867028240135,0.045491251682368894,-0.0057729313662603365,0.10647181628392488,0.008888888888888946,-0.8128133704735376,-0.7993361496680749,0.39956803455723544,0.023082386363636243
2021-08-23,-0.08008252063015742,0.06099367173825243,0.023710349247036078,0.13356643356643372,-0.0026269702276706663,-0.8094523630907726,-0.792179802955665,0.39517819706498947,0.02916073968705568
2021-08-24,-0.0713750468340203,0.06471453402861349,0.009389671361502483,0.10242587601078168,0.01486013986014001,-0.8072109097702223,-0.7912621359223301,0.3630892678034101,0.036589698046181285
2021-08-25,-0.07014590347923677,0.07155252970230941,0.016624843161856973,0.06591211717709711,0.01240035429583708,-0.8061338289962825,-0.7938021454112039,0.40161453077699294,0.04053577722946766
2021-08-26,-0.0786347350556289,0.07360644728005372,0.009894669645706955,0.058543226684819594,0.021719457013574583,-0.8089866516262455,-0.7974452554744526,0.3932926829268293,0.05685028248587565
2021-08-27,-0.06898517673888249,0.08398384925975777,0.019038399483704227,0.05631868131868134,0.018099547511312153,-0.809407796101949,-0.7956989247311828,0.4421487603305785,0.06184118060435684
2021-08-30,-0.07818696883852683,0.08640321500334891,0.007322508755173596,0.03525423728813548,-0.005400540054005365,-0.8112576630131897,-0.7973716381418092,0.4714867617107943,0.07288732394366204
2021-08-31,-0.07751937984496127,0.08777555110220425,-0.005124919923126248,0.010847457627118695,0.008928571428571175,-0.8125816688445026,-0.802439024390244,0.4761904761904763,0.0997532604864293
2021-09-01,-0.056794358681151125,0.08246178600160903,-0.0035426731078905815,0.010238907849829282,0.04278074866310133,-0.801038062283737,-0.7959120470733974,0.4117032392894462,0.10226468506723285
2021-09-02,-0.05899143672692664,0.10307341296470263,-0.01741935483870971,-0.010869565217391353,0.07394048692515787,-0.8054385292991191,-0.8028430160692213,0.44594594594594605,0.1238564391273751
2021-09-03,-0.07014558517678193,0.08362046117148147,-0.05316137150047184,-0.02736982643524699,0.05840071877807729,-0.8034660064749571,-0.8055218446601942,0.3399800598205387,0.11146161934805443
2021-09-06,-0.045419847328244334,0.0984152350512717,-0.020657276995305063,0.0,0.11161939615736505,-0.7955555555555556,-0.7943327239488117,0.3310479921645446,0.1197059852992648
2021-09-07,-0.02238950009650642,0.13629010514963613,-0.0025356576862123337,-0.0033355570380254607,0.15398886827458247,-0.7932110807647288,-0.7909288598943771,0.37784371909001013,0.15452305526223142
2021-09-08,-0.012915851272015777,0.15761462882096078,0.032738095238095344,0.009635237439779676,0.16168224299065415,-0.7935254638768259,-0.7859435173299101,0.4285714285714288,0.17090395480225995
2021-09-09,-0.015426674477641233,0.16058592160585916,0.012305699481865329,-0.048429319371727786,0.14804469273743015,-0.7946954813359528,-0.7873086734693877,0.4047131147540983,0.20998583569405094
2021-09-10,-0.006827936012485436,0.1486504632738015,-0.0006375518010839354,-0.04387096774193555,0.151152073732719,-0.7893481717011128,-0.7902053712480253,0.3699307616221563,0.18767705382436262
2021-09-13,-0.010744285993357972,0.1480738362760834,-0.02242577384712563,-0.09217171717171724,0.15590405904059024,-0.7897064736630479,-0.7925062972292192,0.32780487804878056,0.21834992887624471
2021-09-14,-0.02857142857142847,0.12872340425531914,-0.010712035286704391,-0.0810126582278482,0.125,-0.7934,-0.7966257668711656,0.343385214007782,0.18293972506168465
2021-09-15,-0.04462905718701693,0.12438992217385558,-0.034815045073049444,-0.09508816120906805,0.11612903225806459,-0.7942845561410621,-0.7998772252915899,0.3444338725023788,0.16011138183083884
2021-09-16,-0.057814607824243525,0.10788985967699216,-0.04379332073093878,-0.10185778347213326,0.08907254361799821,-0.7912955465587045,-0.7960074859638178,0.2710103871576961,0.15077989601386488
2021-09-17,-0.06489563567362422,0.09022852639873924,-0.04502004316990438,-0.11410658307210031,0.06856634016028496,-0.16812053925455983,,0.25325884543761634,0.11606217616580317
2021-09-22,-0.07274104944118209,0.10027562672266699,-0.07170953101361577,-0.1285537700865267,0.07104316546762579,-0.19937451133698192,-0.186602870813397,0.24197983501374898,0.15040223854494594
2021-09-23,-0.05760765550239222,0.11479962967861401,-0.06399757355171376,-0.12461443553362117,0.09936189608021873,-0.17619047619047612,-0.17973462002412532,0.22603978300180838,0.1557434813248766
2021-09-24,-0.061834094368340975,0.09291918926033182,-0.07826860361695831,-0.1334951456310679,0.07213706041478818,-0.15146708961141941,-0.17668269230769218,0.21434898139946856,0.11009817671809263
2021-09-27,-0.05538637228778065,0.0748036736323705,-0.06287425149700598,-0.12798530312308642,0.07428040854224705,-0.11635220125786161,-0.179245283018868,0.22161671207992728,0.07991587802313349
2021-09-28,-0.031097203207510415,0.08470935696066584,-0.035017043693833294,-0.11731493099121715,0.12332695984703634,-0.09577922077922063,-0.1458590852904822,0.21500457456541633,0.1166489925768821
2021-09-29,-0.038867187499999956,0.053909794502268404,-0.05138461538461536,-0.14695121951219503,0.10591603053435117,-0.08809135399673729,-0.154228855721393,0.17114695340501784,0.08427362482369549
2021-09-30,-0.037448800468110055,0.0635259575603897,-0.015018773466833557,-0.10559396605908233,0.0977229601518026,-0.08039376538146026,-0.10967741935483877,0.22101449275362306,0.08688005627857898
2021-10-08,-0.0335907335907335,0.052506282237799295,-0.0505295007564297,-0.12746305418719217,0.10596026490066235,-0.057096247960848334,-0.1226295828065741,0.12286689419795227,0.08222066057624744
2021-10-11,-0.02550623052959511,0.05311258278145692,-0.06803130644190247,-0.1592814371257485,0.10142180094786735,-0.03734439834024905,-0.12097812097812088,0.08229426433915199,0.11416339636104178
2021-10-12,-0.031103286384976503,0.024031516743269865,-0.07901907356948235,-0.16605839416058388,0.061320754716981174,-0.02201524132091448,-0.12708600770218226,0.04765817584223475,0.09287486706841541
2021-10-13,-0.03301158301158291,0.014243169752686802,-0.0927925299095419,-0.15963855421686746,0.04432132963988922,-0.006734006734006703,-0.13174404015056473,0.046751188589540416,0.07678697806086343
2021-10-14,-0.04118552732871428,0.008465879938429843,-0.0876575784227499,-0.15477629987908104,0.0473537604456824,-0.03453947368421051,-0.15269086357947437,0.059288537549407216,0.0625
2021-10-15,-0.02588052150223774,0.020271142672692033,-0.06091070372560614,-0.12252475247524763,0.06109022556390964,-0.042728019720624566,-0.16479400749063666,0.12346688470973022,0.06797477224947435
2021-10-18,-0.04974073362780862,0.020997037227875825,-0.07494896471274415,-0.13110698824984535,0.04629629629629606,-0.09164639091646387,-0.18587360594795543,0.11629746835443044,0.07348353552859632
2021-10-19,-0.031225756400310223,0.027527656290198044,-0.04116586538461542,-0.10353535353535359,0.051851851851851594,-0.04695222405271826,-0.16936488169364883,0.15065146579804556,0.07317915084570248
2021-10-20,-0.03804557744302817,0.03298835705045278,-0.04925373134328359,-0.09472345835982199,0.052044609665427455,-0.04954582989265077,-0.19001218026796585,0.18972659486329735,0.05053651782623758
2021-10-21,-0.03136495643756054,0.029073523711073745,-0.05423122765196664,-0.102726696258719,0.05975723622782447,-0.05111294311624082,-0.198547215496368,0.1576797385620916,0.07110491460439161
2021-10-22,-0.032282859338970016,0.00842158989409203,-0.07814761215629518,-0.12322858903265554,0.04503676470588225,-0.03314001657000831,-0.20239520958083823,0.08644859813084116,0.05095986038394407
2021-10-25,-0.029948166634670703,0.012450768644390875,-0.05875509016870273,-0.12454212454212454,0.04159132007233257,-0.02175732217573223,-0.17428924598269468,0.11094108645753642,0.04152249134948094
2021-10-26,-0.02346325382974601,0.01591140529531576,-0.0433620433620433,-0.12169637369391517,0.026102610261026005,-0.010265183917878562,-0.15325670498084287,0.11410948342328453,0.03575147518222854
2021-10-27,-0.00240867121637911,0.025807288289456665,-0.019877675840978548,-0.12623762376237635,0.0277777777777779,0.0352941176470587,-0.1255060728744939,0.1480620155038761,0.028601694915254328
2021-10-28,0.02911208151382816,0.033315705975674126,0.012101910828025364,-0.12024922118380066,0.050524308865586454,0.08255159474671658,-0.09142053445850906,0.2084367245657568,0.022719076812116823
2021-10-29,0.033616932973645985,0.059731543624161,0.020735155513666337,-0.07878017789072433,0.07039537126325968,0.10422535211267614,-0.10519125683060104,0.2375415282392026,0.03385511467054969
2021-11-01,0.01202609050142689,0.04592846773129211,-0.039904705181655675,-0.1162931556632344,0.05994291151284514,0.0941619585687381,-0.14171122994652408,0.14484895429899303,0.02889129649693034
2021-11-02,0.008415435139573102,0.032495724246809576,-0.030048076923076872,-0.11568746214415504,0.06128404669260701,0.13275193798449614,-0.1470985155195681,0.12223071046600475,-0.0007142857142856673
2021-11-03,-0.020028039254956997,0.022066458982346715,-0.05039787798408479,-0.1225105612552807,0.024321796071094415,0.08348794063079756,-0.15046604527296936,0.08883826879271073,0.022326251350378135
2021-11-04,-0.011011011011010985,0.03764705882352937,-0.0306274159976212,-0.09561998766193713,0.024299065420560817,0.09963436928702007,-0.17609254498714655,0.1603174603174602,0.034331628926223434
2021-11-05,-0.02302044056360386,0.01416977972433342,-0.057457922228670855,-0.12732732732732732,0.019589552238805874,0.10462962962962963,-0.17609254498714655,0.06607275426874537,0.011223750905141161
2021-11-08,-0.017967658215212734,0.01844209440288891,-0.041240128692600186,-0.12620192307692302,0.04843304843304863,0.10944808231992509,-0.1878238341968912,0.09238728750923864,0.014545454545454639
2021-11-09,-0.01522130983376735,0.020154043645699726,-0.02539870053160076,-0.10545454545454547,0.0510879848628194,0.1110065851364066,-0.1518817204301075,0.08212209302325602,0.00543281419775421
2021-11-10,-0.030903328050713053,0.013553254059583075,-0.015531660692950977,-0.09564684242795829,0.026851851851851682,0.05363636363636348,-0.13618157543391185,0.098950524737631,-0.011424491253123947
2021-11-11,-0.02605288932419192,0.015113030226060475,-0.012477718360071388,-0.09350333940497868,0.04105839416058377,0.019264448336252293,-0.15019762845849804,0.10716981132075487,0.005714285714285783
2021-11-12,-0.0212682158330052,0.012982102344340829,-0.000601322910402935,-0.08663819402074435,0.045119705340699756,0.030303030303030054,-0.13477088948787064,0.09865470852017921,-0.020293911826452127
2021-11-15,-0.016250495441934132,0.0016321406151913465,0.004573170731707377,-0.09720534629404609,0.048192771084337505,0.06278434940855315,-0.10013717421124824,0.06287425149700598,-0.029421945309795805
2021-11-16,-0.011755329746961585,-0.005397263712815237,0.010156971375807844,-0.08441961514587204,0.033364226135310426,0.07427536231884035,-0.07015130674002745,0.055975794251134525,-0.033633841886269056
2021-11-17,-0.011363636363636465,0.005550649678314645,0.034622582657517276,-0.07218419415059107,0.022956841138659367,0.062218214607754785,-0.0662983425414364,0.11709601873536313,-0.03526970954356845
2021-11-18,0.0022430668841761925,0.028121775025799822,0.047344849648112586,-0.05555555555555558,0.01848428835489835,0.09822263797941999,-0.05436337625178811,0.11884284597341677,-0.023792862141357562
2021-11-19,0.0026225539640911677,0.03596660244059069,0.04841772151898738,-0.04089456869009589,-0.02852203975799472,0.10975609756097571,-0.05587392550143255,0.14387351778656132,-0.017385257301807955
2021-11-22,0.01218769043266299,0.042681363752884005,0.06798866855524066,-0.04366812227074235,-0.0026478375992939895,0.12262357414448677,-0.06847360912981448,0.1566358024691359,-0.014305652477320296
2021-11-23,0.03165735567970196,0.049691040164778544,0.0903225806451613,-0.03647798742138364,-0.0017621145374449032,0.16765873015873023,-0.016541353383458635,0.15277777777777768,-0.01492537313432829
2021-11-24,0.018756371049948983,0.0338832487309646,0.05226917057902991,-0.057988895743368296,-0.0070237050043898686,0.17027559055118124,-0.02370370370370367,0.0961682945154021,-0.008293020041465149
2021-11-25,0.004236433326608724,0.0224789652141153,0.04434108527131775,-0.06845965770171147,-0.03100775193798455,0.1482558139534884,-0.03343023255813937,0.06181015452538641,-0.020219328307059636
2021-11-26,-0.007040836853751786,0.011461318051575908,0.037951249614316396,-0.053716427232979425,-0.022747156605424368,0.12655800575263676,-0.040462427745664664,0.05111591072714172,-0.04234417344173447
2021-11-29,0.008800654932460183,0.016764669085449713,0.07111251580278122,-0.015434083601286175,-0.019486271036315395,0.16338582677165348,-0.0030030030030030463,0.08315098468271342,-0.06715669896424992
2021-11-30,0.0024494794856091406,0.01105040973429361,0.07219759341355303,-0.005201560468140465,-0.015111111111111075,0.14355948869223223,-0.003007518796992459,0.0644699140401146,-0.07544672402382524
2021-12-01,0.008809670149559468,0.009247842170160503,0.06352718078381803,-0.01047806155861164,0.016289592760180938,0.14271653543307083,-0.012066365007541435,0.020069204152249,-0.07482769937643585
2021-12-02,0.011272801803648314,-0.0007369196757553986,0.08016741790083715,-0.005365526492287054,0.0008849557522125906,0.16135458167330663,-0.0030864197530864335,0.029453015427770124,-0.09166666666666667
2021-12-03,0.006061830672863255,0.017217886783104097,0.08920491273432463,0.012837837837837984,-0.028205128205128105,0.1594202898550725,-0.012139605462822445,0.08660251665433005,-0.0802568218298555
2021-12-06,0.005864509605662205,-0.008760189804112306,0.08141825344714393,0.004120879120879106,-0.031905961376994196,0.17125984251968496,0.0015673981191222097,0.03306973400431357,-0.10551033187226044
2021-12-07,0.017080113867425695,-0.009783539195303947,0.08504983388704335,-0.006863417982155173,-0.01697792869269954,0.15794573643410859,0.004680187207488196,0.049107142857142794,-0.0895616524755597
2021-12-08,0.01439424230307873,-0.0038797284190106307,0.05912432086928732,-0.016744809109176195,-0.033744855967078324,0.15689981096408312,-0.034074074074074145,0.05518763796909498,-0.09753047827446071
2021-12-09,0.018361303060217216,-0.024320797247597614,0.06545916746107427,-0.0033467202141900243,-0.04099678456591638,0.1707547169811321,-0.007429420505200568,0.025843503230437825,-0.11646341463414622
2021-12-10,0.019627279936558217,-0.030885300011788352,0.07909061799551709,0.021813224267211995,-0.052292839903459454,0.1845124282982793,-0.007496251874062998,0.059854014598540006,-0.132086851628468
2021-12-13,0.022610075366917837,-0.037162556970900984,0.08413307741522713,0.028198074277854257,-0.03892944038929447,0.18755980861244037,-0.016491754122938573,0.05762217359591526,-0.16037459760023398
2021-12-14,0.006678452170497007,-0.039162964694879676,0.07942583732057429,0.00742240215924439,-0.05684547638110504,0.1754716981132074,-0.0075301204819276935,0.035379061371841214,-0.15593321407274896
2021-12-15,0.00296208530805675,-0.04357450774787375,0.08400646203554119,0.025730180806676106,-0.05426975259377487,0.16826003824091762,-0.030349013657056223,0.049228508449669306,-0.17016929363689437
2021-12-16,0.02160864345738278,-0.024033930254476754,0.07579617834394914,0.017906336088154395,-0.018106995884773713,0.17618586640851897,-0.03167420814479638,0.03910209992758884,-0.1403456495828368
2021-12-17,0.017795753286147686,-0.03496011262318144,0.07181964573268917,0.010438413361169019,-0.024772914946325386,0.1733990147783253,-0.024539877300613466,-0.009200283085633476,-0.13921392139213917
2021-12-20,0.01411331560646345,-0.032500896164416315,0.06260296540362442,0.013552068473609236,-0.021079258010118007,0.15906886517943764,-0.04587155963302758,-0.008172362555720736,-0.1436746987951807
2021-12-21,0.010349025974025983,-0.017226840139742294,0.048433968356474066,0.01273885350318471,-0.019166666666666554,0.14013346043851294,-0.07748538011695916,-0.003714710252600395,-0.10801609408851742
2021-12-22,0.01777323799795716,-0.022784206131456375,0.0625814863102998,0.012765957446808418,-0.02015113350125941,0.17578125,-0.07058823529411773,-0.0088560885608856,-0.12526603830951666
2021-12-23,0.019496344435418145,-0.022659864752639813,0.059300064808814,0.007751937984496138,-0.033996683250414494,0.17919075144508656,-0.07794117647058829,-0.0036873156342184243,-0.12012195121951208
2021-12-24,0.013384708983978921,-0.013728323699422007,0.02798327436474768,-0.0091036414565826,-0.026072329688814233,0.16168224299065415,-0.08029197080291972,-0.05178701677607578,-0.0919140871762476
2021-12-27,0.0076566592786622145,0.012012383900928958,0.019169329073482455,-0.009129213483145993,0.0025929127052721768,0.10320284697508875,-0.08908045977011492,-0.035687732342007505,-0.06458941901979875
2021-12-28,0.014735567218409518,0.01212871287128725,0.03596660244059091,0.010660980810234477,-0.005106382978723456,0.11310592459605018,-0.07670043415340078,0.0,-0.0930674264007596
2021-12-29,0.007925218451534155,0.0327931121802989,0.03211157963023026,0.00786275911365264,-0.00345125107851596,0.07155635062611787,-0.07500000000000007,0.013006885998469775,-0.07154471544715457
2021-12-30,0.01236068895643383,0.030995106035888842,0.022554002541296025,0.004919184820801004,0.014693171996542631,0.07850133809099025,-0.08260869565217388,-0.015578635014836917,-0.07702265372168282
2021-12-31,0.0003995205753095643,0.03769791404875589,0.02549394518801784,0.02470007057163004,0.0059880239520957446,0.04325259515570945,-0.08789625360230535,0.03115501519756836,-0.06623376623376631
2022-01-04,-0.0029970029970028955,0.03949188781285384,0.018733850129198926,0.01139601139601143,0.0068846815834768815,0.05086206896551748,-0.09663250366032217,0.008448540706605057,-0.06564201088696764
2022-01-05,-0.0020189783969313257,0.03911259297255709,0.007232084155161189,0.009482129832239172,0.03111111111111109,0.055411255411255356,-0.10441176470588243,-0.01254901960784316,-0.05643853389555642
2022-01-06,-0.02435615891395504,0.03574620196604106,-0.024123512383403045,-0.014336917562724039,0.0053050397877985045,0.01271186440677985,-0.13150289017341033,-0.043149129447388246,-0.042720999014130956
2022-01-07,-0.016659975913287828,0.026710760620707097,-0.035025706940874035,-0.028612303290414753,0.009751773049645474,0.004258943781942248,-0.11521418020679475,-0.07835820895522383,-0.032055518836748176
2022-01-10,-0.01877746703955263,0.021640091116173155,-0.05604534005037776,-0.03244005641748926,0.00797165633303809,0.017167381974249052,-0.09715994020926766,-0.10698689956331875,-0.03280839895013121
2022-01-11,-0.016370250606305703,0.012616704516780208,-0.06683480453972268,-0.04341637010676147,0.007964601769911539,0.03839285714285712,-0.08066971080669716,-0.14032600992204103,-0.041330319664191206
2022-01-12,-0.015215215215215294,0.011642463695543226,-0.04888749608273257,-0.038028169014084345,0.0061619718309859906,0.01382886776145198,-0.08695652173913049,-0.10757254069355993,-0.04889031843036351
2022-01-13,-0.028709094559325354,0.0007514088916718009,-0.061224489795918324,-0.053370786516853785,0.0035335689045936647,-0.010425716768027837,-0.10375939849624072,-0.13649025069637877,-0.02602965403624391
2022-01-14,-0.04177493503897667,-0.0013812154696132284,-0.05009451795841202,-0.034628975265017625,-0.026431718061673992,-0.019982623805386734,-0.09818731117824786,-0.11503175723359216,-0.0527172144484217
2022-01-17,-0.03991262907069093,0.016322915348601752,-0.03673469387755102,-0.022487702037948032,-0.01846965699208436,-0.027420736932305068,-0.10060060060060072,-0.08888888888888902,-0.060777150448356076
2022-01-18,-0.034039184642786435,0.009662441962605017,-0.05840543881334981,-0.027196652719665204,-0.02951388888888873,-0.021385799828913754,-0.10479041916167675,-0.12878787878787878,-0.05049833887043176
2022-01-19,-0.05083399523431287,0.0023806540533768406,-0.07326917106488673,-0.03568929321203651,-0.015789473684210353,-0.018150388936905903,-0.12217194570135759,-0.15017301038062292,-0.0365281501340482
2022-01-20,-0.03058350100603624,0.00341340075853358,-0.07176287051482055,-0.03541076487252115,0.027927927927927865,0.009615384615384803,-0.1049382716049384,-0.17690749493585411,-0.01785101270168199
2022-01-21,-0.03334006870074768,0.00473387922210855,-0.07457520453115174,-0.048158640226628746,0.02631578947368407,0.0025996533795495935,-0.1238390092879258,-0.16427104722792607,0.0077574047954867
2022-01-24,-0.03914876530817113,-0.006586447118429373,-0.08833487226839021,-0.06068965517241365,0.011711711711711592,-0.026360544217686965,-0.13893129770992374,-0.1617449664429529,0.0014084507042253502
2022-01-25,-0.05740181268882183,-0.04277602523659296,-0.10638957816377181,-0.09047292666209739,-0.018850987432675215,-0.03528399311531838,-0.14018691588785037,-0.17253044654939098,-0.029484029484029506
2022-01-26,-0.04213311622226745,-0.029816513761467878,-0.0997521685254027,-0.09178082191780812,0.019248395967002896,-0.029084687767322537,-0.14240506329113922,-0.15384615384615385,-0.008934953538241586
2022-01-27,-0.05477212344165128,-0.0561341122682244,-0.1263190564866543,-0.11210453920220087,-0.007305936073059405,-0.048801369863013644,-0.1630094043887147,-0.15829846582984652,-0.029587883057414555
2022-01-28,-0.07813765182186239,-0.07016880826404626,-0.1352760736196319,-0.12482946793997274,-0.018248175182481785,-0.0822942643391521,-0.173166926677067,-0.182626538987688,-0.03001412429378525
2022-02-07,-0.06032906764168189,-0.049028324653880406,-0.12869458128078826,-0.11631108052305572,-0.0009149130832569741,-0.0720871751886002,-0.1638065522620904,-0.1580779944289693,0.0046544933762977525
2022-02-08,-0.0640374059768245,-0.040648347473724256,-0.15863331299572914,-0.1361760660247593,0.0027173913043476716,-0.07841483979763908,-0.15629984051036683,-0.21109607577807854,0.02974910394265229
2022-02-09,-0.05572503559080744,-0.03359758399396007,-0.15424242424242418,-0.14634146341463417,-0.0009000900090008201,-0.047417442845046565,-0.15530903328050705,-0.21289456010745478,0.03710374639769465
2022-02-10,-0.05314799672935422,-0.03128548000504594,-0.16868932038834938,-0.16067796610169494,0.0009017132551849549,-0.01984469370146691,-0.18701700154559509,-0.22305593451568895,0.05453232213795589
2022-02-11,-0.0756234915526951,-0.05079444513949716,-0.19975932611311664,-0.18486269256530474,-0.0262927256792288,-0.0317869415807559,-0.21085271317829457,-0.24062713019768234,0.03799715909090917
2022-02-14,-0.08511066398390343,-0.06407863630707977,-0.20397111913357402,-0.1850367401469607,-0.06607929515418498,-0.02249134948096887,-0.2040498442367601,-0.24081632653061213,0.02750000000000008
2022-02-15,-0.0755439161966156,-0.048884432188518345,-0.17268588770864945,-0.15881561238223418,-0.06100795755968169,-0.022260273972602773,-0.1875,-0.18098591549295773,0.01925820256776034
2022-02-16,-0.07056451612903214,-0.040383644623927295,-0.16971358927483238,-0.1559322033898305,-0.04573991031390123,-0.03794266441821237,-0.21153846153846156,-0.16833810888252143,0.03588087549336216
2022-02-17,-0.06836055656382323,-0.04579099234725881,-0.172746457642448,-0.15828303152246825,-0.05206463195691202,-0.032258064516129115,-0.2100591715976331,-0.16631726065688324,0.02974910394265229
2022-02-18,-0.05513733468972526,-0.03713927227101621,-0.16340867440439832,-0.15348208248816775,-0.03992740471869327,-0.022998296422487186,-0.18759455370650524,-0.17400419287211744,0.0487455197132618
2022-02-21,-0.06901408450704227,-0.04426534407935512,-0.1811047389073348,-0.17321785476349083,-0.05960854092526702,-0.0295857988165682,-0.1851289833080425,-0.1872840359364203,0.04458598726114649
2022-02-22,-0.08348384507324891,-0.06306084818684699,-0.210727969348659,-0.19699934768427907,-0.08318584070796453,-0.047417442845046565,-0.19142419601837668,-0.20947298198799202,0.041061946902654745
2022-02-23,-0.07440834336141189,-0.05138582290900162,-0.18520710059171597,-0.16514360313315934,-0.07325684024713153,-0.04502973661852161,-0.1758409785932722,-0.18005354752342695,0.025369978858351017
2022-02-24,-0.0934560736441864,-0.06689578986129863,-0.19898869720404522,-0.17092337917485256,-0.09814323607427056,-0.07905803195963002,-0.20030349013657056,-0.16449623029472238,0.00522648083623678
2022-02-25,-0.08296504620329437,-0.05969049373618274,-0.1796318289786223,-0.15354330708661412,-0.0915555555555555,-0.07004219409282697,-0.1819548872180451,-0.13860013860013853,0.0020986358866736943
2022-02-28,-0.07394651539708275,-0.052223180194605145,-0.1718192627824019,-0.14389438943894384,-0.0877350044762758,-0.06127659574468092,-0.17771084337349397,-0.13082191780821917,0.01662539794835527
2022-03-01,-0.06492189085007105,-0.05069521348591122,-0.17527294187075826,-0.1574134552580012,-0.07136404697380305,-0.0397631133671742,-0.17469879518072284,-0.14545454545454561,0.0401146131805159
2022-03-02,-0.06862146202402764,-0.05219206680584565,-0.19049025398700536,-0.16274509803921577,-0.07581227436823113,-0.03439380911435941,-0.18250377073906487,-0.15679676985195157,0.051181102362204633
2022-03-03,-0.07696994313566219,-0.058155161881490613,-0.19643387815750368,-0.16611515552614153,-0.08815672306322353,-0.05167958656330751,-0.1816793893129771,-0.16282225237449122,0.05427456544874065
2022-03-04,-0.0891771382245643,-0.05899705014749257,-0.2065573770491803,-0.1544167228590695,-0.10698496905393462,-0.05917667238421953,-0.17492260061919507,-0.17438692098092645,0.04516584333098095
2022-03-07,-0.12713396264310106,-0.08901607403799316,-0.2454005934718101,-0.1881254169446298,-0.13368513632365875,-0.11999999999999988,-0.2089093701996928,-0.20231607629427784,0.026876090750436177
2022-03-08,-0.14274225975070365,-0.11574812814532964,-0.23891924711596835,-0.19083447332421333,-0.1673894189071986,-0.134453781512605,-0.21439749608763692,-0.20041753653444683,0.0007000350017500878
2022-03-09,-0.15553778488604553,-0.1257255773743362,-0.239742804654011,-0.1817553559087769,-0.19084628670120884,-0.13807531380753135,-0.24378881987577639,-0.18581560283687948,-0.029442327675788027
2022-03-10,-0.15569570358691365,-0.12463485881207392,-0.23144236572118282,-0.1818801089918256,-0.20357751277683123,-0.14379084967320255,-0.22699386503067487,-0.16457461645746163,-0.01350883269830283
2022-03-11,-0.16401706087630863,-0.11308365758754868,-0.2296450939457202,-0.18603089321692423,-0.1986588432523052,-0.15068493150684936,-0.22754491017964074,-0.16794961511546536,-0.010351966873706098
2022-03-14,-0.18880031110246942,-0.13599318817662087,-0.26112759643916905,-0.21681120747164784,-0.20203735144312396,-0.18482647296206622,-0.23262839879154085,-0.20661157024793397,-0.01702571230020844
2022-03-15,-0.22944142746314966,-0.18873649714771212,-0.2856299793449395,-0.23612040133779277,-0.2329113924050633,-0.22643029814665605,-0.25609756097560976,-0.2206896551724138,-0.06901359358661563
2022-03-16,-0.1910243902439025,-0.15817009368536317,-0.2458628841607564,-0.21500334896182194,-0.1791171477079796,-0.2126805778491172,-0.2352048558421852,-0.17294281729428174,-0.035676439420699424
2022-03-17,-0.16715888954518598,-0.14337921793153852,-0.21788375558867357,-0.19389830508474581,-0.18734177215189884,-0.16857610474631746,-0.1799687010954616,-0.16386554621848737,-0.0291945128385509
2022-03-18,-0.16607912260086166,-0.14244326412361186,-0.21995263469508597,-0.19485791610284176,-0.18524727577535627,-0.16131687242798365,-0.17912772585669778,-0.17212543554006976,-0.01906412478336217
2022-03-21,-0.15517583945956692,-0.1331145149525894,-0.20793269230769218,-0.17355371900826444,-0.19136325148179512,-0.14189756507136864,-0.16352201257861632,-0.14357142857142846,-0.006971070059254125
2022-03-22,-0.14320290439693428,-0.11905644065703347,-0.19317829457364344,-0.1688951442646024,-0.17657192075796735,-0.1472803347280336,-0.16666666666666663,-0.11535580524344569,0.018994020400984857
2022-03-23,-0.14179554127334815,-0.11975974503554787,-0.19032953495534333,-0.1677148846960168,-0.1869158878504673,-0.14548494983277582,-0.15689381933438984,-0.11633109619686799,0.003816793893129722
2022-03-24,-0.1477318346045764,-0.130126953125,-0.19631901840490784,-0.17226890756302526,-0.18937446443873185,-0.15863787375415284,-0.1392405063291139,-0.13104988830975428,0.00799443865137306
2022-03-25,-0.16952191235059766,-0.14603058994901674,-0.21535637809727748,-0.19370629370629366,-0.19742489270386265,-0.18709150326797386,-0.15948963317384368,-0.1606217616580311,0.005197505197505059
2022-03-28,-0.17070242145287173,-0.13809523809523805,-0.214017521902378,-0.1971731448763252,-0.1917098445595854,-0.21158487530168957,-0.17460317460317454,-0.143076923076923,0.0250434782608695
2022-03-29,-0.1749650069986003,-0.14084679393049448,-0.2128526645768024,-0.20269312544294826,-0.1982758620689654,-0.21209677419354844,-0.17192429022082012,-0.1380107941403237,0.028799444829979093
2022-03-30,-0.15476427292619865,-0.12289068231841538,-0.19094854308741482,-0.18565400843881863,-0.174508126603935,-0.18870967741935485,-0.15673981191222564,-0.12725903614457834,0.03769633507853398
2022-03-31,-0.14959677419354833,-0.12823341914919706,-0.19107479572595854,-0.19361702127659575,-0.17142857142857149,-0.162771285475793,-0.14944356120826707,-0.15181268882175236,0.05499124343257433
2022-04-01,-0.14551641313050445,-0.1285296981499512,-0.19850885368126747,-0.20629370629370625,-0.17376490630323682,-0.15963606286186938,-0.15955766192733012,-0.1507159005275056,0.06767180925666194
2022-04-06,-0.14996006389776362,-0.13489949140227653,-0.20758234928527042,-0.24035812672176304,-0.17431972789115646,-0.16086235489220557,-0.16271721958925744,-0.18938835666912301,0.0744089012517386
2022-04-07,-0.15731462925851702,-0.15523290986085903,-0.20862396956246032,-0.2387323943661972,-0.18717948717948718,-0.1837571780147662,-0.15559157212317665,-0.1766945925361767,0.04318026045236456
2022-04-08,-0.14363746712522762,-0.13550536838208072,-0.18701044386422971,-0.22543352601156064,-0.16724137931034477,-0.18785890073831013,-0.15270935960591125,-0.14694201747418578,0.05843932622894488
2022-04-11,-0.16083486801718838,-0.16405768519659802,-0.21357943309162808,-0.24945454545454548,-0.17678100263852237,-0.1849372384937239,-0.1564059900166389,-0.1993670886075949,0.036731891520769056
2022-04-12,-0.14860175546029797,-0.14606045589692762,-0.18747918747918757,-0.23564064801178208,-0.15100965759438112,-0.14503816793893132,-0.1335559265442403,-0.1692307692307693,0.027654489586889763
2022-04-13,-0.15736970684039087,-0.15855320203146295,-0.2014676450967312,-0.26676384839650147,-0.15817223198594021,-0.1544303797468355,-0.1605960264900662,-0.17196414017929917,0.028833107191316154
2022-04-14,-0.14053831929319915,-0.14241216047844507,-0.19290540540540546,-0.2433035714285715,-0.14661984196663747,-0.11006018916595017,-0.1556291390728476,-0.16982687551525155,0.04041764904008094
2022-04-15,-0.15003049400284607,-0.1559212968691993,-0.2141680395387151,-0.25549048316251843,-0.1548556430446194,-0.11679454390451838,-0.154351395730706,-0.2133227597145122,0.03347987825498833
2022-04-18,-0.13993385696568839,-0.14566387185583773,-0.19331103678929773,-0.22329376854599414,-0.17253521126760563,-0.08691834942932397,-0.13758389261744963,-0.1830645161290323,0.012178619756427533
2022-04-19,-0.1376720901126407,-0.13881554130516782,-0.21160862354892218,-0.24597364568081992,-0.15565610859728496,-0.07890070921985815,-0.1591289782244556,-0.19138755980861244,0.042940570250773025
2022-04-20,-0.15946225439503614,-0.16695717131474108,-0.2542372881355933,-0.27174694464414095,-0.17741935483870974,-0.07929515418502209,-0.1752921535893155,-0.23446105428796216,0.04278642149929279
2022-04-21,-0.18131530424093423,-0.19400944568729794,-0.2648506727929111,-0.28243727598566315,-0.1806797853309482,-0.10576923076923073,-0.19565217391304346,-0.2656126482213438,0.012946116165150512
2022-04-22,-0.16192468619246858,-0.19425000000000003,-0.25460636515912893,-0.2866473149492017,-0.1827094474153298,-0.10123239436619713,-0.17525773195876282,-0.25,0.017391304347825987
2022-04-25,-0.20859277708592772,-0.2408970643820083,-0.2931092436974789,-0.3215859030837005,-0.22085889570552142,-0.1506493506493507,-0.21379310344827573,-0.2994257588187039,-0.020971688220901785
2022-04-26,-0.2092391304347826,-0.2467846682796383,-0.29071744304658276,-0.3236607142857143,-0.24933687002652527,-0.14779602420051863,-0.1819787985865723,-0.3161343161343162,-0.03358992302309305
2022-04-27,-0.1874216464688675,-0.22045135789876324,-0.2572586090479406,-0.3061674008810573,-0.23419412288512909,-0.11790393013100442,-0.16312056737588654,-0.2642113690952762,-0.016174402250351605
2022-04-28,-0.16346153846153844,-0.19628262588979695,-0.25095452967719534,-0.2908816880180859,-0.22781335773101552,-0.09723461195361283,-0.15036231884057982,-0.25102207686017985,0.02857142857142847
2022-04-29,-0.14683382915427123,-0.16640399264512729,-0.2278045423262216,-0.2564102564102565,-0.20953237410071945,-0.10660792951541853,-0.11623616236162371,-0.22928399034593738,0.037865128020194705
2022-05-05,-0.1351351351351351,-0.14006996770721214,-0.214209591474245,-0.2300542215336948,-0.20239190432382703,-0.08550855085508546,-0.10112359550561811,-0.20795360397680207,0.04065335753176047
2022-05-06,-0.14295125164690392,-0.15350223546944863,-0.2277403334515785,-0.23304754481683554,-0.21561338289962828,-0.10507246376811608,-0.1132075471698114,-0.21673640167364017,0.016381507098653048
2022-05-09,-0.1632079550367489,-0.15814077734740217,-0.23604240282685518,-0.23130841121495327,-0.22619047619047628,-0.11291779584462514,-0.1324626865671642,-0.2167080231596361,-0.007840342124020072
2022-05-10,-0.14943527367506515,-0.154039070749736,-0.20087019579405363,-0.1926751592356688,-0.22493224932249323,-0.09240622140896615,-0.11342155009451804,-0.16552315608919377,-0.029933867037939543
2022-05-11,-0.14473400818436355,-0.15989583333333335,-0.18595485489072028,-0.1706349206349207,-0.22252252252252258,-0.11555555555555552,-0.10131332082551603,-0.13566552901023898,-0.032650225772837715
2022-05-12,-0.147020725388601,-0.1591353040760516,-0.16897810218978104,-0.14701130856219702,-0.2207207207207208,-0.11971830985915488,-0.07984790874524716,-0.11413520632133456,-0.0503424657534246
2022-05-13,-0.13359442993907744,-0.13918544879398975,-0.14097744360902253,-0.1331142152834841,-0.21692169216921686,-0.11446317657497784,-0.05108055009823187,-0.09335727109515268,-0.032500855285665486
2022-05-16,-0.13107543435232016,-0.1344057431534167,-0.1470143613000755,-0.14918032786885238,-0.18867924528301894,-0.12389380530973448,-0.06849315068493156,-0.1039426523297492,-0.001737921445950641
2022-05-17,-0.12835040313793866,-0.13732208750658936,-0.15884079236977255,-0.15839999999999999,-0.18455743879472697,-0.13134851138353754,-0.11632270168855541,-0.11177987962166824,0.0013995801259623075
2022-05-18,-0.13535791757049898,-0.14203051025775904,-0.15963302752293584,-0.15100401606425717,-0.1842105263157895,-0.13409290096406667,-0.12570356472795496,-0.10163652024117154,-0.018358157256667784
2022-05-19,-0.13528138528138522,-0.13423612937154872,-0.15962099125364437,-0.1394422310756971,-0.17897727272727282,-0.14298245614035077,-0.1292134831460674,-0.09723386420787938,-0.012530455969369969
2022-05-20,-0.12166236003445319,-0.12861610633307274,-0.14311792625045638,-0.13019169329073488,-0.16446124763705106,-0.1264167393199651,-0.1080074487895718,-0.07783417935702186,-0.01708817498291193
2022-05-23,-0.12535119948130535,-0.1288271925272445,-0.14043494286767422,-0.12248186946011286,-0.16272469252601696,-0.13327526132404177,-0.1080074487895718,-0.07482993197278898,-0.024390243902439046
2022-05-24,-0.13181519597109703,-0.1490422461296248,-0.16131441374159816,-0.15434606011372876,-0.16891891891891897,-0.12355555555555553,-0.12689393939393945,-0.11392405063291144,-0.035702142128527736
2022-05-25,-0.13716143011917659,-0.14802844214608923,-0.18191721132897598,-0.17982799061767007,-0.17714285714285716,-0.1254448398576513,-0.1410018552875696,-0.13877551020408174,-0.015463917525773141
2022-05-26,-0.11876379690949235,-0.12312549329123912,-0.1648718900854066,-0.17219589257503942,-0.13921568627450986,-0.10319634703196345,-0.1309297912713473,-0.1328958162428221,0.006932409012131657
2022-05-27,-0.12332968236582709,-0.12931034482758608,-0.18530582699963805,-0.1968992248062016,-0.14187866927592951,-0.10707803992740483,-0.15073529411764708,-0.15366049879324217,0.013612565445026092
2022-05-30,-0.1194486983154669,-0.1290448343079923,-0.1830581478822686,-0.19506553585196595,-0.14327772325809607,-0.09519492293744336,-0.1428571428571429,-0.15996847911741519,0.005567153792623625
2022-05-31,-0.11282273812106736,-0.11769280622164613,-0.16493738819320214,-0.16434108527131774,-0.1400778210116732,-0.09691629955947145,-0.12773722627737238,-0.14263199369582336,-0.003443526170798794
2022-06-01,-0.10734586794927847,-0.11894273127753308,-0.14118934695366658,-0.1584699453551911,-0.140625,-0.09082813891362429,-0.12177121771217725,-0.12849162011173165,-0.011576438542730605
2022-06-02,-0.09922992299229916,-0.10727720845764688,-0.117603550295858,-0.10634920634920642,-0.134765625,-0.07901907356948223,-0.1250000000000001,-0.09238249594813608,-0.029273216689098325
2022-06-06,-0.07076101468624829,-0.08685997910135845,-0.069496619083396,-0.0677830940988835,-0.10297029702970295,-0.06745670009115778,-0.09380863039399634,-0.02722772277227714,-0.026333558406482216
2022-06-07,-0.037735849056603654,-0.06603395268012291,-0.025560361777428264,-0.04683648315530009,-0.07817258883248723,-0.02083333333333337,-0.04854368932038844,0.0068317677198974636,-0.014615907545887152
2022-06-08,-0.009380863039399667,-0.023320377568017747,-0.00518548065416824,-0.021132713440405904,-0.039583333333333304,0.01844660194174752,-0.007968127490039834,0.02872062663185382,0.02728226652675758
2022-06-09,-0.008049242424242431,-0.018081649950558054,-0.024164317358034704,-0.04729729729729737,-0.016008537886873064,0.008737864077669855,0.002053388090349051,0.013937282229965264,0.050678087080656686
2022-06-10,-0.008403361344537674,-0.01585094549499444,-0.026305457400863874,-0.04329725228975856,0.010695187165775222,0.000954198473282375,-0.023809523809523836,-0.0025041736227043865,0.04073033707865181
2022-06-13,-0.026901669758812696,-0.03249245955579916,-0.04413472706155641,-0.06435643564356441,-0.025104602510460206,-0.011385199240986688,-0.06589147286821706,0.015138772077375906,0.018131101813110284
2022-06-14,0.015340364333652934,0.003660425172462345,-0.006024096385542244,-0.048551959114139676,0.0478723404255319,0.04059405940594063,-0.047244094488189003,0.03993055555555558,0.04559915164369044
2022-06-15,0.07853007802668022,0.062088569718731224,0.03139198678232136,-0.027145359019264403,0.11661166116611654,0.10208333333333353,0.008196721311475308,0.05132743362831871,0.10857356795207784
2022-06-16,0.027013989387361326,0.027605145252204144,-0.017633228840125414,-0.03924914675767921,0.0020682523267838704,0.09072375127421006,-0.011904761904761862,0.015177065767284947,0.06739926739926738
2022-06-17,0.021513002364065947,0.020762229806598365,-0.015243902439024404,-0.038687973086627414,0.0031152647975078995,0.06496062992125995,-0.01908396946564883,0.04606365159129,0.05326086956521747
2022-06-20,0.019727571629873042,0.01041666666666674,-0.0034155597722960174,-0.0394957983193277,-0.012345679012345734,0.07458292443572145,-0.009487666034155628,0.07154882154882158,0.019434628975264934
2022-06-21,0.02069614299153333,-0.0007011639321272689,-0.007966616084977174,-0.057499999999999996,0.004188481675392763,0.06947162426614484,-0.02819548872180455,0.04587155963302747,0.014742014742014753
2022-06-22,0.009887005649717562,-0.016542829104163825,-0.002305918524212025,-0.06011854360711255,-0.013598326359832602,0.05986261040235541,-0.02115384615384619,0.07027942421676547,-0.014497756299620246
2022-06-23,0.021530540603791337,-0.0015318200807686866,0.01939901103081021,-0.04953820319059632,0.020898641588296796,0.06751467710371806,-0.03759398496240607,0.09367088607594942,-0.004839267196681596
2022-06-24,0.039331135186057464,0.01782206006174558,0.04503816793893134,-0.025380710659898553,0.03488372093023262,0.0898321816386971,-0.03492647058823528,0.1345329905741217,-0.00586206896551722
2022-06-27,0.07004077716478796,0.03525230987917549,0.06861598440545813,-0.0008673026886384383,0.048128342245989275,0.1417085427135678,0.015180265654648917,0.1728395061728396,0.0031023784901760276
2022-06-28,0.08904440154440141,0.04915710440572307,0.09633757961783429,0.028169014084507005,0.054487179487179516,0.16428571428571437,0.028846153846153966,0.215439856373429,-0.004071937563624006
2022-06-29,0.08046534173533693,0.0381712006836632,0.06849860613301462,0.013333333333333197,0.03978494623655915,0.1463664278403276,0.015238095238095273,0.15563506261180682,-0.006070826306913912
2022-06-30,0.060955518945634335,0.02411822110692885,0.04597701149425282,-0.002590673575129432,0.011398963730570033,0.14910536779324057,0.020446096654275214,0.14408973252804147,-0.003027245206861706
2022-07-01,0.06519677572309157,0.03121923780059066,0.04856254856254849,0.004397537379067673,0.006269592476489061,0.14456630109670998,0.020560747663551426,0.17631344612644706,-0.014276228419654813
2022-07-04,0.059030217849613376,0.03659217877094956,0.06589147286821695,0.006167400881057272,-0.003092783505154628,0.1446850393700787,0.07518796992481191,0.1952085181898846,-0.02298850574712641
2022-07-05,0.059666431759455074,0.03751399776035824,0.07411764705882362,0.03263825929283781,-0.01750772399588052,0.1472332015810276,0.08490566037735836,0.23545454545454536,-0.03268608414239482
2022-07-06,0.0587395957193817,0.04783729590375252,0.09174679487179493,0.06382978723404253,-0.008412197686645695,0.1356783919597988,0.0748560460652592,0.2516188714153562,-0.03975032851511173
2022-07-07,0.05551618237656508,0.048679514632405496,0.11160176635889196,0.08302238805970141,-0.025879917184265078,0.14141414141414121,0.0678294573643412,0.2951582867783984,-0.04644365053588839
2022-07-08,0.08851499634235571,0.07682099675611909,0.14459346186085487,0.11724806201550386,-0.0010683760683760646,0.16324435318275166,0.08875739644970415,0.33498023715415015,-0.02847682119205297
2022-07-11,0.052025893071205864,0.04540838531843905,0.10245901639344268,0.08766859344894029,-0.0444674250258531,0.11309523809523814,0.052023121387283267,0.2748538011695907,-0.03421926910299
2022-07-12,0.05146170572602071,0.047990578536728945,0.09523809523809512,0.08946322067594448,-0.030271398747390266,0.10678642714570863,0.04339250493096647,0.2696850393700787,-0.03395977579953835
2022-07-13,0.04207506574229036,0.038064797326746946,0.11552951025533709,0.08062930186824002,-0.04629629629629628,0.07632850241545919,0.03921568627450989,0.3157894736842106,-0.052120427322758234
2022-07-14,0.042812724228653565,0.054830669989737624,0.1467505241090148,0.10619469026548689,-0.04761904761904756,0.06853281853281845,0.05242718446601957,0.372983870967742,-0.051701570680628195
2022-07-15,0.032203797164143344,0.036179874029588444,0.11111111111111116,0.0706781279847184,-0.04680851063829783,0.060576923076923084,0.029182879377432025,0.3257650542941759,-0.044786096256684504
2022-07-18,0.0500725689404935,0.051978391005986335,0.14303744215397574,0.08640776699029118,-0.019292604501607746,0.059672762271414825,0.05776892430278879,0.33136094674556227,-0.0391963109354414
2022-07-19,0.06274606299212593,0.08070542519802726,0.1669580419580421,0.09575518262586402,0.005446623093681824,0.054545454545454675,0.05870445344129549,0.355601233299075,-0.009494743981010467
2022-07-20,0.08383383383383403,0.12922127987663834,0.1964285714285714,0.1268731268731269,0.007641921397379958,0.07820136852394932,0.09771309771309777,0.42518837459634007,0.010708117443868792
2022-07-21,0.06989515726410378,0.1250387837418554,0.19999999999999996,0.16174974567650047,-0.0032715376226826187,0.0724779627815868,0.09791666666666665,0.4147665580890336,-0.014700854700854582
2022-07-22,0.12483608707054805,0.19286307053941898,0.26058012363290506,0.22619047619047605,0.030371203599550034,0.11416921508664624,0.1513157894736843,0.5304449648711944,0.022848982506247895
2022-07-25,0.1289981496167063,0.20304311073541825,0.2603068072866732,0.23652365236523654,0.06595995288574796,0.11257606490872218,0.12526997840172793,0.5353293413173654,0.04055032585083285
2022-07-26,0.10568269478014924,0.17795224075891403,0.19727272727272704,0.19894179894179898,0.059302325581395365,0.09504950495049513,0.09957627118644075,0.41022850924918397,0.04074338813438172
2022-07-27,0.09220945083014032,0.1863211415450221,0.221964782205746,0.2189160467587674,0.07582938388625604,0.08003952569169948,0.08742004264392333,0.4366812227074235,0.02390998593530247
2022-07-28,0.06575342465753442,0.14258704899952712,0.17156862745098023,0.17748478701825565,0.04095563139931735,0.07495069033530588,0.056367432150313146,0.36221294363256784,0.015635858234885225
2022-07-29,0.05499999999999994,0.12564543889845092,0.1726943942133814,0.14587525150905445,0.046136101499423265,0.053149606299212726,0.022916666666666696,0.35878661087866104,0.011859086152772758
2022-08-01,0.08583141173456332,0.16133162612035856,0.22048690858980247,0.17276422764227628,0.06635071090047395,0.09008097165991891,0.04893617021276597,0.41559829059829045,0.04154727793696278
2022-08-02,0.07646602944975456,0.12248135808345229,0.2049028677150786,0.1641337386018238,0.030769230769230882,0.0835030549898168,0.03655913978494607,0.36536430834213296,0.021910919540230056
2022-08-03,0.05260469867211448,0.09471056327040106,0.15834845735027203,0.13609467455621282,0.00932400932400923,0.063508064516129,0.034115138592750505,0.2898252826310379,0.010764262648008671
2022-08-04,0.04583228405943074,0.0911345319280843,0.12896126760563398,0.11674641148325371,0.012746234067207318,0.07336683417085443,0.035490605427974886,0.23889437314906226,0.01292639138240581
2022-08-05,0.06757782839787385,0.11290072789221006,0.14448836187966618,0.15151515151515138,0.034682080924855585,0.08299999999999996,0.051652892561983466,0.2527254707631319,0.01875225387666779
2022-08-08,0.05575087895529873,0.10641555657632829,0.1361050328227571,0.1431279620853081,0.028735632183908066,0.07815631262525047,0.04140786749482395,0.2623762376237624,0.00990099009900991
2022-08-09,0.06580612503163752,0.11303947166333894,0.15817456801063345,0.17341040462427748,0.037209302325581506,0.07979797979797976,0.050420168067226934,0.30099999999999993,0.0017409470752087763
2022-08-10,0.04150000000000009,0.104949587534372,0.1247274313126907,0.14828897338403024,0.026558891454965483,0.05745967741935476,0.03821656050955413,0.2468538238141338,-0.00034940600978328185
2022-08-11,0.06723532363271434,0.13059472716125087,0.15589519650655004,0.1627246925260173,0.08064516129032251,0.08097165991902844,0.08369098712446355,0.24448705656759362,0.01905434015525742
2022-08-12,0.06508135168961204,0.11814730447987865,0.13313096270598446,0.11203703703703694,0.07843137254901977,0.09928352098259996,0.08817204301075265,0.18941504178272983,0.02749383151216067
2022-08-15,0.040696249080657054,0.10258710931658443,0.12398806987643796,0.09733700642791554,0.04864253393665163,0.06287425149700598,0.03757828810020891,0.21100917431192667,0.0184283727399166
2022-08-16,0.04645416357795917,0.100819061801936,0.13722126929674117,0.09274563820018367,0.04519774011299438,0.06934673366834176,0.025052192066805867,0.22058823529411753,0.020486111111111205
2022-08-17,0.07843631778058002,0.147086031452359,0.1999109528049865,0.13928914505283374,0.09639953542392554,0.0851926977687627,0.07375271149674623,0.27142857142857135,0.03772919605077574
2022-08-18,0.06454043194374681,0.12488619119878619,0.195295162006214,0.14394661582459478,0.08333333333333348,0.07019328585961349,0.04751619870410351,0.2729857819905215,0.01884816753926688
2022-08-19,0.05435871743486964,0.09735973597359737,0.17963539350822577,0.10782442748091592,0.06036446469248302,0.07841140529531554,0.05021834061135366,0.23368022705771052,0.013425129087779819
2022-08-22,0.058470764617691184,0.11116111611161106,0.19902265659706786,0.11776061776061764,0.05929304446978345,0.08130081300813008,0.04761904761904745,0.2604562737642586,0.02272727272727293
2022-08-23,0.04894409937888189,0.10549089823933144,0.1849736379613358,0.11015325670498077,0.06643757159221075,0.05611222444889785,0.019230769230769162,0.2532833020637899,0.03114186851211076
2022-08-24,0.013695280019564438,0.05729396209784032,0.11396743787489294,0.03803339517625215,0.039592760180995556,0.022439024390243922,-0.012552301255230103,0.18566176470588225,0.014512785072563927
2022-08-25,0.024001959343619816,0.06411764705882361,0.10025488530161408,0.025974025974025983,0.06477272727272743,0.04701273261508332,0.004201680672268893,0.15476190476190466,0.03375818119187035
2022-08-26,0.019785051294577416,0.04911362975879108,0.07544006705783723,-0.027531083481349805,0.046275395033860134,0.06508875739644981,0.021321961620469176,0.12053571428571419,0.032928942807625816
2022-08-29,-0.00622605363984674,-0.09884136747246453,0.030682276947920917,-0.057313943541488444,0.017660044150110465,0.04496578690127073,-0.020703933747411973,0.06361323155216292,0.040915395284327305
2022-08-30,-0.009803921568627527,-0.09961356805495913,0.024213075060532496,-0.053448275862068795,0.016519823788546217,0.03481624758220514,-0.038775510204081653,0.05004240882103472,0.026215936529838002
2022-08-31,-0.019649621212121215,-0.12492893689596352,-0.001202886928628799,-0.06994818652849744,0.00759219088937102,0.030505243088655876,-0.03614457831325302,0.0033840947546530664,0.006809669731018042
2022-09-01,-0.019809069212410546,-0.11739318083728956,0.016508460586050377,-0.046099290780141744,-0.005422993492407824,0.023099133782483072,-0.020491803278688492,0.00945017182130603,0.013926630434782483
2022-09-02,-0.038606403013182855,-0.13167561458039,-0.007661290322580672,-0.060922541340295955,-0.033862433862433816,0.004766444232602529,-0.03861788617886186,-0.025941422594142338,0.005060728744939347
2022-09-05,-0.02716873212583415,-0.12469888054414069,-0.000810044552450262,-0.052910052910052796,-0.012875536480686733,-0.004798464491362897,-0.03526970954356834,-0.028169014084507116,0.03869863013698627
2022-09-06,-0.029508970727101014,-0.11867022022724072,-0.0028282828282828465,-0.026857654431513,-0.0548223350253807,-0.008563273073263433,-0.04132231404958675,0.005843071786310716,0.04192021636240684
2022-09-07,-0.038739789964994276,-0.11269192844062537,-0.0016019223067681443,-0.008100810081008047,-0.08866995073891615,-0.02835538752362954,-0.05894308943089421,0.030303030303030276,0.03816278284363395
2022-09-08,-0.036871770784405844,-0.1171589310829817,-0.02353410450737936,-0.03019538188277071,-0.0485036119711042,-0.04205607476635531,-0.07429718875502,0.002491694352159568,0.05181880576527109
2022-09-09,-0.03749132145336731,-0.12022847589857888,-0.04179566563467496,-0.05249343832021003,-0.02795031055900621,-0.04251386321626616,-0.07587548638132302,-0.03442754203362697,0.06914344685242524
2022-09-13,-0.03892215568862267,-0.12245750905544717,-0.057501904036557416,-0.05686789151356075,-0.023958333333333193,-0.041095890410958846,-0.10727969348659006,-0.05420267085624508,0.06932409012131724
2022-09-14,-0.04907834101382491,-0.1227897838899803,-0.07036328871892927,-0.0450928381962864,-0.037539103232533844,-0.04391582799634042,-0.10251450676982587,-0.06060606060606066,0.05811138014527839
2022-09-15,-0.04662004662004671,-0.1292943692088382,-0.09514637904468404,-0.057657657657657735,-0.022269353128313796,-0.034259259259259434,-0.09233791748526521,-0.11392405063291133,0.07565674255691768
2022-09-16,-0.08361970217640324,-0.16931659693165968,-0.142910447761194,-0.07685512367491165,-0.11054247697031727,-0.06141154903758017,-0.125,-0.1527777777777778,0.03542896839180276
2022-09-19,-0.09607976433265364,-0.18392389356128502,-0.16544923301680048,-0.11371527777777779,-0.12257405515832487,-0.06250000000000011,-0.16000000000000003,-0.17220543806646527,0.0339923690600068
2022-09-20,-0.10535754315175971,-0.18316627763284365,-0.16198467712513676,-0.10763888888888884,-0.12346938775510208,-0.08450704225352101,-0.17383177570093467,-0.1518796992481204,0.023367697594501635
2022-09-21,-0.12231331708397963,-0.19268160950580604,-0.1775599128540305,-0.13013698630136983,-0.12867274569402232,-0.10166520595968453,-0.19813084112149537,-0.17208271787296903,0.023850085178875657
2022-09-22,-0.11799013010318538,-0.1809576073535465,-0.16064107342527023,-0.1043859649122807,-0.11582213029989663,-0.09821428571428581,-0.21013133208255164,-0.13235294117647056,0.02375296912114
2022-09-23,-0.12954747116237797,-0.1969779471821399,-0.17985347985347988,-0.129004329004329,-0.12295081967213117,-0.12370242214532878,-0.2367941712204008,-0.16365007541478138,0.009784075573549211
2022-09-26,-0.13220565323837086,-0.20823673803354703,-0.16524638755094467,-0.12084063047285454,-0.1298026998961579,-0.11498257839721249,-0.23809523809523814,-0.15064345193035567,-0.008083529808016188
2022-09-27,-0.12652068126520688,-0.2030450013473457,-0.1614545454545454,-0.10770577933450087,-0.12616339193381587,-0.09544282029234741,-0.2325174825174825,-0.1625835189309578,-0.004705882352941226
2022-09-28,-0.1369984482376414,-0.22072315164597955,-0.1788974078130704,-0.12291483757682176,-0.12893081761006286,-0.09905254091300597,-0.24521739130434772,-0.20309050772626935,-0.016393442622950838
2022-09-29,-0.12533692722371959,-0.20844723892837613,-0.16807339449541292,-0.1269565217391304,-0.13043478260869568,-0.0752212389380531,-0.20714285714285718,-0.1884700665188469,0.004105371193978691
2022-09-30,-0.1342882721575649,-0.22229784916961615,-0.1979053810039726,-0.15503875968992253,-0.13283740701381508,-0.0778761061946901,-0.19782214156079858,-0.23652048885693744,0.008174386920980936
2022-10-10,-0.15120967741935487,-0.22675612761878672,-0.2068839253020871,-0.18733738074588024,-0.13582887700534763,-0.10767872903795239,-0.2246376811594204,-0.231680236861584,0.0105657805044308
2022-10-11,-0.13719234275296255,-0.21149042464612822,-0.18513011152416348,-0.1744906997342781,-0.11688311688311703,-0.09714795008912669,-0.2197802197802199,-0.18577981651376152,0.016511867905056876
2022-10-12,-0.11580882352941191,-0.18275038629020934,-0.13272311212814636,-0.11770072992700742,-0.10118406889128106,-0.08746618575293053,-0.18903591682419663,-0.14341085271317833,0.020477815699658786
2022-10-13,-0.12479926588667123,-0.18362491252624202,-0.14371482176360229,-0.11828935395814377,-0.10463861920172612,-0.09515260323159791,-0.17358490566037743,-0.17358490566037732,0.005464480874316946
2022-10-14,-0.10481651376146794,-0.1687282835302294,-0.13528336380255934,-0.11288888888888893,-0.08152173913043481,-0.07678410117434509,-0.11070110701107017,-0.16886930983847293,0.026915113871635477
2022-10-17,-0.09150174621653084,-0.15069267741023462,-0.11865671641791042,-0.1034790365744872,-0.052455357142857206,-0.07706255666364459,-0.09073724007561446,-0.16604616530156358,0.03813855843247027
2022-10-18,-0.10274130384703983,-0.16238723108952113,-0.1266102318733897,-0.1045576407506702,-0.07650273224043724,-0.08265213442325159,-0.08851224105461397,-0.16888888888888887,0.015426808364758404
2022-10-19,-0.11183144246353327,-0.17245194302309497,-0.1179775280898876,-0.10540540540540544,-0.09317443120260027,-0.10889292196007272,-0.09369024856596564,-0.15693707354056097,0.01300924340979126
2022-10-20,-0.1170630339413532,-0.18557968045882833,-0.1279850746268657,-0.10815602836879423,-0.08992416034669559,-0.11332728921124202,-0.10037878787878796,-0.1820241691842901,0.0023923444976075015
2022-10-21,-0.11292580494633686,-0.17760617760617747,-0.13071161048689128,-0.11383537653239917,-0.07658643326039394,-0.11689497716894981,-0.10246679316888052,-0.17191097467382965,0.022206800832754947
2022-10-24,-0.13639543017020272,-0.17726450535689442,-0.14522821576763478,-0.10679611650485432,-0.09825327510917037,-0.15553522415370535,-0.1333333333333333,-0.18362662586074985,0.010122164048865567
2022-10-25,-0.13650199016623732,-0.1756604834176504,-0.14758463294028146,-0.09608540925266906,-0.10386740331491706,-0.16134913400182305,-0.14779270633397312,-0.15366614664586586,-0.0027835768963118124
2022-10-26,-0.135813953488372,-0.16870313801721737,-0.12604403948367493,-0.07237422771403357,-0.10208562019758516,-0.17631103074141052,-0.09633911368015424,-0.1527777777777778,-0.021634615384615308
2022-10-27,-0.137043966323667,-0.17475459698603613,-0.1410693970420932,-0.08631211857018306,-0.09471365638766527,-0.18847209515096064,-0.0980392156862745,-0.17173252279635254,-0.016826923076923017
2022-10-28,-0.1577471371815844,-0.2031163816878102,-0.16812476226702178,-0.10594315245478036,-0.121311475409836,-0.20733944954128447,-0.11067193675889331,-0.19846743295019154,-0.03729045501197403
2022-10-31,-0.15521327014218,-0.19182652210175144,-0.15111796453353887,-0.06935908691834936,-0.11245865490628448,-0.20000000000000007,-0.09164969450101834,-0.20246343341031559,-0.053085143054119266
2022-11-01,-0.12623879188296383,-0.17874862183020956,-0.14377117049303734,-0.0719237435008665,-0.07777777777777783,-0.16063138347260908,-0.05882352941176461,-0.1856603773584906,-0.04848693259972492
2022-11-02,-0.10319174466042713,-0.15166077738515904,-0.11516314779270631,-0.056570931244560474,-0.04477611940298509,-0.13909774436090228,-0.022821576763485507,-0.15467904098994578,-0.015817223198594133
2022-11-03,-0.10067928190198938,-0.1440992018244014,-0.09557383470426939,-0.04861111111111094,-0.04503464203233265,-0.14123222748815156,-0.03505154639175245,-0.12669322709163333,-0.012779552715655007
2022-11-04,-0.07681194317360929,-0.1254261363636363,-0.07095516569200777,-0.0394173093401885,-0.027459954233409634,-0.11704119850187278,-0.03629032258064524,-0.08366533864541836,0.0028358738036158293
2022-11-07,-0.09103840682788045,-0.1454216532145839,-0.08710667689946272,-0.08881578947368407,-0.05251396648044693,-0.1246537396121884,-0.05893909626719063,-0.09018987341772156,0.010265486725663742
2022-11-08,-0.0934823977164605,-0.14932189316357591,-0.08975346687211094,-0.08955223880597007,-0.05586592178770955,-0.13382899628252787,-0.0656063618290259,-0.10117647058823531,-0.0007002801120447044
2022-11-09,-0.10448824507242949,-0.15413274458396575,-0.11017597551644986,-0.10919540229885061,-0.056053811659192876,-0.14031805425631427,-0.06599999999999995,-0.13758647194465778,-0.008689607229753205
2022-11-10,-0.0998559769563131,-0.155398866307203,-0.11283443195036846,-0.11672185430463577,-0.04611923509561311,-0.11534795042897983,-0.05112474437627801,-0.14984472049689446,-0.0006990562740301076
2022-11-11,-0.0954395862717442,-0.16689262472885047,-0.11975821684926324,-0.13018714401952813,-0.07356076759061825,-0.10767790262172294,-0.0752475247524752,-0.14714946070878276,0.011426592797783908
2022-11-14,-0.09518213866039948,-0.166779845171805,-0.11902028319938762,-0.1082431307243964,-0.06310160427807487,-0.12011173184357549,-0.05335968379446643,-0.16237314597970331,-0.0017152658662091813
2022-11-15,-0.07538280329799774,-0.1535331615353317,-0.10500379075056854,-0.07949790794979072,-0.02049622437971954,-0.09765258215962436,-0.030181086519114664,-0.1681818181818182,-0.003072721065209949
2022-11-16,-0.08004722550177101,-0.15963203463203468,-0.12141779788838614,-0.09159663865546219,-0.035675675675675755,-0.09774436090225569,-0.018329938900203735,-0.19352409638554224,-0.009527050017012595
2022-11-17,-0.09284377923292797,-0.16330645161290336,-0.14063079777365495,-0.08263069139966261,-0.05084745762711862,-0.10373831775700948,-0.030303030303030276,-0.2089887640449437,-0.01800883452259594
2022-11-18,-0.08799245104977582,-0.16187778227438288,-0.14036390642406238,-0.10333333333333328,-0.05555555555555558,-0.09315589353612175,0.004123711340206171,-0.21518987341772144,-0.014388489208633226
2022-11-21,-0.08933238298883328,-0.15160628844839374,-0.12589521296645312,-0.07062876830318698,-0.06659505907626218,-0.1142587346553352,0.0020790020790020236,-0.18328220858895716,-0.02649456521739124
2022-11-22,-0.09560906515580736,-0.17105440799243965,-0.15783623564283056,-0.08376511226252159,-0.06350914962325083,-0.12030075187969924,-0.022727272727272707,-0.2149321266968327,-0.028619528619528767
2022-11-23,-0.0918995736617717,-0.17276285598596308,-0.15869484612532436,-0.08283002588438315,-0.06444683136412466,-0.11859582542694491,-0.02935010482180289,-0.20583832335329355,-0.026510067114093983
2022-11-24,-0.07937273823884194,-0.14825621786855636,-0.12923076923076937,-0.05272564789991063,-0.05658324265505987,-0.1192748091603053,-0.01483050847457612,-0.17829457364341084,-0.0064713896457766484
2022-11-25,-0.08227696723271938,-0.15726920950801548,-0.13436293436293434,-0.05515370705244138,-0.06510138740661686,-0.13657623947614583,-0.027196652719665204,-0.17922283901665348,-0.011662779073641993
2022-11-28,-0.09173652694610779,-0.1591412742382271,-0.1297739672642244,-0.05205479452054784,-0.07011866235167208,-0.1444444444444445,-0.045929018789144016,-0.18247011952191228,-0.010738255033557076
2022-11-29,-0.05831325301204826,-0.020476190476190426,-0.11163337250293781,-0.0490018148820327,-0.030368763557483747,-0.10851262862488309,-0.010570824524312794,-0.17942583732057427,0.01065956029313786
2022-11-30,-0.05554213957981169,-0.02130027022730896,-0.10756501182033085,-0.0519125683060111,-0.031419284940411685,-0.10747663551401876,-0.014861995753715385,-0.1631663974151858,0.0131092436974789
2022-12-01,-0.04467519922723984,0.005359753126522815,-0.07226013649136898,-0.02135561745589587,-0.03444564047362764,-0.09158186864014795,-0.014583333333333393,-0.10961214165261379,0.012174501183632058
2022-12-02,-0.04236669101533974,0.006519967400163029,-0.059683313032886764,-0.020446096654275103,-0.025081788440567077,-0.07149576669802438,-0.01882845188284521,-0.10042553191489367,-0.004355108877721947
2022-12-05,-0.019588638589618013,0.011714936544093835,-0.0601381552214546,-0.02594995366079711,0.014238773274917849,-0.04838709677419373,-0.0042283298097252064,-0.10567010309278346,0.015441423296408185
2022-12-06,-0.013473787359137623,0.006151853650639527,-0.05999189298743424,-0.023277467411545794,0.0010869565217390686,-0.015429122468659573,0.012903225806451424,-0.10997442455242967,-0.006594131223211397
2022-12-07,-0.023351982486013112,-0.012096132420818195,-0.050648298217179866,-0.03771849126034954,-0.020408163265306145,-0.015355086372360827,0.015086206896551602,-0.1228215767634856,-0.027255029201816883
2022-12-08,-0.023063850449138057,-0.016193046515319942,-0.06217408744484554,-0.052631578947368474,-0.016216216216216273,-0.009727626459143934,0.015118790496760237,-0.13398692810457513,-0.019843851659076095
2022-12-09,-0.01048524750060964,-0.011311135892942414,-0.040849673202614456,-0.04395604395604402,-0.004338394793926281,0.014634146341463428,0.019522776572667988,-0.12510356255178123,-0.014681892332789492
2022-12-12,-0.03438326520798263,-0.02090261282660344,-0.05775444264943452,-0.03231763619575245,-0.04579339723109688,-0.010617760617760763,-0.004210526315789442,-0.1393034825870646,-0.04826254826254828
2022-12-13,-0.040258806613946874,-0.02381330369899992,-0.06868686868686869,-0.04359925788497232,-0.04268943436499473,-0.010476190476190639,0.010729613733905463,-0.15282392026578073,-0.036628849270664454
2022-12-14,-0.027138357160164772,-0.02047672372420417,-0.05429864253393668,-0.050000000000000044,-0.021668472372697756,0.013397129186602852,0.012931034482758452,-0.1417657045840408,-0.030402092186989194
2022-12-15,-0.018826405867970686,0.002292075965946383,-0.009791400595998367,-0.012428298279158811,-0.02819956616052066,0.0019175455417066445,0.012987012987013102,-0.07857142857142863,-0.04558775643113
2022-12-16,0.004250000000000087,0.02400940228341164,0.0004353504571179556,-0.023923444976076458,0.027617951668584606,0.0244140625,0.049107142857142794,-0.08378870673952643,-0.009392821200939316
2022-12-19,-0.007520681875156643,0.0086163203243792,-0.004814004376367698,-0.02448579823702246,0.010477299185098987,0.0009661835748793202,0.03854875283446724,-0.07664233576642343,-0.022475679302247475
2022-12-20,-0.023803558005512482,-0.007228105563960363,-0.023508924684371046,-0.03307392996108949,0.00465657741559955,-0.03653846153846152,0.020361990950226172,-0.11258865248226957,-0.032907991940899994
2022-12-21,-0.01716738197424894,-0.017226961030272547,-0.01103752759381893,-0.034448818897637845,0.0034883720930232176,-0.012682926829268193,0.053613053613053685,-0.12042818911685993,-0.04059900166389352
2022-12-22,-0.007884028484231975,-0.026298157453936377,-0.007548845470692678,-0.04897159647404503,0.008187134502924076,0.022772277227722793,0.09263657957244664,-0.14005352363960755,-0.05170699370235321
2022-12-23,-0.00840978593272168,-0.018308187828445455,-0.0075926753014737836,-0.0437375745526839,0.010514018691588856,0.022704837117472954,0.1073985680190932,-0.1451758340847611,-0.04744403608419645
2022-12-26,0.0002564760194920801,0.009300723389596977,0.003994673768308976,-0.01195219123505975,0.02863961813842475,0.009842519685039353,0.11298076923076938,-0.11764705882352955,-0.034295415959253006
2022-12-27,-0.0005064573309697673,-0.002535925612848655,-0.005637467476149127,-0.014720314033365933,0.03313609467455625,-0.005703422053231932,0.06833712984054663,-0.11258865248226957,-0.030057413036136404
2022-12-28,0.010531723606473253,0.018698060941828354,0.008003557136504913,-0.0010010010010009784,0.04332129963898912,-0.004780114722753415,0.08064516129032251,-0.08125577100646353,-0.021088435374149617
2022-12-29,0.007190549563431015,0.015541357278535672,0.004411116012351224,0.0,0.054878048780487854,-0.016267942583731987,0.072072072072072,-0.09653916211293267,-0.029301533219761478
2022-12-30,0.018097207859358866,0.030456852791878042,0.02611436289959479,0.022426095820591074,0.06495098039215685,0.0019193857965451588,0.08144796380090491,-0.07062146892655374,-0.03277027027027024
2023-01-03,0.04222750065980452,0.057198512484504915,0.056786703601108046,0.09178228388473841,0.06930693069306915,0.013847675568743778,0.11448598130841114,-0.036608863198458574,-0.03001686340640808
2023-01-04,0.044374009508716394,0.05033438929954226,0.03421532846715314,0.09012875536480691,0.06127450980392157,0.010858835143139345,0.12676056338028174,-0.08169014084507042,-0.019627749576988207
2023-01-05,0.047037422037422116,0.03592299759367479,0.02462620932277937,0.061013443640124176,0.057485029940119725,0.045454545454545414,0.1515151515151516,-0.09321266968325792,-0.02943143812709037
2023-01-06,0.0602883355176933,0.03548774215669459,0.02979842243645936,0.06501547987616108,0.06506024096385543,0.04960317460317465,0.12100456621004563,-0.05388127853881275,-0.01596467391304357
2023-01-09,0.04278759928260323,0.011870924594549415,0.0,0.03406813627254501,0.06390532544378713,0.050880626223092085,0.0269709543568466,-0.08038869257950532,-0.0258736559139785
2023-01-10,0.044592516658123804,0.009820239680426113,0.01651143099068575,0.02686567164179121,0.05771495877502941,0.05992141453831046,0.043659043659043606,-0.06607142857142867,-0.028311425682507663
2023-01-11,0.0464698331193838,0.000662800331399982,0.0004214075010535723,0.011976047904191711,0.0556213017751479,0.06336633663366342,0.030991735537190035,-0.07754010695187186,-0.0192437542201217
2023-01-12,0.06412930135557882,0.008188502673796894,0.01146496815286624,0.023162134944612278,0.07526881720430123,0.08757637474541768,0.04641350210970474,-0.058453237410072134,-0.022642784724569154
2023-01-13,0.08368200836820083,0.02012072434607637,0.03423192126658092,0.010934393638170947,0.09285714285714297,0.12167689161554196,0.07578947368421063,-0.03508771929824561,-0.008864643709512343
2023-01-16,0.08968963703314037,0.030013413816230683,0.06074967686342103,0.022727272727272707,0.12203791469194303,0.15718717683557393,0.12262156448202965,-0.025023169601482764,-0.05363204344874417
2023-01-17,0.11744060475161988,0.0402502959580584,0.09002647837599298,0.032608695652173836,0.1610169491525424,0.19934994582881904,0.16043956043956054,-0.008434864104967077,-0.039391845196959374
2023-01-18,0.11984815618221245,0.05267644050460274,0.10129406514948669,0.0334645669291338,0.17755856966707761,0.19239130434782603,0.177927927927928,-0.019354838709677358,-0.028960223307746058
2023-01-19,0.11894510226049526,0.04092199766160021,0.0842745438748913,0.016175071360609028,0.1919315403422983,0.199780461031833,0.1385927505330491,-0.03369763205828791,-0.021060021060021028
2023-01-20,0.1330623306233063,0.05159993298709997,0.10684326710816783,0.023854961832060928,0.17883211678832112,0.22998872604284104,0.15652173913043477,-0.008256880733945038,-0.01606706252183021
2023-01-30,0.16675915649278572,0.08980792524658243,0.15820759030635578,0.034682080924855585,0.19527363184079594,0.275462962962963,0.1711111111111112,0.05066921606118546,-0.004619758351101622
2023-01-31,0.1666199158485273,0.0841073271413828,0.13851044504995458,-0.0018867924528301883,0.18757763975155273,0.26518691588785037,0.15022421524663687,0.06370656370656369,0.022570076447033127
2023-02-01,0.1315149878476911,0.06981037086759523,0.11516483516483511,0.0,0.18192771084337345,0.2079646017699115,0.11637931034482762,0.030583873957368057,0.016624503071919206
2023-02-02,0.1185442868611184,0.06381206264578476,0.09501084598698473,-0.008302583025830312,0.15504807692307687,0.19759825327510905,0.10403397027600869,0.0054894784995425105,0.0060714285714287275
2023-02-03,0.11599676288103589,0.05861781848459624,0.08271979211779978,-0.01642335766423364,0.1523579201934704,0.19867549668874185,0.10042735042735029,-0.014598540145985384,0.006472491909385036
2023-02-06,0.06416275430359941,0.0277732662010719,0.03566932438103221,-0.04727921498661902,0.10000000000000009,0.1314952279957582,0.05230125523012563,-0.0721739130434782,-0.0159066808059386
2023-02-07,0.06677099634846106,0.030939586386582008,0.034468263976460634,-0.04061371841155248,0.10613207547169812,0.12658227848101267,0.05219206680584554,-0.07130434782608686,-0.020672740014015423
2023-02-08,0.06874836001049611,0.022449975597852667,0.03554803216250524,-0.040072859744990974,0.09940828402366875,0.13626609442060067,0.07446808510638303,-0.07155322862129132,-0.023125437981780017
2023-02-09,0.09440466719703,0.04013050570962484,0.07179707652622525,-0.0027649769585252892,0.12114014251781469,0.17301414581066377,0.09635974304068529,-0.040106951871657914,-0.019284712482468325
2023-02-10,0.09413333333333318,0.040432149287935815,0.07736013986013979,0.0009372071227742307,0.10377358490566047,0.1637931034482758,0.09913793103448265,-0.03378995433789944,-0.020636586218957698
2023-02-13,0.0745841995841996,0.040520748576078125,0.07081545064377681,0.0,0.08400460299194479,0.1584470094438617,0.10064239828693777,-0.04065040650406493,-0.03971242725094137
2023-02-14,0.07636363636363641,0.044987775061124724,0.0816681146828846,-0.0056022408963585235,0.0730593607305936,0.16402116402116418,0.0751565762004176,-0.01491146318732528,-0.030240549828178698
2023-02-15,0.048662420382165505,0.025316455696202667,0.045319779754341205,-0.030000000000000138,0.025330396475770955,0.1373569198751301,0.051867219917012486,-0.04280510018214945,-0.03801369863013693
2023-02-16,0.04902464065708423,0.016419832582099225,0.0454935622317596,-0.029602220166512483,0.03811659192825112,0.13645833333333335,0.047717842323651505,-0.03734827264239038,-0.04019237375472351
2023-02-17,0.03866976024748636,0.005622489959839383,0.02677029360967187,-0.054227941176470784,0.014508928571428603,0.13138686131386867,0.04583333333333339,-0.04640151515151525,-0.03148788927335644
2023-02-20,0.0693222969477496,0.023338161918557754,0.03801295896328294,-0.03159851301115246,0.07013574660633481,0.1572327044025159,0.045174537987679786,-0.034155597722960174,-0.011817865832464358
2023-02-21,0.07983302895903988,0.030454398968739804,0.0327727468736525,-0.03799814643188126,0.09090909090909083,0.17057569296375275,0.049792531120331995,-0.03755868544600938,0.004535938590369826
2023-02-22,0.0699556251631428,0.040553745928338936,0.04575450945886472,-0.027332704995287394,0.07931034482758625,0.1762820512820511,0.06342494714587743,-0.02401536983669539,-0.0006932409012131435
2023-02-23,0.0691184141888368,0.04062652961331392,0.05112384310268836,-0.026340545625587963,0.08725602755453488,0.17330462863293872,0.07559395248380119,-0.03016022620169656,-0.0024129610479144414
2023-02-24,0.06394129979035634,0.03817292006525275,0.04107773851590135,-0.025471698113207708,0.07381776239907745,0.16901408450704225,0.06236559139784936,-0.04528301886792452,-0.010627356873500027
2023-02-27,0.05420901746155837,0.038209248934076845,0.043710972346119537,-0.016267942583731987,0.04908675799086759,0.1765980498374864,0.05161290322580636,-0.023188405797101463,-0.025286581254214457
2023-02-28,0.07357594936708867,0.04957997035084838,0.056426332288401104,-0.004816955684007862,0.0754060324825987,0.17857142857142838,0.08096280087527341,-0.012670565302144388,-0.016960651289009476
2023-03-01,0.054247697031729825,0.03889158969372852,0.04585537918871263,-0.009541984732824416,0.05145413870246074,0.15215110178384061,0.05982905982905984,-0.017492711370262426,-0.039222148978246496
2023-03-02,0.05216057274354391,0.04011694006821509,0.03620309050772619,-0.008645533141210304,0.04809843400447433,0.14450261780104712,0.0581896551724137,-0.03957528957528966,-0.028201725282017254
2023-03-03,0.04246713852376138,0.03408723747980602,0.01774123755949808,-0.010436432637571325,0.0523968784838349,0.1089613034623218,0.04016913319238902,-0.055871212121212155,-0.016371533578349418
2023-03-06,0.04220696669209256,0.036923076923076836,0.01943005181347157,-0.0009487666034156961,0.04026845637583887,0.09929078014184389,0.044776119402985204,-0.04068117313150421,-0.014131897711978425
2023-03-07,0.009490509490509558,0.013669990350595018,-0.00043233895373984144,-0.016175071360608806,-0.01295896328293733,0.05882352941176494,0.023354564755838636,-0.036503362151777186,-0.033719008264462724
2023-03-08,-0.0002483238142538813,0.015768302493966102,-0.00474342388960769,-0.010486177311725409,-0.008686210640608039,0.032321253672869865,0.019108280254777066,-0.04597701149425293,-0.03053435114503822
2023-03-09,0.00024906600249074984,0.01594973417109724,-0.01707212974818606,-0.004780114722753415,-0.004385964912280715,0.023391812865497075,0.019108280254777066,-0.06244087038789026,-0.027018012008005465
2023-03-10,-0.015656063618290306,0.004679683717927929,-0.016253207869974418,-0.006704980842911934,-0.015384615384615441,0.015717092337917515,0.02127659574468077,-0.07452830188679249,-0.04513773647527386
2023-03-13,-0.013060620995564265,0.008862391234289335,-0.02597955706984667,-0.003831417624521105,-0.019607843137254943,0.013461538461538414,0.014893617021276562,-0.08143939393939403,-0.03642384105960261
2023-03-14,-0.008964143426294813,0.004366812227074357,-0.024432061723103415,0.006679389312977069,-0.005580357142857095,0.02731707317073173,0.008456659619450413,-0.0761078998073218,-0.02129817444219073
2023-03-15,-0.006491885143570464,0.015124410473247751,-0.016052060737527296,0.016488845780795458,-0.0011148272017836858,0.00673724735322434,0.00849256900212314,-0.05980392156862746,-0.017833109017496573
2023-03-16,-0.020423412204234048,0.006859382655560964,-0.028708133971291794,0.005847953216374213,-0.01439645625692143,-0.022662889518413665,0.006382978723404209,-0.08209693372898108,-0.022926500337154487
2023-03-17,-0.014702217792175398,0.01290427964717411,-0.042132416165090225,0.022265246853824028,0.010044642857142794,-0.016267942583731987,-0.010683760683760646,-0.10755813953488369,-0.004776526782668156
2023-03-20,-0.021160069703759166,0.013608788325955024,-0.031331592689295085,0.04705882352941182,0.002239641657334923,-0.03431839847473783,-0.029787234042553123,-0.07852882703777331,-0.016593294954283744
2023-03-21,0.004041424602172272,0.04639865996649917,-0.00395778364116095,0.07429718875502012,0.040322580645161255,-0.0028957528957530565,0.028384279475982543,-0.07015810276679846,-0.0061770761839397
2023-03-22,0.024897330595482492,0.06349475110057567,0.012037449843959047,0.08048289738430592,0.04055619930475096,0.03093812375249483,0.04656319290465616,-0.0569430569430569,0.01041666666666674
2023-03-23,0.03544824043154371,0.07488087134104826,0.021428571428571352,0.12028542303771661,0.05330243337195828,0.02667984189723316,0.044247787610619316,-0.045638945233265726,0.010058966354491883
2023-03-24,0.03204306588054351,0.0879064166523309,0.02774049217002239,0.13697219361483026,0.05684454756380508,0.004840271055179146,0.019565217391304346,-0.021784232365145262,0.011534428521495999
2023-03-27,0.029298380878951313,0.09152132619582098,0.045454545454545414,0.1413721413721416,0.05895953757225447,-0.0009652509652510188,0.021551724137930828,0.0031645569620253333,0.007716590669940349
2023-03-28,0.024871794871794917,0.07593856655290088,0.01591511936339529,0.08870967741935498,0.051044083526682105,0.022417153996101336,0.02591792656587466,-0.05252525252525253,0.011954992967651235
2023-03-29,0.012667848999239784,0.06423728813559304,0.0017444395987789019,0.09860557768924294,0.032073310423825996,0.004780114722753304,0.004264392324093924,-0.05794205794205787,0.0013927576601671099
2023-03-30,0.02694458566344693,0.07273963290278718,0.02029113365681523,0.11022044088176353,0.04498269896193774,0.02017291066282434,0.008528784648187626,-0.04623115577889447,0.003127171646976956
2023-03-31,0.032636409994900584,0.08127869409964283,0.02195871761089152,0.11952191235059773,0.046242774566473965,0.03696498054474717,-0.012605042016806789,-0.03931451612903225,0.015795015795015743
2023-04-03,0.0360589131538851,0.09104807202310194,0.038174637999122574,0.16550348953140603,0.08400460299194479,0.019157088122605304,-0.025104602510460206,-0.029381965552178313,0.01816276632902558
2023-04-04,0.038237528488224815,0.0765494137353433,0.02664919178680636,0.14565004887585542,0.09490740740740744,0.04780487804878075,-0.016771488469601747,-0.06399999999999995,0.018080667593880495
2023-04-06,0.03388973191704592,0.07674262734584447,0.03837670930745496,0.17421259842519699,0.08429561200923774,0.033203125,-0.01666666666666672,-0.04089979550102252,0.004832585433206749
2023-04-07,0.021841648051625695,0.07433217189314734,0.016738197424892798,0.1764132553606239,0.07474518686296716,-0.005671077504725952,-0.022267206477732837,-0.0628742514970061,0.003445899379737938
2023-04-10,0.014091470951792529,0.0649006622516557,0.007659574468084962,0.13565891472868197,0.06221719457013575,-0.016068052930056864,-0.008146639511201648,-0.07528957528957536,0.004142216085605721
2023-04-11,0.00540540540540535,0.06262392597488442,-0.0012684989429175841,0.12887596899224807,0.05561735261401557,-0.04189944134078227,-0.02020202020202022,-0.08165225744476468,0.0113832355984822
2023-04-12,0.0029440628066732533,0.06362287786385368,-0.01999167013744252,0.1366279069767442,0.060133630289532114,-0.06394810009267837,-0.04183266932270924,-0.1022944550669217,0.02878945542837319
2023-04-13,-0.003189401373896006,0.06391786719655568,-0.017691659646166924,0.1272189349112427,0.053811659192825045,-0.05865921787709516,-0.02004008016032066,-0.09758454106280179,0.023407917383821086
2023-04-14,0.0004899559039686086,0.06746229073429477,-0.01133501259445846,0.16338582677165348,0.04555555555555557,-0.06086142322097399,-0.016129032258064502,-0.09551098376313272,0.025242047026279302
2023-04-17,0.00024131274131256042,0.06377383300460227,-0.021928009929664816,0.1661750245821043,0.05337690631808267,-0.07748404740200543,-0.04109589041095896,-0.08516746411483256,0.0316477468180254
2023-04-18,0.0021723388848662317,0.05144066417060067,-0.04386677497969138,0.1323671497584542,0.015839493136219573,-0.08936550491510287,-0.0866290018832393,-0.08650190114068446,0.08249641319942613
2023-04-19,-0.004832085044696899,0.045195903105186286,-0.05303643724696361,0.1272727272727272,-0.012513034410844615,-0.08762420957542905,-0.0890151515151516,-0.10207939508506625,0.08381294964028774
2023-04-20,-0.0065375302663438495,0.040000000000000036,-0.06239870340356557,0.15333333333333332,-0.004188481675392652,-0.08933454876937097,-0.09942638623326971,-0.13157894736842102,0.08120733021918802
2023-04-21,-0.030784030784030803,0.00593709884467275,-0.09094551282051277,0.08988764044943798,-0.060512820512820475,-0.09057639524245198,-0.13108614232209737,-0.1385485391140433,0.07278594478307632
2023-04-24,-0.04831380052618994,-0.007965588657001699,-0.10889509373753492,0.06430568499534006,-0.07120743034055721,-0.10540788267644363,-0.13157894736842102,-0.1720629047178538,0.06034788782392608
2023-04-25,-0.058263971462544584,-0.026198793267704024,-0.134228187919463,0.04283054003724396,-0.059313215400624286,-0.10435571687840295,-0.13662239089184058,-0.2156505914467698,0.07425919314530516
2023-04-26,-0.05001202212070199,-0.022846263683960033,-0.11208615875548467,0.05482041587901709,-0.05648535564853552,-0.09141274238227148,-0.11306042884990253,-0.17604355716878406,0.07333570665717337
2023-04-27,-0.048687350835322274,-0.029803921568627545,-0.11706740244383118,0.03828197945845013,-0.07441386340468903,-0.0924908424908426,-0.1138996138996139,-0.17985611510791366,0.07465339495200851
2023-04-28,-0.03708133971291849,-0.0169146436961628,-0.10657686212361339,0.05395348837209313,-0.03433922996878247,-0.08659981768459435,-0.1134615384615385,-0.17470427661510457,0.0859069932552361
2023-05-04,-0.027072758037224864,-0.012427245556079991,-0.10799999999999998,0.0287569573283859,-0.014690451206715638,-0.08931860036832417,-0.1029126213592233,-0.16759259259259263,0.11825652018578059
2023-05-05,-0.017401960784313664,-0.01675094816687739,-0.10777957860615883,0.023408239700374533,0.019251336898395532,-0.0674789128397375,-0.09542743538767395,-0.16869728209934387,0.13433908045977017
2023-05-08,-0.008801955990219934,-0.011056705101879727,-0.1007720438845997,0.03668861712135474,0.03624733475479758,-0.0758426966292135,-0.09325396825396826,-0.16385767790262173,0.16243291592128806
2023-05-09,-0.013258040756199407,-0.012887828162291282,-0.10911319983653445,0.022770398481973375,0.05812701829924638,-0.06798866855524077,-0.10297029702970295,-0.17575187969924821,0.1517216642754664
2023-05-10,-0.03368063968984725,-0.02870138017565882,-0.1179302045728039,-0.01201478743068407,0.01165254237288127,-0.08998144712430434,-0.11328125,-0.16991643454038996,0.12370396853771881
2023-05-11,-0.029246892517669876,-0.028634361233480066,-0.10304259634888435,0.001872659176029856,0.019230769230769162,-0.09444444444444455,-0.11372549019607847,-0.14461247637051045,0.1200000000000001
2023-05-12,-0.04909310761789598,-0.04379105411323114,-0.12424849699398799,-0.012160898035547096,-0.0010615711252653925,-0.12047101449275377,-0.1264591439688716,-0.16195856873822978,0.11336898395721917
2023-05-15,-0.03595559845559848,-0.03571985649664622,-0.10281124497991978,0.001877934272300541,0.015957446808510634,-0.11181818181818193,-0.10873786407766994,-0.1258278145695363,0.10418143160878812
2023-05-16,-0.033527696793002826,-0.04031879981247066,-0.0972447325769853,0.0009372071227742307,0.01611170784103111,-0.11161939615736505,-0.08678500986193294,-0.12274024738344425,0.10217159131363474
2023-05-17,-0.03327624174210908,-0.02708267342413684,-0.084975369458128,0.0219256434699715,0.01943844492440605,-0.11915673693858841,-0.09108910891089106,-0.10669253152279334,0.10343593414459562
2023-05-18,-0.019607843137254832,-0.01709265175718855,-0.06854499579478568,0.04761904761904767,0.03520352035203511,-0.12350230414746544,-0.09362549800796804,-0.10029791459781512,0.11146838156484473
2023-05-19,-0.045960328979196996,-0.0314564328405158,-0.07823553890969626,0.040307101727447225,-0.019027484143763096,-0.1304347826086958,-0.0982318271119843,-0.11591355599214148,0.07914175167077042
2023-05-22,-0.04228074414109695,-0.03846755277560587,-0.07557411273486436,0.035645472061657024,-0.02320675105485226,-0.10928961748633892,-0.08695652173913038,-0.11609756097560964,0.062174366099339906
2023-05-23,-0.04684069285191517,-0.047738300203474804,-0.07993268826251576,0.027131782945736482,-0.02768903088391894,-0.12170753860127159,-0.0815109343936381,-0.11614173228346458,0.047519944502254496
2023-05-24,-0.059770675774579174,-0.05330824709940418,-0.08469601677148841,0.019323671497584627,-0.05068637803590281,-0.12477064220183498,-0.08634538152610438,-0.12342079689018459,0.029025570145127855
2023-05-25,-0.05295566502463045,-0.05405405405405406,-0.07339838778107766,0.030977734753146136,-0.03222341568206233,-0.12326227988878591,-0.08502024291497967,-0.10474308300395252,0.02668052668052656
2023-05-26,-0.04820766378244745,-0.04075185594692776,-0.073931623931624,0.05252918287937747,-0.017410228509249226,-0.12983425414364647,-0.0736196319018404,-0.12363996043521253,0.03459010722933242
2023-05-29,-0.05821665438467194,-0.048022598870056554,-0.0915642221280204,0.037754114230396985,-0.035598705501618144,-0.1386593204775023,-0.08502024291497967,-0.1470878578479763,0.04278812974465129
2023-05-30,-0.06844660194174756,-0.04866635470285441,-0.09148397976391232,0.050096339113680166,-0.04574468085106376,-0.15482695810564662,-0.09879032258064513,-0.1463897131552917,0.036363636363636376
2023-05-31,-0.07606318347509111,-0.04871955028107433,-0.09203238176395412,0.0629844961240309,-0.04909284951974391,-0.1655992680695333,-0.10997963340122197,-0.1447236180904523,0.020143393649709962
2023-06-01,-0.07613967022308432,-0.04671145133572874,-0.08673469387755095,0.0546500479386387,-0.05402542372881347,-0.1579430670339761,-0.10365853658536583,-0.1454363089267804,0.013926630434782483
2023-06-02,-0.05757501829714573,-0.038888021240043646,-0.07878017789072445,0.044634377967711414,-0.033333333333333326,-0.1400921658986174,-0.0959183673469387,-0.1439842209072979,0.018430034129692796
2023-06-05,-0.04873824839188512,-0.025702046644454968,-0.07309688581314877,0.05996131528046433,-0.021881838074398252,-0.13276836158192096,-0.08713692946058083,-0.15054835493519436,0.027027027027026973
2023-06-06,-0.05414803775459509,-0.045303342309519934,-0.08752166377816295,0.027938342967244623,-0.033953997809419545,-0.12903225806451613,-0.09791666666666665,-0.1556224899598394,0.024306744265662594
2023-06-07,-0.05478087649402397,-0.04360926102124962,-0.09900130264871898,0.023054755043227626,-0.02753303964757714,-0.1333333333333333,-0.11249999999999993,-0.16548940464177597,0.03633870414809737
2023-06-08,-0.033577379449633904,-0.03340828782524896,-0.0995652173913042,0.015429122468659573,-0.0022321428571429047,-0.11121856866537716,-0.11875000000000002,-0.15698267074413863,0.06360792492179357
2023-06-09,-0.04019975031210987,-0.030666027791087735,-0.0878880629645824,0.03557692307692295,-0.008888888888888946,-0.1299810246679317,-0.10272536687631029,-0.14020618556701037,0.04501718213058403
2023-06-12,-0.03316582914572863,-0.019806763285024176,-0.07952548330404197,0.01516587677725112,-0.008978675645342271,-0.11016144349477675,-0.10272536687631029,-0.1282586027111574,0.03972366148531936
2023-06-13,-0.025634581553154123,-0.021948093559756465,-0.06922398589065237,0.03435114503816794,-0.008928571428571397,-0.10038240917782038,-0.09684210526315784,-0.1282586027111574,0.02877697841726623
2023-06-14,-0.0142384947876939,-0.008596918085969185,-0.05687416032243631,0.04651162790697683,-0.0011235955056180247,-0.07729468599033817,-0.08879492600422834,-0.1099137931034484,0.030020703933747228
2023-06-15,-0.003034901365705611,-0.005644250927269723,-0.021992818671454417,0.022727272727272707,-0.0033149171270718814,-0.05642023346303504,-0.04751619870410373,-0.059717698154180265,0.026396983201919966
2023-06-16,0.011953204476093715,0.004367518602393927,-0.008086253369272156,0.028089887640449396,0.012290502793296021,-0.038499506416584284,-0.028508771929824595,-0.056094929881337685,0.029269972451790638
2023-06-19,-0.006540880503144719,-0.007363534496558355,-0.02560706401766011,0.028037383177570208,-0.0055370985603543366,-0.06873184898354301,-0.07006369426751591,-0.07757704569606794,0.01933701657458564
2023-06-20,-0.012772351615326749,-0.013214456296767874,-0.026431718061673992,0.025139664804469275,-0.0033407572383074013,-0.07841239109390119,-0.07627118644067787,-0.08156779661016944,0.005154639175257714
2023-06-21,-0.03572314562143386,-0.03847371754274853,-0.0576923076923076,-0.030027297543221088,-0.03300330033003307,-0.09432146294513954,-0.09957627118644063,-0.0903294367693942,-0.0013736263736263687
2023-06-26,-0.045454545454545414,-0.055660974067046065,-0.07139747496734883,-0.042572463768116076,-0.05817782656421522,-0.10693641618497107,-0.09808102345415781,-0.08907741251325552,-0.011057360055286791
2023-06-27,-0.03395755305867654,-0.04809365606707794,-0.07963839862247102,-0.03460837887067403,-0.05458515283842802,-0.09951690821256032,-0.10548523206751048,-0.09358569926393268,0.01461886529759826
2023-06-28,-0.030022516887665773,-0.04345757335448053,-0.07484769364664934,-0.02314814814814825,-0.04415011037527594,-0.10867492850333638,-0.11368421052631583,-0.07569296375266521,0.019805420430854648
2023-06-29,-0.03452589442081555,-0.040930084408345224,-0.07313887679582065,-0.050770625566636474,-0.04217536071032191,-0.11988582302568973,-0.10615711252653925,-0.08377518557794272,0.019819193324061235
2023-06-30,-0.039108910891089144,-0.03437896070975932,-0.06441850410722005,-0.05054151624548742,-0.0298013245033113,-0.128060263653484,-0.10147991543340373,-0.07376185458377238,0.01766539660547295
2023-07-03,-0.03037037037037027,-0.03695549614719296,-0.06703910614525144,-0.06138790035587205,-0.015469613259668558,-0.11444652908067554,-0.08723404255319145,-0.07240293809024134,0.027297857636489287
2023-07-04,-0.03578431372549018,-0.04437178888369919,-0.08114961961115819,-0.09238665526090684,-0.05414012738853502,-0.10902255639097758,-0.07296137339055797,-0.08350730688935282,0.012006861063464935
2023-07-05,-0.04707317073170725,-0.049789948654115346,-0.08255319148936169,-0.10324232081911267,-0.06448202959830862,-0.13407821229050276,-0.08742004264392322,-0.07158119658119666,0.006830601092896238
2023-07-06,-0.051125244618395294,-0.0550887021475257,-0.09218351741716235,-0.12154233025984917,-0.057507987220447254,-0.1266540642722117,-0.10593220338983045,-0.0788912579957356,0.010305736860185544
2023-07-07,-0.06048093271799859,-0.06471042471042465,-0.10595187842971732,-0.14084507042253536,-0.06217070600632235,-0.11977186311787069,-0.12836438923395443,-0.09478168264110753,0.016140109890109944
2023-07-10,-0.053144807411019124,-0.055192786069651834,-0.09417229729729726,-0.11348122866894195,-0.052183173588924325,-0.1075888568683957,-0.13141683778234092,-0.08663883089770352,0.019594362323822834
2023-07-11,-0.04447702834799594,-0.047271030943865644,-0.08509737510584248,-0.10214592274678114,-0.05690200210748153,-0.09912536443148678,-0.1195876288659794,-0.08786610878661083,0.01091405184174632
2023-07-12,-0.048189823874755344,-0.0599721059972107,-0.09094772630684245,-0.12190963341858485,-0.06617647058823528,-0.08019801980198016,-0.11642411642411643,-0.06922257720979763,-0.006743088334457137
2023-07-13,-0.026827467388628956,-0.04280155642023342,-0.0643224699828473,-0.09098862642169736,-0.03936170212765955,-0.05835806132542032,-0.11451942740286303,-0.05674518201284806,0.001345442314160783
2023-07-14,-0.03232125367286964,-0.0487577639751553,-0.0789808917197452,-0.12351945854483914,-0.04250797024442077,-0.05682951146560311,-0.11680327868852458,-0.08447729672650472,0.009106239460371146
2023-07-17,-0.05331724969843177,-0.05577873918417808,-0.08967851099830781,-0.13322091062394592,-0.07342295760082729,-0.06818181818181823,-0.12857142857142856,-0.09937238493723843,-0.008002667555851994
2023-07-18,-0.05635838150289019,-0.05527171388759855,-0.08793542905692453,-0.1254266211604096,-0.06548856548856541,-0.08243375858684976,-0.11340206185567014,-0.10926118626430803,-0.01656726308813783
2023-07-19,-0.04928380674921096,-0.05226318245450312,-0.09149209063702435,-0.13497453310696095,-0.04540654699049618,-0.0752475247524752,-0.1143451143451143,-0.111578947368421,-0.008629273149684646
2023-07-20,-0.052400682427492074,-0.06150731859233882,-0.09118409680207429,-0.1684558216350125,-0.05783385909568872,-0.06506506506506504,-0.0997876857749469,-0.08766233766233777,-0.010302426055167735
2023-07-21,-0.0347394540942928,-0.03812410272770772,-0.07007492287351269,-0.14089347079037795,-0.018558951965065518,-0.04225352112676062,-0.07543103448275867,-0.08533916849015322,-0.004679144385026701
2023-07-24,-0.02663985926112089,-0.03324233178095404,-0.0644583706356312,-0.12872154115586687,-0.0022222222222222365,-0.03893442622950827,-0.0670995670995671,-0.07932960893854757,-0.0036826247070639306
2023-07-25,0.0063131313131312705,-0.0024457850970160955,-0.025991792065663488,-0.09910714285714306,0.0497787610619469,-0.01823708206686936,-0.04175824175824183,-0.023201856148491906,0.0029910269192421346
2023-07-26,0.006327512022272774,-0.00844292904692312,-0.04088050314465419,-0.0985663082437277,0.04878048780487787,-0.016260162601625994,-0.03296703296703296,-0.07048458149779746,0.0033167495854062867
2023-07-27,-0.003512293025589641,-0.019401778496362043,-0.04955357142857153,-0.1034172661870505,0.03083700440528636,-0.017154389505549927,-0.03921568627450989,-0.08114035087719307,0.0036387694343367194
2023-07-28,0.010683229813664319,-0.019117412776804232,-0.04079822616407991,-0.11120917917034434,0.09590517241379293,-0.008982035928143728,-0.02819956616052066,-0.06725468577728777,0.008826413860738791
2023-07-31,0.014658385093167414,-0.013061484549219515,-0.021524663677130018,-0.0847610459873761,0.07880724174653886,0.011122345803842304,-0.05411255411255411,-0.04894327030033374,-0.007667731629392938
2023-08-01,0.0142180094786728,-0.0033751205400194273,-0.015440508628519423,-0.07227813357731017,0.060860440713536246,-0.008040201005025116,-0.04395604395604402,-0.04171364148816237,-0.015199493350221638
2023-08-02,-0.004193389245189971,-0.013096949369110322,-0.022141888838680512,-0.08166969147005454,0.0473251028806585,-0.005065856129685908,-0.06345733041575496,-0.053751399776035935,-0.05478608802708529
2023-08-03,0.01343617815376974,-0.0006447453255963298,0.0032110091743118296,-0.05844155844155863,0.07222787385554441,0.0010131712259371373,-0.04194260485651213,-0.02166476624857472,-0.038617253192151924
2023-08-04,0.026579739217652998,0.00775068625867914,0.002273760800364011,-0.04490177736202061,0.11308900523560217,0.006116207951070374,-0.05066079295154191,-0.033557046979865834,-0.021317212853961043
2023-08-07,0.020085362791865347,0.00421120829284094,-0.011759384893713198,-0.052336448598130914,0.11740041928721179,0.0010224948875254825,-0.07522123893805321,-0.05082872928176796,-0.028061224489795977
2023-08-08,0.029501525940996975,0.01063133791298676,-0.0036613272311213363,-0.04356060606060608,0.12539851222104148,0.008238928939237944,-0.06458797327394217,-0.0393258426966292,-0.025616394492475214
2023-08-09,0.01126408010012514,-0.007279197670656878,-0.026857654431513,-0.0618556701030929,0.10261780104712037,0.0,-0.07189542483660138,-0.07792207792207795,-0.026636713735558426
2023-08-10,0.016842634489693253,-0.0009770395701026446,-0.019748653500897717,-0.06086142322097399,0.13530655391120527,0.005149330587023604,-0.0777537796976242,-0.06941431670282006,-0.013565891472868352
2023-08-11,-0.00025310048089088877,-0.020999511639264168,-0.04486316733961426,-0.08302238805970152,0.08792372881355925,-0.004162330905306932,-0.08278867102396525,-0.0901194353963084,-0.0230295167045087
2023-08-14,-0.0068354430379746756,-0.021452949780594754,-0.04604966139954847,-0.09647495361781089,0.08076514346439945,-0.00525762355415349,-0.07032967032967041,-0.08609271523178819,-0.03375120540019305
2023-08-15,-0.006338742393509067,-0.027606365703150337,-0.053724604966139844,-0.11439114391143923,0.11637931034482762,-0.018750000000000044,-0.08714596949891074,-0.09444444444444455,-0.012385919165580295
2023-08-16,-0.018920282542886024,-0.03317612619938193,-0.05962059620596216,-0.12186046511627913,0.12095032397408212,-0.04089979550102252,-0.09090909090909094,-0.11037527593818985,-0.009483322432962682
2023-08-17,-0.0012797542871768597,-0.016929651545036117,-0.04252400548696844,-0.10000000000000009,0.13691128148959475,-0.013443640124095158,-0.08658008658008665,-0.10022271714922049,0.0026490066225166586
2023-08-18,-0.0005189413596263792,-0.02484266313348793,-0.05405405405405406,-0.09952606635071093,0.13570634037819795,-0.020964360587002018,-0.08571428571428574,-0.11419068736141902,0.017125587642713214
2023-08-21,-0.011703511053316129,-0.03471760797342183,-0.0682234432234432,-0.12112676056338023,0.09322974472807988,-0.020084566596194398,-0.08849557522123896,-0.13576158940397354,0.013837327033412006
2023-08-22,-0.007012987012987026,-0.03869586695208305,-0.059529303184125526,-0.12569316081330884,0.11184939091915824,-0.021164021164021052,-0.09492273730684331,-0.1275395033860045,0.010364426613172828
2023-08-23,-0.017214397496087663,-0.05407187603033292,-0.07279514699020051,-0.1399253731343284,0.09284116331096182,-0.02771855010660973,-0.11061946902654862,-0.13194444444444442,0.0019854401058903015
2023-08-24,-0.012245961438249076,-0.05656665027053631,-0.06542923433874714,-0.1477064220183486,0.10590858416945381,0.0010775862068965747,-0.07829977628635354,-0.12050984936268827,-0.002979145978152853
2023-08-25,-0.004734350341925375,-0.06664478003939589,-0.06569685593618002,-0.16864175022789418,0.12008978675645343,0.018640350877193068,-0.06407322654462244,-0.11280846063454752,0.009036144578313365
2023-08-28,0.007086614173228423,-0.05784988528351376,-0.06424581005586605,-0.16181818181818186,0.14557670772676357,0.013086150490730697,-0.05895691609977327,-0.107981220657277,0.024120603015075348
2023-08-29,-0.0010354646647683374,-0.04549886252843682,-0.049655172413792914,-0.11818181818181828,0.13014460511679649,0.00857449088960327,-0.04966139954853277,-0.1071428571428571,0.024463806970509427
2023-08-30,0.0033810143042911633,-0.043315420941214766,-0.03593093793747082,-0.0985401459854015,0.10402684563758391,0.01845819761129186,-0.04318181818181821,-0.09154929577464788,0.00832778147901414
2023-08-31,0.00814075630252109,-0.030031524805044008,-0.02564102564102555,-0.07497656982193057,0.0975056689342404,0.016339869281045694,-0.0323325635103926,-0.09036860879904873,0.0006684491978610207
2023-09-01,0.01738672286617504,-0.029679986735201336,-0.012530120481927809,-0.07981220657276988,0.09739524348810868,0.03736263736263723,-0.023474178403755874,-0.07617896009673508,-0.00033079722130346934
2023-09-04,0.024033437826541215,-0.013625789298770341,-0.0019314340898116678,-0.06077872744539403,0.09172259507829983,0.04678998911860721,-0.007092198581560294,-0.0665054413542926,0.002614379084967311
2023-09-05,0.012747138397502633,-0.028999835228208926,-0.01390220517737295,-0.09470752089136492,0.0840807174887892,0.03925845147219187,-0.02336448598130847,-0.07194244604316535,0.0009865175928971404
2023-09-06,0.009095634095634075,-0.03219977000164276,-0.021957040572792463,-0.0859010270774977,0.0917327293318233,0.01387406616862319,-0.03738317757009346,-0.08253588516746402,0.010299003322259193
2023-09-07,-0.012122775341758985,-0.048484848484848575,-0.05116058739933682,-0.13099630996309974,0.07995495495495497,-0.002125398512221044,-0.055944055944055826,-0.10526315789473684,0.009990009990009874
2023-09-08,-0.017539334537013063,-0.04990183246073299,-0.05128205128205121,-0.125925925925926,0.08436445444319451,-0.02408376963350778,-0.0603248259860788,-0.10774818401937047,0.009715242881072061
2023-09-11,-0.026636225266362223,-0.04735647096983464,-0.07709958696649821,-0.11944444444444458,0.08536585365853644,-0.02989690721649485,-0.05895691609977327,-0.14203233256351044,0.013694054776218989
2023-09-12,-0.03694395576778087,-0.05363182477049433,-0.09510869565217395,-0.13934426229508212,0.06843267108167761,-0.03285420944558526,-0.06772009029345383,-0.1497142857142857,0.013716962194713966
2023-09-13,-0.03595847049886047,-0.061925495887759974,-0.10557317625736284,-0.1527272727272727,0.06570155902004449,-0.023908523908523938,-0.06164383561643838,-0.15437788018433185,0.0315040650406504
2023-09-14,-0.03500761035007616,-0.062278154243304296,-0.1131221719457014,-0.15985467756584915,0.07374301675977657,-0.015756302521008347,-0.05733944954128445,-0.16147635524798154,0.05401709401709409
2023-09-15,-0.02572678157962438,-0.04281244854273025,-0.09369202226345086,-0.12851782363977482,0.0887372013651877,-0.012752391073326153,-0.018823529411764683,-0.15887850467289721,0.0608665749656121
2023-09-18,-0.011189175123601403,-0.024614869390488958,-0.07735583684950775,-0.1267738883632923,0.11305361305361306,0.008629989212513456,0.0,-0.1525029103608848,0.07861635220125796
2023-09-19,-0.019126389247867692,-0.036064483962107485,-0.0869971936389149,-0.13490566037735852,0.10392609699769051,0.0010729613733906351,-0.007075471698113178,-0.16589327146171695,0.0662092624356776
2023-09-20,-0.02579313902501923,-0.04510031503896528,-0.08936970837253055,-0.13933649289099515,0.09930715935334877,-0.004278074866310155,-0.004750593824228044,-0.17993079584775085,0.06166950596252141
2023-09-21,-0.030318735423684906,-0.051311856526071065,-0.09957726632221697,-0.13658070678127976,0.09501738122827352,-0.011891891891891881,-0.014251781472684133,-0.18634259259259267,0.055915444936924796
2023-09-22,-0.01674394641937149,-0.046595570139458586,-0.09242144177449174,-0.11882129277566544,0.1080773606370875,0.00647948164146861,-0.014117647058823568,-0.18657565415244604,0.058883594281824436
2023-09-25,-0.035141329258976284,-0.05649902024820386,-0.10041455550437572,-0.12890995260663496,0.06621773288439958,-0.018008474576271083,-0.009324009324009341,-0.19457013574660642,0.04439959636730584
2023-09-26,-0.042196237925775426,-0.06174649723036818,-0.10855565777368903,-0.1328934967012252,0.06846240179573515,-0.028481012658227778,-0.02083333333333337,-0.19817767653758545,0.04813559322033889
2023-09-27,-0.033017660609163,-0.0528901260848208,-0.09276437847866426,-0.11988582302568973,0.07683615819209044,-0.006451612903225823,0.009345794392523477,-0.17261219792865368,0.0451153324287652
2023-09-28,-0.029646816189739633,-0.04611330698287219,-0.08610201216658864,-0.11068702290076338,0.07005649717514117,-0.01406926406926412,0.014218009478673022,-0.16782407407407407,0.046242774566473965
2023-10-09,-0.029472595656670042,-0.04887714663143994,-0.08073654390934837,-0.10318225650916091,0.050561797752809,-0.023758099352051865,0.028503562945368266,-0.1623529411764706,0.0381885772220345
2023-10-10,-0.04042224510813597,-0.0567714332729965,-0.09650349650349654,-0.11068334937439839,0.04719101123595504,-0.031216361679225035,0.007092198581560183,-0.19200000000000006,0.025960890087660227
2023-10-11,-0.04475703324808189,-0.06528480496164513,-0.0957889865802869,-0.10420650095602291,0.03910614525139677,-0.028047464940668898,0.0187353629976581,-0.1892201834862386,0.02361673414304999
2023-10-12,-0.030840400925212008,-0.04879657105176394,-0.07994389901823273,-0.08446601941747578,0.05849268841394828,-0.0258342303552207,0.028235294117647136,-0.17048054919908473,0.0386965376782078
2023-10-13,-0.05513404147698531,-0.06666666666666665,-0.10861594867094404,-0.10105871029836366,0.03100775193798455,-0.0672268907563025,0.004618937644341736,-0.1940976163450625,0.0265367819952973
2023-10-16,-0.06553643724696356,-0.07231472412667328,-0.12125403411710467,-0.11583011583011582,0.031076581576026774,-0.07505285412262153,-0.00696055684454755,-0.20069204152249143,0.02774064171123003
2023-10-17,-0.0558103975535168,-0.06823760432007853,-0.11152416356877337,-0.10116731517509725,0.05133928571428559,-0.06680805938494161,0.0,-0.18815331010452963,0.03226890756302514
2023-10-18,-0.061510974987238454,-0.0780072107505736,-0.12109920819748476,-0.1092682926829267,0.04671857619577291,-0.06203208556149742,-0.023255813953488413,-0.19742990654205594,0.02695417789757415
2023-10-19,-0.08069458631256377,-0.08731331035614642,-0.12141176470588233,-0.10598626104023545,0.034292035398230114,-0.08993576017130633,-0.025821596244131495,-0.19786729857819896,0.005356545028456727
2023-10-20,-0.07870370370370372,-0.08362369337979103,-0.12030432715168815,-0.10228401191658376,0.046875,-0.09635974304068529,-0.037735849056603765,-0.18623962040332143,0.000671591672263272
2023-10-23,-0.08894601542416458,-0.10845771144278604,-0.1398104265402843,-0.11699999999999999,0.016685205784204626,-0.11554621848739499,-0.04662004662004671,-0.20574162679425834,-0.009402283411685697
2023-10-24,-0.08365608055770724,-0.09634551495016597,-0.12344497607655491,-0.10251256281407028,0.0523385300668151,-0.09701492537313428,-0.04640371229698381,-0.19053398058252413,-0.0016801075268816357
2023-10-25,-0.10439146800501875,-0.1064073226544624,-0.1502808988764046,-0.11694747274529227,-0.005268703898840932,-0.10835913312693501,-0.06422018348623859,-0.20902612826603317,-0.007952286282306043
2023-10-26,-0.09909456740442657,-0.1008678565580482,-0.14332552693208422,-0.11332007952286283,-0.003171247357293905,-0.09917355371900827,-0.06363636363636371,-0.22156398104265396,-0.006942148760330502
2023-10-27,-0.0845921450151057,-0.07749381698268765,-0.11648661343353683,-0.09127382146439311,0.01175213675213671,-0.08624229979466114,-0.03401360544217691,-0.18377088305489253,-0.00626235992089641
2023-10-30,-0.10226155358898714,-0.08396946564885499,-0.10957004160887651,-0.08639523336643484,-0.07276302851524086,-0.09264853977844911,-0.022321428571428603,-0.182033096926714,-0.036292935839274065
2023-10-31,-0.10773751224289896,-0.09183344092963197,-0.12190650779101742,-0.0965517241379309,-0.06712734452122404,-0.09499999999999997,0.0022883295194509046,-0.20467836257309935,-0.039922730199613565
2023-11-01,-0.10427939006394493,-0.09450088695371706,-0.11992619926199277,-0.09960552268244571,-0.0682492581602373,-0.07396149949341435,0.0,-0.20470588235294107,-0.04212218649517674
2023-11-02,-0.10205598216497402,-0.09953066839294389,-0.12661737523105376,-0.10770750988142286,-0.08153241650294696,-0.07841140529531565,0.011682242990654235,-0.21538461538461529,-0.027027027027027084
2023-11-03,-0.10311809477043954,-0.09596774193548385,-0.12299954275262914,-0.09556650246305409,-0.10246679316888052,-0.07591093117408898,0.0023041474654377225,-0.21794871794871784,-0.03660511823777124
2023-11-06,-0.09599413776257948,-0.08668482614965545,-0.10117967332123412,-0.08521057786483821,-0.07431796801505175,-0.07598784194528874,0.03248259860788871,-0.1967592592592593,-0.03933680104031212
2023-11-07,-0.09180408565099674,-0.07919354838709691,-0.09977116704805489,-0.07790927021696248,-0.07410881801125713,-0.07252298263534218,0.05741626794258381,-0.1979045401629803,-0.029855643044619518
2023-11-08,-0.0911561264822135,-0.07671144198090307,-0.09462563160312354,-0.0663366336633664,-0.07554296506137859,-0.07456588355464755,0.059523809523809534,-0.1918128654970761,-0.028590207032533788
2023-11-09,-0.08861386138613858,-0.07234805279452505,-0.09521619135234582,-0.06393606393606377,-0.07407407407407407,-0.07267144319344931,0.035211267605633756,-0.17957746478873238,-0.017144741180349476
2023-11-10,-0.09641532756489501,-0.07530562347188263,-0.10485347985347993,-0.07178464606181445,-0.09217877094972071,-0.07889344262295073,0.030444964871194413,-0.19696969696969702,-0.026522593320235766
2023-11-13,-0.07594936708860767,-0.05154639175257736,-0.08031939877876937,-0.04679552390640884,-0.05550146056475169,-0.06478578892371989,0.03325415676959631,-0.17422434367541773,-0.011288180610889764
2023-11-14,-0.06958959979607449,-0.04866301278857332,-0.07572172266919064,-0.028747433264887046,-0.0334316617502457,-0.052854122621564414,0.028368794326241176,-0.16787439613526567,-0.012641383898868819
2023-11-15,-0.06226078081143149,-0.03724114896459596,-0.06345419847328249,-0.018750000000000044,-0.050193050193050204,-0.04352441613588098,0.05011933174224348,-0.14233128834355824,-0.01749174917491747
2023-11-16,-0.06428387760349707,-0.04003364171572754,-0.07540826128722378,-0.016949152542372725,-0.06069364161849711,-0.05010660980810222,0.028571428571428692,-0.15384615384615385,-0.016507098052162328
2023-11-17,-0.06868272680676579,-0.0426350108677479,-0.07640878701050613,-0.023060796645702264,-0.05684007707129102,-0.0691823899371069,0.0308056872037914,-0.15594059405940597,-0.019484808454425462
2023-11-20,-0.053738317757009324,-0.022078804347826053,-0.059564164648910456,-0.01684210526315777,-0.045053868756121385,-0.043897216274089934,0.055288461538461675,-0.14643304130162704,-0.018487949818421945
2023-11-21,-0.03947368421052633,-0.012046119428669844,-0.05110565110565113,-0.009615384615384581,-0.012182741116751328,-0.02481121898597627,0.06553398058252435,-0.13409961685823757,-0.004993342210386165
2023-11-22,-0.05545383206905563,-0.029119561493662238,-0.06820412168792922,-0.03488372093023251,-0.03984063745019928,-0.029189189189189224,0.056097560975609806,-0.14359637774902978,-0.013567174056915876
2023-11-23,-0.03662420382165599,-0.0033112582781457123,-0.03824861600402618,-0.004338394793926281,-0.010235414534288667,-0.015350877192982448,0.08208955223880587,-0.11466666666666658,-0.008916776750330313
2023-11-24,-0.0490635716169876,-0.014077163712200136,-0.06256206554121146,-0.024757804090419833,-0.035282258064516125,-0.0322927879440259,0.05339805825242716,-0.13702239789196313,-0.0009960159362549792
2023-11-27,-0.05364693446088786,-0.00474850510024627,-0.05675539929683582,-0.003289473684210509,-0.05210420841683372,-0.03982777179763186,0.05134474327628369,-0.1470198675496689,-0.004975124378109541
2023-11-28,-0.0656763096168882,-0.011132370847103834,-0.05970149253731338,-0.009761388286334105,-0.07624633431085037,-0.04305705059203446,0.050602409638554224,-0.14868421052631575,-0.02060843964671233
2023-11-29,-0.07799948173101845,-0.03711270003404832,-0.09675858732462517,-0.06597938144329896,-0.07874015748031493,-0.057385759829968075,0.030878859857482288,-0.1793548387096774,-0.024860974811907077
2023-11-30,-0.07672369103162269,-0.04051063829787238,-0.0929332042594384,-0.08198380566801611,-0.04964539007092206,-0.049040511727078795,0.03562945368171033,-0.1821705426356589,-0.012223323422530519
2023-12-01,-0.0758009898411044,-0.031132398221005886,-0.08333333333333337,-0.07801418439716312,-0.023760330578512456,-0.05787781350482324,0.03579952267303099,-0.1777777777777778,0.002672010688042681
2023-12-04,-0.08751941998964274,-0.03417634996582364,-0.0932162030258662,-0.07551020408163256,-0.02786377708978327,-0.07415254237288127,0.014423076923076872,-0.18324607329842935,-0.0046326935804102964
2023-12-05,-0.11785714285714277,-0.06249999999999989,-0.11804547653604269,-0.1001011122345804,-0.047131147540983576,-0.10914760914760913,-0.00952380952380949,-0.2007772020725389,-0.031290743155150014
2023-12-06,-0.11045466221423061,-0.053622942474121804,-0.1084103062712688,-0.08512820512820507,-0.0413650465356773,-0.0923399790136411,-0.0023923444976076125,-0.18604651162790697,-0.024638633377135455
2023-12-07,-0.11048158640226624,-0.05245289424545918,-0.10736944851146901,-0.0898876404494382,-0.03319502074688785,-0.09473684210526312,0.0,-0.18513689700130376,-0.023347583031897323
2023-12-08,-0.09634464751958227,-0.03701153382682043,-0.07988017973040451,-0.03397027600849245,-0.035453597497393075,-0.08306709265175716,0.027160493827160348,-0.16711229946524064,-0.020441806791955064
2023-12-11,-0.0850616959831978,-0.02600309970725001,-0.06506506506506504,-0.022245762711864292,-0.024896265560165998,-0.0815450643776825,0.03456790123456788,-0.15332428765264583,-0.0056403450564034285
2023-12-12,-0.08965337503257764,-0.03541028260129375,-0.07707608155146695,-0.03575184016824384,-0.04392236976506636,-0.08714133900106269,0.004819277108433662,-0.16419919246298786,-0.008566721581548697
2023-12-13,-0.10360125260960329,-0.045779441797140885,-0.0880880880880881,-0.04021164021164014,-0.044421487603305665,-0.1146496815286624,0.0,-0.18817204301075274,-0.01419141914191413
2023-12-14,-0.10191752035723667,-0.03936737149733538,-0.08206686930091178,-0.03218884120171672,-0.037617554858934144,-0.12353567625133122,0.0024330900243310083,-0.18119891008174394,-0.016420361247947435
2023-12-15,-0.10304942166140907,-0.04611149346180332,-0.08061224489795915,-0.032432432432432434,-0.04162330905306966,-0.1184631803628603,-0.009732360097323589,-0.1691884456671252,-0.03405773597145634
2023-12-18,-0.10271983100079218,-0.05676931016686737,-0.09263050153531216,-0.046286329386437064,-0.03866248693834895,-0.11410118406889136,-0.023980815347721895,-0.18194444444444446,-0.03565640194489461
2023-12-19,-0.10526315789473684,-0.06025751072961372,-0.0950203252032521,-0.03358613217768147,-0.03874345549738212,-0.1219251336898397,-0.047281323877068515,-0.18543956043956045,-0.0388726919339164
2023-12-20,-0.11225296442687738,-0.06689655172413789,-0.100922131147541,-0.03925845147219198,-0.06589958158995812,-0.13076098606645226,-0.04750593824228022,-0.18358831710709322,-0.04601029601029605
2023-12-21,-0.09981466772570824,-0.05782253863517972,-0.07696280991735538,-0.016519823788546217,-0.06197478991596628,-0.11707841031149313,-0.03341288782816221,-0.15049226441631502,-0.054878048780487854
2023-12-22,-0.08979155531801175,-0.053036933309994705,-0.0714658320292123,-0.017699115044247815,-0.05820105820105814,-0.09846827133479219,-0.028915662650602303,-0.12944523470839253,-0.050371327090733
2023-12-25,-0.10531831281110826,-0.07021166752710384,-0.09215885947046842,-0.04746494066882423,-0.09137577002053388,-0.10944206008583701,-0.03579952267303088,-0.1398601398601398,-0.0552876888460303
2023-12-26,-0.1039852203747691,-0.07303565247490473,-0.09831029185867901,-0.055495103373231824,-0.07999999999999996,-0.11003236245954706,-0.05647058823529405,-0.1390449438202247,-0.05893719806763276
2023-12-27,-0.0963375796178344,-0.06719916652196567,-0.09029927760577916,-0.051086956521739224,-0.07352941176470584,-0.09880564603691644,-0.047281323877068515,-0.13636363636363635,-0.051099611901681774
2023-12-28,-0.07649550026469032,-0.053423236514522854,-0.06288343558282206,-0.033513513513513504,-0.053515215110178316,-0.07467532467532478,-0.05092592592592593,-0.09596662030598047,-0.05355404089581306
2023-12-29,-0.07040382571732196,-0.047133977900552404,-0.056835637480798784,-0.037553648068669565,-0.04751847940865883,-0.06366630076838642,-0.03971962616822433,-0.10292072322670365,-0.047448813779655485
2024-01-02,-0.08018114011720834,-0.045659722222222254,-0.07241910631741144,-0.047311827956989294,-0.04705882352941182,-0.07190265486725667,-0.06004618937644346,-0.1137640449438202,-0.033203125
2024-01-03,-0.07620069761202031,-0.04221912072575018,-0.07791537667698656,-0.05411255411255411,-0.04291845493562241,-0.07333333333333336,-0.04929577464788726,-0.10325318246110315,-0.010844561288202548
2024-01-04,-0.0862115127175368,-0.04906582853151742,-0.10235414534288634,-0.07577374599786557,-0.04946236559139794,-0.09100998890122092,-0.07816091954022986,-0.12164073550212162,0.0
2024-01-05,-0.09944311853619725,-0.06828422876949725,-0.12195121951219512,-0.09968186638388121,-0.0680127523910733,-0.1005524861878454,-0.10068649885583525,-0.15172413793103445,-0.005228758169934622
2024-01-08,-0.10358672376873657,-0.08536585365853666,-0.126478149100257,-0.11777301927194872,-0.07626208378088084,-0.09909909909909909,-0.10574712643678152,-0.14647887323943665,-0.013416230366492088
2024-01-09,-0.09098294069861901,-0.07408059123702271,-0.10493179433368305,-0.10043668122270755,-0.07642626480086123,-0.08342857142857141,-0.08878504672897192,-0.10966810966810958,-0.01203252032520341
2024-01-10,-0.09824561403508769,-0.07815244116613984,-0.11192468619246865,-0.11471861471861478,-0.09341825902335454,-0.08522727272727271,-0.09601873536299765,-0.11158798283261795,-0.015630087919244584
2024-01-11,-0.08621158553168351,-0.05581230003554927,-0.08214096449390573,-0.09200438116100773,-0.08395324123273107,-0.07639680729760545,-0.0714285714285714,-0.07132459970887928,-0.017388451443569486
2024-01-12,-0.06972222222222224,-0.04837259485704015,-0.08194965184788428,-0.10208562019758516,-0.08770053475935835,-0.051764705882352824,-0.07469879518072287,-0.06056129985228953,0.002331002331002141
2024-01-15,-0.06616415410385246,-0.0441788882853521,-0.08216216216216221,-0.10066371681415942,-0.09168443496801704,-0.04976303317535535,-0.056372549019607754,-0.08746355685131202,0.014765100671140896
2024-01-16,-0.049943566591422184,-0.0189732142857143,-0.05895316804407713,-0.07474518686296727,-0.05579868708971558,-0.04394299287410919,-0.05867970660146693,-0.04216867469879526,0.028474576271186214
2024-01-17,-0.07241476472245711,-0.05496323529411773,-0.0960698689956333,-0.10974244120940646,-0.10370370370370363,-0.07438016528925617,-0.0851581508515814,-0.07946026986506749,0.008751262201278864
2024-01-18,-0.08433734939759041,-0.058715931955368506,-0.07272727272727264,-0.09539842873176207,-0.09427966101694918,-0.07986111111111105,-0.06617647058823517,-0.05105105105105112,-0.00734802939211765
2024-01-19,-0.08570630932439971,-0.07011473319978145,-0.08747949699289226,-0.09977578475336324,-0.10286320254506887,-0.08830275229357798,-0.07524271844660191,-0.0487062404870624,-0.01797603195739006
2024-01-22,-0.11826182618261827,-0.12957998212689892,-0.1371610845295056,-0.14348785871964675,-0.12565997888067582,-0.12696629213483146,-0.1220657276995305,-0.11549707602339188,-0.04444444444444451
2024-01-23,-0.11610076670317637,-0.12269503546099281,-0.14745586708203529,-0.14565217391304353,-0.10392364793213149,-0.13651498335183132,-0.14383561643835618,-0.11705202312138718,-0.06926698049764635
2024-01-24,-0.1001646542261252,-0.10822818553403235,-0.13883089770354906,-0.14067611777535438,-0.061375661375661306,-0.13370165745856355,-0.13470319634703198,-0.10735294117647065,-0.04896042924211952
2024-01-25,-0.08429434376716094,-0.07996438112199467,-0.1221174004192872,-0.11938663745892664,-0.05520169851380041,-0.13019693654266962,-0.1218390804597701,-0.0872781065088758,-0.023833501174890914
2024-01-26,-0.08165517241379305,-0.08177570093457942,-0.1338624338624338,-0.13067552602436328,-0.048128342245989386,-0.12375690607734802,-0.14318706697459582,-0.08748114630467574,-0.013052208835341417
2024-01-29,-0.09690665206679439,-0.10561998215878687,-0.1762252346193951,-0.16775599128540308,-0.07505285412262153,-0.12595837897042717,-0.1724137931034483,-0.14157973174366634,-0.003362474781439251
2024-01-30,-0.12375033774655508,-0.138421052631579,-0.22059565875820297,-0.21306209850107072,-0.12195121951219512,-0.14692982456140347,-0.20674157303370788,-0.19020172910662814,-0.008460236886632777
2024-01-31,-0.12682926829268293,-0.16220003503240488,-0.22064056939501786,-0.22780748663101613,-0.13373860182370823,-0.15088105726872247,-0.2285067873303167,-0.20029027576197378,-0.007778153533987031
2024-02-01,-0.12530578961674366,-0.1647677475898336,-0.21461187214611877,-0.2301166489925769,-0.12972420837589382,-0.14569536423841056,-0.22696629213483155,-0.19971056439942103,-0.017591339648173276
2024-02-02,-0.13416621401412265,-0.18549095380291591,-0.23335027961362487,-0.24546424759871943,-0.14564102564102566,-0.14569536423841056,-0.24263038548752835,-0.23605150214592263,-0.02314659510231465
2024-02-05,-0.12229822161422699,-0.20059933016040898,-0.21892583120204612,-0.23845327604726108,-0.16410256410256419,-0.13348164627363734,-0.22727272727272718,-0.24092888243831634,-0.0184998318197106
2024-02-06,-0.09287671232876715,-0.13867461430575023,-0.1710929519918284,-0.192102454642476,-0.1103092783505154,-0.0949720670391061,-0.16551724137931034,-0.19797687861271662,-0.006044325050369448
2024-02-07,-0.08493150684931505,-0.08781424581005592,-0.15002560163850498,-0.17864693446088786,-0.11190233977619535,-0.0758928571428572,-0.1448275862068965,-0.17706821480406387,0.0121293800539084
2024-02-08,-0.08517006802721083,-0.0895056374674762,-0.14365766683647474,-0.16560509554140124,-0.10467479674796742,-0.08435072142064381,-0.1636363636363637,-0.1702432045779685,0.009405441719852137
2024-02-19,-0.06870019236053859,-0.08620991764499741,-0.11844155844155846,-0.1400862068965517,-0.10666666666666669,-0.07182940516273861,-0.14583333333333337,-0.153958944281525,0.03222557905337364
2024-02-20,-0.06411667583929559,-0.08924205378973105,-0.12306101344364018,-0.1523605150214592,-0.09908069458631252,-0.07545045045045051,-0.1471264367816092,-0.1568914956011731,0.05052206130010117
2024-02-21,-0.05377229080932788,-0.09482459187217784,-0.12306900102986607,-0.15310492505353324,-0.08615384615384614,-0.052631578947368474,-0.14578587699316625,-0.14516129032258074,0.04675412041708715
2024-02-22,-0.047945205479452024,-0.08430587005748125,-0.11444847229414812,-0.13807982740021574,-0.07399794450154162,-0.06194690265486735,-0.14350797266514803,-0.13421828908554578,0.06055536968885922
2024-02-23,-0.03683190252007751,-0.06827805222300642,-0.10005265929436546,-0.1226725082146769,-0.06431535269709543,-0.054565701559020074,-0.13394919168591224,-0.10422960725075536,0.05736330090573638
2024-02-26,-0.051515151515151514,-0.07833537331701357,-0.10832025117739408,-0.12200435729847492,-0.07445708376421922,-0.06458797327394217,-0.14022988505747125,-0.11596385542168686,0.027324225258247292
2024-02-27,-0.033564493758668545,-0.04847523356248906,-0.07521186440677963,-0.07726269315673295,-0.050156739811912154,-0.06340378197997776,-0.12903225806451613,-0.08854961832061081,0.03024260551678304
2024-02-28,-0.037140463557665426,-0.07068386640749236,-0.09424920127795522,-0.11111111111111105,-0.053911205073995716,-0.06502242152466375,-0.1348837209302326,-0.08695652173913049,0.03133333333333321
2024-02-29,-0.022873082287308222,-0.044678979771327954,-0.06825396825396823,-0.07228915662650603,-0.033862433862433816,-0.04611923509561311,-0.13073394495412838,-0.057187017001545604,0.0394121576486306
2024-03-01,-0.00786958965711071,-0.033415841584158446,-0.04927691483663632,-0.05629139072847689,-0.017094017094017144,-0.04622322435174753,-0.12903225806451613,-0.03459119496855345,0.042267695404226924
2024-03-04,-0.009825940482874662,-0.03051268405180052,-0.048559231590181495,-0.05622932745314224,-0.03198294243070354,-0.05717488789237668,-0.11238532110091737,-0.026856240126382325,0.048160535117056646
2024-03-05,0.0022547914317925244,-0.03990112994350281,-0.05369484316852735,-0.05824175824175826,-0.04656084656084647,-0.028441410693970437,-0.11059907834101379,-0.03497615262321152,0.05096602265156558
2024-03-06,0.005107832009080493,-0.03874734607218688,-0.04090419806243273,-0.06181015452538641,-0.04246284501061559,-0.035469107551487467,-0.09004739336492884,-0.009615384615384581,0.048204787234042534
2024-03-07,0.018796992481203034,-0.03629829290206643,-0.044432254525507364,-0.06516853932584277,-0.043010752688172116,-0.019836639439906656,-0.11298076923076916,-0.02269043760129663,0.06729475100942128
2024-03-08,0.020213687554143656,-0.02564102564102555,-0.0425299890948746,-0.05717488789237668,-0.037756202804746564,-0.03583815028901738,-0.11270983213429253,-0.022222222222222254,0.07409902324014817
2024-03-11,0.03676896352055592,-0.008240773916159183,0.006014215418261415,-0.038159371492704874,-0.027896995708154515,-0.009302325581395321,-0.07766990291262132,0.040000000000000036,0.06296296296296289
2024-03-12,0.03611672926899745,-0.015909903468001474,0.0043407487791644606,-0.05934065934065935,-0.014054054054054022,0.016260162601626105,-0.06490384615384603,0.043338683788122,0.03870750589027261
2024-03-13,0.022955523672883782,-0.02811173974540304,-0.014453961456102893,-0.07583965330444209,-0.044680851063829685,0.012850467289719614,-0.0811455847255369,0.03525641025641035,0.023690357023690378
2024-03-14,0.016890924706556065,-0.03388633956936116,-0.012931034482758674,-0.08178844056706658,-0.04807692307692313,0.005820721769499437,-0.07194244604316535,0.025764895330112836,0.02259887005649719
2024-03-15,0.03668122270742358,-0.010344212591403612,0.006037321624588365,-0.06615214994487328,-0.031351351351351364,0.03956834532374098,-0.07021791767554475,0.054635761589403975,0.02812186139939743
2024-03-18,0.05059959052354501,0.005726556907659219,0.0347682119205297,-0.04212860310421285,-0.004343105320304019,0.05710814094775207,-0.06310679611650483,0.08319467554076554,0.01969949916527547
2024-03-19,0.046014067995310715,0.003066378066378217,0.028301886792452713,-0.04804469273743017,-0.0228013029315961,0.06537530266343827,-0.06388206388206386,0.0629139072847682,0.02484889187374062
2024-03-20,0.0512065921130076,0.016779135509757515,0.04681331077270179,-0.036117381489842004,-0.019565217391304346,0.06682867557715677,-0.0687960687960687,0.09168081494057723,0.02789915966386536
2024-03-21,0.050000000000000044,0.01351845085860437,0.03649635036496357,-0.05156950672645744,-0.013071895424836666,0.07795371498172976,-0.06699751861042191,0.07082630691399672,0.03201887428378836
2024-03-22,0.05046007717423562,0.00979305247597928,0.035327635327635276,-0.055618615209988675,-0.0033594624860022737,0.06781750924784213,-0.0748129675810475,0.052810902896081924,0.034738617200674504
2024-03-25,0.03529411764705892,-0.007740508661997714,-0.003357582540570836,-0.08174692049272125,-0.03247480403135505,0.048661800486617945,-0.08888888888888902,0.0066225165562914245,0.04516129032258065
2024-03-26,0.036699941280093906,-0.009242144177449174,0.006741573033707926,-0.08783783783783783,-0.026966292134831482,0.05703883495145634,-0.08933002481389585,0.016339869281045694,0.04080244814688894
2024-03-27,0.02284040995607617,-0.030908754395706062,-0.022994952327537788,-0.10645526613816536,-0.03841807909604522,0.03614457831325302,-0.10148514851485158,-0.021138211382113803,0.04117046614494724
2024-03-28,0.03387334315169355,-0.009895444361463723,-0.0017035775127767216,-0.07949308755760365,-0.024027459954233388,0.042424242424242475,-0.08977556109725693,-0.011419249592169667,0.04449007529089655
2024-03-29,0.03553597650513951,-0.00018615040953084971,0.0028360748723768037,-0.08361970217640313,-0.02947845804988669,0.04216867469879526,-0.09925558312655092,0.008223684210526327,0.047034764826175746
2024-04-01,0.027228432215534504,0.0016438356164383272,-0.006001091107474044,-0.09060402684563762,-0.03658536585365857,0.03157894736842115,-0.09999999999999998,-0.026153846153846194,0.05178326474622774
2024-04-02,0.02086310374392686,-0.010327957963399248,-0.018458197611292082,-0.10144927536231885,-0.043237250554323814,0.02696365767878084,-0.11678832116788318,-0.010852713178294615,0.05356533606277725
2024-04-03,0.03040834057341435,-0.006912861560851469,-0.008859357696566983,-0.10383747178329572,-0.03928170594837266,0.04886769964243154,-0.11302211302211296,0.004754358161648264,0.05218855218855212
2024-04-08,0.024978216671507347,-0.020218579234972833,-0.016228315612758726,-0.10983981693363842,-0.056053811659192876,0.02517985611510798,-0.125925925925926,-0.02050473186119872,0.04152823920265791
2024-04-09,0.03222970993261076,-0.00403966213734841,0.013112884834663552,-0.09353348729792144,-0.044117647058823595,0.04395604395604402,-0.09975062344139662,0.02254428341384873,0.028345418589321048
2024-04-10,0.029740871613663122,-0.002790178571428714,0.006365740740740922,-0.08951707891637217,-0.054732041049030844,0.03562653562653573,-0.09669211195928762,0.01300813008130075,0.028580814717476866
2024-04-11,0.04329650641982674,0.025904761904761875,0.018834608593290225,-0.06067961165048541,-0.03953488372093028,0.04874999999999985,-0.09254498714652959,0.02310231023102305,0.05174129353233825
2024-04-12,0.032469466785820744,0.018053971873812413,0.004103165298944944,-0.06189320388349506,-0.054778554778554644,0.02867830423940143,-0.10769230769230775,-0.021069692058346856,0.04147465437788034
2024-04-15,0.05926369350493865,0.034101733663554956,0.028268551236749095,-0.04034229828850844,-0.03512880562060894,0.05341614906832293,-0.08808290155440424,-0.011272141706924366,0.06847502480979162
2024-04-16,0.04375000000000018,-0.0060240963855421326,-0.010969976905311762,-0.07358262967430629,-0.061484918793503374,0.03703703703703698,-0.10769230769230775,-0.06896551724137934,0.08313856427378963
2024-04-17,0.060913705583756306,0.0243764172335601,0.019253208868144744,-0.04034229828850844,-0.03282532239155922,0.048387096774193505,-0.07812500000000011,-0.04402515723270439,0.08870431893687725
2024-04-18,0.06397608370702534,0.02879333207046786,0.02355712603062421,-0.03936039360393595,-0.023474178403755874,0.05985037406483773,-0.09090909090909094,-0.03194888178913746,0.08664021164021163
2024-04-19,0.04870804870804868,0.022753128555176305,-0.0017564402810303914,-0.06364749082007337,-0.04171494785631524,0.045962732919254456,-0.09870129870129873,-0.07389937106918243,0.090309822017139
2024-04-22,0.07047387606318356,0.04045905465862676,0.02838164251207731,-0.03647798742138364,-0.02125147579693032,0.09566326530612246,-0.07180851063829796,-0.043973941368078195,0.0747414080747415
2024-04-23,0.07068543451652398,0.027399922269724097,0.013071895424836555,-0.053349875930521096,-0.03274853801169597,0.08805031446540879,-0.07349081364829402,-0.08227848101265833,0.06763122476446837
2024-04-24,0.0726717557251908,0.04759106933019974,0.029958058717795222,-0.03735990037359904,-0.021276595744680882,0.08553459119496853,-0.07874015748031504,-0.08000000000000007,0.07593220338983042
2024-04-25,0.09887710542732386,0.09671457905544156,0.0573012939001849,-0.010309278350515427,-0.0012077294685990392,0.10810810810810811,-0.06149732620320858,-0.04958677685950419,0.10829573064908038
2024-04-26,0.10687732342007417,0.10367825383993523,0.08038976857490865,0.0012722646310432406,0.03905325443786989,0.12210796915167088,-0.04266666666666674,-0.04091653027823239,0.14306358381502915
2024-04-29,0.10277523635254648,0.10940613790354736,0.11333333333333329,0.030456852791878264,0.0022547914317925244,0.12117346938775508,-0.02638522427440637,0.009884678747940745,0.1036671368124118
2024-04-30,0.07886056971514233,0.07026713124274098,0.0841791044776119,0.0,-0.019101123595505642,0.10691823899371067,-0.03664921465968585,-0.025931928687196182,0.08081155433287468
2024-05-06,0.09582457194352667,0.09884517518105307,0.13194868662186932,0.03566878980891719,-0.013483146067415741,0.1324085750315258,0.016172506738544534,0.011570247933884392,0.0715496778569007
2024-05-07,0.10639587753864799,0.11968880909634949,0.1708860759493671,0.054973821989528826,0.0,0.12656641604010033,0.047222222222222276,0.06770833333333348,0.06612685560053988
2024-05-08,0.11655874190564286,0.12848706984320923,0.17940414507772018,0.08435374149659869,-0.0023148148148147696,0.15681233933161942,0.053824362606232246,0.07295373665480409,0.08600682593856646
2024-05-09,0.1346989447548108,0.17980347062513058,0.21069797782126565,0.12880886426592797,0.01754385964912286,0.1712062256809339,0.09384164222873892,0.12885662431941913,0.08827539195637346
2024-05-10,0.13673088875077677,0.1800629590766003,0.18863049095607232,0.1074380165289257,0.028169014084507005,0.16279069767441867,0.0784883720930234,0.11211573236889683,0.10606060606060619
2024-05-13,0.1464868255959848,0.20638343756739297,0.2049071618037135,0.12871287128712883,0.05402160864345751,0.1537467700258397,0.11077844311377238,0.13857677902621712,0.10439560439560447
2024-05-14,0.13746882793017456,0.23219404630650486,0.1872953503601833,0.12270803949224263,0.08343558282208607,0.1476251604621308,0.10588235294117632,0.158699808795411,0.0976696367374914
2024-05-15,0.09423135004530359,0.127417056788113,0.10720887245841038,0.03566710700132103,-0.004634994206257237,0.09259259259259256,0.019283746556473913,0.07927927927927914,0.08175675675675675
2024-05-16,0.08832335329341312,0.05511961722488046,0.0849397590361447,0.005148005148005064,-0.01718213058419249,0.07487922705314021,-0.008064516129032251,0.051146384479717755,0.06824234354194414
2024-05-17,0.09339678762641279,0.04858068203467325,0.08506841165972645,0.0050890585241729624,-0.011350737797956922,0.09454545454545471,0.0027173913043478937,0.036206896551724155,0.07487520798668879
2024-05-20,0.0870463263499559,0.05925215723873456,0.07896287566293458,-0.011278195488721776,0.0011481056257176547,0.10278113663845234,0.0,0.04679376083188913,0.06308943089430885
2024-05-21,0.07968244633931199,0.05158197507190798,0.07193396226415105,-0.008860759493670933,-0.01814058956916098,0.10840438489646775,-0.016172506738544534,0.03826086956521735,0.05322218659826872
2024-05-22,0.06697593505363875,0.051036070606293116,0.07985907222548438,-0.0025284450063211006,-0.024691358024691357,0.06737588652482285,-0.029333333333333322,0.065180102915952,0.05559125964010292
2024-05-23,0.048345323741007196,0.023968042609853635,0.05906432748538015,-0.027534418022528206,-0.05549389567147622,0.05306603773584917,-0.04521276595744683,0.028960817717206266,0.023028391167192463
2024-05-24,0.035652673950546276,0.00946790380609741,0.042129900526623576,-0.04993757802746568,-0.06873614190687372,0.04004711425206131,-0.053333333333333344,0.010118043844856706,0.027284263959390875
2024-05-27,0.05489398780133614,0.021248339973439556,0.05164319248826299,-0.042183622828784184,-0.05251396648044693,0.05714285714285716,-0.045454545454545525,0.01873935264054527,0.0687641907233214
2024-05-28,0.035878300803674046,-0.011485735457576807,0.013172966781214157,-0.0801435406698564,-0.07590759075907594,0.04038004750593838,-0.060846560846560926,-0.005025125628140725,0.06000000000000005
2024-05-29,0.04698375870069604,0.016733219243202146,0.04174015285126398,-0.04826732673267331,-0.060335195530726304,0.05035971223021596,-0.045698924731182866,0.028911564625850428,0.06302521008403361
2024-05-30,0.026548672566371723,-0.01749217455348917,0.009085746734809774,-0.0826446280991735,-0.07995618838992335,0.021226415094339535,-0.06860158311345654,-0.008196721311475419,0.0494858611825193
2024-05-31,0.014730878186968832,-0.024144869215291687,-0.0016901408450703537,-0.09005847953216373,-0.08804347826086967,0.023640661938534313,-0.06878306878306883,-0.026058631921824116,0.05342774380431292
2024-06-03,0.017011624610150378,-0.03129002744739251,-0.0005608524957935179,-0.0829439252336448,-0.08810572687224683,0.030915576694411362,-0.095607235142119,-0.02922077922077926,0.03446075303126994
2024-06-04,0.015748031496062964,-0.013424052960647193,0.014606741573033766,-0.07934655775962651,-0.0743618201997781,0.023419203747072626,-0.07512953367875652,-0.0016474464579900872,0.031695721077654504
2024-06-05,0.016092603049124854,-0.023191606847045687,0.007856341189674598,-0.07294117647058818,-0.07871396895787142,0.027283511269276417,-0.07031250000000011,-0.029126213592232997,0.020298128766254475
2024-06-06,0.0215725234175419,-0.017527503263099042,0.02468427095292758,-0.06370192307692302,-0.07865168539325851,0.02261904761904754,-0.04336043360433606,-0.018242122719734688,0.01954602774274905
2024-06-07,0.012170959524483438,-0.034965034965035,-0.004555808656036442,-0.07847800237812119,-0.08632286995515703,0.020383693045563644,-0.04864864864864871,-0.05681818181818188,0.022577610536218318
2024-06-11,-0.008377548170901972,-0.050578034682080775,-0.047826086956521796,-0.07351225204200695,-0.09933774834437092,-0.017605633802816878,-0.07105263157894748,-0.10769230769230775,0.015204307887234814
2024-06-12,-0.010875627440044555,-0.04250681198910078,-0.05834683954619113,-0.07359813084112143,-0.10526315789473695,-0.04342857142857148,-0.08997429305912608,-0.11384615384615393,0.051847051198963046
2024-06-13,-0.008695652173913104,-0.046025104602510525,-0.053775122216186855,-0.06682297772567403,-0.09242761692650348,-0.0507497116493657,-0.09350649350649354,-0.1099071207430341,0.04889178617992185
2024-06-14,0.0005630630630630851,-0.037449762513701135,-0.04148471615720528,-0.06057007125890723,-0.0650953984287318,-0.03819444444444453,-0.10335917312661502,-0.098901098901099,0.047448813779655374
2024-06-17,-0.0047739399045211295,-0.053703369976572324,-0.03546099290780136,-0.06257378984651707,-0.07142857142857151,-0.049596309111880066,-0.09635416666666674,-0.0941915227629514,0.03581895148160208
2024-06-18,-0.01030066815144759,-0.060854092526690495,-0.05279999999999996,-0.08101851851851849,-0.08615049073064351,-0.06436781609195408,-0.1113989637305699,-0.11520737327188946,0.04387688277668644
2024-06-19,-0.006724572709442378,-0.060600611400827176,-0.05396654074473828,-0.07629107981220651,-0.08111111111111113,-0.08181818181818179,-0.10498687664041995,-0.11682242990654212,0.044560943643512596
2024-06-20,-0.01399776035834277,-0.07695067264573996,-0.06896551724137934,-0.07377049180327866,-0.09090909090909094,-0.08883826879271062,-0.11345646437994716,-0.1368584758942457,0.04447351209941153
2024-06-21,-0.015126050420168013,-0.07083633741888962,-0.06663055254604555,-0.06028368794326233,-0.0938189845474614,-0.10056497175141244,-0.11170212765957444,-0.1291338582677165,0.04474199869366435
2024-06-24,-0.011302627860977688,-0.0764867337602928,-0.06659328563566314,-0.06971153846153844,-0.08651685393258435,-0.08198614318706687,-0.10781671159029649,-0.12297734627831713,0.029009126466753576
2024-06-25,-0.011931818181818099,-0.07076523031203574,-0.06457046603032002,-0.0841463414634146,-0.0752314814814814,-0.08236658932714613,-0.10840108401084003,-0.12171052631578938,0.029889538661468595
2024-06-26,-0.00906258850184083,-0.05373134328358209,-0.0518973214285714,-0.05679012345679013,-0.0646651270207852,-0.08840413318025253,-0.08991825613079008,-0.12700964630225076,0.03822280300555381
2024-06-27,-0.0037217291726309165,-0.04736440030557665,-0.04133180252583246,-0.049429657794676896,-0.05875440658049347,-0.08604651162790689,-0.09366391184572997,-0.11794019933554811,0.03856209150326784
2024-06-28,-0.006552706552706455,-0.057891759381482055,-0.060295790671217375,-0.06758448060075095,-0.082063305978898,-0.09302325581395343,-0.10684931506849304,-0.13201320132013195,0.04882044560943655
2024-07-01,-0.007090187180941565,-0.05883448147458592,-0.0667420814479639,-0.07125000000000004,-0.08411214953271018,-0.09595375722543353,-0.09917355371900816,-0.13539967373572592,0.06412760416666674
2024-07-02,-0.024553571428571397,-0.08661560904449306,-0.10373216245883643,-0.09963099630996308,-0.10011507479861903,-0.10997732426303852,-0.12466124661246614,-0.17535545023696675,0.06651450929246816
2024-07-03,-0.022956326987681908,-0.09080922738923458,-0.09900442477876104,-0.08933002481389585,-0.09385863267670913,-0.10844748858447484,-0.11294765840220378,-0.18025078369905956,0.05213730569948183
2024-07-04,-0.023327712197863892,-0.10331562557244922,-0.09720670391061448,-0.08942065491183881,-0.1039719626168224,-0.12272727272727268,-0.12188365650969524,-0.18927444794952686,0.0351999999999999
2024-07-05,-0.020119013884953185,-0.08347276445435947,-0.07679180887372017,-0.06041131105398467,-0.08788598574821849,-0.10175438596491226,-0.08192090395480223,-0.1690821256038647,0.026475279106858096
2024-07-08,-0.025262560317910854,-0.10619469026548678,-0.10185706246482829,-0.07770700636942685,-0.11479289940828397,-0.11578947368421055,-0.12188365650969524,-0.20472440944881887,0.027884615384615286
2024-07-09,-0.0074349442379181285,-0.07927625443014363,-0.06843013225991945,-0.040103492884864145,-0.07961399276236425,-0.10320284697508897,-0.10140845070422533,-0.1845906902086677,0.032577451293516635
2024-07-10,-0.00887235260446484,-0.08874860750092828,-0.06528018486424036,-0.040051679586563305,-0.07506053268765123,-0.09654350417163282,-0.09631728045325771,-0.1806451612903226,-0.0012614317250079221
2024-07-11,0.012406231967686088,-0.06533507560201612,-0.03444249854057224,-0.028460543337645583,-0.04315659679408146,-0.06060606060606055,-0.05459770114942519,-0.129139072847682,-0.0006321112515803584
2024-07-12,-0.005651313930488788,-0.08161385408990418,-0.053264604810996596,-0.042038216560509545,-0.059466019417475646,-0.0860849056603773,-0.06534090909090895,-0.14169381107491852,-0.022291021671826616
2024-07-15,0.005417735956658065,-0.06268939393939399,-0.04261529480443671,-0.02604166666666674,-0.044499381953028494,-0.0714285714285714,-0.06321839080459757,-0.12289562289562284,-0.015104808877928644
2024-07-16,-0.0005629045876722749,-0.08393285371702641,-0.047510017172295416,-0.026751592356687892,-0.05454545454545445,-0.07692307692307687,-0.07627118644067787,-0.1266447368421052,-0.028989929813854176
2024-07-17,-0.0008429334082608042,-0.09206407659731175,-0.043153049482163364,-0.02432778489116516,-0.05528846153846145,-0.06470588235294106,-0.042857142857142705,-0.12376237623762365,-0.03560559951308584
2024-07-18,0.013027470971396227,-0.0815721171672229,-0.011143695014662836,0.005228758169934622,-0.044740024183796745,-0.052256532066508266,-0.025936599423631024,-0.0882852292020373,-0.04081015719467951
2024-07-19,0.02156640181611813,-0.07534118526827449,-0.006459189665296572,0.023498694516971286,-0.036188178528347326,-0.060535506402793926,-0.022922636103151706,-0.07666098807495725,-0.022042843837317694
2024-07-22,0.020577307802229328,-0.0667675430300737,-0.007038123167155463,0.03145478374836186,-0.026602176541716926,-0.08323699421965314,-0.03116147308781858,-0.06724137931034468,-0.017333753545540564
2024-07-23,-0.0034158838599487318,-0.10375771172181725,-0.045956951716114136,-0.02199223803363526,-0.05072463768115931,-0.11355735805330236,-0.05413105413105401,-0.07999999999999985,-0.02425960932577187
2024-07-24,-0.012489355662787416,-0.11308743680958622,-0.05652680652680653,-0.02864583333333337,-0.060459492140265914,-0.12195121951219512,-0.06552706552706544,-0.08695652173913038,-0.02943939868462253
2024-07-25,-0.031905961376994085,-0.1336751510712324,-0.09019165727170231,-0.04955527318932662,-0.10364464692482911,-0.13172966781214202,-0.08635097493036203,-0.08703071672354934,-0.02496839443742105
2024-07-26,-0.039269911504424715,-0.13669840129333577,-0.11431682090364725,-0.0726600985221676,-0.09898762654668158,-0.1376564277588168,-0.11111111111111105,-0.11908646003262635,-0.02012779552715649
2024-07-29,-0.040022234574763726,-0.13619099294628323,-0.11674008810572689,-0.07960199004975133,-0.09163802978235969,-0.15454545454545454,-0.125,-0.11980033277870206,-0.02036271078587326
2024-07-30,-0.05948464912280704,-0.14998218738867108,-0.13599568267674045,-0.08610086100861003,-0.092255125284738,-0.17149220489977735,-0.1511936339522546,-0.1405228758169934,-0.03037974683544309
2024-07-31,-0.038904109589041114,-0.11366470693034036,-0.10378378378378383,-0.0347394540942928,-0.03885714285714292,-0.14571746384872075,-0.11405835543766574,-0.12195121951219501,-0.021202531645569622
2024-08-01,-0.03811101905550951,-0.11042944785276076,-0.10159253157605719,-0.028858218318695172,-0.03132250580046403,-0.1644444444444445,-0.10752688172043001,-0.11442786069651734,-0.027027027027026973
2024-08-02,-0.05716630196936545,-0.13804713804713808,-0.1330818965517242,-0.06503067484662572,-0.05862068965517242,-0.16722037652270216,-0.1045576407506702,-0.15594855305466238,-0.03288443470090818
2024-08-05,-0.06834335702569705,-0.15169838164680782,-0.14347826086956517,-0.08208955223880599,-0.07305936073059349,-0.15555555555555556,-0.09973045822102422,-0.1544715447154471,-0.05136986301369861
2024-08-06,-0.06757865937072505,-0.13818376832320356,-0.12107870115575126,-0.06265664160401008,-0.07175398633257413,-0.14333706606942886,-0.0889487870619945,-0.1282894736842105,-0.05597014925373134
2024-08-07,-0.06796382570567283,-0.1369005010737293,-0.12355212355212353,-0.06783919597989951,-0.08267270668176663,-0.15100671140939603,-0.10638297872340419,-0.12376237623762365,-0.04839213237589757
2024-08-08,-0.0601711288987028,-0.12745983029427688,-0.11964385086254858,-0.04974489795918369,-0.05355064027939471,-0.12768361581920906,-0.08648648648648638,-0.12020033388981632,-0.04465958775765144
2024-08-09,-0.06657496561210452,-0.1307817884999093,-0.13048306496390882,-0.049935979513444306,-0.06060606060606055,-0.13932584269662918,-0.102981029810298,-0.12583892617449655,-0.05017139295730755
2024-08-12,-0.0780739934711644,-0.1289970930232558,-0.14309210526315796,-0.06075949367088618,-0.07692307692307687,-0.15060908084163904,-0.08943089430894302,-0.13810316139767054,-0.05015479876160989
2024-08-13,-0.07871878393051035,-0.13034033309196225,-0.13817586018569084,-0.05449936628643859,-0.06536697247706424,-0.16447368421052633,-0.10027100271002709,-0.13576158940397343,-0.061180789232181176
2024-08-14,-0.08224400871459692,-0.13621444201312904,-0.14466446644664477,-0.0600255427841635,-0.06697459584295606,-0.17692307692307696,-0.10136986301369855,-0.13735343383584586,-0.06788432267884337
2024-08-15,-0.07391304347826089,-0.12851405622489953,-0.14899401848830884,-0.058301647655259914,-0.05983889528193331,-0.16389811738648952,-0.09615384615384603,-0.16425120772946855,-0.059056316590563096
2024-08-16,-0.06395827614603344,-0.11833550065019494,-0.13804527885146334,-0.04761904761904767,-0.04582843713278484,-0.16237402015677493,-0.08356545961002781,-0.14900662251655628,-0.04532839962997215
2024-08-19,-0.05080510827318152,-0.10823485274807743,-0.12464907355418309,-0.02890932982917216,-0.0345238095238094,-0.15968289920724799,-0.08169014084507031,-0.1452420701168614,-0.03458925262507728
2024-08-20,-0.06305066079295152,-0.13208248188742344,-0.1411830357142858,-0.05699481865284983,-0.050707547169811185,-0.177927927927928,-0.0980392156862745,-0.15050167224080258,-0.061911987860394424
2024-08-21,-0.061235799390412904,-0.1261244377811095,-0.1356698699830413,-0.0559167750325098,-0.04761904761904756,-0.17465753424657537,-0.09859154929577463,-0.14814814814814814,-0.06938527084601342
2024-08-22,-0.06398891966759002,-0.13839536188516932,-0.1444695259593679,-0.06501950585175553,-0.06302021403091551,-0.18493150684931514,-0.10422535211267603,-0.1702479338842975,-0.06932198236546072
2024-08-23,-0.05645161290322587,-0.1364317841079461,-0.14631401238041641,-0.07335907335907343,-0.05357142857142849,-0.17436489607390304,-0.1019830028328611,-0.17520661157024786,-0.06338028169014076
2024-08-26,-0.052484645449469514,-0.1353327085285847,-0.14503386004514685,-0.08097686375321345,-0.05244338498212153,-0.1789838337182449,-0.10511363636363635,-0.15384615384615385,-0.07027192178429575
2024-08-27,-0.05854474491218298,-0.1373252738949754,-0.1582491582491583,-0.09808917197452238,-0.048309178743961234,-0.1891580161476356,-0.09999999999999998,-0.1605351170568562,-0.059222702035780395
2024-08-28,-0.07059800664451821,-0.148555452003728,-0.16888150609080854,-0.1077313054499367,-0.05395683453237399,-0.2036613272311213,-0.12044817927170859,-0.17161716171617158,-0.06697388632872503
2024-08-29,-0.07001944984717978,-0.1271905031091013,-0.15757238307349675,-0.09517766497461932,-0.044524669073405465,-0.1859122401847575,-0.1120448179271708,-0.1466666666666666,-0.07336027354678276
2024-08-30,-0.05751597666018349,-0.10571265894856718,-0.13053221288515404,-0.06546854942233638,-0.007317073170731714,-0.15948777648428403,-0.08498583569405094,-0.1216216216216216,-0.07544836116264686
2024-09-02,-0.06823266219239377,-0.11956521739130432,-0.13787185354691078,-0.09290322580645172,-0.02699386503067469,-0.17626321974148063,-0.10227272727272718,-0.1273666092943201,-0.07850352652560566
2024-09-03,-0.05829343846803725,-0.11225266362252662,-0.12956621004566216,-0.10831234256926958,-0.02083333333333326,-0.15292712066905612,-0.09348441926345608,-0.11724137931034473,-0.07082683307332294
2024-09-04,-0.06315195940231189,-0.11705558717510911,-0.1250717154331613,-0.11097099621689799,-0.022058823529411686,-0.1600955794504182,-0.09887005649717506,-0.10590277777777768,-0.08287122612446096
2024-09-05,-0.05772495755517815,-0.1085049580472921,-0.11825487944890922,-0.11432160804020108,-0.011042944785275899,-0.13973268529769134,-0.07736389684813749,-0.10260869565217379,-0.07426973275326287
2024-09-06,-0.07090602138435564,-0.12488138166635043,-0.1412300683371298,-0.120101137800253,-0.02881152460984382,-0.15884476534296033,-0.0893371757925071,-0.12020905923344938,-0.08315234253800796
2024-09-09,-0.07985327313769752,-0.12816606360693206,-0.14423076923076927,-0.13476070528967254,-0.028846153846153744,-0.16140776699029125,-0.0893371757925071,-0.12998266897746957,-0.08833700094309971
2024-09-10,-0.0827004219409283,-0.13300492610837433,-0.14864864864864868,-0.1284634760705291,-0.039379474940334,-0.1511056511056511,-0.0845481049562683,-0.13194444444444442,-0.08814303638644927
2024-09-11,-0.0820874471086036,-0.1217457886676876,-0.1283513976041072,-0.11689961880559097,-0.027811366384522307,-0.14603960396039617,-0.07624633431085048,-0.1058201058201057,-0.10821831869510667
2024-09-12,-0.07921635434412266,-0.11193159735717051,-0.11747685185185186,-0.1276864728192163,-0.020731707317073078,-0.15374999999999994,-0.07440476190476197,-0.08288288288288292,-0.10676268002504685
2024-09-13,-0.08191126279863481,-0.12279340446168763,-0.1242019733023797,-0.14088050314465406,-0.01948842874543233,-0.1620603015075377,-0.07185628742514971,-0.10126582278481022,-0.11065958111909957
2024-09-18,-0.07459274078308087,-0.1010501287893798,-0.1132075471698113,-0.12403100775193798,-0.008610086100860892,-0.1723270440251572,-0.06646525679758308,1.9464944649446494,-0.08837503959455173
2024-09-19,-0.06124209315698681,-0.08055166899860089,-0.08823529411764708,-0.0905459387483355,0.02127659574468077,-0.1491782553729456,-0.05167173252279644,2.0224719101123596,-0.09369085173501568
2024-09-20,-0.06430408688196632,-0.09936908517350163,-0.11241907004120077,-0.11256544502617793,0.007407407407407307,-0.1561712846347607,-0.07784431137724557,1.9355432780847144,-0.0956576463184392
2024-09-23,-0.05660919540229892,-0.08440256615878117,-0.10119760479041917,-0.10133333333333328,0.01872659176029945,-0.14885496183206104,-0.06686930091185417,1.9868173258003767,-0.08590308370044053
2024-09-24,-0.017206767995411543,-0.04343474779823864,-0.03934624697336564,-0.06174496644295302,0.1060025542784162,-0.0871794871794872,-0.027607361963190247,2.159695817490494,-0.05060918462980313
2024-09-25,-0.007712082262210762,-0.04787339268051438,-0.024242424242424176,-0.05787348586810237,0.125,-0.08695652173913049,-0.015290519877675823,2.1754716981132076,-0.05628632609360662
2024-09-26,0.041189931350114506,0.010381313635456024,0.03245560318432328,-0.005464480874316946,0.19948849104859323,0.0,0.037151702786377694,2.3275862068965516,-0.02506878630388254
2024-09-27,0.10859598853868202,0.1061216270640355,0.14180478821362796,0.07901907356948246,0.28644501278772383,0.08706786171574898,0.1273291925465838,2.5449330783938815,-0.021852877808556492
2024-09-30,0.2181294964028775,0.2247191011235956,0.3811881188118813,0.313969571230982,0.4432855280312906,0.2098445595854923,0.25867507886435326,2.9669260700389106,0.05069551777434311
2024-10-08,0.27588201272411794,0.26693711967545664,0.650030807147258,0.5595075239398084,0.5859375,0.20572916666666674,0.3507692307692307,3.346899224806201,0.05779987569919198
2024-10-09,0.17122888759464172,0.20936468646864692,0.40476190476190466,0.5138121546961327,0.5762032085561497,0.10317460317460303,0.2618296529968456,3.1366336633663368,-0.018397256002494422
2024-10-10,0.17718236819360422,0.17281199351701781,0.34197530864197523,0.38274932614555257,0.45871559633027514,0.13624338624338628,0.25391849529780575,3.0984251968503935,0.011444478812248748
2024-10-11,0.14842622004042738,0.13202933985330056,0.27317676143386893,0.2799461641991925,0.46073298429319376,0.1029023746701847,0.18808777429467094,2.889763779527559,0.018629617934954323
2024-10-14,0.1513251638643489,0.13700818853604946,0.2793228536880292,0.29693741677762975,0.44845360824742286,0.08645161290322578,0.16109422492401215,2.8212927756653987,0.04743833017077792
2024-10-15,0.11707871554418858,0.11354062186559677,0.23714458560193585,0.2579787234042552,0.40258064516129033,0.05032258064516126,0.12462006079027343,2.713472485768501,0.023115896136795433
2024-10-16,0.1077708451503121,0.1206304303899779,0.2195121951219512,0.23395721925133706,0.4152652005174644,0.030769230769230882,0.11349693251533743,2.6756238003838773,0.026291079812206686
2024-10-17,0.0878625739228387,0.10793395086588786,0.19891826923076938,0.212041884816754,0.394871794871795,0.011538461538461497,0.10091743119266039,2.5574387947269304,0.015399120050282766
2024-10-18,0.12935883014623162,0.1634556885013183,0.29645219482862295,0.36614173228346436,0.48727735368956737,0.021383647798742134,0.12238805970149258,2.743879472693032,0.02619122751656655
2024-10-21,0.12272854347218343,0.16935809446911598,0.28529062870699873,0.3654096228868662,0.4392405063291138,0.025062656641603898,0.11538461538461542,2.772811918063314,0.018594390167034458
2024-10-22,0.12222222222222223,0.18196522442377683,0.28546099290780136,0.32270408163265296,0.4342928660826031,0.026022304832713727,0.11730205278592365,2.81180811808118,0.02984126984127
2024-10-23,0.13553626435172217,0.18950141872719883,0.27702303603071465,0.31130876747141034,0.41614906832298115,0.05422446406052961,0.11695906432748537,2.942698706099815,0.040731237973059775
2024-10-24,0.1456726649528708,0.21360033375052145,0.30000000000000004,0.36111111111111094,0.44783715012722625,0.07581699346405224,0.13253012048192758,2.9168241965973536,0.04165321278656764
2024-10-25,0.1612532336878414,0.24699176694110192,0.35639283508338493,0.40080428954423586,0.4761904761904763,0.0978835978835979,0.16463414634146334,3.1866666666666665,0.040335592126492514
2024-10-28,0.169702226076901,0.2629465229338406,0.355638166047088,0.3890374331550801,0.4599745870393901,0.12137203166226906,0.1737804878048781,3.0971962616822433,0.051863857374392364
2024-10-29,0.15515256188831317,0.23096129837702883,0.31223110018438827,0.3652058432934928,0.41822721598002466,0.0949868073878628,0.15243902439024382,2.9666666666666663,0.04336485164656012
2024-10-30,0.14968152866242024,0.24246231155778908,0.31608478802992535,0.36216216216216224,0.4287515762925598,0.1088709677419355,0.15838509316770177,3.007561436672968,0.027931146476128488
2024-10-31,0.15738851646750218,0.25733445096395635,0.325421611492817,0.37281292059219395,0.4629861982434127,0.10618279569892475,0.15625,3.1140684410646386,0.026762402088772896
2024-11-01,0.13426453819840378,0.19517587939698489,0.25693606755126663,0.2724935732647815,0.370986920332937,0.08072916666666652,0.11077844311377238,2.962962962962963,0.026511477529906236
2024-11-04,0.15762273901808777,0.22373225152129828,0.31112469437652823,0.297157622739018,0.43473053892215563,0.1183510638297871,0.12951807228915646,3.037453183520599,0.030038759689922534
2024-11-05,0.20017406440382923,0.2779605263157896,0.39776258545680565,0.3779527559055118,0.5445665445665446,0.1396276595744681,0.1467065868263473,3.2228571428571424,0.04209844559585485
2024-11-06,0.20627934272300474,0.30461215932914065,0.41053299492385764,0.42682926829268286,0.548029556650246,0.12368421052631584,0.14371257485029942,3.2615384615384615,0.04693140794223827
2024-11-07,0.24647887323943674,0.31570213648620626,0.44395742016280537,0.45320855614973254,0.6736196319018408,0.18562091503267975,0.17455621301775137,3.211320754716981,0.07345191040843213
2024-11-08,0.2331667156718613,0.31163176446195306,0.4361233480176212,0.4568733153638813,0.6296296296296295,0.1673254281949934,0.17261904761904767,3.199623352165725,0.05839895013123364
2024-11-11,0.23788546255506615,0.33085040347610173,0.4848293299620734,0.5167785234899327,0.6248462484624846,0.1386010362694301,0.17455621301775137,3.375711574952562,0.04380516508662957
2024-11-12,0.22870615974064235,0.3297161936560935,0.49744572158365274,0.4892183288409704,0.5992555831265507,0.13968668407310703,0.21450151057401823,3.412667946257198,0.04101049868766404
2024-11-13,0.23782826792564205,0.325198164372132,0.5175943698016634,0.5040431266846364,0.599502487562189,0.1368970013037809,0.1875,3.474903474903475,0.04074315514993487
2024-11-14,0.21508544490276948,0.28663613655287246,0.44993662864385287,0.44772117962466496,0.5521472392638036,0.12598425196850394,0.1656626506024097,3.3007662835249043,0.031932225480612475
2024-11-15,0.20326409495548958,0.2710576314122861,0.41736334405144704,0.4130434782608696,0.5037128712871286,0.13217623497997333,0.15853658536585358,3.2097087378640783,0.03527106466361851
2024-11-18,0.1848591549295775,0.2423544197737746,0.37316293929712474,0.37281292059219395,0.4675642594859244,0.11125827814569522,0.13981762917933116,3.119460500963391,0.041087026852151265
2024-11-19,0.1900293255131964,0.26927939317319827,0.4189622037155669,0.42162162162162176,0.5086206896551724,0.12299465240641716,0.15197568389057747,3.3112840466926077,0.036498708010335834
2024-11-20,0.1898215852588474,0.2799747580984435,0.42591404746632455,0.4276048714479026,0.5104808877928484,0.13477088948787053,0.18711656441717794,3.31640625,0.02847088931541908
2024-11-21,0.19688510138113435,0.3013698630136987,0.4444444444444444,0.4615384615384617,0.5366459627329192,0.15205479452054793,0.19565217391304346,3.3484251968503935,0.041087026852151265
2024-11-22,0.1667650531286895,0.2524126099077846,0.39699149771092235,0.40771349862258965,0.4724999999999999,0.12448132780082988,0.15937500000000004,3.2094861660079053,0.02746893394375416
2024-11-25,0.16336194140278182,0.2643802908617321,0.4063324538258575,0.4019471488178026,0.4809644670050761,0.1372549019607845,0.1572327044025157,3.286852589641435,0.028422084286181093
2024-11-26,0.15620394930739767,0.2554253472222223,0.3902439024390245,0.39166666666666683,0.4679245283018867,0.14125874125874116,0.1671924290220821,3.2324649298597192,0.032690421706439876
2024-11-27,0.17472009428403057,0.27812703230002156,0.42904290429042913,0.45174825174825184,0.5044025157232703,0.16315049226441625,0.19365079365079363,3.2549407114624502,0.04797896812356228
2024-11-28,0.17204619484749784,0.28268009634333247,0.41866666666666674,0.46045197740113,0.5025380710659897,0.16216216216216206,0.18412698412698414,3.2529880478087643,0.044590163934426164
2024-11-29,0.1918379505510872,0.3012259194395799,0.45169886742171883,0.5056818181818183,0.541191381495564,0.18965517241379315,0.2006369426751593,3.3027888446215146,0.05400065854461644
2024-12-02,0.20436211532715864,0.3031088082901554,0.46133509583608734,0.4978962131837308,0.5491183879093198,0.18723404255319154,0.20189274447949535,3.25,0.07648440120764843
2024-12-03,0.18956367924528306,0.2788624787775891,0.4162371134020617,0.45192307692307687,0.5098280098280101,0.1578947368421053,0.17337461300309598,3.18076923076923,0.08394648829431439
2024-12-04,0.20468187274909977,0.2954299328568335,0.4399469143994692,0.49359886201991476,0.5308953341740226,0.18259629101283892,0.18354430379746844,3.1992110453648914,0.08685524126455912
2024-12-05,0.1982655502392343,0.28546935276468055,0.42754098360655757,0.4872881355932204,0.5369211514392991,0.1636107193229901,0.1656249999999999,3.15625,0.09435862995298838
2024-12-06,0.22088474270237746,0.30554361839278044,0.4583606557377051,0.5134751773049646,0.5588972431077692,0.18492176386913228,0.19749216300940442,3.174757281553398,0.10917030567685604
2024-12-09,0.2174174174174175,0.29262032085561507,0.4361979166666665,0.49503546099290796,0.5285359801488834,0.1694915254237288,0.18944099378881996,3.1356589147286815,0.11111111111111116
2024-12-10,0.23712901271956377,0.32183908045977017,0.4728116710875332,0.5272988505747127,0.53770086526576,0.20171673819742497,0.20569620253164556,3.221782178217822,0.11878172588832481
2024-12-11,0.2496166819993868,0.3414154652686763,0.46596166556510243,0.541484716157205,0.5358910891089108,0.23444283646888575,0.20569620253164556,3.2270916334661353,0.1444827586206896
2024-12-12,0.2624961668199939,0.35423951048951063,0.48677248677248697,0.5361271676300579,0.5639751552795029,0.2590448625180899,0.22611464968152872,3.2800000000000002,0.14379084967320277
2024-12-13,0.23540258143822967,0.32933740191804706,0.4352094240837696,0.4992805755395684,0.5161691542288558,0.22608695652173916,0.1873015873015873,3.122287968441814,0.15652479774885686
2024-12-16,0.2321924144310823,0.3140043763676148,0.41508196721311474,0.48550724637681153,0.49564134495641343,0.23190546528803524,0.18971061093247577,3.0373280943025547,0.16263582194181558
2024-12-17,0.24132589838909513,0.31379920389208293,0.4307488402915838,0.4919472913616396,0.49440993788819876,0.25337331334332824,0.1903225806451614,3.1287726358148893,0.16414762741652011
2024-12-18,0.24274243360098824,0.31783116596870187,0.43484042553191493,0.5235988200589967,0.49131513647642655,0.26899696048632205,0.19741100323624594,0.28115216030056356,0.15774843641417635
2024-12-19,0.23430321592649306,0.30369565217391314,0.42922975641869643,0.5300146412884332,0.4681372549019609,0.23031203566121827,0.1826923076923077,0.2596034696406442,0.1458405847546118
2024-12-20,0.22724496029321917,0.31545534150612986,0.43832891246684347,0.570796460176991,0.47426470588235303,0.23283582089552235,0.19480519480519476,0.2697616060225847,0.13569937369519813
2024-12-23,0.2250989948218094,0.2951609371578716,0.4303797468354431,0.5608308605341246,0.4558823529411764,0.22720478325859483,0.19218241042345285,0.2723833543505674,0.1283993115318418
2024-12-24,0.18733586227020704,0.25172630257376016,0.36735979836168875,0.5293276108726752,0.3960739030023095,0.1643258426966292,0.1671924290220821,0.23164861612515053,0.0895031260282988
2024-12-25,0.17213586643638457,0.23249532516102245,0.33913043478260874,0.5314285714285716,0.36167800453514753,0.15406162464985984,0.14596273291925455,0.20439691027926332,0.07811993517017823
2024-12-26,0.11895604395604398,0.1809918988342225,0.2846975088967971,0.48489010989010994,0.28358208955223874,0.0484076433121019,0.09552238805970137,0.1611974668969487,0.03982439636249602
2024-12-27,0.05117601447402431,0.09066084107045325,0.16290322580645156,0.3560606060606062,0.205765407554672,-0.027090694935217874,0.008264462809917328,0.08629989212513478,0.04310887350534931
2024-12-30,-0.034727143869595856,-0.001000834028357045,-0.030017921146953452,0.13368421052631585,0.10659439927732617,-0.11991434689507507,-0.08270676691729328,-0.010299166257969783,-0.010885554574874945
2024-12-31,-0.08839528558476872,-0.06964457252641698,-0.21508588498879766,-0.08333333333333337,-0.039408866995073955,-0.11771058315334781,-0.17767653758542146,-0.11814534106107888,-0.015569917743830763
2025-01-02,-0.02809547488811548,-0.03854681903462409,-0.09946476360392498,-0.07937956204379581,-0.06191687871077178,-0.04196642685851315,-0.12250000000000005,-0.08089995213020584,0.04161372299872923
2025-01-03,-0.053108174253548746,-0.045949214026602236,-0.09015639374425022,-0.032163742690058506,-0.033243486073674666,-0.07916181606519201,-0.13000000000000012,-0.095581171950048,-0.006727828746177278
2025-01-06,-0.03117928086497357,-0.008279337652987828,-0.040776699029126284,0.039957939011566745,-0.034946236559139865,-0.06578947368421051,-0.07915567282321911,-0.044534412955465674,0.0068195908245505255
2025-01-07,-0.03960396039603964,-0.021956789039170865,-0.05954631379962194,0.045174537987679786,-0.031138790035587283,-0.07007125890736332,-0.09947643979057597,-0.05920398009950234,-0.023550724637681153
2025-01-08,-0.014500127194098211,-0.0010808863267880442,-0.03765281173594126,0.07505285412262142,-0.009199632014719406,-0.04054054054054046,-0.07837837837837824,-0.03985692386305573,-0.0009285051067779992
2025-01-09,-0.010240655401945742,-0.0009015506671474771,-0.014499999999999957,0.0996749729144093,-0.01919561243144441,-0.03233830845771146,-0.06060606060606055,-0.01984334203655358,-0.028972247636474435
2025-01-10,-0.010354646647683152,-0.007815339876408589,-0.028571428571428692,0.0853131749460041,-0.03125,-0.026615969581749055,-0.06666666666666654,-0.029645314981471715,-0.024760136180749015
2025-01-13,-0.05179282868525903,-0.04688861774446573,-0.0992578849721708,-0.03458213256484155,-0.09580838323353302,-0.051724137931034475,-0.10106382978723394,-0.07444668008048283,-0.03936039360393595
2025-01-14,-0.027390438247011928,-0.023821853961677908,-0.060452238117212675,-0.012380952380952492,-0.029903254177660488,-0.03667481662591676,-0.08222811671087538,-0.06268509378084886,-0.017945544554455517
2025-01-15,-0.038861386138613896,-0.04036948340745805,-0.0809195402298849,-0.004821600771455992,-0.048865619546247685,-0.05797101449275355,-0.09973753280839892,-0.0818005808325265,-0.018803945745992756
2025-01-16,-0.04192355117139335,-0.05656841029136139,-0.07030527289546717,-0.020348837209302473,-0.042105263157894535,-0.07296650717703346,-0.10994764397905754,-0.1045475855602438,-0.00986132511556237
2025-01-17,-0.028172525554724492,-0.040735647988999535,-0.04971857410881819,-0.008746355685131046,-0.03866432337434078,-0.048602673147023046,-0.09308510638297862,-0.07915057915057921,-0.009299442033477878
2025-01-20,-0.030445544554455473,-0.050617910953106526,-0.06102003642987264,-0.022009569377990368,-0.041848299912816134,-0.054216867469879415,-0.09162303664921478,-0.12283894449499544,-0.012096774193548376
2025-01-21,-0.03064755313890266,-0.05807531380753128,-0.053930530164533974,-0.007699711260827691,-0.040034812880765935,-0.08117647058823518,-0.10129870129870133,-0.13275547445255476,-0.06718027734976884
2025-01-22,-0.031647146772987744,-0.05223123732251522,-0.03559718969555015,0.0009727626459143934,-0.034330985915492884,-0.0734939759036144,-0.09523809523809512,-0.12511671335200736,-0.061562499999999964
2025-01-23,-0.0186351045076808,-0.058982136838557575,-0.027948839412600734,0.012896825396825351,-0.028243601059135037,-0.06666666666666654,-0.08042895442359244,-0.11792452830188682,-0.03570300157977879
2025-01-24,-0.01057668093679176,-0.05799999999999994,-0.01790763430725717,0.008823529411764675,-0.04459691252144071,-0.06075334143377875,-0.06486486486486487,-0.12569316081330884,-0.0251112523839796
2025-01-27,-0.018094998743402924,-0.06071308442650514,-0.026871401151631447,0.019191919191919204,-0.05810928013876837,-0.06867469879518062,-0.06738544474393537,-0.12383177570093462,-0.022047244094488105
2025-02-05,-0.035962301587301626,-0.07044588098789994,-0.05641025641025643,0.03286852589641431,-0.09348914858096813,-0.09512485136741966,-0.07733333333333337,-0.13450834879406304,-0.04578237692066478
2025-02-06,-0.04955281605027795,-0.07657657657657657,-0.07514450867052025,0.01619047619047609,-0.1272727272727271,-0.1073512252042007,-0.08877284595300272,-0.13937753721244928,-0.05500310752019888
2025-02-07,-0.029919727560204223,-0.06299212598425186,-0.041385515069725654,0.021842355175688555,-0.10262529832935563,-0.09601873536299765,-0.0732984293193718,-0.11416967509025278,-0.04263322884012544
2025-02-10,-0.06026365348399254,-0.07267854327605239,-0.0711188204683435,0.0064397424103037615,-0.17155425219941367,-0.15104740904079383,-0.10075566750629728,-0.1263440860215055,-0.06505062902730896
2025-02-11,-0.05197901764425372,-0.07382232058172611,-0.07405784399649429,-0.0009250693802034249,-0.1515151515151515,-0.13882618510158018,-0.10406091370558379,-0.14215246636771295,-0.051456912585244874
2025-02-12,-0.04768683274021346,-0.07711442786069655,-0.08471690080885497,-0.02743362831858398,-0.13777441332323992,-0.12400455062571103,-0.10831234256926958,-0.1600173460537727,-0.041027247103037956
2025-02-13,-0.0395778364116095,-0.07297551789077206,-0.0895522388059703,-0.028959276018099556,-0.12257564003103172,-0.09851088201603664,-0.12189054726368165,-0.16006959547629396,-0.03403718878033413
2025-02-14,-0.03837902264600723,-0.06296237997796306,-0.08347386172006743,-0.03405017921146958,-0.11897356143079318,-0.09747706422018343,-0.09273182957393489,-0.16005176876617777,-0.03914813654870031
2025-02-17,-0.020126091173617633,-0.03834331014398962,-0.046328671328671245,0.012037037037036846,-0.09960474308300382,-0.08158508158508149,-0.05943152454780365,-0.1318485523385301,-0.03536469845279433
2025-02-18,-0.010604192355117226,-0.02939711011459889,-0.029038112522686066,0.02499999999999991,-0.08806584362139913,-0.08018867924528295,-0.06052631578947376,-0.10608856088560892,-0.036908517350157766
2025-02-19,-0.0012382367508667613,0.001011633788568611,0.016751977664029694,0.07058823529411762,-0.06422018348623848,-0.06197854588796181,-0.04533333333333334,-0.08231992516370434,-0.05686761963952758
2025-02-20,-0.009117792015771342,-0.01195219123505975,-0.01399548532731365,0.03707224334600756,-0.086530612244898,-0.06666666666666654,-0.03693931398416894,-0.12274368231046939,-0.05827360548457472
2025-02-21,0.0017207472959686054,-0.005094494658997473,0.007197480881691476,0.09668246445497641,-0.06857142857142862,-0.06650831353919229,-0.036175710594315236,-0.11176470588235288,-0.06687402799377917
2025-02-24,-0.0027007120058925027,-0.007236842105263208,-0.0008996851102113235,0.09116541353383445,-0.0824575586095393,-0.05826397146254447,-0.04415584415584417,-0.10774105930285194,-0.06898694841516473
2025-02-25,0.017202124968378474,0.022773972602739834,0.02855805243445686,0.1369863013698629,-0.051782682512733436,-0.043050430504304904,-0.02425876010781669,-0.07558685446009383,-0.053150859325270416
2025-02-26,0.031289748155685526,0.03776824034334769,0.04268292682926811,0.17658730158730163,-0.015424164524421635,-0.034482758620689724,-0.0027173913043477826,-0.0655204460966543,-0.046696315120711596
2025-02-27,0.03670660209023713,0.04217804667242864,0.04883831199620681,0.1826347305389222,-0.019708654670094417,-0.022058823529411686,-0.008108108108108136,-0.047821969696969724,-0.041468819246596955
2025-02-28,0.0017557060446451445,-0.00491858887381269,-0.017090069284064646,0.09152215799614649,-0.07274247491638797,-0.036275695284159526,-0.05053191489361708,-0.0849976776590804,-0.056130448416431555
2025-03-03,0.005811015664476837,0.003243427791054909,0.012218045112781795,0.08220502901353965,-0.06672297297297292,-0.02692778457772327,-0.04021447721179627,-0.05386416861826693,-0.05932203389830515
2025-03-04,-0.005998500374906346,-0.0025235531628532426,-0.013767783386874677,0.07452830188679238,-0.08552631578947356,-0.04468599033816412,-0.04774535809018576,-0.07731481481481484,-0.06404248672289914
2025-03-05,-0.009178863805507143,-0.015241882041086785,-0.028041610131162242,0.06928838951310845,-0.0959349593495934,-0.05734767025089593,-0.06561679790026254,-0.09466911764705888,-0.06388282954191338
2025-03-06,0.0034696406443619487,0.0021573182874210506,-0.0031847133757961776,0.11731315042573343,-0.0724165988608626,-0.04425837320574155,-0.04485488126649084,-0.08095676172953081,-0.07497685899413753
2025-03-07,0.006228201295465752,0.005350275873599708,-0.004608294930875445,0.11142857142857143,-0.07742998352553532,-0.02895054282267784,-0.042780748663101664,-0.06998590887740719,-0.08236374770361299
2025-03-10,0.003993012228600046,0.0013337779259752214,-0.0082682590721177,0.10446343779677125,-0.09527687296416942,-0.025454545454545396,-0.03753351206434319,-0.06860902255639101,-0.07916538815587604
2025-03-11,-0.005422726152329416,-0.006583278472679366,-0.029226618705036178,0.08528584817244611,-0.10450160771704176,-0.015606242496998823,-0.05759162303664922,-0.07674418604651156,-0.08479709267110846
2025-03-12,-0.007153428712382781,-0.0004964421644878536,-0.025838621940163176,0.0910815939278935,-0.09009740259740262,-0.018115942028985477,-0.06788511749347259,-0.07216494845360821,-0.08821752265861038
2025-03-13,-0.019583843329253336,-0.017391304347826098,-0.04322377307519143,0.059266227657572834,-0.10450160771704176,-0.033333333333333215,-0.06561679790026254,-0.07786116322701697,-0.07864488808227477
2025-03-14,0.007607361963190007,-0.007002116919068602,-0.014427412082957614,0.0821529745042493,-0.07171635777598728,-0.009378663540445475,-0.03937007874015752,-0.05655042412818101,-0.07562518830973186
2025-03-17,-0.005586592178770888,-0.015652735194448986,-0.03336298932384352,0.07243650047036687,-0.09531374106433665,-0.02758620689655178,-0.051948051948051965,-0.0630841121495328,-0.07458646616541365
2025-03-18,0.020646766169154285,0.0044269552385636235,-0.00364797081623347,0.09980806142034537,-0.0648072190319936,-0.008274231678486954,-0.010695187165775444,-0.03875598086124399,-0.06782238442822386
2025-03-19,0.028278278278278224,0.016153205661948444,0.009267840593141896,0.10341463414634156,-0.051623646960865965,0.0,0.0,-0.023357664233576658,-0.07567078685559248
2025-03-20,0.017219865235837295,0.020030297929641394,-0.0004631773969430153,0.09813542688910704,-0.060681629260183056,-0.014354066985645897,-0.008130081300813052,-0.029727095516569157,-0.07578502415458932
2025-03-21,-0.0034791252485090185,-0.0018397725372135687,-0.02131603336422605,0.06001936108422079,-0.07570715474209644,-0.02395209580838331,-0.027027027027027084,-0.04154447702834785,-0.08313325330132049
2025-03-24,-0.0007444168734491718,-0.006003001500750282,-0.02717641639797319,0.05358851674641163,-0.07345575959933215,-0.012077294685990392,-0.027100271002710064,-0.03935071323167727,-0.06500607533414338
2025-03-25,0.0027376804380288,-0.011316358795140702,-0.029506685108344866,0.016901408450704203,-0.07980049875311723,-0.010895883777239712,-0.021739130434782594,-0.02717391304347827,-0.05024509803921562
2025-03-26,-0.0022376926902040184,0.00439560439560438,-0.02282254308337217,0.027566539923954192,-0.06902356902356888,0.0,-0.01912568306010931,-0.02031714568880061,-0.05399633923123859
2025-03-27,-0.010321946424182826,-0.004346372450685365,-0.030875576036866192,0.021515434985968307,-0.08436724565756826,-0.0024125452352231624,-0.010810810810810811,-0.04298974108451392,-0.06402899426155229
2025-03-28,-0.015717092337917515,-0.0038772757923130063,-0.031076066790352574,0.008395522388059629,-0.07826810990840971,-0.00364077669902918,-0.008130081300813052,-0.04193389245189949,-0.07336139506915218
2025-03-31,-0.021851215320402795,-0.020578885728626428,-0.047091412742382266,-0.006475485661424529,-0.09883720930232553,-0.013365735115431265,-0.013623978201634857,-0.058998512642538414,-0.07328106151990343
2025-04-01,-0.020899926235554478,-0.017526289434151132,-0.046694405917706905,0.0018621973929235924,-0.10717230008244027,-0.009685230024213065,0.021857923497267784,-0.053624627606752684,-0.06576168929110104
2025-04-02,-0.026186979931473342,-0.016029387209884782,-0.0466512702078522,-0.0027855153203341088,-0.11183673469387756,-0.008515815085158196,0.008196721311475308,-0.05698711595639239,-0.07436049970255798
2025-04-03,-0.01566384883142724,0.005334710032696588,-0.03568030447193138,0.02200956937799048,-0.07008547008546995,0.01101591187270512,0.013850415512465464,-0.05257836198179977,-0.0698299015219338
2025-04-07,-0.054745459196725466,-0.0633315593400744,-0.12085190688459646,-0.03865213082259655,-0.1148282097649187,0.0012515644555695093,-0.02564102564102555,-0.12135416666666665,-0.10399512046355586
2025-04-08,-0.03592659601964343,-0.03802281368821292,-0.0879676440849343,-0.007049345417925457,-0.07713754646840154,0.04930467762326152,-0.011494252873563204,-0.10568242166755182,-0.07543103448275867
2025-04-09,-0.02257980794186354,-0.014882032667876577,-0.07742914979757087,0.03943377148634997,-0.058495821727019504,0.0781049935979512,-0.01719197707736375,-0.10646186440677963,-0.07419950738916259
2025-04-10,-0.01314432989690717,-0.005926724137930939,-0.06381909547738696,0.023575638506876162,-0.05693296602387521,0.07662835249042144,0.011627906976744207,-0.08989952406134316,-0.06060606060606066
2025-04-11,-0.008776458440888035,0.00504959422903517,-0.03861788617886186,0.043264503441494684,-0.04271123491179207,0.06786171574903954,0.023460410557184508,-0.07823310271420969,-0.06350681536555147
2025-04-14,-0.004655975168132542,0.013715935751669406,-0.038559107052257735,0.048275862068965614,-0.03914259086672889,0.06683804627249357,0.0263929618768326,-0.07032498668087372,-0.04177135678391963
2025-04-15,0.0073240910279885885,0.024729803993405408,-0.023219814241486003,0.04875621890547288,-0.026565464895635715,0.08203125,0.03273809523809512,-0.04855428259683581,-0.02697556331323392
2025-04-16,0.013655462184873901,0.014081931236283873,-0.037075180226570414,0.05572139303482593,-0.031220435193945018,0.08311688311688314,0.029585798816567976,-0.06141304347826082,-0.013444302176696676
2025-04-17,-0.011008704557091686,-0.018921308576481,-0.08005893909626716,0.027965284474445573,-0.07162284678150499,0.06345177664974622,0.005780346820809301,-0.0921537651395472,-0.031190926275992403
2025-04-18,-0.002575328354365136,-0.010695187165775444,-0.06053026513256643,0.026162790697674243,-0.05412844036697262,0.06666666666666665,0.011661807580174877,-0.088560885608856,-0.03330191643103986
2025-04-21,-0.002574002574002532,0.017157305400036016,-0.05074626865671639,0.05835806132542065,-0.05036630036630052,0.0670967741935482,0.0235294117647058,-0.08534031413612553,-0.045440398381574876
2025-04-22,-0.005130836326321164,0.006450456907364233,-0.06268509378084886,0.045098039215686336,-0.053930530164533974,0.05874840357598976,0.032258064516129004,-0.08700209643605872,-0.037234042553191515
2025-04-23,-0.0089354097523614,0.003566333808844524,-0.06935014548981566,0.04011741682974557,-0.0573248407643312,0.0484076433121019,0.011527377521613813,-0.09128630705394192,-0.03893249607535321
2025-04-24,-0.010198878123406474,-0.004086709310589853,-0.07874396135265693,0.02036857419980609,-0.06436990027198541,0.052496798975672165,0.01734104046242768,-0.08153603366649131,0.015526924347538662
2025-04-25,-0.0010293360782295258,0.0024968789013732895,-0.06750849927149116,0.02429543245869792,-0.05104831358249773,0.06631989596879051,0.02631578947368407,-0.06350053361792962,0.022644022644022765
2025-04-28,-0.005388760585065433,0.0019699140401145954,-0.07115009746588696,0.02938295788442713,-0.061762034514078135,0.061038961038961004,0.017492711370262315,-0.06363636363636371,0.007208387942332806
2025-04-29,-0.015271061338762992,-0.009554140127388533,-0.08685220729366605,0.023323615160349975,-0.07540394973070019,0.05433376455368677,0.011560693641618602,-0.07875264270613103,-0.0016302575806979025
2025-04-30,-0.010493985154850227,0.007341092211280209,-0.052761341222879676,0.05252725470763142,-0.048802946593001995,0.056921086675290944,0.023121387283236983,-0.06933333333333325,-0.02157809983896941
2025-05-06,0.004116285052739865,0.02228958630527811,-0.03260869565217395,0.03953712632594031,-0.03499079189686927,0.07621550591327186,0.03179190751445082,-0.04769560557341923,-0.0042720999014131955
2025-05-07,-0.0012716174974567451,0.000522648083623789,-0.054326923076923106,0.013120899718837897,-0.044384057971014634,0.07189542483660127,0.022922636103151817,-0.06603773584905659,0.002630713581058819
2025-05-08,-0.00952858575727178,-0.010975818898988132,-0.06100422336931011,0.0009293680297397522,-0.061170212765957355,0.06476683937823835,0.008474576271186418,-0.07692307692307698,-0.0003274394237066103
2025-05-09,-0.01177354709418843,-0.02754165249914997,-0.07376283846872078,-0.034734917733089565,-0.07433628318584062,0.06883116883116869,0.0028011204481792618,-0.0774358974358974,0.007548408270429796
2025-05-12,0.0035211267605634866,-0.011435398532172791,-0.03596781826786566,-0.015740740740740833,-0.044642857142857206,0.0786369593709042,0.011331444759206777,-0.03606900156821746,0.007516339869281019
2025-05-13,-0.004982561036372735,-0.026617250673854453,-0.05581395348837215,-0.03548680618744304,-0.06760316066725192,0.06883116883116869,0.016949152542372836,-0.041817243159525064,0.014043109079033389
2025-05-14,0.010239760239760365,-0.018452683257152547,-0.03793911007025763,-0.00745573159366264,-0.028293545534924913,0.05844980940279543,0.028328611898017053,-0.03676851372345935,0.022185970636215302
2025-05-15,-0.005701536936043583,-0.038971946917520595,-0.07451701931922716,-0.025974025974025983,-0.04766107678729037,0.055908513341804245,0.0027624309392264568,-0.06111967128916285,0.018252933507170832
2025-05-16,-0.012868101954961797,-0.039199192462987864,-0.07974335472043992,-0.04483074107959739,-0.06321334503950837,0.04441624365482233,-0.0027472527472527375,-0.061570035915854304,0.016693944353518786
2025-05-19,-0.007228315054835344,-0.020362765229295143,-0.06448598130841132,-0.019699812382739323,-0.036101083032491044,0.048717948717948545,0.01680672268907557,-0.056759545923632526,0.020962987225679575
2025-05-20,-0.0074386312918424125,-0.031665824490483496,-0.07643020594965688,-0.04029304029304037,-0.048128342245989386,0.04701397712833533,0.027932960893854775,-0.06472986748216103,0.028336079077429854
2025-05-21,-0.0004973887092762919,-0.032930107526881636,-0.06868131868131888,-0.0421631530705775,-0.04825737265415553,0.05357142857142838,0.016438356164383494,-0.04681069958847739,0.04235605559232303
2025-05-22,-0.01423312883435579,-0.05665675586389163,-0.09959803483698071,-0.10198789974070877,-0.07361963190184051,0.045801526717557106,-0.01072386058981234,-0.06775343861436578,0.05033333333333334
2025-05-23,-0.018217626784835073,-0.06196156394963548,-0.10220621341737957,-0.11283376399655465,-0.08105726872246699,0.03282828282828265,0.005434782608695565,-0.07864028411973623,0.042389853137516864
2025-05-26,-0.013429495150459991,-0.050560857190691366,-0.10013654984069187,-0.10929432013769369,-0.06714413607878245,0.04884318766066831,0.008287292817679592,-0.08532249873032005,0.044369747899159595
2025-05-27,-0.026640355204736066,-0.06418527708850286,-0.1151596941070624,-0.13322091062394592,-0.09312445604873798,0.04081632653061207,0.0,-0.10890104425658875,0.031322892369210376
2025-05-28,-0.030735185640521245,-0.06336042461436386,-0.11437613019891502,-0.13670886075949373,-0.09440559440559426,0.027568922305764243,0.0,-0.11536548980606676,0.023778071334213946
2025-05-29,-0.0070105157736605195,-0.023862280552241266,-0.0653195488721805,-0.08208296557811123,-0.05410279531109108,0.02885821831869495,0.04201680672268915,-0.09086294416243657,0.032558139534883734
2025-05-30,-0.005526249686008455,-0.031138335885655954,-0.08449396471680592,-0.07953529937444148,-0.056108597285067896,0.03144654088050314,0.04189944134078205,-0.12178217821782178,0.041708375041708434
2025-06-03,-0.005028916268544181,-0.03811772642941469,-0.08003722661703117,-0.09218612818261629,-0.0539568345323741,0.04045512010113761,0.04456824512534818,-0.10988459608630208,0.04606141522029361
2025-06-04,-0.005007511266900355,-0.03280619111709293,-0.06933457422056777,-0.08931698774080554,-0.042266187050359894,0.04435994930291498,0.06460674157303381,-0.09035532994923856,0.04593874833555267
2025-06-05,-0.016053346505310095,-0.042225534028812683,-0.0766773162939296,-0.11007620660457251,-0.05701754385964908,0.026282853566958586,0.03867403314917128,-0.10110110110110104,0.04202801867911932
2025-06-06,-0.013122059915820605,-0.037917844669881906,-0.06620370370370376,-0.10282776349614409,-0.046428571428571486,0.017391304347825987,0.04189944134078205,-0.09444444444444444,0.04237570904237575
2025-06-09,-0.006959980114342401,-0.03013653013653017,-0.05789717461787869,-0.09458297506448843,-0.024302430243024253,0.023631840796019876,0.052924791086351064,-0.08779011099899092,0.04231922692435863
2025-06-10,-0.015613382899628325,-0.04290921139827697,-0.06808707735062525,-0.10880829015544036,-0.03949730700179532,-0.004878048780487809,0.05277777777777781,-0.09722921914357685,0.03673064195896769
2025-06-11,-0.005217391304348062,-0.03741721854304636,-0.05165193113075861,-0.10347826086956524,-0.028545941123996443,0.012300123001230068,0.05882352941176472,-0.08181818181818179,0.04108681245858192
2025-06-12,0.0002496878901374622,-0.027383536483553184,-0.040000000000000036,-0.08792184724689167,-0.024236983842010895,0.0024630541871919487,0.07584269662921361,-0.07985757884028488,0.030860144451740013
2025-06-13,-0.0306867998051632,-0.052804198097736954,-0.0759377859103385,-0.10820244328097728,-0.0659722222222221,-0.0556213017751479,0.030054644808743092,-0.10389610389610382,0.018578878748370276
2025-06-16,-0.025403028822667317,-0.04967213114754099,-0.062586286240221,-0.1043859649122807,-0.0412642669007901,-0.06028368794326233,0.024657534246575352,-0.10473815461346636,0.017549561260968405
2025-06-17,-0.027784547891786415,-0.05566438132549789,-0.07185354691075518,-0.11692844677137859,-0.039473684210526216,-0.0548271752085816,-0.008108108108108136,-0.10403185664509695,0.022512234910277318
2025-06-18,-0.049890484302750115,-0.05342510652245169,-0.06611570247933896,-0.09991158267020339,-0.05004389815627741,-0.046762589928057485,-0.013513513513513487,-0.10014947683109121,0.023483365949119372
2025-06-19,-0.049803729146221665,-0.056435643564356375,-0.07089898053753474,-0.09562109025915999,-0.06106194690265487,-0.043689320388349384,-0.013661202185792365,-0.10346559517830245,0.02058150931068292
2025-06-20,-0.032917705735660774,-0.04842493297587125,-0.058712121212121215,-0.08127853881278535,-0.046804680468046866,-0.025766871165644023,0.008333333333333304,-0.09229984701682814,0.02782324058919805
2025-06-23,-0.03377203873851509,-0.04177151484650232,-0.05397727272727282,-0.08083560399636691,-0.03423423423423422,-0.03667481662591676,0.011142061281337101,-0.07731694828469027,0.024366471734892814
2025-06-24,-0.023082650781831693,-0.0230600908937888,-0.028978622327790915,-0.049861495844875425,-0.0072267389340560095,-0.028151774785801553,0.01388888888888884,-0.06348400203148807,0.01838709677419348
2025-06-25,-0.0029902815848491526,-0.004713011277562629,0.00524308865586276,-0.030527289546715908,0.04701627486437587,-0.028014616321558994,0.027855153203342642,-0.05462822458270111,0.023218316672041217
2025-06-26,-0.010181276384405247,-0.011417058428475624,-0.004755111745126106,-0.04670329670329687,0.028003613369466995,-0.037484885126964795,0.0,-0.05155691679428276,0.02613746369796699
2025-06-27,-0.011227544910179632,0.0001692333728211537,0.005744375299186144,-0.03700277520814066,0.028003613369466995,-0.0353227771010961,-0.002732240437158473,-0.03964984552008233,0.02336145360155739
2025-06-30,-0.0005020080321284093,0.01861974718141446,0.03343023255813948,-0.016759776536312887,0.047004608294930916,-0.022167487684729092,0.016574585635359185,-0.0036880927291885746,0.02570777741620578
2025-07-01,0.0015067805123052391,0.016309887869520923,0.03103782735208549,-0.026022304832713727,0.04339796860572487,-0.02933985330073341,-0.010695187165775444,-0.011017838405036673,0.025185663545366443
2025-07-02,0.0032671525508920496,0.009163414220261457,0.019379844961240345,-0.036312849162011274,0.03308823529411775,-0.024539877300613355,-0.0027100271002710175,0.0021019442984759884,0.02795629820051415
2025-07-03,0.014144986107602842,0.022081478945566557,0.05624074987666505,-0.029962546816479474,0.03952205882352944,-0.03510895883777232,0.010928961748633892,0.02934898612593373,0.025986525505293567
2025-07-04,0.09120433017591356,0.12935606060606064,0.20169014084507042,0.0670103092783505,0.15526046986721154,-0.0024999999999999467,0.08479532163742687,0.13396561944279783,0.0966643975493533
2025-07-07,0.07613941018766757,0.12008281573498958,0.16962305986696213,0.043610547667342736,0.13997985901309162,-0.04337349397590351,0.06686046511627919,0.13123515439429934,0.07725607725607708
2025-07-08,0.07488050982474781,0.1110906411201178,0.18431157432803058,0.015564202334630295,0.1301775147928994,-0.052256532066508266,0.07580174927113692,0.1659751037344399,0.07382773528433662
2025-07-09,0.056411595716897356,0.08491418247515803,0.16103059581320434,-0.0057581573896353655,0.1110029211295036,-0.04744958481613282,0.07471264367816088,0.14003486345148164,0.06813693219223182
2025-07-10,0.05859375000000022,0.08343800466535067,0.14640591966173377,-0.02639019792648445,0.12027158098933088,-0.03597122302158262,0.07449856733524363,0.14203233256351044,0.08203771088322842
2025-07-11,0.060031185031184986,0.08420865230550123,0.15303430079155667,-0.015977443609022646,0.14548981571290032,-0.026506024096385472,0.08857142857142875,0.1289398280802292,0.06522451655195005
2025-07-14,0.05894572838223855,0.086700035752592,0.15002641310089815,-0.007590132827324458,0.14035087719298245,-0.026474127557159943,0.09510086455331423,0.13188073394495414,0.0671885192433137
2025-07-15,0.0564766839378239,0.09594229035166824,0.18288770053475933,-0.012252591894439169,0.13671875,-0.03956834532374087,0.09482758620689657,0.13028372900984353,0.0489941596365997
2025-07-16,0.05332643023556827,0.09516943042537851,0.1777896422851042,-0.01594746716697948,0.1328125,-0.04176610978520279,0.09482758620689657,0.1299303944315544,0.04747967479674786
2025-07-17,0.05912729150529317,0.1073873873873874,0.19648562300319483,-0.0018885741265344258,0.13094083414161006,-0.028846153846153744,0.11527377521613835,0.1382301908617698,0.043873903152421345
2025-07-18,0.06632258064516128,0.09463778409090917,0.18029350104821806,-0.009345794392523366,0.12921890067502417,-0.013301088270858519,0.12356321839080464,0.1333714939896966,0.05184219106618837
2025-07-21,0.07194430118617845,0.10842086523055006,0.19799894681411256,-0.004690431519699945,0.14685990338164268,-0.010856453558504287,0.10795454545454564,0.15154994259471866,0.05524861878453047
2025-07-22,0.08217413704276133,0.11798152096659553,0.19280875455966662,0.005644402634054524,0.14768339768339778,0.015795868772782606,0.11680911680911699,0.1706621004566211,0.07807905913100299
2025-07-23,0.08165893869139618,0.11864406779661008,0.19926586261143142,0.020912547528517234,0.16182170542635665,0.014598540145985384,0.11647727272727293,0.16437571592210753,0.072543916720885
2025-07-24,0.08835651725914473,0.1320049813200499,0.21093750000000022,0.030360531309297834,0.18347742555235347,0.019512195121951237,0.14245014245014254,0.18860398860398853,0.07684793226961895
2025-07-25,0.08436532507739947,0.13762287756925828,0.21615949632738718,0.055185537583254174,0.18780251694094896,0.01346389228886169,0.14899713467048725,0.18617932609937182,0.07124268054651939
2025-07-28,0.08917032825019389,0.1416577349053234,0.23068838675775094,0.054131054131054235,0.20194174757281558,0.009815950920245342,0.17142857142857149,0.18760757314974175,0.06466361854996738
2025-07-29,0.0954474909467149,0.1430856736580164,0.24049973971889638,0.05932203389830493,0.20329138431752192,0.001223990208078396,0.18926553672316393,0.1965616045845271,0.07011191573403552
2025-07-30,0.08429413271842168,0.11442525728240027,0.19765066394279884,0.03153988868274582,0.16889312977099236,0.006105006105006083,0.1876750700280112,0.15250422059651103,0.07656765676567656
2025-07-31,0.058059587471352314,0.09646526205815764,0.16980172852058972,0.018501387604070274,0.13554502369668242,-0.018292682926829174,0.1652661064425771,0.1156004489337823,0.05313217448343721
2025-08-01,0.04632911392405048,0.09016819837003642,0.15092453773113457,0.012999071494893322,0.12464589235127499,-0.019464720194647067,0.14565826330532206,0.10375275938189832,0.050769734687192924
2025-08-04,0.05247148288973391,0.1075174825174825,0.16582661290322598,0.045454545454545414,0.14053537284894846,-0.018226002430133503,0.14245810055865915,0.10839355197331857,0.049511400651465864
2025-08-05,0.04837092731829573,0.100828729281768,0.1389297987236131,0.043273753527751646,0.12616822429906538,-0.008505467800729027,0.15126050420168058,0.08839479392624727,0.05546545572494321
2025-08-06,0.05007511266900333,0.11249567324333687,0.15073891625615765,0.050000000000000044,0.13935969868173248,-0.007290400972053468,0.13888888888888884,0.08459051724137923,0.05217391304347818
2025-08-07,0.03658838071693449,0.10520869265263899,0.12950340798442062,0.04413145539906127,0.1000909918107371,-0.020408163265306145,0.1212121212121211,0.07688172043010755,0.04660070220236201
2025-08-08,0.0428820742956868,0.11816116063625248,0.14910536779324057,0.04380952380952374,0.11121408711770164,-0.020457280385078214,0.11845730027548229,0.10722100656455136,0.04929577464788726
2025-08-11,0.05339684131361255,0.13185081421817557,0.1738047808764942,0.056513409961685745,0.13870665417057193,-0.0012150668286755595,0.1212121212121211,0.13559322033898313,0.04958145524790725
2025-08-12,0.06151142355008776,0.13484716157205234,0.19130869130869144,0.07559808612440211,0.1432584269662922,0.003667481662591676,0.12396694214876036,0.13183807439824946,0.05165222970805261
2025-08-13,0.06495128653509852,0.14489476430683612,0.2254707631318138,0.08110687022900764,0.16292134831460658,-0.0024271844660194164,0.13586956521739135,0.1400544959128065,0.04389618711951293
2025-08-14,0.05896989300821098,0.13168867268936757,0.2025565388397248,0.09282296650717692,0.1652582159624414,-0.006053268765133124,0.11859838274932599,0.11332973556395043,0.027619047619047654
2025-08-15,0.06920587503111775,0.1658203466993522,0.2445436507936507,0.11453320500481223,0.22989593188268698,0.0,0.13008130081300817,0.1601092896174865,0.025388765471278996
2025-08-18,0.08500501504513536,0.1918050158954434,0.2948846539618857,0.14854368932038842,0.2627037392138063,0.012224938875305735,0.12972972972972974,0.1817180616740086,0.03202049311559385
2025-08-19,0.08520292412402308,0.1872685593369774,0.30247850278199295,0.13043478260869557,0.2389635316698655,0.02083333333333326,0.1260273972602739,0.18767351471404758,0.03540392661731562
2025-08-20,0.10593005575266079,0.20629308820929815,0.31570920183019835,0.17509727626459148,0.25047984644913623,0.03308823529411775,0.13079019073569476,0.2014508928571428,0.04684975767366728
2025-08-21,0.11060375443937076,0.20170001770851775,0.31291475242470645,0.18084066471163251,0.24806949806949796,0.034146341463414664,0.14441416893732972,0.2046093310848791,0.05032258064516126
2025-08-22,0.1293494704992435,0.2074384494499737,0.33836098541980886,0.27211538461538454,0.27550047664442334,0.039024390243902474,0.13978494623655902,0.22389726409826927,0.046653796653796764
2025-08-25,0.15306895680727473,0.23586231120477685,0.3879310344827587,0.31650485436893216,0.29626078619367235,0.06707317073170738,0.16353887399463796,0.26381059751972935,0.048366431774503615
2025-08-26,0.14758655547131672,0.23584078555146415,0.3737986848760748,0.2920696324951644,0.2690114068441063,0.07168894289185923,0.1439999999999999,0.25817361894024815,0.04052329291640078
2025-08-27,0.12606945143432302,0.20942772656114128,0.3480000000000001,0.28557692307692295,0.22065727699530524,0.04490291262135937,0.10817941952506582,0.21875,0.02100572883513685
2025-08-28,0.14432730923694792,0.22821576763485485,0.38704893722194744,0.3634633682207422,0.23348837209302342,0.045121951219512235,0.1143617021276595,0.2399777282850779,0.025928297055057614
2025-08-29,0.15429001505268425,0.23439930855661184,0.4204263758056521,0.3486150907354346,0.24344569288389506,0.07081807081807079,0.1554959785522787,0.2805354155047406,0.020806658130601674
2025-09-01,0.15544430538172693,0.23708154506437773,0.4390363815142577,0.35897435897435903,0.2121771217712176,0.06318347509112998,0.17989417989418,0.28263274336283173,0.013746803069053515
2025-09-02,0.15558912386706947,0.22122208758871387,0.4155069582504969,0.35077519379844957,0.2112149532710279,0.06740196078431371,0.1820580474934037,0.27734375,0.016916693265240923
2025-09-03,0.13611388611388642,0.19367045063639488,0.4082433758586852,0.3239573229873909,0.14784205693296615,0.04131227217496969,0.18253968253968256,0.28162816281628156,0.0035009548058562157
2025-09-04,0.1123315027458811,0.1637768240343347,0.34852941176470575,0.24829600778967875,0.14811407543698252,0.05405405405405417,0.12532637075718012,0.2924267551133224,0.010191082802547768
2025-09-05,0.14422110552763834,0.2138157894736843,0.4574257425742574,0.2974559686888454,0.16821561338289936,0.08395989974937335,0.18302387267904519,0.42251950947603123,0.011840000000000073
2025-09-08,0.14160401002506262,0.22011385199240996,0.4275895925380462,0.3006856023506368,0.1428571428571428,0.1081761006289308,0.2192513368983957,0.43008356545961024,0.011817310763334588
2025-09-09,0.13512158435698174,0.21106309420916158,0.40285996055226825,0.29150197628458496,0.13881278538812802,0.10970996216897855,0.21253405994550412,0.40666666666666673,0.01148691767708998
2025-09-10,0.1623975409836067,0.21243074792243766,0.41347099311701085,0.2976424361493124,0.15064695009242146,0.10440251572327042,0.2136986301369863,0.37873754152823924,0.00987890376035705
2025-09-11,0.2032016524657887,0.26337880377754463,0.5087281795511223,0.3764822134387351,0.21017907634307265,0.12944162436548212,0.21883656509695304,0.4263305322128852,0.016005121638924313
2025-09-12,0.19159360495100586,0.27522451135763326,0.5065392354124749,0.3976143141153081,0.1954674220963173,0.10831234256926958,0.2148760330578512,0.4202247191011237,0.006050955414012682
2025-09-15,0.1896684656900538,0.26505602240896353,0.52002002002002,0.39229249011857714,0.1772388059701493,0.12182741116751261,0.22038567493112948,0.4239733629300775,-0.0034887408817000365
2025-09-16,0.1737804878048781,0.25465196416264635,0.4965753424657535,0.38581146744412065,0.14922656960873515,0.10579345088161207,0.2082191780821918,0.3920824295010845,-0.006968641114982632
2025-09-17,0.16295926018495366,0.24420767799763232,0.4788999525841633,0.3740458015267174,0.09585492227979264,0.09273182957393478,0.20596205962059622,0.39432851792402346,-0.007563819728963139
2025-09-18,0.1525338685398896,0.23845108695652173,0.46536072623029145,0.3928914505283383,0.08260105448154675,0.07788944723618085,0.2103825136612023,0.38266953713670593,-0.026415094339622636
2025-09-19,0.16174615190512243,0.22859560067681883,0.4574012375059495,0.3746397694524497,0.07293497363796142,0.08585858585858586,0.20273972602739732,0.37801608579088475,-0.012999365884590941
2025-09-22,0.1599698643897538,0.22723461344960572,0.4449132676980778,0.4005681818181819,0.08626760563380298,0.06926952141057918,0.19565217391304346,0.35219460602855635,-0.02062182741116747
2025-09-23,0.15897693079237718,0.21648278167836832,0.4548447789275636,0.4074427480916032,0.072566371681416,0.061712846347606876,0.16756756756756763,0.3655172413793102,-0.022047244094488105
2025-09-24,0.16808617234468937,0.24970573398352114,0.5019011406844107,0.4782608695652175,0.08896797153024893,0.06540880503144653,0.18206521739130443,0.3969585736759309,-0.027508596436386257
2025-09-25,0.16936488169364905,0.24618991793669398,0.49976646426903315,0.4942084942084941,0.08222811671087538,0.05395232120451676,0.19729729729729728,0.4043545878693624,-0.03158223889931211
2025-09-26,0.15352182539682535,0.2302532282408185,0.4669479606188467,0.47246376811594226,0.0778072502210434,0.05137844611528819,0.1671159029649596,0.4061683220073182,-0.038485412787088835
2025-09-29,0.177877428998505,0.2539069064022854,0.522748815165877,0.49951409135082603,0.1307420494699647,0.06801007556675054,0.1852861035422344,0.4587926509186351,-0.04389489953632142
2025-09-30,0.17119565217391286,0.24672525286022218,0.49004168596572506,0.5038314176245211,0.10209424083769636,0.06015037593984962,0.20867208672086734,0.44433146924250133,-0.0455249303189843
2025-10-09,0.19060568603213834,0.2737718567860117,0.4956079519186316,0.5617760617760619,0.11042944785276054,0.05105853051058529,0.19786096256684504,0.5030581039755351,-0.04375963020030815
2025-10-10,0.1608856088560886,0.24296124544551168,0.4269248501613647,0.47918683446273014,0.09956709956709964,0.05223880597014907,0.16533333333333333,0.4004044489383216,-0.041271782329562745
2025-10-13,0.15028193184604088,0.22643678160919545,0.397711670480549,0.47659980897803256,0.06181202370872141,0.03712871287128694,0.11811023622047245,0.41573604060913705,-0.03384615384615386
2025-10-14,0.13903874448258935,0.19904589570653064,0.3477262287551677,0.4158699808795412,0.06666666666666665,0.04820766378244734,0.09473684210526301,0.38297872340425543,-0.02078239608801946
2025-10-15,0.15399705738106917,0.21655422083264764,0.35759493670886067,0.4322519083969465,0.08676975945017174,0.06367041198501866,0.1076115485564304,0.42366803278688514,-0.008042066192391006
2025-10-16,0.1602359302039813,0.20737327188940102,0.3662737987307343,0.4175405147759772,0.08534482758620698,0.06226650062266481,0.11286089238845132,0.43275154004106775,0.005588326606643879
2025-10-17,0.12725499756216463,0.15750081353725998,0.29728526924788623,0.3557237464522234,0.05746140651801035,0.043316831683168244,0.07235142118863047,0.35060975609756095,0.005292652552926436
2025-10-20,0.1229428848015488,0.16139497161394978,0.3192717584369451,0.35566037735849054,0.05465414175918015,0.02573529411764719,0.05882352941176472,0.34696969696969693,0.00929944203347799
2025-10-21,0.13302862641327873,0.16929007388371353,0.34593406593406595,0.39208294062205473,0.049705139005897125,0.023170731707317094,0.07435897435897432,0.35144566301096725,0.00030797659377901354
2025-10-22,0.11759104975005963,0.14812460267005734,0.327653997378768,0.380729653882133,0.037846930193439876,-0.0035885167464114742,0.06122448979591821,0.3022915650901996,-0.014242424242424168
2025-10-23,0.12241009764229593,0.15614035087719302,0.3283777874945344,0.3715083798882681,0.038365304420350244,0.0,0.058524173027989734,0.33398917855386134,-0.005762814680012163
2025-10-24,0.12899408284023672,0.15810152443815806,0.35354838709677394,0.4134438305709023,0.02029220779220764,-0.011961722488038284,0.03990024937655856,0.3245445829338447,-0.014514665860296372
2025-10-27,0.14822745657863412,0.17486252945797331,0.3843830888697153,0.40486925157799836,0.03667481662591676,0.0012077294685990392,0.05486284289276799,0.3428021184400578,-0.006377163680534537
2025-10-28,0.13953488372093004,0.16429353778751365,0.3684884713919727,0.39189189189189166,0.02100161550888524,0.002430133657351119,0.014634146341463428,0.33671497584541066,0.0021472392638037796
2025-10-29,0.148051948051948,0.18084279272274917,0.3848090642047839,0.39111111111111097,0.039420756234915366,0.009779951100244544,-0.002375296912114022,0.40804597701149414,-0.0006151953245154829
2025-10-30,0.13965028355387532,0.1734230709031146,0.38123667377398696,0.38039568345323715,0.03428571428571403,0.0,-0.03537735849056611,0.4482421875,-0.0042918454935622075
2025-10-31,0.14464500601684716,0.1808797840241385,0.37592351151673165,0.3514986376021798,0.046744574290484175,0.032298136645962705,-0.007211538461538436,0.4723340040241448,0.009031454375584058
2025-11-03,0.15243164771352524,0.18323524733577234,0.37907077724706917,0.3473877176901925,0.04869857262804378,0.033498759305210735,0.0,0.48150000000000004,0.023379052369077113
2025-11-04,0.1389691714836223,0.15438042620363057,0.3454388240380457,0.31793478260869557,0.04191114836546528,0.01732673267326712,-0.017114914425427785,0.4428284854563691,0.028243327126008744
2025-11-05,0.13196270619172856,0.14962358845671253,0.35431034482758617,0.31650135256988277,0.029045643153526868,0.004901960784313708,-0.021897810218977964,0.4843049327354261,0.020897357098955238
2025-11-06,0.14568431092036227,0.15914747977597998,0.3702910958904111,0.3557951482479784,0.036363636363636376,0.004895960832313362,-0.014634146341463317,0.5037257824143071,0.01805938169574528
2025-11-07,0.14357262103505852,0.16104868913857673,0.3728448275862071,0.33723021582733814,0.028949545078577277,0.007352941176470562,-0.014742014742014642,0.5391912131802297,0.015858493443122956
2025-11-10,0.14917523308630187,0.16429576363920595,0.36591695501730115,0.3485401459854014,0.05087572977481236,0.041769041769041726,-0.0024630541871921707,0.5133399209486167,0.02379499694935938
2025-11-11,0.1335078534031413,0.1438737623762376,0.3207467119219345,0.3209428830462375,0.024691358024691468,0.031630170316301776,-0.0073710073710072654,0.46316803081367364,0.026687116564417135
2025-11-12,0.12701040681173126,0.13221486840080043,0.30314465408805047,0.2891459074733096,0.01392301392301376,0.03410475030450666,-0.007352941176470451,0.431126147897535,0.02501525320317266
2025-11-13,0.12878254750175944,0.1341537526587664,0.2866963202587951,0.29655781112091795,0.004830917874396157,0.037712895377129074,-0.01674641148325362,0.4813575525812619,0.03161448741559236
2025-11-14,0.11395676691729317,0.1264967761743936,0.2645134914145544,0.25306479859894937,-0.007252215954875241,0.025578562728379994,-0.016867469879518038,0.47891420261754725,0.03429101019462455
2025-11-17,0.09662398137369044,0.10183238209672574,0.22917497010761267,0.22797927461139889,-0.06307692307692314,0.018248175182481674,-0.03836930455635479,0.44324069712670733,0.030331166821417677
2025-11-18,0.08227409290501497,0.07617071724955538,0.1816421378776143,0.20625528317836017,-0.07365223993925585,0.013285024154589431,-0.045454545454545414,0.38490214352283325,0.018926466025442013
2025-11-19,0.0910569105691057,0.0733699688103373,0.1871844660194173,0.20769230769230784,-0.05422153369481009,0.0036014405762305746,-0.031630170316301554,0.3969144460028051,0.02580043518806341
2025-11-20,0.07149404216315314,0.05070339976553351,0.16924265842349295,0.1556291390728477,-0.06600153491941663,-0.014234875444839923,-0.05060240963855411,0.3660009289363677,0.01851851851851838
2025-11-21,0.04248515303791689,0.020041261420571832,0.12908242612752718,0.11837748344370858,-0.0928074245939674,-0.027122641509433998,-0.07857142857142851,0.28791413905739627,-0.00030712530712528885
2025-11-24,0.017414601473543234,0.00795372378886472,0.09241172051089408,0.027966742252456545,-0.12182361733931246,-0.03169014084507049,-0.07547169811320753,0.24543795620437936,-0.007992622194897048
2025-11-25,0.007009857612267245,0.0024158021884326253,0.08184143222506379,0.009587020648967437,-0.12795857988165682,-0.05485714285714294,-0.09447004608294929,0.24130240856378227,-0.00916590284142993
2025-11-26,0.018718343977097485,0.0024120317820659487,0.11450662739322537,0.03443113772455075,-0.11910112359550562,-0.06462585034013613,-0.08158508158508149,0.2495519713261649,-0.01073290401717264
2025-11-27,0.03284916201117327,0.013950812598878093,0.1172106824925816,0.03141361256544495,-0.09615384615384615,-0.04181184668989546,-0.06666666666666654,0.2751831501831501,0.006857855361595888
2025-11-28,0.016670322439131358,0.004363738738738743,0.08161083392729873,-0.027913468248429885,-0.11010558069381604,-0.03267211201866982,-0.06205250596658707,0.2703188145487203,0.007800312012480548
2025-12-01,0.01869158878504673,0.008542220977454162,0.07260034904013946,-0.005665722379603388,-0.10918674698795183,-0.05701254275940715,-0.08816705336426911,0.23432055749128944,0.01756036375039205
2025-12-02,0.010831889081456048,-0.009020260893699783,0.042705842159207474,-0.030747728860936463,-0.10806697108066976,-0.06171428571428572,-0.1300448430493274,0.2065545493747305,0.024597918637653926
2025-12-03,0.011982570806100101,0.006803685329553444,0.060042134831460814,-0.013629842180774676,-0.10416666666666663,-0.06544202066590132,-0.1383928571428571,0.20707732634338116,0.017263025737602078
2025-12-04,0.02374148164431733,0.026657060518731956,0.06306620209059233,0.02124542124542117,-0.06880000000000008,-0.05834305717619592,-0.13422818791946312,0.18712446351931322,0.0237868696479544
2025-12-05,0.0543087971274685,0.06446378521905882,0.12286441294074879,0.08736349453978143,-0.04326923076923084,-0.05710955710955701,-0.0974477958236658,0.1946107784431137,0.01702395964691039
2025-12-08,0.039086517347386884,0.038083012409071415,0.07710597826086962,0.07088989441930615,-0.03182179793158302,-0.07283236994219644,-0.12331838565022424,0.11442006269592464,0.015180265654648917
2025-12-09,0.03358946212952807,0.02134879117771815,0.0962861072902339,0.06475903614457823,-0.03766025641025639,-0.09988649262202043,-0.14254385964912286,0.10284378652123083,0.005050505050504972
2025-12-10,0.03842756183745588,0.036682843277190846,0.1219683655536028,0.08263198163733754,-0.03287890938251814,-0.09659090909090906,-0.11910112359550562,0.11097946287519744,0.0003154574132491206
2025-12-11,0.028646981048920273,0.028273597029844222,0.0942608695652174,0.05374716124148371,-0.04417670682730934,-0.09908883826879267,-0.11963882618510158,0.12771084337349392,-0.004417797412432978
2025-12-12,0.007296137339055653,0.0084440753045405,0.04925619834710737,0.017946877243359527,-0.06853582554517135,-0.10561797752808988,-0.11136363636363633,0.10565593087195602,-0.010081915563957211
2025-12-15,0.009954555291062483,-0.0008285004142501995,0.04173622704507518,-0.012091038406827792,-0.050552922590837324,-0.08977272727272723,-0.12925170068027214,0.09414556962025311,0.002849002849002913
2025-12-16,-0.0019442644199609838,-0.01383891502906165,0.007573263088574311,-0.03406671398154726,-0.05467511885895404,-0.09615384615384615,-0.1467268623024831,0.053000779423226785,-0.0006365372374282918
2025-12-17,0.01709956709956706,-0.003158472946992563,0.034324942791762014,-0.02103786816269282,-0.03562945368171011,-0.08314350797266512,-0.1315192743764172,0.08180755746007007,0.0025518341307815273
2025-12-18,0.003223726627981982,-0.018485795840695984,-0.00865662071176665,-0.04444444444444451,-0.049645390070921946,-0.08142201834862384,-0.13932584269662918,0.044512663085187976,0.00825658939345808
2025-12-19,0.020461471484545024,-0.0008228195282501405,0.01304206064558211,-0.048275862068965614,-0.017045454545454475,-0.054778554778554644,-0.12415349887133176,0.0681198910081744,0.025193798449612448
2025-12-22,0.027367506516073004,0.014736262222834418,0.03690398432397135,-0.018169112508735208,-0.008190008190008147,-0.059302325581395254,-0.1184510250569476,0.08365758754863828,0.014776742691936962
2025-12-23,0.026196146352024385,0.007652364033889025,0.03341985723556129,-0.04665314401622733,-0.021880064829821633,-0.05535924617196697,-0.125,0.10715682440359808,0.02364755425979914
2025-12-24,0.029208135006490554,0.02652191837295592,0.03847397348852244,-0.03525423728813559,0.004950495049504955,-0.05219454329774609,-0.11111111111111105,0.10916860916860927,0.019323671497584627
2025-12-25,0.022088784044606458,0.01372443487621089,0.019620253164556845,-0.07058823529411773,-0.002450980392156743,-0.050767414403777966,-0.10804597701149421,0.07394894894894888,0.020250723240115676
2025-12-26,0.018956336528221485,0.0186802849079426,0.004671441918405517,-0.08333333333333337,0.004084967320261423,-0.04761904761904756,-0.12641083521444696,0.08047249907715015,0.029060381013884307
2025-12-29,0.02408084282949896,0.02889858233369691,0.024288910194950386,-0.07020997375328086,0.0024610336341261974,-0.04886769964243143,-0.11547344110854496,0.07100371747211898,0.028082633957391856
2025-12-30,0.009517766497461944,0.01594746716697948,0.004979769685651947,-0.0712896953985741,-0.050000000000000044,-0.0589622641509433,-0.12413793103448278,0.039222741993522936,0.030714516650501178
2025-12-31,0.0025311115798356543,0.009176752227689766,-0.00963630711843333,-0.09745222929936304,-0.04117181314330942,-0.06264775413711576,-0.15246636771300448,0.0063357972544877406,0.03277092796885128
2026-01-05,0.005813953488372103,0.018695254281605456,0.014219474497681794,-0.08590852904820767,-0.02525651144435659,-0.04976303317535535,-0.125,-0.010851135978297788,0.024814695456010227
2026-01-06,0.04238186056367854,0.06075949367088618,0.06720516962843281,-0.015052356020942459,0.012598425196850505,-0.04373522458628831,-0.09382151029748276,0.07075812274368243,0.02614795918367352
2026-01-07,0.0445439045183289,0.07095996786718417,0.08415193189259984,-0.01681759379042691,0.010366826156299691,-0.04057279236276845,-0.068075117370892,0.06991753316600935,0.029299363057324834
2026-01-08,0.04693218514531772,0.10083687748662351,0.12031356509884117,0.03376097231600261,-0.012019230769230727,-0.0589622641509433,-0.04086538461538447,0.09230769230769242,0.005305867665418296
2026-01-09,0.03803654908627263,0.11132152035709453,0.1035631035631035,0.03530979347101937,-0.02213438735177853,-0.059859154929577385,-0.04502369668246442,0.07916516732637646,0.00841908325537899
2026-01-12,0.04066934971404357,0.14721919302071984,0.11844724618447255,0.07195696032279764,-0.003971405877680634,-0.055099648300117154,-0.047169811320754595,0.08240773916159072,-0.002469898116702729
2026-01-13,0.05882352941176472,0.16755692999718863,0.13413379073756437,0.0809490579204466,0.010543390105433925,-0.053380782918149405,-0.012048192771084376,0.13205417607223469,0.0
2026-01-14,0.04870689655172411,0.1682960893854748,0.12150790979468185,0.09881697981906745,0.0016194331983805377,-0.05137395459976102,-0.016908212560386437,0.12635920509936271,-0.017506142506142464
2026-01-15,0.035031847133758065,0.1454670329670329,0.0947093403004573,0.06499661475964791,-0.022471910112359605,-0.05840286054827171,-0.03579952267303088,0.11656215418664706,-0.018472906403940947
2026-01-16,0.03493077742279005,0.1482558139534884,0.10102007239223432,0.0792682926829269,-0.021069692058346856,-0.06482593037214879,-0.04086538461538447,0.13665293897416708,-0.027666769136182046
2026-01-19,0.00530447697856995,0.15160711822320327,0.09216589861751157,0.07671418873048208,-0.03373493975903619,-0.062350119904076684,-0.04807692307692302,0.12831858407079633,-0.030201342281879207
2026-01-20,-0.009643605870020888,0.1295969602388385,0.0368605020654591,0.016286644951140072,-0.039777247414478745,-0.05084745762711851,-0.05755395683453235,0.08288092652913503,-0.012887388769561192
2026-01-21,-0.019892250310816206,0.12757421770526878,0.022436896229354852,0.03722721437740706,-0.0558176100628931,-0.06513872135102527,-0.07801418439716301,0.08246683399067756,-0.06570904645476772
2026-01-22,-0.015618492294876996,0.13815347399543065,0.0343213728549141,0.04983818770226556,-0.048259493670886,-0.06424242424242421,-0.06730769230769229,0.08962775569208548,-0.05815733088460362
2026-01-23,-0.03249691484985606,0.14814327100342362,0.011212121212121229,0.04472843450479247,-0.07120743034055732,-0.06658595641646481,-0.07619047619047614,0.07619047619047636,-0.05540166204986152
2026-01-26,-0.023014721127928794,0.1423235961051088,0.02037665946279721,0.05211726384364823,-0.044198895027624197,-0.06432038834951448,-0.05378973105134466,0.052933243425488774,-0.04371921182266025
2026-01-27,-0.009671993271656909,0.15909090909090917,0.050852811118130115,0.10215053763440851,-0.045454545454545414,-0.0878459687123947,-0.07748184019370452,0.06252135292107952,-0.04907407407407416
2026-01-28,-0.007978165022044958,0.1683021911547251,0.041246851385390304,0.11224489795918369,-0.04163330664531628,-0.09243697478991597,-0.07579462102689483,0.04049949375632811,-0.04599451720986891
2026-01-29,0.008246986677944435,0.17475728155339798,0.05784061696658083,0.09209621993127137,-0.02493966210780385,-0.02676399026763976,-0.03980099502487566,0.052485227667709466,-0.04437066103229703
2026-01-30,-0.005068637803590237,0.15143246930422904,0.06142584341183954,0.08767123287671241,-0.0370967741935484,-0.051219512195121886,-0.054726368159204064,-0.0030211480362537513,-0.05358217940999399
2026-02-02,-0.042663891779396446,0.0802576835324118,0.015932521087160145,0.012591119946984808,-0.06060606060606066,-0.05359317904993899,-0.07920792079207928,-0.03402708952758515,-0.08418520745640412
2026-02-03,-0.02732012513034421,0.12446236559139767,0.040188383045525855,0.04102219233355742,-0.05627009646302261,-0.04744525547445244,-0.05985037406483795,-0.018488485241647923,-0.08405884118883211
2026-02-04,-0.020802995631371002,0.12620837808807717,0.0440151994933502,0.035859269282814576,-0.05476190476190468,-0.05660377358490554,-0.06172839506172845,0.006856023506366382,-0.06138259833134685
2026-02-05,-0.017635943732941306,0.11130646470110905,0.04015419209765492,0.03500343170899112,-0.0417670682730924,-0.047169811320754595,-0.04950495049504955,-0.026653504442250675,-0.06304152972811472
2026-02-06,-0.02434417628541441,0.11650353452963569,0.038931788931788835,0.03450655624568677,-0.04200323101777059,-0.060070671378091745,-0.05432098765432103,0.01317122593718345,-0.06964285714285712
2026-02-09,-0.017664172901080577,0.12458137977227057,0.04368321810182274,0.04492852280462878,-0.04086538461538458,-0.06330597889800693,-0.06812652068126512,-0.009680542110358292,-0.06456411782207683
2026-02-10,-0.0016874077198902881,0.14159171436358697,0.07048173294536042,0.08315863032844173,-0.02922077922077926,-0.06294536817102125,-0.04901960784313719,-0.0042608980662078855,-0.05734767025089593
2026-02-11,0.0027600849256899096,0.14653762268266068,0.06128404669260701,0.07805907172995785,-0.019704433497536922,-0.05734767025089593,-0.032418952618453845,-0.0006527415143603443,-0.043857014118353965
2026-02-12,0.009395686525731417,0.1724042963370973,0.08784005244182236,0.09250175192711985,-0.02868852459016391,-0.07032181168057206,-0.03007518796992481,0.04407806191117092,-0.03166869671132755
2026-02-13,-0.0055354481583989035,0.15857202158572004,0.0680405626431142,0.09554140127388533,-0.038493038493038645,-0.07057416267942573,-0.04020100502512569,0.016733601070950455,-0.04939393939393932
2026-02-24,0.008554319931565413,0.18117154811715475,0.0888962326503635,0.10530085959885382,-0.036976170912079054,-0.07220216606498187,-0.032994923857868064,0.04692281536892229,-0.033333333333333326
2026-02-25,0.04075372480280448,0.24270442068766251,0.1515151515151516,0.14877868245743908,0.005115089514066584,-0.06060606060606055,-0.012919896640826933,0.13478260869565228,-0.018740399385560713
2026-02-26,0.039060785604564385,0.2381635581061694,0.14718019257221449,0.1499999999999999,-0.007659574468085184,-0.06545454545454543,-0.030612244897959218,0.13296703296703294,-0.009916330957545738
2026-02-27,0.02784424624755255,0.2385880351573575,0.11482607227288089,0.14390065741417102,-0.008481764206955011,-0.06287787182587656,-0.03562340966921118,0.12109234638878918,-0.0033919210607461503
2026-03-02,0.02442715088629477,0.2360934182590233,0.08424182358771048,0.11722141823444288,-0.018707482993197244,-0.06909090909090898,-0.058375634517766506,0.11760487629974903,0.023868567885926728
2026-03-03,0.012115967113803583,0.1879432624113475,0.06407702523240366,0.061638868745467645,-0.026382978723404338,-0.07272727272727264,-0.06632653061224492,0.089048473967684,0.04241486068111455
2026-03-04,-0.005393743257820827,0.16566222845129652,0.03920922570016461,0.04737975592246957,-0.05508474576271183,-0.08443908323281057,-0.08142493638676851,0.06892895015906664,0.022910216718266208
2026-03-05,-0.007040751013441482,0.1623160233268537,0.04328018223234631,0.05555555555555558,-0.05579036348267119,-0.08585247883917768,-0.07633587786259544,0.07657021877205361,0.014175654853620934
2026-03-06,0.00021431633090429614,0.17924660411707038,0.0566841415465269,0.07498197548666186,-0.03498293515358353,-0.0584652862362971,-0.04123711340206193,0.08934953538241608,0.011080332409972415
2026-03-09,-0.003444564047362708,0.1764043361959735,0.06028486253726406,0.06545454545454543,-0.042204995693367775,-0.05282555282555279,-0.049222797927461204,0.11726384364820852,0.02098117864856519
2026-03-10,0.0055829933433539924,0.19031578947368422,0.08030154047853144,0.0724533715925395,-0.03780068728522323,-0.043370508054522916,-0.03359173126614989,0.13593637020968896,0.013011152416356753
2026-03-11,0.002767134951042971,0.1735033259423504,0.07963742311427646,0.05954088952654235,-0.05946398659966501,-0.040791100123609425,-0.04113110539845766,0.15610454708199062,0.02696838189708628
2026-03-12,-0.008030431107354241,0.1577356416597968,0.043204036581520056,0.025352112676056304,-0.07888249794576829,-0.028678304239401542,-0.051150895140664954,0.14275668073136427,0.05327102803738315
2026-03-13,-0.006584536958368803,0.1504706533776301,0.0351317440401504,0.02545968882602545,-0.0741049125728559,-0.015132408575031508,-0.05882352941176472,0.14411868597668676,0.0565326633165828
2026-03-16,-0.004678860059549206,0.1371334159438249,0.04918546365914778,0.03038869257950516,-0.08291873963515739,-0.0062893081761006275,-0.058673469387755195,0.1333096338428723,0.05171870072532325
2026-03-17,-0.0047129391602399595,0.12178864046660176,0.040368722186904016,0.02586206896551735,-0.060504201680672165,-0.0037926675094817064,-0.04871794871794877,0.10968660968660982,0.048811410459588034
2026-03-18,-0.006817213463996552,0.11956074124914218,0.05166981726528053,0.01904090267983083,-0.06856187290969884,-0.017587939698492483,-0.053708439897698246,0.10195381882770871,0.04901336728198591
2026-03-19,-0.014570387829440645,0.09798231066887797,0.05865384615384617,0.015838732901367836,-0.08402662229617308,-0.038701622971285876,-0.04947916666666674,0.0979754157628343,0.04324494949494939
2026-03-20,-0.009523809523809601,0.09626719056974453,0.09183006535947724,0.01983835415135915,-0.09220452640402355,-0.04380475594493116,-0.042328042328042326,0.15247964470762398,0.04968152866242037
2026-03-23,-0.05724622260055334,0.03485328557652556,0.020227560050569027,-0.04799426934097417,-0.14942528735632177,-0.08571428571428574,-0.09138381201044399,0.102268635217861,0.02895322939866385
2026-03-24,-0.04048843187660667,0.0596870239579006,0.04689521345407499,-0.012354651162790664,-0.1318407960199005,-0.07365792759051193,-0.06788511749347259,0.13225569434239515,0.029606299212598497
2026-03-25,-0.030716723549488067,0.07411474059840795,0.06437077566784666,0.0036231884057971175,-0.12551610239471522,-0.07891491985203458,-0.07474226804123718,0.14067055393585992,0.025834908632640152
2026-03-26,-0.051162790697674376,0.0450597176981542,0.027716535433070844,-0.03416370106761568,-0.1453344343517755,-0.08652657601977753,-0.08785529715762286,0.11741472172351886,0.03450459006014572
2026-03-27,-0.048945147679324896,0.05817737998372663,0.033908948194662614,-0.028368794326240954,-0.13753106876553445,-0.06234413965087282,-0.051948051948051965,0.1190392087601555,0.033860759493670844
2026-03-30,-0.054025646415808204,0.04658634538152606,0.016189290161892744,-0.044975404075896064,-0.14860426929392456,-0.05757196495619532,-0.04947916666666674,0.08931698774080554,0.04233807266982614
2026-03-31,-0.06357532522031051,0.01977701088399253,-0.012414649286157653,-0.06891701828410679,-0.15724815724815733,-0.07711442786069655,-0.061855670103092786,0.048234882908074095,0.02425960932577187
2026-04-01,-0.05225752508361203,0.030211081794195183,0.0018598884066955979,-0.03523608174770965,-0.14971521562245738,-0.06125000000000003,-0.025839793281653756,0.020840450973693248,0.016943834326953233
2026-04-02,-0.0575267688431661,0.016428192898781058,-0.012792511700468023,-0.06139731827805217,-0.1612111292962357,-0.052631578947368474,-0.023498694516971286,0.0163137799375217,0.02291993720565144
2026-04-03,-0.06683427613660176,0.002901991821659289,-0.027253019510684484,-0.07606420097697142,-0.16447368421052633,-0.06390977443609025,-0.034120734908136496,-0.011080332409972304,0.008782936010037545
2026-04-07,-0.06459078476751534,0.005403268318397325,-0.010985561833019464,-0.05292872265349324,-0.1618497109826591,-0.060529634300126145,-0.023809523809523836,0.0020986358866736943,0.01413760603204528
2026-04-08,-0.04995871180842282,0.03003080082135523,0.019506248095092937,-0.0365111561866126,-0.14655870445344132,-0.05610972568578554,-0.04336734693877553,0.02022625985601656,0.014779874213836308
2026-04-09,-0.0705427932506606,0.0003768370807688548,0.0051468362095064,-0.05980066445182719,-0.19828926905132205,-0.07663782447466017,-0.05808080808080818,-0.004383007417397278,-0.0018645121193286984
2026-04-10,-0.052846357886145556,0.004500562570321387,0.038054968287526414,-0.05460526315789471,-0.15706393054459344,-0.07587064676616917,-0.06045340050377834,0.02245308310991967,-0.004331683168316891
2026-04-13,-0.04338885461649189,0.0004985044865406518,0.05506540918770919,-0.05421293272370997,-0.12814274128142755,-0.06766917293233088,-0.07017543859649134,0.04527162977867194,0.0006209251785158632
2026-04-14,-0.03541453428863872,-0.006937682570593795,0.0712130356065177,-0.04826254826254828,-0.12611156022635417,-0.062421972534332126,-0.06947890818858571,0.05601867289096352,-0.003401360544217691
2026-04-15,-0.04457561571341351,-0.03624049429657794,0.04153070305547324,-0.07026348808030114,-0.14433811802232854,-0.06699751861042191,-0.06683168316831689,0.030453492221118816,0.002785515320334442
2026-04-16,-0.030637254901960675,-0.006380929448591255,0.0961887477313974,-0.032924467398321444,-0.1324237560192617,-0.0563909774436091,-0.08048780487804874,0.05982053838484558,0.004645401052957521
2026-04-17,-0.02609946568023014,-0.00896592946802166,0.10144057623049219,-0.05066497783407209,-0.13015359741309618,-0.06549118387909325,-0.10073710073710074,0.06324900133155786,0.005939356048765276
2026-04-20,-0.022564102564102684,0.0019186952872047858,0.09546539379474939,-0.029243483788938374,-0.11740558292282433,-0.06075949367088618,-0.09653465346534662,0.05748265609514358,0.011606022584692566
2026-04-21,-0.01708170405433218,0.0043399638336347746,0.10011954572624027,-0.05586942875078471,-0.11754966887417206,-0.047496790757381335,-0.08521303258145374,0.06719367588932812,0.03224786595004758
2026-04-22,0.015407344871253503,0.012817441303306198,0.13261000602772754,-0.0359394703657,-0.10640066500415635,-0.05754475703324813,-0.08333333333333337,0.06045751633986929,0.02831078955646449
2026-04-23,0.01629974597798478,0.006126862085535922,0.14250689549494333,-0.033333333333333326,-0.11681855840927924,-0.05994897959183676,-0.07124681933842247,0.06851604278074874,0.023624494870997825
2026-04-24,0.010993657505285359,-0.012926944971537013,0.11978055470893012,-0.0525990099009902,-0.1207327227310575,-0.049032258064516165,-0.06153846153846154,0.07187810533289163,0.07294733398756947
2026-04-27,0.011635286651152876,-0.01192584720746237,0.10165912518853704,-0.01911220715166473,-0.12136325852036589,-0.05310880829015552,-0.061855670103092786,0.06932006633499177,0.06434839129021763
2026-04-28,0.014030612244897878,-0.05115265512100009,0.07941264608930165,-0.04097859327217124,-0.10833333333333328,-0.05058365758754868,-0.04123711340206193,0.0022123893805308104,0.08341479309221245
2026-04-29,0.023132427843802983,-0.01658103689864543,0.11770045385779127,-0.024767801857585203,-0.11147811725846413,-0.03372243839169908,-0.03359173126614989,0.05635606788344538,0.0775917578879588
2026-04-30,0.02420382165605095,-0.0219282979463975,0.10880673279230546,0.008536585365853666,-0.09941520467836251,-0.014511873350923521,-0.02887139107611547,0.056591639871382604,0.08438818565400852
2026-05-06,0.03449735449735458,-0.0037970314118054294,0.14484426973087383,0.06666666666666665,-0.08604845446950704,-0.01851851851851849,-0.02645502645502651,0.09730781706130376,0.06673052362707543
2026-05-07,0.030201342281879207,0.02095215923641036,0.16798298906439868,0.11327879169288857,-0.10148514851485146,-0.07625000000000004,-0.04663212435233166,0.10931307793923373,0.03348073278584951
2026-05-08,0.03714710252600284,0.038981042654028464,0.1412293853073463,0.08753148614609563,-0.09547738693467323,-0.05655526992287918,-0.0368421052631579,0.11077441077441064,0.03721374045801529
2026-05-11,0.0795652173913044,0.10721828798608546,0.21371463714637162,0.1852094240837696,-0.06876061120543286,-0.05276705276705285,-0.005376344086021501,0.14398084815321477,0.07124097176625077
2026-05-12,0.06410806174957129,0.05928759263686345,0.18925445215816472,0.17312661498708004,-0.061328790459965754,-0.07407407407407418,-0.01326259946949604,0.08955717118308004,0.06751884627990812
2026-05-13,0.06585935840237944,0.0740343347639485,0.2277828328783742,0.2181580666231222,-0.08060453400503786,-0.10125000000000006,-0.02631578947368418,0.07911802853437089,0.02984126984127
2026-05-14,0.055994870698867105,0.06754289886820009,0.22328597899938218,0.2035809018567638,-0.10226320201173522,-0.10891089108910901,-0.0625,0.08958755916159555,0.02774234693877542
2026-05-15,0.04925790492579041,0.04858151710702563,0.2294828120161041,0.19212808539026005,-0.11635750421585156,-0.1127819548872181,-0.07049608355091386,0.06633333333333336,0.03103007037747929
2026-05-18,0.02644383329807498,0.028111971411554526,0.18127070159590475,0.1745928338762215,-0.12531328320802015,-0.12390488110137687,-0.08877284595300272,0.041381557510589806,0.02321882951653942
2026-05-19,0.028734417916754795,0.038916079742151055,0.18453639383871945,0.20709677419354833,-0.11705685618729089,-0.1128010139416985,-0.10051546391752586,0.05200789993416732,0.02091254752851701
2026-05-20,0.0313360152445481,0.040066579479253406,0.201344332416743,0.25962165688193095,-0.12144053601340032,-0.11406844106463887,-0.10567010309278357,0.05519268451992154,0.010053408733898817
2026-05-21,0.017135603977152414,-0.0012919896640826156,0.1587827658933414,0.19307248236048768,-0.11054852320675101,-0.11538461538461553,-0.09819121447028434,0.013857557202706872,-0.002515723270440251
2026-05-22,0.04089060158424318,0.034037979218918046,0.20857580398162323,0.21899224806201545,-0.11669505962521298,-0.1222651222651222,-0.09685863874345557,0.05200789993416732,0.006056742110296609
2026-05-25,0.04686174724342673,0.03743062935411512,0.22427921092564485,0.29488010369410245,-0.1083617747440273,-0.11673151750972754,-0.1076115485564304,0.03085417343293262,-0.0015673981191222097
2026-05-26,0.04673684210526319,0.017437805161590436,0.21261961722488043,0.268041237113402,-0.10432569974554706,-0.1225806451612903,-0.10994764397905754,0.015325670498084198,-0.0025046963055729288
2026-05-27,0.041605068637803555,-0.0018539976825029392,0.2158273381294964,0.22186700767263434,-0.10548885077186965,-0.11543450064850835,-0.09999999999999998,0.02812803103782735,-0.007824726134585291
2026-05-28,0.043809523809523965,-0.010072107130594143,0.25355952741593457,0.24010217113665377,-0.1266039349871686,-0.13548387096774195,-0.11345646437994716,0.02596153846153837,-0.019183168316831756
2026-05-29,0.038826756699725795,-0.033207374327264505,0.23491773308957953,0.19430051813471505,-0.1048526863084922,-0.10286458333333337,-0.07277628032345018,0.0,-0.0293672419013018
