date,open,high,low,close,volume,amount,daily_return,ma20,ma60,momentum_60
2020-11-16,1.556,1.62,1.451,1.465,1445363837,2119240683,,,,
2020-11-17,1.46,1.46,1.43,1.436,1080636535,1553721900,-0.01979522184300353,,,
2020-11-18,1.435,1.445,1.422,1.424,863188131,1234788628,-0.00835654596100277,,,
2020-11-19,1.424,1.44,1.412,1.438,685401807,980394625,0.00983146067415741,,,
2020-11-20,1.436,1.444,1.431,1.435,601003363,862623917,-0.0020862308762168436,,,
2020-11-23,1.434,1.434,1.416,1.422,797506121,1133175091,-0.009059233449477455,,,
2020-11-24,1.419,1.424,1.414,1.416,564806713,800897383,-0.00421940928270037,,,
2020-11-25,1.417,1.42,1.391,1.393,818612169,1148131355,-0.016242937853107264,,,
2020-11-26,1.391,1.401,1.384,1.39,519167922,722125397,-0.002153625269203263,,,
2020-11-27,1.388,1.4,1.385,1.392,520632671,724061068,0.0014388489208632116,,,
2020-11-30,1.397,1.401,1.385,1.391,635030206,885500684,-0.0007183908045975684,,,
2020-12-01,1.388,1.411,1.386,1.409,586750280,822774327,0.01294033069734013,,,
2020-12-02,1.411,1.42,1.408,1.414,523790784,741100068,0.0035486160397444344,,,
2020-12-03,1.412,1.422,1.404,1.417,443823363,627615117,0.0021216407355022504,,,
2020-12-04,1.415,1.415,1.406,1.411,371360180,523662398,-0.004234297812279464,,,
2020-12-07,1.415,1.422,1.411,1.412,461404464,654078823,0.0007087172218283033,,,
2020-12-08,1.413,1.414,1.405,1.408,415196098,584974825,-0.0028328611898017497,,,
2020-12-09,1.408,1.411,1.377,1.38,782642654,1089123052,-0.019886363636363646,,,
2020-12-10,1.378,1.389,1.371,1.383,436784193,603425321,0.0021739130434783593,,,
2020-12-11,1.382,1.397,1.381,1.396,520034375,723082304,0.009399855386840184,1.4116,,
2020-12-14,1.398,1.417,1.391,1.413,509072497,716152193,0.012177650429799458,1.409,,
2020-12-15,1.41,1.418,1.4,1.406,481061094,677765429,-0.004953998584571906,1.4075,,
2020-12-16,1.4,1.401,1.384,1.388,439325725,610392838,-0.012802275960170695,1.4057,,
2020-12-17,1.386,1.406,1.383,1.406,426540921,595395184,0.012968299711815678,1.4041000000000001,,
2020-12-18,1.42,1.42,1.4,1.403,407483610,574006688,-0.002133712660028375,1.4024999999999999,,
2020-12-21,1.401,1.431,1.398,1.43,751259379,1069955017,0.01924447612259428,1.4029,,
2020-12-22,1.419,1.432,1.399,1.403,586826055,830906503,-0.018881118881118875,1.40225,,
2020-12-23,1.403,1.419,1.397,1.417,477450375,672840830,0.009978617248752597,1.4034499999999999,,
2020-12-24,1.416,1.425,1.39,1.393,562803353,790005502,-0.016937191249117856,1.4036,,
2020-12-25,1.395,1.4,1.383,1.394,460882204,642137515,0.00071787508973431,1.4037000000000002,,
2020-12-28,1.387,1.391,1.377,1.38,600205060,829445698,-0.010043041606886627,1.40315,,
2020-12-29,1.38,1.393,1.379,1.381,482822496,668274567,0.0007246376811596011,1.40175,,
2020-12-30,1.381,1.407,1.377,1.403,612840999,855521835,0.015930485155684293,1.4011999999999998,,
2020-12-31,1.408,1.435,1.406,1.434,880339287,1254346807,0.02209550962223794,1.40205,,
2021-01-04,1.436,1.468,1.429,1.464,881063399,1281133014,0.02092050209205021,1.4046999999999998,,
2021-01-05,1.46,1.469,1.452,1.468,643815942,941124084,0.002732240437158362,1.4075,,
2021-01-06,1.467,1.475,1.45,1.458,488038816,712273905,-0.006811989100817484,1.41,,
2021-01-07,1.457,1.458,1.415,1.429,870901605,1245168684,-0.0198902606310013,1.41245,,
2021-01-08,1.425,1.428,1.41,1.423,661910759,938479860,-0.0041987403778865895,1.41445,,
2021-01-11,1.422,1.45,1.421,1.437,707849292,1017183707,0.00983836964160223,1.4164999999999999,,
2021-01-12,1.429,1.451,1.42,1.45,557717681,804060910,0.009046624913013224,1.41835,,
2021-01-13,1.452,1.46,1.434,1.454,653660152,946447538,0.0027586206896552667,1.42075,,
2021-01-14,1.45,1.524,1.444,1.498,1485670329,2214887202,0.030261348005502064,1.42625,,
2021-01-15,1.5,1.512,1.476,1.492,919191594,1375169301,-0.004005340453938633,1.43055,,
2021-01-18,1.486,1.543,1.48,1.526,891473242,1351225346,0.022788203753351333,1.4367,,
2021-01-19,1.524,1.534,1.486,1.492,956305867,1442207408,-0.022280471821756298,1.4398000000000002,,
2021-01-20,1.49,1.525,1.487,1.524,864218178,1307083651,0.02144772117962468,1.4458499999999999,,
2021-01-21,1.529,1.539,1.512,1.526,645712328,985780911,0.001312335958005173,1.4513,,
2021-01-22,1.524,1.536,1.501,1.536,637854852,967383758,0.006553079947575258,1.45845,,
2021-01-25,1.526,1.557,1.514,1.542,729258365,1121347537,0.00390625,1.46585,,
2021-01-26,1.539,1.557,1.516,1.524,673730058,1032874273,-0.011673151750972721,1.47305,,
2021-01-27,1.525,1.53,1.485,1.503,625435396,939428261,-0.013779527559055205,1.47915,,
2021-01-28,1.486,1.506,1.462,1.469,731655913,1086206530,-0.02262142381902843,1.48245,,
2021-01-29,1.475,1.484,1.445,1.467,779108827,1140998858,-0.001361470388019037,1.4841,,
2021-02-01,1.47,1.481,1.456,1.467,605994079,887787371,0.0,1.48425,,
2021-02-02,1.464,1.479,1.458,1.478,539718461,794266975,0.00749829584185413,1.48475,,
2021-02-03,1.475,1.485,1.454,1.456,540408359,794062396,-0.014884979702300405,1.4846499999999998,,
2021-02-04,1.447,1.453,1.41,1.435,820592019,1171295319,-0.014423076923076872,1.48495,,
2021-02-05,1.434,1.447,1.413,1.414,585699710,838125043,-0.014634146341463539,1.4845,,
2021-02-08,1.413,1.435,1.409,1.425,433399963,616648418,0.007779349363507881,1.4839,1.4373333333333334,
2021-02-09,1.426,1.476,1.424,1.472,603609280,875572875,0.03298245614035089,1.4849999999999999,1.43745,0.004778156996587013
2021-02-10,1.47,1.482,1.451,1.478,586884971,862459824,0.0040760869565217295,1.4862,1.43815,0.029247910863509752
2021-02-18,1.496,1.505,1.472,1.476,606120121,899793708,-0.0013531799729363803,1.4851,1.4390166666666666,0.036516853932584414
2021-02-19,1.473,1.473,1.447,1.472,576221136,840598956,-0.0027100271002710175,1.4841,1.4395833333333334,0.02364394993045904
2021-02-22,1.472,1.479,1.431,1.433,854329106,1243087012,-0.02649456521739124,1.47945,1.43955,-0.0013937282229965486
2021-02-23,1.423,1.444,1.419,1.433,558992638,800165777,0.0,1.4765,1.4397333333333333,0.007735583684950864
2021-02-24,1.435,1.44,1.401,1.409,1020078153,1446579084,-0.016748080949057886,1.4707500000000002,1.4396166666666665,-0.00494350282485867
2021-02-25,1.413,1.416,1.392,1.393,880317119,1232730426,-0.011355571327182457,1.4641000000000002,1.4396166666666665,0.0
2021-02-26,1.376,1.386,1.366,1.368,1126996773,1546010853,-0.017946877243359638,1.4557,1.43925,-0.015827338129496216
2021-03-01,1.375,1.401,1.375,1.4,732578413,1016775467,0.023391812865496853,1.4485999999999999,1.4393833333333332,0.005747126436781658
2021-03-02,1.412,1.414,1.385,1.392,590004812,825491699,-0.005714285714285672,1.442,1.4393999999999998,0.0007189072609632419
2021-03-03,1.391,1.401,1.38,1.4,435786819,606334492,0.005747126436781658,1.4368500000000002,1.4392500000000001,-0.0063875088715401596
2021-03-04,1.391,1.403,1.364,1.366,1021283619,1404543726,-0.024285714285714133,1.4317,1.43845,-0.033946251768033786
2021-03-05,1.356,1.378,1.351,1.37,595833015,812491994,0.002928257686676483,1.4268500000000002,1.4376666666666666,-0.03316866619618908
2021-03-08,1.375,1.378,1.315,1.316,1235497777,1658452920,-0.039416058394160625,1.4193,1.4360833333333332,-0.06732813607370658
2021-03-09,1.316,1.319,1.265,1.269,1011017568,1302723568,-0.03571428571428581,1.40885,1.4336999999999998,-0.10127478753541075
2021-03-10,1.286,1.297,1.267,1.272,602195423,770929815,0.0023640661938535423,1.39965,1.4314333333333336,-0.09659090909090906
2021-03-11,1.278,1.312,1.266,1.304,718380547,928782437,0.02515723270440251,1.3931,1.4301666666666668,-0.05507246376811581
2021-03-12,1.306,1.308,1.29,1.298,403289795,523461074,-0.004601226993865004,1.3873000000000002,1.42875,-0.061460592913955114
2021-03-15,1.292,1.293,1.25,1.26,801712820,1015466860,-0.02927580893682591,1.3790499999999999,1.4264833333333333,-0.09742120343839533
2021-03-16,1.262,1.268,1.248,1.258,493030593,620269265,-0.0015873015873015817,1.36835,1.4239,-0.1096956829440906
2021-03-17,1.256,1.273,1.249,1.271,461687794,584085708,0.010333863275039601,1.358,1.4216499999999999,-0.09601706970128021
2021-03-18,1.271,1.286,1.271,1.277,397403549,508677489,0.00472069236821393,1.34805,1.4198,-0.07997118155619598
2021-03-19,1.26,1.277,1.256,1.266,361357123,457860670,-0.008613938919342146,1.3377500000000002,1.4174666666666667,-0.09957325746799428
2021-03-22,1.268,1.282,1.263,1.28,366132922,467457659,0.011058451816745585,1.3301,1.4154166666666665,-0.08766928011404129
2021-03-23,1.281,1.292,1.269,1.273,396738957,508153798,-0.005468750000000133,1.3221,1.4128,-0.10979020979020981
2021-03-24,1.267,1.279,1.257,1.258,433041239,547717668,-0.01178318931657496,1.31455,1.410383333333333,-0.10334996436208121
2021-03-25,1.253,1.267,1.25,1.259,381307917,479927579,0.0007949125596182771,1.30785,1.4077499999999998,-0.11150317572335933
2021-03-26,1.262,1.294,1.26,1.293,627068549,803016039,0.027005559968228843,1.3041,1.4060833333333334,-0.07178750897343866
2021-03-29,1.292,1.299,1.284,1.286,398030729,514038487,-0.005413766434647971,1.2984,1.4042833333333333,-0.07747489239598271
2021-03-30,1.284,1.295,1.281,1.286,296059594,381288806,0.0,1.2931000000000001,1.4027166666666668,-0.06811594202898541
2021-03-31,1.284,1.289,1.273,1.284,284891555,364330838,-0.0015552099533436836,1.2872999999999999,1.4011,-0.0702389572773352
2021-04-01,1.286,1.305,1.285,1.303,462274350,600499552,0.014797507788161912,1.28415,1.3994333333333333,-0.07127583749109057
2021-04-02,1.306,1.34,1.306,1.338,760546305,1011916394,0.026861089792785897,1.28255,1.3978333333333335,-0.06694560669456062
2021-04-06,1.344,1.347,1.329,1.335,325584504,434756157,-0.0022421524663678305,1.2834999999999999,1.3956833333333334,-0.08811475409836067
2021-04-07,1.333,1.34,1.321,1.339,321714413,427555540,0.002996254681647992,1.2870000000000001,1.3935333333333333,-0.08787465940054495
2021-04-08,1.332,1.342,1.326,1.33,268991125,358739780,-0.006721433905899854,1.2898999999999998,1.3914000000000002,-0.0877914951989025
2021-04-09,1.328,1.333,1.306,1.309,370436469,487558420,-0.015789473684210575,1.2901500000000001,1.3894,-0.08397480755773279
2021-04-12,1.307,1.317,1.278,1.282,481190066,623213354,-0.02062643239113826,1.28935,1.38705,-0.09908643710470832
2021-04-13,1.279,1.295,1.277,1.28,329064706,422983732,-0.0015600624024960652,1.29035,1.3844333333333334,-0.10925539318023658
2021-04-14,1.284,1.293,1.282,1.29,252401338,325229541,0.0078125,1.29195,1.3817666666666666,-0.1103448275862069
2021-04-15,1.287,1.303,1.282,1.3,291947766,376988294,0.007751937984496138,1.2934,1.3792000000000002,-0.10591471801925711
2021-04-16,1.301,1.317,1.294,1.315,402135370,525451531,0.011538461538461497,1.2953,1.37615,-0.12216288384512686
2021-04-19,1.314,1.338,1.308,1.336,509177305,675549348,0.0159695817490495,1.2988,1.37355,-0.1045576407506702
2021-04-20,1.335,1.342,1.329,1.33,428182620,571551218,-0.004491017964071808,1.3013,1.3702833333333333,-0.12844036697247707
2021-04-21,1.323,1.33,1.313,1.325,302480437,400202570,-0.00375939849624074,1.3039,1.3675,-0.11193029490616624
2021-04-22,1.326,1.347,1.326,1.345,470849974,630691491,0.015094339622641506,1.30825,1.3645166666666666,-0.11745406824146987
2021-04-23,1.342,1.356,1.338,1.352,369738639,498777365,0.005204460966542923,1.3129000000000002,1.3616166666666667,-0.11402359108781124
2021-04-26,1.351,1.375,1.35,1.352,575197770,783638308,0.0,1.31585,1.35855,-0.11979166666666663
2021-04-27,1.353,1.355,1.335,1.352,329456561,443353596,0.0,1.31915,1.3553833333333332,-0.12321660181582361
2021-04-28,1.348,1.366,1.343,1.361,329044622,446670368,0.00665680473372765,1.3229,1.3526666666666667,-0.10695538057742782
2021-04-29,1.363,1.376,1.352,1.363,298279717,406835852,0.0014695077149156077,1.32685,1.3503333333333332,-0.0931470392548236
2021-04-30,1.36,1.367,1.352,1.364,293606988,399301586,0.0007336757153340034,1.3298999999999999,1.3485833333333335,-0.07147719537100061
2021-05-06,1.359,1.362,1.338,1.348,289210657,390484404,-0.011730205278592365,1.3304,1.3466,-0.08111792774369464
2021-05-07,1.345,1.353,1.303,1.304,493970259,653776221,-0.03264094955489616,1.32885,1.3438833333333335,-0.11111111111111116
2021-05-10,1.302,1.304,1.288,1.294,396008035,512312480,-0.0076687116564416735,1.3266,1.3408166666666665,-0.12449255751014876
2021-05-11,1.288,1.299,1.278,1.294,374170663,481925870,0.0,1.3248000000000002,1.3381166666666668,-0.1112637362637362
2021-05-12,1.29,1.311,1.288,1.31,310655754,404026605,0.012364760432766575,1.32485,1.3360333333333334,-0.08710801393728218
2021-05-13,1.305,1.325,1.298,1.313,339020427,444188450,0.0022900763358777443,1.3264,1.3343500000000001,-0.0714285714285714
2021-05-14,1.316,1.342,1.31,1.341,427653531,568294053,0.021325209444021276,1.32945,1.33295,-0.05894736842105264
2021-05-17,1.341,1.375,1.34,1.367,746644216,1020223592,0.01938851603281133,1.3333,1.3312,-0.07133152173913038
2021-05-18,1.366,1.37,1.355,1.359,286634343,389909426,-0.005852231163130939,1.3362500000000002,1.3292166666666667,-0.08051420838971579
2021-05-19,1.356,1.373,1.354,1.365,311258079,425053340,0.004415011037527616,1.33875,1.3273666666666666,-0.07520325203252032
2021-05-20,1.362,1.378,1.361,1.369,308302085,423171453,0.00293040293040292,1.3404,1.3256499999999998,-0.06997282608695654
2021-05-21,1.37,1.379,1.352,1.354,303537729,413597436,-0.010956902848794692,1.3416000000000001,1.3243333333333334,-0.05512909979064895
2021-05-24,1.35,1.372,1.342,1.371,390930292,531710861,0.012555391432791607,1.3439,1.3233,-0.043265875785066354
2021-05-25,1.37,1.41,1.368,1.408,712726993,995164949,0.02698760029175773,1.3470499999999999,1.3232833333333334,-0.0007097232079489313
2021-05-26,1.408,1.414,1.399,1.404,370302020,520955794,-0.0028409090909090606,1.34965,1.3234666666666668,0.007896625987078076
2021-05-27,1.4,1.44,1.399,1.437,670934298,958486271,0.023504273504273643,1.3538999999999999,1.3246166666666668,0.05043859649122795
2021-05-28,1.434,1.456,1.42,1.43,578216759,832443621,-0.004871259568545616,1.3578,1.3251166666666667,0.021428571428571352
2021-05-31,1.44,1.485,1.44,1.484,816892163,1197392671,0.03776223776223775,1.3639500000000002,1.32665,0.06609195402298851
2021-06-01,1.485,1.51,1.475,1.502,849307593,1273081881,0.0121293800539084,1.3709,1.32835,0.07285714285714295
2021-06-02,1.5,1.508,1.465,1.469,695752517,1031724824,-0.021970705725699036,1.3761500000000002,1.3300666666666667,0.07540263543191794
2021-06-03,1.47,1.483,1.453,1.456,579121362,848609938,-0.008849557522124019,1.38155,1.3315,0.06277372262773717
2021-06-04,1.45,1.489,1.447,1.475,604077600,889561951,0.013049450549450725,1.3901,1.3341500000000002,0.12082066869300911
2021-06-07,1.484,1.494,1.468,1.475,409651530,606902973,0.0,1.3991500000000001,1.3375833333333333,0.16233254531126895
2021-06-08,1.483,1.491,1.454,1.465,470895019,692839383,-0.006779661016949157,1.4077,1.3408,0.1517295597484276
2021-06-09,1.464,1.487,1.46,1.472,449632264,663567328,0.004778156996587013,1.4158000000000002,1.3436,0.12883435582822078
2021-06-10,1.473,1.502,1.47,1.498,528200001,786195100,0.017663043478260976,1.42505,1.3469333333333333,0.1540832049306624
2021-06-11,1.5,1.503,1.478,1.493,554769215,827999463,-0.0033377837116154163,1.4326500000000002,1.3508166666666668,0.18492063492063493
2021-06-15,1.491,1.519,1.482,1.499,644683315,967841384,0.004018754186202234,1.43925,1.3548333333333333,0.19157392686804453
2021-06-16,1.497,1.5,1.45,1.453,652979941,959662468,-0.03068712474983326,1.44395,1.3578666666666668,0.14319433516915825
2021-06-17,1.455,1.53,1.455,1.528,1021937343,1530463040,0.05161734342739166,1.4521000000000002,1.36205,0.19655442443226323
2021-06-18,1.528,1.553,1.521,1.55,754820294,1163001397,0.014397905759162333,1.46115,1.3667833333333335,0.22432859399684046
2021-06-21,1.54,1.585,1.533,1.584,754940593,1183330719,0.021935483870967776,1.4726500000000002,1.3718499999999998,0.23750000000000004
2021-06-22,1.584,1.588,1.56,1.58,582710509,918041445,-0.002525252525252486,1.4830999999999999,1.376966666666667,0.24116260801256884
2021-06-23,1.58,1.608,1.572,1.588,717373522,1141193857,0.005063291139240533,1.4921000000000002,1.3824666666666667,0.26232114467408585
2021-06-24,1.581,1.591,1.551,1.561,637520447,997342607,-0.01700251889168769,1.4999500000000001,1.3875,0.23987291501191432
2021-06-25,1.56,1.597,1.556,1.595,563482878,887101211,0.021780909673286386,1.50785,1.3925333333333334,0.2335653518948182
2021-06-28,1.592,1.635,1.588,1.618,626875645,1014072054,0.014420062695924774,1.5172500000000002,1.3980666666666666,0.2581648522550546
2021-06-29,1.618,1.633,1.602,1.621,496731199,803214815,0.001854140914709479,1.5241000000000002,1.4036499999999998,0.26049766718507006
2021-06-30,1.621,1.664,1.615,1.648,643029829,1058815630,0.016656384947563163,1.5314,1.4097166666666667,0.28348909657320864
2021-07-01,1.652,1.653,1.625,1.633,657508686,1077879921,-0.009101941747572728,1.5395999999999999,1.4152166666666668,0.2532617037605527
2021-07-02,1.62,1.62,1.58,1.594,736607090,1178440536,-0.02388242498469073,1.5465,1.4194833333333332,0.19133034379671154
2021-07-05,1.6,1.641,1.598,1.64,578012091,939601714,0.02885821831869495,1.55475,1.4245666666666668,0.22846441947565532
2021-07-06,1.641,1.643,1.567,1.591,865510520,1385653661,-0.02987804878048772,1.5605499999999999,1.428766666666667,0.1882001493651979
2021-07-07,1.572,1.629,1.572,1.624,698780180,1121772850,0.020741671904462633,1.5685,1.4336666666666666,0.2210526315789474
2021-07-08,1.629,1.674,1.626,1.67,756426151,1254932292,0.028325123152709297,1.5783999999999998,1.4396833333333334,0.27578304048892277
2021-07-09,1.654,1.66,1.615,1.644,753604786,1232915992,-0.015568862275449069,1.5857,1.4457166666666665,0.282371294851794
2021-07-12,1.651,1.671,1.636,1.66,621408650,1026853060,0.009732360097323589,1.59405,1.45205,0.296875
2021-07-13,1.657,1.679,1.633,1.654,590410652,974929395,-0.0036144578313253017,1.6018000000000001,1.4581166666666667,0.2821705426356589
2021-07-14,1.641,1.643,1.615,1.616,503060414,819191334,-0.022974607013301007,1.60995,1.4633833333333333,0.2430769230769232
2021-07-15,1.61,1.626,1.592,1.617,521195910,838668041,0.0006188118811880639,1.6143999999999998,1.4684166666666667,0.22965779467680614
2021-07-16,1.625,1.629,1.581,1.584,640091585,1026721897,-0.020408163265306034,1.6161,1.4725499999999998,0.18562874251497008
2021-07-19,1.567,1.589,1.557,1.573,497326688,781626488,-0.006944444444444531,1.61555,1.4766000000000001,0.18270676691729304
2021-07-20,1.562,1.585,1.56,1.577,402456084,633062646,0.002542911633820699,1.6154,1.4808,0.19018867924528293
2021-07-21,1.582,1.635,1.581,1.623,786470730,1272365466,0.02916930881420421,1.6171499999999999,1.4854333333333334,0.20669144981412635
2021-07-22,1.624,1.644,1.605,1.638,512529640,833679289,0.009242144177449063,1.621,1.4902,0.21153846153846145
2021-07-23,1.646,1.65,1.606,1.627,494732117,804825674,-0.006715506715506692,1.6225999999999998,1.4947833333333336,0.20340236686390534
2021-07-26,1.619,1.627,1.555,1.616,625852127,999915373,-0.006760909649661917,1.6224999999999998,1.4991833333333335,0.195266272189349
2021-07-27,1.61,1.687,1.6,1.605,939369450,1545472741,-0.0068069306930693685,1.6217,1.50325,0.17927994121969149
2021-07-28,1.588,1.615,1.534,1.574,770288002,1215302486,-0.019314641744548222,1.6179999999999999,1.5067666666666668,0.15480557593543653
2021-07-29,1.607,1.66,1.601,1.651,823317292,1342423329,0.048919949174078825,1.6189,1.51155,0.21041055718475077
2021-07-30,1.647,1.668,1.63,1.651,664114927,1092718486,0.0,1.62175,1.5166,0.22477744807121658
2021-08-02,1.65,1.68,1.63,1.657,605886405,1001764120,0.00363416111447612,1.6225999999999998,1.5224833333333332,0.2707055214723926
2021-08-03,1.643,1.651,1.615,1.621,519948231,848216603,-0.021726010863005407,1.6240999999999999,1.5279333333333334,0.2527047913446676
2021-08-04,1.62,1.667,1.619,1.665,622859079,1028387867,0.027143738433065945,1.6261499999999998,1.5341166666666666,0.28670788253477597
2021-08-05,1.661,1.676,1.64,1.664,461509562,766356235,-0.0006006006006006315,1.6258500000000002,1.5400166666666666,0.2702290076335876
2021-08-06,1.685,1.696,1.634,1.65,468500643,778964680,-0.008413461538461564,1.6261499999999998,1.5456333333333334,0.2566641279512567
2021-08-09,1.626,1.641,1.608,1.631,409911881,664975445,-0.011515151515151478,1.6247,1.5504666666666667,0.21625652498135728
2021-08-10,1.629,1.651,1.626,1.647,347676666,570009035,0.009809932556713585,1.6243500000000002,1.5551333333333333,0.20482809070958297
2021-08-11,1.644,1.651,1.622,1.639,322977839,528348027,-0.004857316332726125,1.6255,1.5598,0.20603384841795447
2021-08-12,1.632,1.664,1.629,1.646,302484919,498794866,0.004270896888346476,1.6269500000000001,1.5644833333333337,0.2058608058608058
2021-08-13,1.633,1.647,1.608,1.611,366340140,594535683,-0.02126366950182257,1.6282999999999999,1.5685166666666666,0.1767713659605552
2021-08-16,1.601,1.625,1.595,1.607,312578875,502537780,-0.0024829298572315306,1.6300000000000001,1.572733333333333,0.1868537666174297
2021-08-17,1.603,1.614,1.565,1.566,442018010,700688608,-0.025513378967019218,1.6294499999999998,1.5759833333333333,0.1422319474835887
2021-08-18,1.57,1.587,1.559,1.565,394908657,620089637,-0.0006385696040869249,1.62655,1.5786,0.11150568181818188
2021-08-19,1.567,1.609,1.565,1.603,437777148,695966992,0.024281150159744413,1.6248,1.5819166666666669,0.14173789173789175
2021-08-20,1.591,1.614,1.572,1.59,525346869,833313847,-0.008109794135994997,1.62295,1.5844666666666667,0.10647181628392488
2021-08-23,1.591,1.626,1.582,1.621,438934726,706829268,0.019496855345911834,1.6232,1.58765,0.13356643356643372
2021-08-24,1.624,1.644,1.611,1.636,479593060,783181322,0.009253547193090572,1.62475,1.5901833333333333,0.10242587601078168
2021-08-25,1.634,1.634,1.59,1.601,540169327,866545019,-0.021393643031784815,1.6260999999999999,1.5918333333333334,0.06591211717709711
2021-08-26,1.597,1.611,1.55,1.555,632514520,994398176,-0.028732042473454067,1.6213000000000002,1.5932666666666668,0.058543226684819594
2021-08-27,1.55,1.564,1.532,1.538,456084631,704898445,-0.010932475884244286,1.61565,1.5946333333333333,0.05631868131868134
2021-08-30,1.548,1.564,1.518,1.527,449433709,692069827,-0.007152145643693153,1.60915,1.5955000000000001,0.03525423728813548
2021-08-31,1.524,1.524,1.479,1.491,602956498,899868973,-0.02357563850687605,1.60265,1.5957666666666668,0.010847457627118695
2021-09-01,1.492,1.494,1.455,1.48,644093807,950153730,-0.007377598926894824,1.5934,1.5960166666666669,0.010238907849829282
2021-09-02,1.481,1.481,1.449,1.456,635272951,927672150,-0.016216216216216273,1.583,1.5957499999999998,-0.010869565217391353
2021-09-03,1.45,1.47,1.437,1.457,752812234,1095055912,0.0006868131868131844,1.57335,1.5950666666666669,-0.02736982643524699
2021-09-06,1.456,1.495,1.446,1.493,726645976,1073486924,0.024708304735758357,1.5664500000000001,1.5950666666666666,0.0
2021-09-07,1.483,1.496,1.479,1.494,400284342,596263547,0.0006697923643670389,1.5588000000000002,1.5949833333333332,-0.0033355570380254607
2021-09-08,1.493,1.495,1.461,1.467,582434755,858093307,-0.018072289156626398,1.5502,1.5952166666666665,0.009635237439779676
2021-09-09,1.461,1.477,1.445,1.454,490503438,714324028,-0.008861622358554921,1.5406,1.5939833333333335,-0.048429319371727786
2021-09-10,1.452,1.484,1.445,1.482,584937869,858262619,0.01925722145804687,1.53415,1.5928499999999999,-0.04387096774193555
2021-09-13,1.475,1.477,1.438,1.438,687037625,996545108,-0.029689608636977116,1.5257,1.5904166666666668,-0.09217171717171724
2021-09-14,1.438,1.466,1.436,1.452,501122978,729567280,0.009735744089012455,1.52,1.5882833333333333,-0.0810126582278482
2021-09-15,1.449,1.45,1.432,1.437,466100621,670214957,-0.010330578512396604,1.5135999999999998,1.5857666666666668,-0.09508816120906805
2021-09-16,1.433,1.435,1.401,1.402,883672196,1248518639,-0.02435629784272797,1.50355,1.5831166666666667,-0.10185778347213326
2021-09-17,1.403,1.415,1.385,1.413,867534348,1214376942,0.007845934379457908,1.4947,1.5800833333333333,-0.11410658307210031
2021-09-22,1.395,1.413,1.39,1.41,456035553,641086514,-0.002123142250530896,1.48415,1.5766166666666666,-0.1285537700865267
2021-09-23,1.413,1.428,1.405,1.419,486417921,689247655,0.006382978723404431,1.4733,1.57325,-0.12461443553362117
2021-09-24,1.418,1.442,1.413,1.428,592149453,848178241,0.006342494714587588,1.4646500000000002,1.5695833333333333,-0.1334951456310679
2021-09-27,1.435,1.448,1.408,1.424,531684215,760426745,-0.0028011204481792618,1.4581,1.5660999999999998,-0.12798530312308642
2021-09-28,1.42,1.434,1.405,1.407,446481963,631611512,-0.011938202247190999,1.4515500000000001,1.5629833333333332,-0.11731493099121715
2021-09-29,1.398,1.412,1.389,1.399,639716005,895445673,-0.005685856432125047,1.4451500000000002,1.5589666666666666,-0.14695121951219503
2021-09-30,1.404,1.425,1.402,1.423,463786325,657051154,0.0171551107934238,1.44175,1.5561666666666665,-0.10559396605908233
2021-10-08,1.432,1.44,1.415,1.417,442395066,629881032,-0.0042164441321153046,1.4386,1.5527166666666665,-0.12746305418719217
2021-10-11,1.419,1.43,1.4,1.404,535707076,757014308,-0.00917431192660556,1.4360000000000002,1.5482833333333332,-0.1592814371257485
2021-10-12,1.401,1.408,1.364,1.371,919746409,1270618422,-0.02350427350427342,1.4317,1.5437333333333334,-0.16605839416058388
2021-10-13,1.37,1.399,1.37,1.395,699312690,971182199,0.017505470459518557,1.4267999999999998,1.5393166666666667,-0.15963855421686746
2021-10-14,1.391,1.406,1.391,1.398,337346746,472141901,0.0021505376344084226,1.422,1.5350499999999998,-0.15477629987908104
2021-10-15,1.4,1.419,1.392,1.418,476937328,672592428,0.014306151645207432,1.4195499999999999,1.53175,-0.12252475247524763
2021-10-18,1.416,1.417,1.391,1.405,427576026,598892173,-0.009167842031029605,1.4171,1.5282166666666666,-0.13110698824984535
2021-10-19,1.404,1.421,1.403,1.42,401052867,567328300,0.010676156583629748,1.4140000000000001,1.5254833333333335,-0.10353535353535359
2021-10-20,1.424,1.434,1.416,1.424,461819579,658478737,0.0028169014084507005,1.4133,1.523,-0.09472345835982199
2021-10-21,1.421,1.431,1.41,1.415,416431821,590926580,-0.006320224719101097,1.4114499999999999,1.5203,-0.102726696258719
2021-10-22,1.416,1.43,1.412,1.423,391140494,556588850,0.00565371024734973,1.41075,1.5169666666666666,-0.12322858903265554
2021-10-25,1.419,1.435,1.413,1.434,424311334,603890418,0.007730147575544466,1.41235,1.5135666666666667,-0.12454212454212454
2021-10-26,1.434,1.441,1.424,1.429,479231563,686878197,-0.0034867503486749607,1.4131500000000001,1.5102666666666666,-0.12169637369391517
2021-10-27,1.426,1.427,1.404,1.412,355638581,502812905,-0.011896431070678837,1.4132500000000001,1.5068666666666666,-0.12623762376237635
2021-10-28,1.408,1.422,1.405,1.412,326312925,461208156,0.0,1.4129,1.5036500000000002,-0.12024922118380066
2021-10-29,1.412,1.452,1.41,1.45,720939061,1035356498,0.026912181303116123,1.414,1.5015833333333333,-0.07878017789072433
2021-11-01,1.449,1.47,1.445,1.459,541822818,789748484,0.006206896551724128,1.4157499999999998,1.4983833333333332,-0.1162931556632344
2021-11-02,1.459,1.478,1.448,1.46,599499678,877889493,0.0006854009595613775,1.4183999999999999,1.4952,-0.11568746214415504
2021-11-03,1.461,1.472,1.44,1.454,459789000,667779643,-0.004109589041095929,1.42115,1.4918166666666666,-0.1225105612552807
2021-11-04,1.456,1.473,1.456,1.466,431258873,632542472,0.008253094910591452,1.4233,1.4892333333333334,-0.09561998766193713
2021-11-05,1.469,1.471,1.448,1.453,482074528,704116760,-0.008867667121418732,1.4251,1.4857,-0.12732732732732732
2021-11-08,1.449,1.455,1.435,1.454,318471415,460734617,0.0006882312456983897,1.4276,1.4822,-0.12620192307692302
2021-11-09,1.454,1.476,1.45,1.476,476205396,698941746,0.015130674002751032,1.43285,1.4792999999999998,-0.10545454545454547
2021-11-10,1.473,1.476,1.454,1.475,421041658,617636597,-0.0006775067750677266,1.4368500000000002,1.4767,-0.09564684242795829
2021-11-11,1.469,1.498,1.467,1.493,525640950,781025533,0.012203389830508504,1.4416,1.4741333333333335,-0.09350333940497868
2021-11-12,1.488,1.498,1.481,1.497,338673146,505480730,0.0026791694574681557,1.4455500000000001,1.4717666666666667,-0.08663819402074435
2021-11-15,1.498,1.504,1.485,1.486,392683537,586185909,-0.00734802939211765,1.4496,1.4690999999999999,-0.09720534629404609
2021-11-16,1.484,1.493,1.474,1.475,314339965,466055288,-0.007402422611036297,1.4523499999999998,1.4668333333333334,-0.08441961514587204
2021-11-17,1.474,1.493,1.47,1.491,343534114,509333373,0.010847457627118695,1.4557,1.4649,-0.07218419415059107
2021-11-18,1.485,1.489,1.471,1.479,286268504,423432644,-0.008048289738430636,1.4589,1.4634500000000001,-0.05555555555555558
2021-11-19,1.477,1.501,1.475,1.501,396075273,592020033,0.01487491548343467,1.4628,1.4623833333333336,-0.04089456869009589
2021-11-22,1.5,1.539,1.5,1.533,582089377,889117925,0.02131912058627594,1.46775,1.4612166666666666,-0.04366812227074235
2021-11-23,1.529,1.542,1.528,1.532,389239248,597299923,-0.000652315720808816,1.4728999999999999,1.46025,-0.03647798742138364
2021-11-24,1.532,1.545,1.526,1.527,268522987,412349772,-0.0032637075718016106,1.47865,1.4586833333333333,-0.057988895743368296
2021-11-25,1.526,1.534,1.521,1.524,231488790,353152652,-0.0019646365422396617,1.48425,1.4568166666666669,-0.06845965770171147
2021-11-26,1.519,1.525,1.507,1.515,260774239,394934070,-0.005905511811023723,1.4875,1.4553833333333335,-0.053716427232979425
2021-11-29,1.505,1.531,1.5,1.531,353114681,537312527,0.010561056105610644,1.4911,1.4549833333333333,-0.015434083601286175
2021-11-30,1.531,1.535,1.517,1.53,333126974,508845115,-0.0006531678641410466,1.4946,1.45485,-0.005201560468140465
2021-12-01,1.528,1.535,1.509,1.511,306461138,464733523,-0.012418300653594838,1.49745,1.4545833333333331,-0.01047806155861164
2021-12-02,1.505,1.511,1.482,1.483,426356945,636756212,-0.018530774321641186,1.4983,1.45445,-0.005365526492287054
2021-12-03,1.483,1.5,1.483,1.499,317236582,473670799,0.010788941335131419,1.5006,1.4547666666666665,0.012837837837837984
2021-12-06,1.498,1.498,1.46,1.462,476441625,702827070,-0.024683122081387676,1.501,1.4548666666666668,0.004120879120879106
2021-12-07,1.468,1.471,1.435,1.447,574226193,830913644,-0.010259917920656614,1.49955,1.4546999999999999,-0.006863417982155173
2021-12-08,1.452,1.471,1.452,1.468,437621823,640509995,0.014512785072563927,1.4991999999999999,1.4542833333333334,-0.016744809109176195
2021-12-09,1.469,1.493,1.463,1.489,459048526,678945387,0.014305177111716638,1.499,1.4542,-0.0033467202141900243
2021-12-10,1.483,1.501,1.479,1.499,427506070,637624140,0.00671591672263272,1.4990999999999999,1.4547333333333334,0.021813224267211995
2021-12-13,1.497,1.502,1.488,1.495,414312751,619807791,-0.0026684456304202353,1.49955,1.4554166666666666,0.028198074277854257
2021-12-14,1.489,1.504,1.487,1.493,272995334,408207261,-0.0013377926421405117,1.50045,1.4556,0.00742240215924439
2021-12-15,1.489,1.495,1.474,1.475,221573370,329066355,-0.012056262558606812,1.49965,1.4562166666666665,0.025730180806676106
2021-12-16,1.477,1.488,1.473,1.478,182336013,269583628,0.0020338983050847137,1.4996,1.45665,0.017906336088154395
2021-12-17,1.474,1.481,1.448,1.452,357341347,520818651,-0.017591339648173276,1.49715,1.4569,0.010438413361169019
2021-12-20,1.444,1.455,1.417,1.421,514369132,736798909,-0.02134986225895308,1.49155,1.4572166666666666,0.013552068473609236
2021-12-21,1.419,1.434,1.417,1.431,284721650,406000658,0.0070372976776917895,1.4865,1.4575166666666668,0.01273885350318471
2021-12-22,1.433,1.44,1.426,1.428,214834340,307894648,-0.002096436058700246,1.48155,1.4578166666666668,0.012765957446808418
2021-12-23,1.431,1.433,1.421,1.43,190377658,272204487,0.0014005602240896309,1.47685,1.458,0.007751937984496138
2021-12-24,1.427,1.431,1.408,1.415,309289678,437493937,-0.010489510489510412,1.47185,1.4577833333333332,-0.0091036414565826
2021-12-27,1.413,1.424,1.404,1.411,288148892,406892803,-0.002826855123674865,1.46585,1.457566666666667,-0.009129213483145993
2021-12-28,1.413,1.423,1.411,1.422,242348105,343423008,0.007795889440113335,1.4604500000000002,1.4578166666666668,0.010660980810234477
2021-12-29,1.42,1.423,1.406,1.41,232425354,328216085,-0.008438818565400852,1.4553999999999998,1.458,0.00786275911365264
2021-12-30,1.41,1.434,1.408,1.43,276807399,394595865,0.014184397163120588,1.4527500000000002,1.4581166666666667,0.004919184820801004
2021-12-31,1.435,1.454,1.435,1.452,341348514,493584066,0.01538461538461533,1.4504,1.4587,0.02470007057163004
2022-01-04,1.454,1.457,1.416,1.42,413029916,588537359,-0.02203856749311295,1.4483000000000001,1.4589666666666667,0.01139601139601143
2022-01-05,1.418,1.421,1.381,1.384,724465228,1010846402,-0.025352112676056415,1.44515,1.4591833333333333,0.009482129832239172
2022-01-06,1.38,1.389,1.363,1.375,543252911,746834097,-0.006502890173410325,1.4405,1.4588500000000002,-0.014336917562724039
2022-01-07,1.378,1.384,1.358,1.358,524334772,717391322,-0.012363636363636243,1.4339499999999998,1.4581833333333334,-0.028612303290414753
2022-01-10,1.361,1.374,1.343,1.372,411566634,561205019,0.010309278350515427,1.4276,1.4574166666666666,-0.03244005641748926
2022-01-11,1.372,1.372,1.343,1.344,560613501,758103669,-0.020408163265306145,1.42005,1.4564,-0.04341637010676147
2022-01-12,1.35,1.367,1.349,1.366,431005344,586119531,0.016369047619047672,1.4137,1.4555,-0.038028169014084345
2022-01-13,1.367,1.369,1.347,1.348,366069840,495147446,-0.013177159590043952,1.4073499999999999,1.4542333333333335,-0.053370786516853785
2022-01-14,1.342,1.369,1.338,1.366,472000752,642150232,0.01335311572700304,1.40175,1.4534166666666666,-0.034628975265017625
2022-01-17,1.366,1.395,1.363,1.391,553670501,766178742,0.01830161054172752,1.3987,1.4528833333333333,-0.022487702037948032
2022-01-18,1.39,1.418,1.379,1.395,545849355,764790132,0.0028756290438534116,1.3974,1.4522333333333333,-0.027196652719665204
2022-01-19,1.39,1.394,1.371,1.378,300360551,414632430,-0.012186379928315505,1.39475,1.4513833333333332,-0.03568929321203651
2022-01-20,1.378,1.381,1.357,1.362,569042239,777510962,-0.011611030478954842,1.39145,1.45055,-0.03541076487252115
2022-01-21,1.356,1.36,1.341,1.344,576898342,777584809,-0.013215859030836996,1.3871499999999999,1.4494166666666668,-0.048158640226628746
2022-01-24,1.34,1.362,1.339,1.362,353119562,478395665,0.013392857142857206,1.3845,1.4479499999999998,-0.06068965517241365
2022-01-25,1.355,1.362,1.326,1.327,588059997,789031177,-0.02569750367107204,1.3802999999999999,1.44575,-0.09047292666209739
2022-01-26,1.334,1.339,1.313,1.326,415914337,550969918,-0.0007535795026374359,1.3755,1.4435166666666668,-0.09178082191780812
2022-01-27,1.32,1.329,1.29,1.291,613181200,800213016,-0.02639517345399711,1.36955,1.4408,-0.11210453920220087
2022-01-28,1.302,1.305,1.28,1.283,619218825,800564099,-0.006196746707978318,1.3622,1.43775,-0.12482946793997274
2022-02-07,1.3,1.311,1.281,1.284,524084386,677397590,0.000779423226812348,1.3538000000000001,1.4349333333333334,-0.11631108052305572
2022-02-08,1.282,1.284,1.241,1.256,858031433,1078819440,-0.02180685358255452,1.3456,1.4316333333333333,-0.1361760660247593
2022-02-09,1.256,1.261,1.244,1.26,664293325,832494407,0.0031847133757962887,1.3394000000000001,1.4280333333333333,-0.14634146341463417
2022-02-10,1.262,1.263,1.231,1.238,976400213,1213848321,-0.01746031746031751,1.3325500000000001,1.4240833333333334,-0.16067796610169494
2022-02-11,1.232,1.238,1.217,1.217,683749802,837713585,-0.01696284329563802,1.3255000000000001,1.4194833333333332,-0.18486269256530474
2022-02-14,1.21,1.226,1.197,1.22,442021912,537135212,0.0024650780608050926,1.3179,1.4148666666666665,-0.1850367401469607
2022-02-15,1.219,1.252,1.218,1.25,810757908,1005319449,0.024590163934426146,1.3132,1.4109333333333334,-0.15881561238223418
2022-02-16,1.254,1.257,1.242,1.245,382951476,478290107,-0.0039999999999998925,1.30715,1.4071,-0.1559322033898305
2022-02-17,1.241,1.265,1.24,1.255,553324528,694643586,0.008032128514056103,1.3025,1.4031666666666667,-0.15828303152246825
2022-02-18,1.248,1.255,1.241,1.252,361548636,451671053,-0.0023904382470119057,1.2968,1.3993833333333332,-0.15348208248816775
2022-02-21,1.252,1.26,1.24,1.241,360475320,448751735,-0.0087859424920127,1.2893000000000001,1.39505,-0.17321785476349083
2022-02-22,1.23,1.234,1.216,1.231,467072693,572122533,-0.008058017727639033,1.2811,1.3900166666666667,-0.19699934768427907
2022-02-23,1.232,1.282,1.231,1.279,897296988,1136912034,0.03899268887083651,1.27615,1.3858,-0.16514360313315934
2022-02-24,1.271,1.289,1.248,1.266,830221851,1052939183,-0.010164190774042181,1.27135,1.38145,-0.17092337917485256
2022-02-25,1.284,1.303,1.278,1.29,715479669,924861774,0.018957345971563955,1.26865,1.3775499999999998,-0.15354330708661412
2022-02-28,1.29,1.299,1.28,1.297,450767701,582120333,0.005426356589147252,1.2654,1.3739166666666665,-0.14389438943894384
2022-03-01,1.301,1.307,1.281,1.29,365678821,471932619,-0.005397070161912043,1.26355,1.3699000000000001,-0.1574134552580012
2022-03-02,1.28,1.283,1.267,1.281,384365585,489922829,-0.006976744186046657,1.2612999999999999,1.36575,-0.16274509803921577
2022-03-03,1.285,1.29,1.258,1.26,652716566,827674443,-0.016393442622950727,1.25975,1.3615666666666668,-0.16611515552614153
2022-03-04,1.25,1.278,1.248,1.254,498881220,629077190,-0.004761904761904745,1.2583,1.35775,-0.1544167228590695
2022-03-07,1.249,1.249,1.212,1.217,712240453,872370408,-0.029505582137161035,1.25495,1.35305,-0.1881254169446298
2022-03-08,1.217,1.229,1.182,1.183,1115921583,1342703671,-0.02793755135579301,1.2513,1.3484000000000003,-0.19083447332421333
2022-03-09,1.191,1.22,1.145,1.184,1097375691,1293455916,0.0008453085376161074,1.2475,1.3440166666666669,-0.1817553559087769
2022-03-10,1.202,1.215,1.196,1.201,795081718,959671078,0.014358108108108114,1.24565,1.3395666666666666,-0.1818801089918256
2022-03-11,1.185,1.213,1.174,1.212,596372739,710105942,0.00915903413821817,1.2454,1.33495,-0.18603089321692423
2022-03-14,1.199,1.204,1.173,1.174,481402370,572439620,-0.031353135313531344,1.2431,1.3295333333333332,-0.21681120747164784
2022-03-15,1.158,1.19,1.141,1.142,807840231,937696908,-0.027257240204429323,1.2377,1.32365,-0.23612040133779277
2022-03-16,1.155,1.176,1.117,1.172,900139757,1034925928,0.02626970227670755,1.23405,1.3183,-0.21500334896182194
2022-03-17,1.189,1.211,1.18,1.189,1088035288,1300526287,0.014505119453924964,1.23075,1.3135333333333332,-0.19389830508474581
2022-03-18,1.18,1.192,1.173,1.19,516748075,610746363,0.000841042893187538,1.22765,1.3087333333333333,-0.19485791610284176
2022-03-21,1.189,1.208,1.184,1.2,634146142,759914868,0.008403361344537785,1.2256,1.304533333333333,-0.17355371900826444
2022-03-22,1.194,1.196,1.18,1.181,474981201,563146756,-0.015833333333333255,1.2231,1.3005333333333335,-0.1688951442646024
2022-03-23,1.186,1.198,1.179,1.191,394178851,469361071,0.008467400508044065,1.2187000000000001,1.296533333333333,-0.1677148846960168
2022-03-24,1.182,1.188,1.169,1.182,444184548,523229964,-0.007556675062972418,1.2145,1.292433333333333,-0.17226890756302526
2022-03-25,1.182,1.188,1.152,1.153,528388775,616575746,-0.024534686971235176,1.20765,1.2878166666666668,-0.19370629370629366
2022-03-28,1.143,1.148,1.131,1.136,566775618,645910721,-0.014744145706851786,1.1996,1.2831666666666666,-0.1971731448763252
2022-03-29,1.14,1.146,1.124,1.125,419012480,475233391,-0.009683098591549255,1.1913500000000001,1.2784,-0.20269312544294826
2022-03-30,1.132,1.159,1.131,1.158,579081048,664738073,0.02933333333333321,1.1851999999999998,1.274,-0.18565400843881863
2022-03-31,1.155,1.155,1.133,1.137,551026988,629290934,-0.01813471502590669,1.17905,1.26945,-0.19361702127659575
2022-04-01,1.128,1.141,1.121,1.135,550525565,622633011,-0.0017590149516271136,1.1731,1.2645333333333333,-0.20629370629370625
2022-04-06,1.132,1.133,1.1,1.103,1040948095,1155999362,-0.028193832599119006,1.1674,1.2587166666666667,-0.24035812672176304
2022-04-07,1.096,1.104,1.08,1.081,677807623,737961964,-0.01994560290117864,1.1622999999999999,1.2530666666666666,-0.2387323943661972
2022-04-08,1.082,1.084,1.06,1.072,698821155,749899936,-0.00832562442183149,1.1567,1.2478666666666667,-0.22543352601156064
2022-04-11,1.062,1.065,1.028,1.032,959331412,999193841,-0.03731343283582089,1.14825,1.2421499999999999,-0.24945454545454548
2022-04-12,1.026,1.038,1.011,1.038,890906019,914771379,0.005813953488372103,1.13955,1.2368166666666667,-0.23564064801178208
2022-04-13,1.028,1.03,1.006,1.006,742817925,754750131,-0.030828516377649384,1.1311499999999999,1.2307166666666667,-0.26676384839650147
2022-04-14,1.012,1.025,1.002,1.017,881101443,893337383,0.010934393638170947,1.1249,1.2252666666666665,-0.2433035714285715
2022-04-15,1.005,1.021,0.996,1.017,754369571,759520997,0.0,1.11715,1.21945,-0.25549048316251843
2022-04-18,1.01,1.048,1.003,1.047,1092318382,1127646365,0.029498525073746285,1.11005,1.2144333333333333,-0.22329376854599414
2022-04-19,1.041,1.051,1.028,1.03,664337218,689866842,-0.0162368672397325,1.10205,1.2088333333333334,-0.24597364568081992
2022-04-20,1.033,1.036,1.013,1.013,689300842,706183429,-0.01650485436893212,1.0927,1.202533333333333,-0.27174694464414095
2022-04-21,1.005,1.031,0.995,1.001,962096776,973254540,-0.01184600197433372,1.0836999999999999,1.1959666666666666,-0.28243727598566315
2022-04-22,0.998,1.001,0.98,0.983,939827760,930857769,-0.017982017982017928,1.0733,1.1893833333333332,-0.2866473149492017
2022-04-25,0.965,0.965,0.923,0.924,1253998325,1185920807,-0.0600203458799593,1.0604,1.1820833333333334,-0.3215859030837005
2022-04-26,0.924,0.94,0.903,0.909,1054566082,973016619,-0.016233766233766267,1.0482,1.1748333333333332,-0.3236607142857143
2022-04-27,0.899,0.948,0.89,0.945,1479516352,1359944136,0.03960396039603942,1.03865,1.1678833333333332,-0.3061674008810573
2022-04-28,0.935,0.946,0.921,0.941,1066527199,996274708,-0.004232804232804255,1.02945,1.1614499999999999,-0.2908816880180859
2022-04-29,0.948,0.989,0.94,0.986,1282711691,1244457189,0.04782146652497343,1.02085,1.1557833333333332,-0.2564102564102565
2022-05-05,0.984,1.008,0.98,0.994,1048759320,1043840930,0.008113590263691739,1.0137,1.1508333333333334,-0.2300542215336948
2022-05-06,0.971,1.0,0.967,0.984,791236931,779006638,-0.010060362173038184,1.0061499999999999,1.1458499999999998,-0.23304754481683554
2022-05-09,0.977,0.993,0.975,0.987,504187930,496728779,0.0030487804878049918,1.00035,1.1409,-0.23130841121495327
2022-05-10,0.975,1.024,0.971,1.014,929982035,937788485,0.02735562310030404,0.9970000000000001,1.1368666666666667,-0.1926751592356688
2022-05-11,1.013,1.069,1.012,1.045,1582507590,1658309536,0.030571992110453472,0.9956499999999998,1.1332833333333334,-0.1706349206349207
2022-05-12,1.038,1.065,1.036,1.056,866312481,910767381,0.010526315789473717,0.9968499999999999,1.13025,-0.14701130856219702
2022-05-13,1.065,1.065,1.044,1.055,611148902,643052013,-0.0009469696969698349,0.9976999999999998,1.12755,-0.1331142152834841
2022-05-16,1.063,1.071,1.037,1.038,717186918,753876696,-0.016113744075829328,0.9993000000000001,1.1245166666666668,-0.14918032786885238
2022-05-17,1.036,1.057,1.034,1.052,756334601,792625196,0.01348747591522148,1.0010499999999998,1.1212166666666665,-0.15839999999999999
2022-05-18,1.054,1.067,1.047,1.057,663094177,701558706,0.004752851711026462,1.00305,1.1180833333333333,-0.15100401606425717
2022-05-19,1.041,1.08,1.039,1.08,1066107436,1137959584,0.021759697256386046,1.0047,1.1151666666666666,-0.1394422310756971
2022-05-20,1.084,1.092,1.071,1.089,1100552368,1194688454,0.008333333333333304,1.00765,1.11245,-0.13019169329073488
2022-05-23,1.088,1.095,1.076,1.089,637729546,692011287,0.0,1.01145,1.1099166666666667,-0.12248186946011286
2022-05-24,1.085,1.086,1.04,1.041,1165332091,1236263896,-0.0440771349862259,1.0134500000000002,1.1067500000000001,-0.15434606011372876
2022-05-25,1.038,1.051,1.035,1.049,673369956,703153861,0.007684918347742542,1.01675,1.1029166666666665,-0.17982799061767007
2022-05-26,1.047,1.058,1.029,1.048,663578126,692545121,-0.0009532888465203504,1.02295,1.0992833333333332,-0.17219589257503942
2022-05-27,1.052,1.058,1.031,1.036,770939909,803531397,-0.011450381679389277,1.0292999999999999,1.09505,-0.1968992248062016
2022-05-30,1.037,1.05,1.028,1.044,664205368,690803752,0.007722007722007707,1.03425,1.0908333333333333,-0.19506553585196595
2022-05-31,1.042,1.079,1.033,1.078,1413923917,1502425140,0.03256704980842917,1.0411,1.0873,-0.16434108527131774
2022-06-01,1.07,1.082,1.067,1.078,875605224,940784792,0.0,1.0456999999999999,1.0839166666666666,-0.1584699453551911
2022-06-02,1.071,1.128,1.067,1.126,2217463580,2458770812,0.0445269016697587,1.0523,1.0816833333333333,-0.10634920634920642
2022-06-06,1.132,1.179,1.122,1.169,3066212397,3545465173,0.03818827708703387,1.06155,1.0802666666666667,-0.0677830940988835
2022-06-07,1.166,1.173,1.15,1.16,1556578249,1803713025,-0.007698887938409005,1.0702,1.0793166666666667,-0.04683648315530009
2022-06-08,1.155,1.176,1.136,1.158,1810152575,2091409927,-0.0017241379310344307,1.0774,1.0789,-0.021132713440405904
2022-06-09,1.152,1.155,1.121,1.128,1651786346,1874284812,-0.025906735751295318,1.08155,1.0779666666666665,-0.04729729729729737
2022-06-10,1.12,1.151,1.119,1.149,1173937300,1339538429,0.018617021276595924,1.0862,1.0771000000000002,-0.04329725228975856
2022-06-13,1.135,1.142,1.126,1.134,1078254218,1222284995,-0.013054830287206332,1.09015,1.0758,-0.06435643564356441
2022-06-14,1.121,1.122,1.085,1.117,1845108277,2035088176,-0.014991181657848296,1.0941,1.07485,-0.048551959114139676
2022-06-15,1.117,1.135,1.108,1.111,1701702524,1908549532,-0.0053715308863026,1.0970499999999999,1.0743333333333334,-0.027145359019264403
2022-06-16,1.113,1.144,1.111,1.126,1479018151,1671661211,0.013501350135013412,1.1004999999999998,1.0735666666666668,-0.03924914675767921
2022-06-17,1.114,1.144,1.112,1.143,1337741171,1514302626,0.015097690941385578,1.10365,1.0728,-0.038687973086627414
2022-06-20,1.144,1.159,1.136,1.143,1288954763,1478588656,0.0,1.1063500000000002,1.0720166666666666,-0.0394957983193277
2022-06-21,1.139,1.149,1.12,1.131,1339344509,1517525953,-0.01049868766404205,1.10845,1.0708666666666666,-0.057499999999999996
2022-06-22,1.131,1.137,1.109,1.11,1139104711,1278640778,-0.01856763925729432,1.1118999999999999,1.0696833333333333,-0.06011854360711255
2022-06-23,1.11,1.133,1.1,1.132,1305768541,1460850754,0.019819819819819617,1.11605,1.0687,-0.04953820319059632
2022-06-24,1.132,1.157,1.132,1.152,1415593125,1624072681,0.017667844522968323,1.12125,1.0682,-0.025380710659898553
2022-06-27,1.159,1.17,1.15,1.152,1185271180,1373267969,0.0,1.12705,1.0681833333333333,-0.0008673026886384383
2022-06-28,1.151,1.169,1.134,1.168,1111303022,1278469702,0.01388888888888884,1.1332499999999999,1.0687166666666668,0.028169014084507005
2022-06-29,1.16,1.171,1.138,1.14,1092117416,1261931315,-0.023972602739726012,1.13635,1.0689666666666668,0.013333333333333197
2022-06-30,1.139,1.166,1.139,1.155,1054974445,1217634060,0.013157894736842257,1.1401999999999999,1.0689166666666667,-0.002590673575129432
2022-07-01,1.152,1.157,1.134,1.142,900685926,1029540619,-0.011255411255411407,1.141,1.069,0.004397537379067673
2022-07-04,1.135,1.147,1.122,1.142,993835282,1129675380,0.0,1.13965,1.0691166666666667,0.006167400881057272
2022-07-05,1.145,1.155,1.125,1.139,771738681,878158988,-0.0026269702276706663,1.1385999999999998,1.0697166666666666,0.03263825929283781
2022-07-06,1.136,1.165,1.136,1.15,1135198493,1308610259,0.009657594381035972,1.1381999999999999,1.0708666666666666,0.06382978723404253
2022-07-07,1.153,1.163,1.136,1.161,827931606,955147604,0.009565217391304559,1.13985,1.07235,0.08302238805970141
2022-07-08,1.165,1.169,1.15,1.153,692815297,802958888,-0.006890611541774283,1.14005,1.0743666666666667,0.11724806201550386
2022-07-11,1.145,1.148,1.119,1.129,981222342,1109512746,-0.020815264527320076,1.1398,1.0758833333333333,0.08766859344894029
2022-07-12,1.126,1.134,1.095,1.096,1042930009,1156429358,-0.029229406554472925,1.13875,1.0773833333333334,0.08946322067594448
2022-07-13,1.096,1.109,1.088,1.099,731512715,804206194,0.0027372262773721623,1.13815,1.0787499999999999,0.08062930186824002
2022-07-14,1.097,1.134,1.095,1.125,955902158,1071541004,0.023657870791628843,1.1381000000000001,1.08055,0.10619469026548689
2022-07-15,1.124,1.142,1.12,1.121,743118647,840511211,-0.003555555555555534,1.137,1.0817833333333333,0.0706781279847184
2022-07-18,1.127,1.128,1.101,1.119,793864291,883565889,-0.001784121320249743,1.1358,1.0832666666666666,0.08640776699029118
2022-07-19,1.117,1.123,1.101,1.11,768320404,854075026,-0.008042895442359144,1.13475,1.0848833333333334,0.09575518262586402
2022-07-20,1.115,1.131,1.115,1.128,694771567,782006395,0.01621621621621605,1.1356499999999998,1.087,0.1268731268731269
2022-07-21,1.128,1.159,1.123,1.142,1109915360,1274576101,0.012411347517730542,1.13615,1.08965,0.16174974567650047
2022-07-22,1.148,1.152,1.126,1.133,700684383,796509335,-0.007880910683012221,1.1352,1.0931333333333333,0.22619047619047605
2022-07-25,1.136,1.146,1.12,1.124,700539122,791284026,-0.007943512797881636,1.1338,1.0967166666666668,0.23652365236523654
2022-07-26,1.122,1.137,1.116,1.133,624519736,704647002,0.008007117437722311,1.13205,1.09985,0.19894179894179898
2022-07-27,1.13,1.148,1.129,1.147,692726177,790607727,0.012356575463371655,1.1324,1.1032833333333332,0.2189160467587674
2022-07-28,1.154,1.167,1.145,1.161,906494987,1050597304,0.012205754141237923,1.1327,1.1062,0.17748478701825565
2022-07-29,1.162,1.164,1.137,1.139,882700219,1011775771,-0.018949181739879473,1.13255,1.1086166666666668,0.14587525150905445
2022-08-01,1.131,1.155,1.118,1.154,794385373,904253955,0.013169446883230851,1.13315,1.11145,0.17276422764227628
2022-08-02,1.135,1.159,1.125,1.149,1126284887,1288172201,-0.004332755632582286,1.1336499999999998,1.11415,0.1641337386018238
2022-08-03,1.152,1.18,1.141,1.152,1475715746,1711080265,0.0026109660574411553,1.13375,1.1164500000000002,0.13609467455621282
2022-08-04,1.154,1.171,1.15,1.167,1084434214,1257632024,0.013020833333333481,1.13405,1.1184833333333335,0.11674641148325371
2022-08-05,1.167,1.217,1.164,1.216,2200353181,2635608974,0.041988003427592124,1.1372,1.1211499999999999,0.15151515151515138
2022-08-08,1.216,1.216,1.197,1.206,1385102108,1668178215,-0.008223684210526327,1.14105,1.1236666666666666,0.1431279620853081
2022-08-09,1.207,1.22,1.193,1.218,966470890,1165131375,0.00995024875621886,1.14715,1.1266666666666667,0.17341040462427748
2022-08-10,1.206,1.224,1.205,1.208,894489098,1085987086,-0.008210180623973717,1.1526,1.1292666666666666,0.14828897338403024
2022-08-11,1.215,1.23,1.203,1.229,986335818,1203691905,0.017384105960265073,1.1578,1.1321333333333332,0.1627246925260173
2022-08-12,1.224,1.228,1.198,1.201,1102991232,1334948461,-0.022782750203417468,1.1618,1.1341499999999998,0.11203703703703694
2022-08-15,1.197,1.209,1.191,1.195,737050067,884495831,-0.004995836802664466,1.1656,1.1359166666666667,0.09733700642791554
2022-08-16,1.193,1.207,1.186,1.19,825160239,985688632,-0.004184100418410108,1.1696000000000002,1.1376,0.09274563820018367
2022-08-17,1.189,1.192,1.18,1.186,902193177,1068849129,-0.003361344537815114,1.1725,1.1400166666666667,0.13928914505283374
2022-08-18,1.186,1.201,1.182,1.2,807654982,963656399,0.01180438448566612,1.1754,1.1425333333333332,0.14394661582459478
2022-08-19,1.197,1.209,1.16,1.161,1586954249,1867243130,-0.03249999999999997,1.1767999999999998,1.1444166666666666,0.10782442748091592
2022-08-22,1.153,1.162,1.149,1.158,844426146,975779731,-0.0025839793281654533,1.1785,1.14645,0.11776061776061764
2022-08-23,1.159,1.169,1.156,1.159,574751506,667179506,0.0008635578583766623,1.1798,1.1483666666666668,0.11015325670498077
2022-08-24,1.16,1.163,1.119,1.119,1215482320,1378648188,-0.0345125107851596,1.1784,1.14905,0.03803339517625215
2022-08-25,1.122,1.125,1.094,1.106,1178565340,1301708164,-0.011617515638963294,1.17565,1.1495166666666667,0.025974025974025983
2022-08-26,1.111,1.118,1.093,1.095,819914137,906546541,-0.009945750452079682,1.1734499999999999,1.149,-0.027531083481349805
2022-08-29,1.08,1.107,1.076,1.102,726098553,798141950,0.006392694063926951,1.17085,1.1478833333333334,-0.057313943541488444
2022-08-30,1.102,1.114,1.097,1.098,581271061,640945521,-0.003629764065335772,1.1683,1.1468500000000001,-0.053448275862068795
2022-08-31,1.097,1.106,1.072,1.077,988769655,1070780059,-0.019125683060109422,1.16455,1.1455,-0.06994818652849744
2022-09-01,1.078,1.09,1.072,1.076,682240273,738392314,-0.0009285051067779992,1.16,1.1446333333333334,-0.046099290780141744
2022-09-02,1.077,1.088,1.07,1.079,613196776,661376809,0.0027881040892192566,1.1531500000000001,1.1434666666666666,-0.060922541340295955
2022-09-05,1.077,1.082,1.067,1.074,612548205,657307457,-0.004633920296570837,1.14655,1.1424666666666667,-0.052910052910052796
2022-09-06,1.075,1.088,1.066,1.087,812978711,876489158,0.012104283054003684,1.1400000000000001,1.1419666666666666,-0.026857654431513
2022-09-07,1.083,1.116,1.082,1.102,1013244368,1117016556,0.01379944802207933,1.1347,1.1418166666666667,-0.008100810081008047
2022-09-08,1.1,1.105,1.091,1.092,512862187,562351315,-0.00907441016333943,1.12785,1.14125,-0.03019538188277071
2022-09-09,1.091,1.094,1.072,1.083,814061324,879200397,-0.008241758241758323,1.12195,1.1402500000000002,-0.05249343832021003
2022-09-13,1.084,1.094,1.077,1.078,613393442,663432012,-0.004616805170821747,1.1160999999999999,1.1391666666666669,-0.05686789151356075
2022-09-14,1.067,1.081,1.063,1.08,682668522,733050287,0.0018552875695732052,1.1106,1.1383166666666669,-0.0450928381962864
2022-09-15,1.08,1.084,1.037,1.046,1355453941,1430748955,-0.031481481481481555,1.1036,1.13725,-0.057657657657657735
2022-09-16,1.041,1.064,1.041,1.045,1039862351,1096014929,-0.0009560229445507717,1.09585,1.1358,-0.07685512367491165
2022-09-19,1.047,1.049,1.015,1.021,1028315272,1057715735,-0.022966507177033524,1.08885,1.1336166666666665,-0.11371527777777779
2022-09-20,1.024,1.04,1.022,1.028,866796763,893810183,0.006856023506366382,1.0823500000000001,1.13155,-0.10763888888888884
2022-09-21,1.022,1.027,1.013,1.016,734881964,748714360,-0.011673151750972721,1.0752000000000002,1.1290166666666666,-0.13013698630136983
2022-09-22,1.01,1.03,1.009,1.021,730524026,745616842,0.004921259842519676,1.0703,1.1270333333333333,-0.1043859649122807
2022-09-23,1.019,1.027,1.0,1.006,1024651663,1035119389,-0.014691478942213454,1.0653000000000001,1.12455,-0.129004329004329
2022-09-26,1.0,1.021,0.996,1.004,807254397,814295385,-0.001988071570576566,1.06075,1.1222500000000002,-0.12084063047285454
2022-09-27,1.007,1.021,1.003,1.019,881774713,891906767,0.014940239043824688,1.0566,1.1201999999999999,-0.10770577933450087
2022-09-28,1.015,1.02,0.998,0.999,772772542,777583369,-0.01962708537782132,1.05165,1.1178666666666668,-0.12291483757682176
2022-09-29,1.006,1.012,0.999,1.004,682254376,685982256,0.005005005005005003,1.048,1.115433333333333,-0.1269565217391304
2022-09-30,1.001,1.012,0.98,0.981,1212999662,1204941420,-0.02290836653386452,1.04325,1.1124333333333334,-0.15503875968992253
2022-10-10,0.979,0.98,0.936,0.937,1143430375,1088718621,-0.04485219164118237,1.03615,1.1088333333333333,-0.18733738074588024
2022-10-11,0.938,0.943,0.929,0.932,689647905,645270766,-0.005336179295624355,1.02905,1.10555,-0.1744906997342781
2022-10-12,0.932,0.968,0.91,0.967,1231876047,1154552103,0.03755364806866934,1.02305,1.1034000000000002,-0.11770072992700742
2022-10-13,0.959,0.983,0.954,0.969,1062437417,1034725013,0.0020682523267838704,1.0164,1.1012333333333333,-0.11828935395814377
2022-10-14,0.981,1.005,0.968,0.998,1450727231,1431278716,0.029927760577915352,1.0116999999999998,1.0991166666666667,-0.11288888888888893
2022-10-17,0.991,1.008,0.99,1.005,1047094191,1045076844,0.007014028056112176,1.0078,1.0971833333333332,-0.1034790365744872
2022-10-18,1.01,1.011,0.996,1.002,745512406,747577158,-0.0029850746268655914,1.004,1.0952333333333333,-0.1045576407506702
2022-10-19,0.998,1.005,0.992,0.993,781508286,779667209,-0.008982035928143728,0.9996499999999999,1.0932833333333332,-0.10540540540540544
2022-10-20,0.988,1.019,0.98,1.006,1427154822,1427005287,0.01309164149043296,0.9976499999999999,1.0912499999999998,-0.10815602836879423
2022-10-21,1.006,1.015,0.994,1.012,1180978992,1187703066,0.005964214711729587,0.9960000000000001,1.0890833333333334,-0.11383537653239917
2022-10-24,1.012,1.035,1.002,1.012,1676539879,1706642427,0.0,0.99555,1.0870666666666666,-0.10679611650485432
2022-10-25,1.009,1.028,0.998,1.016,1460961404,1479091503,0.0039525691699604515,0.9949499999999999,1.0852666666666666,-0.09608540925266906
2022-10-26,1.017,1.055,1.007,1.051,1955896353,2031904109,0.034448818897637734,0.9967,1.0838999999999999,-0.07237422771403357
2022-10-27,1.053,1.067,1.039,1.048,1627572855,1714521523,-0.0028544243577544037,0.9980499999999999,1.08225,-0.08631211857018306
2022-10-28,1.04,1.06,1.033,1.038,1709764093,1791256176,-0.009541984732824416,0.9996499999999999,1.0802,-0.10594315245478036
2022-10-31,1.038,1.068,1.031,1.06,1942314250,2052348575,0.021194605009633882,1.00245,1.0788833333333334,-0.06935908691834936
2022-11-01,1.058,1.075,1.046,1.071,2038064056,2162447224,0.01037735849056598,1.00505,1.0775000000000001,-0.0719237435008665
2022-11-02,1.065,1.095,1.063,1.084,2281686059,2473096370,0.012138188608777023,1.0093,1.0764166666666666,-0.056570931244560474
2022-11-03,1.075,1.1,1.072,1.096,1924295363,2104457627,0.011070110701107083,1.0139,1.0754833333333333,-0.04861111111111094
2022-11-04,1.096,1.126,1.095,1.121,2073912710,2307090438,0.022810218978102093,1.0209000000000001,1.0747166666666668,-0.0394173093401885
2022-11-07,1.118,1.129,1.103,1.108,2155093721,2401430559,-0.011596788581623496,1.02945,1.0729166666666667,-0.08881578947368407
2022-11-08,1.108,1.108,1.086,1.098,1865983796,2040314543,-0.009025270758122761,1.0377500000000002,1.0711166666666665,-0.08955223880597007
2022-11-09,1.097,1.1,1.083,1.085,1702129422,1853634942,-0.011839708561020124,1.04365,1.0689,-0.10919540229885061
2022-11-10,1.079,1.091,1.066,1.067,2336404411,2516649840,-0.01658986175115207,1.04855,1.06655,-0.11672185430463577
2022-11-11,1.098,1.108,1.067,1.069,2733015146,2972668873,0.0018744142455482393,1.0521,1.0638833333333333,-0.13018714401952813
2022-11-14,1.068,1.078,1.058,1.071,2479725422,2647085996,0.00187090739008422,1.0554000000000001,1.0617166666666666,-0.1082431307243964
2022-11-15,1.069,1.102,1.067,1.1,2457447204,2673608046,0.027077497665733086,1.0603,1.0601333333333334,-0.07949790794979072
2022-11-16,1.1,1.1,1.078,1.081,1979312591,2154730010,-0.01727272727272744,1.0647,1.0583166666666666,-0.09159663865546219
2022-11-17,1.075,1.089,1.06,1.088,2107807662,2259639192,0.00647548566142464,1.0688,1.0566833333333332,-0.08263069139966261
2022-11-18,1.084,1.091,1.074,1.076,1612480279,1748224215,-0.011029411764705843,1.072,1.0546166666666668,-0.10333333333333328
2022-11-21,1.067,1.08,1.065,1.079,1346798105,1444386895,0.0027881040892192566,1.0753499999999998,1.05325,-0.07062876830318698
2022-11-22,1.075,1.076,1.06,1.061,1502853071,1604374174,-0.016682113067655213,1.0776,1.0516333333333334,-0.08376511226252159
2022-11-23,1.06,1.067,1.039,1.063,2067150201,2177030124,0.0018850141376061114,1.0782,1.0500333333333334,-0.08283002588438315
2022-11-24,1.063,1.069,1.059,1.06,1167695018,1241759859,-0.002822201317027151,1.0788,1.04905,-0.05272564789991063
2022-11-25,1.059,1.059,1.045,1.045,1413833108,1484456157,-0.014150943396226578,1.07915,1.0480333333333334,-0.05515370705244138
2022-11-28,1.03,1.043,1.027,1.038,1456766374,1510315082,-0.006698564593301315,1.0780500000000002,1.0470833333333334,-0.05205479452054784
2022-11-29,1.04,1.05,1.033,1.048,2206979747,2302056388,0.009633911368015502,1.0769,1.0461833333333332,-0.0490018148820327
2022-11-30,1.047,1.048,1.035,1.041,1555393808,1620914901,-0.00667938931297718,1.07475,1.0452333333333332,-0.0519125683060111
2022-12-01,1.054,1.062,1.049,1.054,2234044193,2359705650,0.012487992315081797,1.0726499999999999,1.04485,-0.02135561745589587
2022-12-02,1.05,1.066,1.05,1.054,1575269912,1667627751,0.0,1.0693,1.0444833333333332,-0.020446096654275103
2022-12-05,1.059,1.06,1.046,1.051,2717500151,2853727188,-0.002846299810246755,1.0664500000000001,1.0440166666666666,-0.02594995366079711
2022-12-06,1.049,1.061,1.047,1.049,2358282363,2482254766,-0.0019029495718363432,1.0639999999999998,1.0436,-0.023277467411545794
2022-12-07,1.046,1.054,1.044,1.046,1672585677,1753903546,-0.0028598665395613843,1.0620500000000002,1.0429166666666665,-0.03771849126034954
2022-12-08,1.045,1.051,1.042,1.044,1318551446,1378304530,-0.0019120458891013214,1.0609,1.0419500000000002,-0.052631578947368474
2022-12-09,1.043,1.05,1.039,1.044,1660829867,1733339046,0.0,1.05965,1.04115,-0.04395604395604402
2022-12-12,1.048,1.055,1.04,1.048,2446338028,2561461914,0.003831417624521105,1.0585,1.0405666666666666,-0.03231763619575245
2022-12-13,1.046,1.048,1.03,1.031,2238335682,2322324763,-0.016221374045801595,1.05505,1.0397833333333333,-0.04359925788497232
2022-12-14,1.041,1.044,1.025,1.026,1769628109,1829263610,-0.004849660523763233,1.0523,1.0388833333333334,-0.050000000000000044
2022-12-15,1.025,1.035,1.022,1.033,1492876569,1539429456,0.006822612085769952,1.04955,1.0386666666666666,-0.012428298279158811
2022-12-16,1.028,1.03,1.016,1.02,1759375287,1795968685,-0.012584704743465513,1.0467499999999998,1.0382500000000001,-0.023923444976076458
2022-12-19,1.018,1.022,0.995,0.996,1922591185,1933221844,-0.02352941176470591,1.0426,1.0378333333333334,-0.02448579823702246
2022-12-20,0.994,1.0,0.992,0.994,1355127691,1348125857,-0.002008032128514081,1.03925,1.0372666666666668,-0.03307392996108949
2022-12-21,0.994,0.996,0.977,0.981,1533725102,1510969024,-0.013078470824949728,1.03515,1.0366833333333332,-0.034448818897637845
2022-12-22,0.983,0.985,0.968,0.971,1438841487,1406872980,-0.010193679918450549,1.0307,1.0358500000000002,-0.04897159647404503
2022-12-23,0.966,0.97,0.954,0.962,1782258014,1715614110,-0.009268795056642687,1.0265499999999999,1.0351166666666667,-0.0437375745526839
2022-12-26,0.961,0.993,0.96,0.992,2069759646,2032521653,0.031185031185031242,1.0242499999999999,1.0349166666666667,-0.01195219123505975
2022-12-27,0.994,1.007,0.987,1.004,1756854198,1752220488,0.012096774193548487,1.02205,1.0346666666666666,-0.014720314033365933
2022-12-28,0.999,1.004,0.996,0.998,1152116976,1151118394,-0.005976095617529875,1.0199,1.0346499999999998,-0.0010010010010009784
2022-12-29,0.994,1.011,0.993,1.004,1572192232,1577898278,0.006012024048096087,1.0174,1.03465,0.0
2022-12-30,1.005,1.011,1.0,1.003,1105555771,1110861006,-0.0009960159362550902,1.01485,1.0350166666666667,0.022426095820591074
2023-01-03,1.001,1.024,0.998,1.023,1778509319,1800903958,0.019940179461615193,1.0134500000000002,1.0364499999999999,0.09178228388473841
2023-01-04,1.023,1.026,1.008,1.016,1969422428,1998272678,-0.006842619745845435,1.0118,1.03785,0.09012875536480691
2023-01-05,1.017,1.027,1.011,1.026,1731721556,1768569523,0.009842519685039353,1.0108,1.0388333333333333,0.061013443640124176
2023-01-06,1.025,1.045,1.024,1.032,2432399939,2518699708,0.005847953216374213,1.0102,1.0398833333333333,0.06501547987616108
2023-01-09,1.035,1.041,1.027,1.032,1623952880,1679793820,0.0,1.0096,1.04045,0.03406813627254501
2023-01-10,1.03,1.039,1.026,1.032,1100342759,1137159849,0.0,1.0088,1.0409,0.02686567164179121
2023-01-11,1.031,1.034,1.014,1.014,1585959581,1622883418,-0.01744186046511631,1.00795,1.0411,0.011976047904191711
2023-01-12,1.015,1.02,1.011,1.016,1019244896,1035165727,0.0019723865877712132,1.00745,1.0414833333333333,0.023162134944612278
2023-01-13,1.017,1.018,1.008,1.017,1451398946,1470681137,0.0009842519685039353,1.00665,1.0416666666666667,0.010934393638170947
2023-01-16,1.017,1.043,1.015,1.035,2662107501,2753535088,0.017699115044247815,1.0074,1.04205,0.022727272727272707
2023-01-17,1.035,1.05,1.034,1.045,1974295101,2063471725,0.009661835748792313,1.00985,1.0426,0.032608695652173836
2023-01-18,1.047,1.052,1.045,1.05,1281295996,1344325529,0.004784688995215447,1.01265,1.0431666666666668,0.0334645669291338
2023-01-19,1.047,1.068,1.045,1.068,1685310272,1784542708,0.017142857142857126,1.017,1.04345,0.016175071360609028
2023-01-20,1.07,1.078,1.066,1.073,1642199594,1759824360,0.004681647940074862,1.0221,1.0438666666666667,0.023854961832060928
2023-01-30,1.091,1.093,1.074,1.074,2227938924,2411461071,0.0009319664492080104,1.0276999999999998,1.0444666666666667,0.034682080924855585
2023-01-31,1.07,1.073,1.056,1.058,1695774081,1803302025,-0.014897579143389184,1.031,1.0444333333333333,-0.0018867924528301883
2023-02-01,1.058,1.071,1.052,1.071,1845133200,1961318868,0.012287334593572785,1.03435,1.0444333333333333,0.0
2023-02-02,1.074,1.085,1.071,1.075,2088541956,2251406473,0.0037348272642390157,1.0382,1.0442833333333332,-0.008302583025830312
2023-02-03,1.071,1.079,1.06,1.078,1997625340,2136299251,0.0027906976744187517,1.0418999999999998,1.0439833333333335,-0.01642335766423364
2023-02-06,1.071,1.083,1.063,1.068,1667731513,1785210577,-0.00927643784786647,1.04515,1.0431,-0.04727921498661902
2023-02-07,1.067,1.071,1.058,1.063,1439134626,1529356560,-0.004681647940074973,1.0471499999999998,1.04235,-0.04061371841155248
2023-02-08,1.064,1.069,1.053,1.054,1210703874,1282709653,-0.008466603951081786,1.04905,1.0416166666666666,-0.040072859744990974
2023-02-09,1.051,1.082,1.048,1.082,2406846877,2569853826,0.026565464895635715,1.05185,1.0415666666666668,-0.0027649769585252892
2023-02-10,1.08,1.082,1.062,1.068,2111283160,2262142058,-0.012939001848428888,1.05365,1.0415833333333333,0.0009372071227742307
2023-02-13,1.062,1.075,1.062,1.069,1354177431,1447070256,0.000936329588014928,1.0554999999999999,1.0415833333333333,0.0
2023-02-14,1.071,1.076,1.06,1.065,1250981419,1334142428,-0.00374181478016844,1.05715,1.0414833333333333,-0.0056022408963585235
2023-02-15,1.065,1.07,1.06,1.067,1435876492,1529610762,0.001877934272300541,1.0598,1.0409333333333333,-0.030000000000000138
2023-02-16,1.066,1.073,1.04,1.049,2629311806,2786075058,-0.016869728209934376,1.06145,1.0404000000000002,-0.029602220166512483
2023-02-17,1.046,1.049,1.027,1.029,2321301351,2409925789,-0.019065776930409895,1.06205,1.0394166666666667,-0.054227941176470784
2023-02-20,1.027,1.042,1.022,1.042,1856553387,1916913972,0.012633624878523042,1.0624,1.03885,-0.03159851301115246
2023-02-21,1.04,1.045,1.032,1.038,1303976530,1354470355,-0.0038387715930902067,1.0620500000000002,1.0381666666666667,-0.03799814643188126
2023-02-22,1.033,1.036,1.03,1.032,1149233830,1186191161,-0.005780346820809301,1.06115,1.0376833333333333,-0.027332704995287394
2023-02-23,1.032,1.041,1.031,1.035,1036539404,1073366008,0.0029069767441860517,1.0594999999999999,1.0372166666666667,-0.026340545625587963
2023-02-24,1.037,1.042,1.031,1.033,1041190310,1078317906,-0.0019323671497584183,1.0574999999999999,1.0367666666666666,-0.025471698113207708
2023-02-27,1.029,1.038,1.027,1.028,1184212693,1220957221,-0.004840271055179035,1.0552,1.0364833333333334,-0.016267942583731987
2023-02-28,1.033,1.037,1.023,1.033,1215639421,1252309809,0.004863813229571967,1.05395,1.0364,-0.004816955684007862
2023-03-01,1.033,1.041,1.027,1.038,1738996035,1799488220,0.004840271055179146,1.0523,1.0362333333333333,-0.009541984732824416
2023-03-02,1.038,1.04,1.031,1.032,1230751281,1273676827,-0.005780346820809301,1.05015,1.0360833333333332,-0.008645533141210304
2023-03-03,1.037,1.044,1.033,1.043,1873525130,1949623573,0.010658914728681967,1.0484,1.0359,-0.010436432637571325
2023-03-06,1.043,1.055,1.035,1.053,1987639105,2078829711,0.009587727708533,1.04765,1.0358833333333335,-0.0009487666034156961
2023-03-07,1.05,1.053,1.033,1.034,1906630029,1989998583,-0.018043684710351338,1.0462,1.0356,-0.016175071360608806
2023-03-08,1.03,1.04,1.029,1.038,1292740036,1337999528,0.003868471953578423,1.0453999999999999,1.0354166666666667,-0.010486177311725409
2023-03-09,1.038,1.045,1.036,1.041,1348212888,1404507086,0.0028901734104045396,1.04335,1.0353333333333334,-0.004780114722753415
2023-03-10,1.035,1.046,1.03,1.037,1652715531,1715364965,-0.003842459173871271,1.0417999999999998,1.0352166666666667,-0.006704980842911934
2023-03-13,1.034,1.041,1.031,1.04,1332011316,1379745664,0.002892960462873795,1.04035,1.03515,-0.003831417624521105
2023-03-14,1.039,1.057,1.029,1.055,2592866985,2705562167,0.014423076923076872,1.03985,1.0352666666666666,0.006679389312977069
2023-03-15,1.056,1.067,1.048,1.048,2154821791,2277422783,-0.00663507109004724,1.0389,1.03555,0.016488845780795458
2023-03-16,1.043,1.052,1.031,1.032,2173758352,2261291459,-0.01526717557251911,1.03805,1.03565,0.005847953216374213
2023-03-17,1.04,1.062,1.036,1.056,3364641108,3534769265,0.023255813953488413,1.0394,1.0360333333333334,0.022265246853824028
2023-03-20,1.057,1.075,1.053,1.068,2800217137,2987833040,0.011363636363636465,1.0407,1.0368333333333333,0.04705882352941182
2023-03-21,1.068,1.07,1.061,1.07,1535382680,1636111183,0.001872659176029856,1.0422999999999998,1.0380666666666667,0.07429718875502012
2023-03-22,1.073,1.08,1.069,1.074,1849741617,1986603362,0.0037383177570093906,1.0444,1.0393999999999999,0.08048289738430592
2023-03-23,1.071,1.1,1.07,1.099,3574653975,3895810573,0.02327746741154546,1.0476,1.0413666666666666,0.12028542303771661
2023-03-24,1.1,1.105,1.091,1.104,2385702031,2623234063,0.0045495905368517775,1.05115,1.0435833333333333,0.13697219361483026
2023-03-27,1.102,1.112,1.085,1.098,2628347599,2890393912,-0.005434782608695676,1.05465,1.0458500000000002,0.1413721413721416
2023-03-28,1.098,1.108,1.077,1.08,2233852737,2435411059,-0.016393442622950838,1.057,1.0473166666666667,0.08870967741935498
2023-03-29,1.082,1.118,1.077,1.103,3117962246,3427689155,0.021296296296296147,1.0602500000000001,1.0489666666666666,0.09860557768924294
2023-03-30,1.105,1.111,1.094,1.108,2024884025,2234638035,0.004533091568449832,1.06405,1.0508,0.11022044088176353
2023-03-31,1.108,1.125,1.102,1.124,2109044303,2351599181,0.014440433212996373,1.0681,1.0528,0.11952191235059773
2023-04-03,1.13,1.17,1.13,1.169,3501143648,4031419739,0.040035587188612,1.0739,1.0555666666666665,0.16550348953140603
2023-04-04,1.169,1.192,1.157,1.172,3687366335,4334887040,0.002566295979469446,1.0808000000000002,1.0580500000000002,0.14565004887585542
2023-04-06,1.164,1.21,1.164,1.193,3465895648,4139264426,0.017918088737201465,1.0885500000000001,1.061,0.17421259842519699
2023-04-07,1.194,1.207,1.185,1.207,2230307132,2672958700,0.011735121542330251,1.09685,1.0640166666666666,0.1764132553606239
2023-04-10,1.208,1.216,1.169,1.172,2837173302,3376626670,-0.028997514498757315,1.1036000000000001,1.06635,0.13565891472868197
2023-04-11,1.17,1.182,1.152,1.165,2744419971,3199949031,-0.005972696245733711,1.10985,1.0685666666666667,0.12887596899224807
2023-04-12,1.163,1.183,1.158,1.173,1927197941,2257955865,0.006866952789699621,1.11575,1.0709166666666665,0.1366279069767442
2023-04-13,1.168,1.169,1.141,1.143,2385724050,2753868064,-0.025575447570332477,1.1205,1.0730666666666666,0.1272189349112427
2023-04-14,1.149,1.182,1.139,1.182,2755476783,3200615947,0.034120734908136496,1.1280000000000001,1.0758333333333332,0.16338582677165348
2023-04-17,1.176,1.196,1.175,1.186,2057791542,2438765409,0.0033840947546530664,1.1345,1.0786499999999999,0.1661750245821043
2023-04-18,1.178,1.182,1.158,1.172,2025554687,2370355498,-0.01180438448566612,1.1397,1.0809333333333335,0.1323671497584542
2023-04-19,1.17,1.196,1.17,1.178,2050239229,2424280108,0.005119453924914641,1.1451,1.08315,0.1272727272727272
2023-04-20,1.177,1.212,1.176,1.211,2745506200,3290892160,0.02801358234295437,1.15195,1.0858333333333332,0.15333333333333332
2023-04-21,1.211,1.214,1.16,1.164,2677294373,3163948266,-0.03881090008257648,1.1552,1.0874333333333333,0.08988764044943798
2023-04-24,1.156,1.162,1.133,1.142,2500364956,2859587484,-0.018900343642611728,1.1571,1.0885833333333335,0.06430568499534006
2023-04-25,1.141,1.146,1.112,1.12,2834708375,3198152122,-0.01926444833625196,1.1582,1.0893499999999998,0.04283054003724396
2023-04-26,1.115,1.13,1.106,1.116,2147698392,2403247100,-0.0035714285714285587,1.16,1.0903166666666666,0.05482041587901709
2023-04-27,1.11,1.125,1.104,1.112,2183817998,2430560471,-0.0035842293906810374,1.16045,1.0910000000000002,0.03828197945845013
2023-04-28,1.107,1.134,1.107,1.133,2799026255,3140327441,0.01888489208633093,1.1617,1.0919666666666668,0.05395348837209313
2023-05-04,1.125,1.129,1.105,1.109,2903575711,3229865082,-0.02118270079435125,1.1609500000000001,1.0924833333333333,0.0287569573283859
2023-05-05,1.107,1.112,1.09,1.093,2866628978,3151183335,-0.014427412082957614,1.1571500000000001,1.0929,0.023408239700374533
2023-05-08,1.096,1.107,1.088,1.102,2295983453,2520303429,0.008234217749313988,1.15365,1.09355,0.03668861712135474
2023-05-09,1.102,1.107,1.077,1.078,3189455222,3483418606,-0.02177858439201452,1.1479000000000001,1.09395,0.022770398481973375
2023-05-10,1.073,1.082,1.061,1.069,3041568752,3253079531,-0.008348794063079867,1.141,1.0937333333333332,-0.01201478743068407
2023-05-11,1.077,1.083,1.068,1.07,2106491061,2263271957,0.00093545369504211,1.1359,1.0937666666666668,0.001872659176029856
2023-05-12,1.072,1.079,1.056,1.056,2537191580,2705987591,-0.013084112149532756,1.1304500000000002,1.09355,-0.012160898035547096
2023-05-15,1.054,1.068,1.048,1.067,2306143139,2441080929,0.010416666666666519,1.12515,1.0935833333333336,0.001877934272300541
2023-05-16,1.07,1.076,1.065,1.068,1933917258,2069282988,0.0009372071227742307,1.1214,1.0936,0.0009372071227742307
2023-05-17,1.066,1.077,1.065,1.072,1789981424,1917678572,0.0037453183520599342,1.1159,1.0939833333333335,0.0219256434699715
2023-05-18,1.073,1.081,1.07,1.078,1840210425,1980781280,0.005597014925373234,1.1105,1.0947999999999998,0.04761904761904767
2023-05-19,1.081,1.092,1.08,1.084,2061123518,2238073989,0.005565862708719838,1.1061,1.0955000000000001,0.040307101727447225
2023-05-22,1.084,1.09,1.071,1.075,1745537342,1881292484,-0.008302583025830312,1.10095,1.0961166666666666,0.035645472061657024
2023-05-23,1.071,1.073,1.059,1.06,1846224976,1966707520,-0.013953488372092981,1.0934,1.0965833333333335,0.027131782945736482
2023-05-24,1.055,1.067,1.05,1.055,2533524174,2675987968,-0.004716981132075526,1.08795,1.0969166666666665,0.019323671497584627
2023-05-25,1.055,1.065,1.05,1.065,2434383209,2574909602,0.009478672985782088,1.0841,1.09745,0.030977734753146136
2023-05-26,1.068,1.083,1.065,1.082,3008507974,3232666578,0.015962441314554043,1.0822,1.09835,0.05252918287937747
2023-05-29,1.086,1.091,1.071,1.072,2370224407,2555016937,-0.009242144177449174,1.08,1.099,0.037754114230396985
2023-05-30,1.07,1.091,1.066,1.09,2520698470,2719781977,0.01679104477611948,1.0789,1.0998666666666668,0.050096339113680166
2023-05-31,1.087,1.098,1.083,1.097,2561615265,2795880231,0.006422018348623659,1.0771000000000002,1.10095,0.0629844961240309
2023-06-01,1.093,1.113,1.09,1.1,2836224789,3128231095,0.0027347310847767314,1.0766499999999999,1.1018999999999999,0.0546500479386387
2023-06-02,1.102,1.105,1.094,1.1,1659060197,1823492913,0.0,1.077,1.1026833333333335,0.044634377967711414
2023-06-05,1.105,1.112,1.095,1.096,2070097596,2283587636,-0.0036363636363636598,1.0767000000000002,1.103716666666667,0.05996131528046433
2023-06-06,1.093,1.094,1.066,1.067,2891888212,3127487667,-0.026459854014598716,1.07615,1.1041999999999998,0.027938342967244623
2023-06-07,1.068,1.072,1.061,1.065,1946640911,2074561914,-0.0018744142455482393,1.0759500000000002,1.1046,0.023054755043227626
2023-06-08,1.063,1.063,1.048,1.053,2852555004,3006972486,-0.011267605633802802,1.0751,1.1048666666666667,0.015429122468659573
2023-06-09,1.053,1.078,1.049,1.077,2490630081,2641923215,0.02279202279202286,1.07615,1.1054833333333332,0.03557692307692295
2023-06-12,1.076,1.076,1.066,1.071,1803609333,1931853430,-0.005571030640668551,1.07635,1.1057500000000002,0.01516587677725112
2023-06-13,1.07,1.088,1.065,1.084,2646033320,2853036019,0.012138188608777023,1.07715,1.10635,0.03435114503816794
2023-06-14,1.083,1.084,1.074,1.08,2088917305,2255930886,-0.0036900369003689537,1.07755,1.10715,0.04651162790697683
2023-06-15,1.079,1.082,1.074,1.08,2143344688,2311304615,0.0,1.0776499999999998,1.10755,0.022727272727272707
2023-06-16,1.082,1.101,1.078,1.098,3055797175,3333119866,0.016666666666666607,1.07835,1.10805,0.028089887640449396
2023-06-19,1.098,1.106,1.09,1.1,2245069329,2469423858,0.0018214936247722413,1.0796,1.1085500000000001,0.028037383177570208
2023-06-20,1.098,1.104,1.09,1.101,2628931783,2883260649,0.0009090909090907484,1.0816500000000002,1.1089999999999998,0.025139664804469275
2023-06-21,1.096,1.096,1.063,1.066,3118031163,3363052707,-0.031789282470481295,1.0822,1.1084500000000002,-0.030027297543221088
2023-06-26,1.059,1.076,1.052,1.057,3134324334,3322483185,-0.00844277673545979,1.0817999999999999,1.1076666666666668,-0.042572463768116076
2023-06-27,1.057,1.065,1.052,1.06,2241431573,2370683278,0.0028382213812678803,1.0807,1.1070333333333335,-0.03460837887067403
2023-06-28,1.059,1.065,1.041,1.055,2801838793,2948716166,-0.004716981132075526,1.07985,1.1066166666666666,-0.02314814814814825
2023-06-29,1.052,1.058,1.047,1.047,1846004027,1939842924,-0.00758293838862556,1.0777,1.1056833333333331,-0.050770625566636474
2023-06-30,1.045,1.054,1.043,1.052,2653545856,2784811626,0.0047755491881567025,1.07545,1.10475,-0.05054151624548742
2023-07-03,1.053,1.058,1.045,1.055,2635650554,2771375807,0.002851711026615966,1.0732000000000002,1.1036,-0.06138790035587205
2023-07-04,1.053,1.067,1.05,1.061,2413938964,2556731488,0.005687203791469253,1.07125,1.1018000000000001,-0.09238665526090684
2023-07-05,1.06,1.063,1.05,1.051,1978528651,2088867174,-0.009425070688030224,1.069,1.0997833333333336,-0.10324232081911267
2023-07-06,1.048,1.058,1.046,1.048,1617189389,1699804326,-0.0028544243577544037,1.06805,1.0973666666666666,-0.12154233025984917
2023-07-07,1.045,1.047,1.034,1.037,2556270766,2657968341,-0.010496183206107013,1.0666499999999999,1.0945333333333334,-0.14084507042253536
2023-07-10,1.039,1.045,1.035,1.039,1546101292,1607547267,0.0019286403085825299,1.0659500000000002,1.0923166666666666,-0.11348122866894195
2023-07-11,1.042,1.047,1.039,1.046,1717375159,1792841986,0.00673724735322434,1.0644,1.0903333333333334,-0.10214592274678114
2023-07-12,1.046,1.046,1.028,1.03,2544335337,2637076118,-0.015296367112810683,1.06235,1.08795,-0.12190963341858485
2023-07-13,1.034,1.042,1.033,1.039,2266934261,2351812587,0.008737864077669855,1.0600999999999998,1.0862166666666666,-0.09098862642169736
2023-07-14,1.044,1.046,1.035,1.036,1677839280,1745615658,-0.002887391722810273,1.0579,1.0837833333333333,-0.12351945854483914
2023-07-17,1.034,1.035,1.026,1.028,1955316180,2012717877,-0.007722007722007707,1.0553000000000001,1.08115,-0.13322091062394592
2023-07-18,1.029,1.032,1.025,1.025,1614767966,1659008047,-0.0029182879377432913,1.05165,1.0787000000000002,-0.1254266211604096
2023-07-19,1.028,1.032,1.017,1.019,2179548732,2228595857,-0.005853658536585371,1.0476,1.07605,-0.13497453310696095
2023-07-20,1.021,1.023,1.004,1.007,2625110908,2657111375,-0.011776251226692902,1.0429,1.0726499999999999,-0.1684558216350125
2023-07-21,1.005,1.008,0.998,1.0,2546963501,2552093252,-0.006951340615690027,1.0395999999999999,1.0699166666666666,-0.14089347079037795
2023-07-24,1.0,1.005,0.993,0.995,1969880932,1966045104,-0.0050000000000000044,1.0365,1.0674666666666668,-0.12872154115586687
2023-07-25,1.004,1.01,1.001,1.009,2538648241,2553417707,0.014070351758793898,1.03395,1.0656166666666667,-0.09910714285714306
2023-07-26,1.009,1.012,1.003,1.006,2028011357,2042063574,-0.0029732408325072734,1.0314999999999999,1.0637833333333333,-0.0985663082437277
2023-07-27,1.006,1.008,0.995,0.997,2406946046,2408537616,-0.008946322067594492,1.029,1.0618666666666667,-0.1034172661870505
2023-07-28,0.994,1.007,0.991,1.007,3133055650,3136731440,0.010030090270812364,1.0267499999999998,1.0597666666666667,-0.11120917917034434
2023-07-31,1.01,1.019,1.007,1.015,3913627129,3965351760,0.00794438927507457,1.0247499999999998,1.0582,-0.0847610459873761
2023-08-01,1.016,1.016,1.01,1.014,1912870174,1937326839,-0.0009852216748766907,1.0224,1.0568833333333334,-0.07227813357731017
2023-08-02,1.013,1.018,1.01,1.012,1914830733,1940864043,-0.0019723865877712132,1.0204499999999999,1.0553833333333333,-0.08166969147005454
2023-08-03,1.009,1.016,1.007,1.015,1741029652,1763532834,0.0029644268774702276,1.0188,1.0543333333333333,-0.05844155844155863
2023-08-04,1.019,1.022,1.013,1.021,3191853982,3251254415,0.005911330049261032,1.018,1.0535333333333332,-0.04490177736202061
2023-08-07,1.019,1.021,1.011,1.014,2511212640,2550615474,-0.00685602350636616,1.0167499999999998,1.0526,-0.052336448598130914
2023-08-08,1.012,1.015,1.009,1.01,1875465654,1897166027,-0.0039447731755424265,1.01495,1.0518333333333334,-0.04356060606060608
2023-08-09,1.008,1.01,1.001,1.001,1818370784,1826485271,-0.00891089108910903,1.0135,1.0507333333333333,-0.0618556701030929
2023-08-10,1.0,1.006,0.999,1.003,1450400126,1453204062,0.0019980019980019303,1.0116999999999998,1.04965,-0.06086142322097399
2023-08-11,1.004,1.005,0.982,0.983,3311294939,3286503167,-0.019940179461615082,1.0090499999999998,1.0481666666666667,-0.08302238805970152
2023-08-14,0.977,0.977,0.963,0.974,2635843769,2559545600,-0.00915564598168872,1.0063499999999999,1.0464333333333333,-0.09647495361781089
2023-08-15,0.974,0.977,0.954,0.96,2811169754,2709024124,-0.014373716632443578,1.0031,1.0443666666666667,-0.11439114391143923
2023-08-16,0.958,0.964,0.943,0.944,2957428408,2819978778,-0.01666666666666672,0.99935,1.0421833333333332,-0.12186046511627913
2023-08-17,0.94,0.957,0.938,0.954,3355150801,3185249915,0.010593220338983134,0.9967,1.0404166666666665,-0.10000000000000009
2023-08-18,0.969,0.973,0.948,0.95,4525742427,4339034125,-0.004192872117400381,0.9942,1.0386666666666666,-0.09952606635071093
2023-08-21,0.942,0.951,0.934,0.936,3762376043,3548250266,-0.014736842105263048,0.99125,1.0365166666666668,-0.12112676056338023
2023-08-22,0.94,0.947,0.918,0.946,4610391475,4305732216,0.010683760683760646,0.9881,1.03425,-0.12569316081330884
2023-08-23,0.94,0.942,0.921,0.922,3646979044,3392269249,-0.025369978858350906,0.9838999999999999,1.03175,-0.1399253731343284
2023-08-24,0.926,0.937,0.921,0.929,3379546507,3142323207,0.00759219088937102,0.9804999999999999,1.0290666666666666,-0.1477064220183486
2023-08-25,0.923,0.923,0.906,0.912,3996323982,3655389606,-0.01829924650161463,0.97575,1.0259833333333332,-0.16864175022789418
2023-08-28,0.976,0.976,0.92,0.922,7211468838,6804458765,0.010964912280701844,0.9711000000000001,1.0230166666666667,-0.16181818181818186
2023-08-29,0.921,0.97,0.92,0.97,8659435300,8224220333,0.05206073752711493,0.9689,1.02085,-0.11818181818181828
2023-08-30,0.977,0.994,0.971,0.988,8772897523,8639719109,0.01855670103092777,0.9677,1.01905,-0.0985401459854015
2023-08-31,0.98,0.993,0.976,0.987,5134681373,5057009532,-0.0010121457489878916,0.9663,1.0177166666666666,-0.07497656982193057
2023-09-01,0.987,0.989,0.97,0.98,4705875192,4602492988,-0.007092198581560294,0.96425,1.0163,-0.07981220657276988
2023-09-04,0.98,0.989,0.971,0.989,5107732024,4995479966,0.009183673469387754,0.9630000000000001,1.0152333333333332,-0.06077872744539403
2023-09-05,0.986,0.993,0.973,0.975,4226668059,4153002560,-0.014155712841253831,0.9612499999999999,1.0135333333333334,-0.09470752089136492
2023-09-06,0.971,0.981,0.965,0.979,3694161826,3592968098,0.004102564102564044,0.96015,1.012,-0.0859010270774977
2023-09-07,0.973,0.974,0.941,0.942,5983535833,5713409012,-0.037793667007150145,0.9571,1.0096333333333332,-0.13099630996309974
2023-09-08,0.937,0.949,0.936,0.944,3036808254,2864638612,0.002123142250530785,0.95515,1.0073666666666667,-0.125925925925926
2023-09-11,0.945,0.96,0.938,0.951,3513182990,3336965379,0.00741525423728806,0.954,1.0052166666666666,-0.11944444444444458
2023-09-12,0.95,0.953,0.944,0.945,2257060709,2138965553,-0.006309148264984188,0.9532499999999999,1.0026666666666668,-0.13934426229508212
2023-09-13,0.944,0.947,0.926,0.932,3728742003,3479002528,-0.013756613756613634,0.95265,0.9998666666666666,-0.1527272727272727
2023-09-14,0.93,0.935,0.921,0.925,2802879624,2595210366,-0.007510729613733891,0.9512,0.9969333333333333,-0.15985467756584915
2023-09-15,0.926,0.938,0.92,0.929,3431341029,3184199184,0.00432432432432428,0.95015,0.99465,-0.12851782363977482
2023-09-18,0.925,0.932,0.92,0.923,2868169431,2652638762,-0.006458557588805203,0.9495000000000001,0.9924166666666666,-0.1267738883632923
2023-09-19,0.923,0.924,0.913,0.917,2866539580,2629823968,-0.00650054171180936,0.94805,0.9900333333333333,-0.13490566037735852
2023-09-20,0.914,0.919,0.908,0.908,2533649461,2310375185,-0.009814612868047967,0.9473500000000001,0.9875833333333334,-0.13933649289099515
2023-09-21,0.906,0.912,0.903,0.904,2721701080,2466850196,-0.004405286343612369,0.9461,0.9852,-0.13658070678127976
2023-09-22,0.902,0.928,0.902,0.927,5144037848,4717312066,0.025442477876106206,0.9468500000000001,0.9831166666666665,-0.11882129277566544
2023-09-25,0.924,0.925,0.917,0.919,2804400828,2580799071,-0.008629989212513456,0.9467000000000001,0.98085,-0.12890995260663496
2023-09-26,0.918,0.928,0.917,0.92,2671200078,2463590845,0.0010881392818280489,0.9442,0.9785,-0.1328934967012252
2023-09-27,0.918,0.93,0.917,0.925,2850328197,2637031649,0.005434782608695565,0.94105,0.9763999999999999,-0.11988582302568973
2023-09-28,0.926,0.934,0.923,0.932,2481052618,2304456207,0.00756756756756749,0.9382999999999999,0.9744666666666667,-0.11068702290076338
2023-10-09,0.929,0.934,0.923,0.93,2236853565,2077695159,-0.0021459227467811592,0.9358000000000001,0.9726833333333332,-0.10318225650916091
2023-10-10,0.932,0.935,0.924,0.924,1992242552,1849703968,-0.006451612903225823,0.93255,0.9707666666666667,-0.11068334937439839
2023-10-11,0.927,0.938,0.926,0.937,3121201231,2911928225,0.01406926406926412,0.93065,0.96895,-0.10420650095602291
2023-10-12,0.94,0.944,0.934,0.943,2788410955,2620526243,0.006403415154749181,0.9288500000000001,0.9675,-0.08446601941747578
2023-10-13,0.936,0.94,0.931,0.934,2213885030,2070098528,-0.00954400848356296,0.9284500000000001,0.96575,-0.10105871029836366
2023-10-16,0.934,0.935,0.912,0.916,2920897631,2688226615,-0.01927194860813708,0.92705,0.9637499999999999,-0.11583011583011582
2023-10-17,0.917,0.927,0.913,0.924,2418490381,2226100409,0.008733624454148492,0.9257000000000002,0.9620166666666666,-0.10116731517509725
2023-10-18,0.924,0.926,0.91,0.913,2471092924,2260151937,-0.011904761904761862,0.9241000000000001,0.9601500000000001,-0.1092682926829267
2023-10-19,0.907,0.921,0.906,0.911,3074797447,2812881556,-0.0021905805038334725,0.9230499999999999,0.95835,-0.10598626104023545
2023-10-20,0.907,0.914,0.904,0.904,2716362590,2466286817,-0.007683863885839748,0.9219999999999999,0.9566333333333332,-0.10228401191658376
2023-10-23,0.901,0.902,0.88,0.883,4070723280,3621088511,-0.023230088495575285,0.9197000000000001,0.9546833333333333,-0.11699999999999999
2023-10-24,0.887,0.899,0.88,0.893,3489012068,3103473321,0.011325028312570762,0.9182,0.9529833333333334,-0.10251256281407028
2023-10-25,0.9,0.903,0.89,0.891,3161887850,2833644872,-0.002239641657334812,0.9169,0.9510166666666666,-0.11694747274529227
2023-10-26,0.885,0.893,0.879,0.892,3212358536,2840449646,0.001122334455667895,0.9160999999999999,0.9491166666666667,-0.11332007952286283
2023-10-27,0.887,0.909,0.885,0.906,3774003041,3387462610,0.015695067264573925,0.9161999999999999,0.9476,-0.09127382146439311
2023-10-30,0.901,0.925,0.901,0.92,4257622557,3894539140,0.015452538631346657,0.91585,0.94615,-0.08639523336643484
2023-10-31,0.92,0.924,0.911,0.917,2449846100,2242357657,-0.003260869565217428,0.9157500000000001,0.9445166666666667,-0.0965517241379309
2023-11-01,0.918,0.92,0.91,0.913,2154371847,1971176222,-0.004362050163576936,0.9154,0.9428333333333333,-0.09960552268244571
2023-11-02,0.913,0.918,0.902,0.903,2605620526,2368595936,-0.010952902519167584,0.9143000000000001,0.9410166666666666,-0.10770750988142286
2023-11-03,0.904,0.919,0.904,0.918,3166394736,2894826061,0.01661129568106312,0.9136,0.9393999999999999,-0.09556650246305409
2023-11-06,0.924,0.936,0.923,0.934,3746580690,3488027573,0.017429193899782147,0.9138,0.9379500000000001,-0.08521057786483821
2023-11-07,0.93,0.937,0.927,0.935,2879079878,2683304021,0.0010706638115631772,0.91435,0.9366333333333333,-0.07790927021696248
2023-11-08,0.933,0.95,0.932,0.943,4499333281,4238006229,0.00855614973262031,0.9146500000000002,0.9355166666666667,-0.0663366336633664
2023-11-09,0.942,0.948,0.935,0.937,2600844091,2444347467,-0.006362672322375307,0.91435,0.93445,-0.06393606393606377
2023-11-10,0.932,0.936,0.927,0.931,2553968289,2379165486,-0.006403415154749181,0.9141999999999999,0.9332499999999999,-0.07178464606181445
2023-11-13,0.934,0.938,0.93,0.937,2188207856,2045269454,0.0064446831364124435,0.91525,0.9324833333333333,-0.04679552390640884
2023-11-14,0.936,0.947,0.935,0.946,2799827585,2636993106,0.009605122732123661,0.9163499999999999,0.9320166666666666,-0.028747433264887046
2023-11-15,0.955,0.956,0.941,0.942,2833871730,2685632202,-0.0042283298097252064,0.9178,0.9317166666666667,-0.018750000000000044
2023-11-16,0.94,0.941,0.927,0.928,2864207113,2670525571,-0.014861995753715385,0.9186500000000001,0.93145,-0.016949152542372725
2023-11-17,0.926,0.932,0.924,0.932,2098538050,1948378804,0.004310344827586299,0.9200500000000001,0.9310833333333334,-0.023060796645702264
2023-11-20,0.933,0.937,0.924,0.934,2349669994,2187205051,0.0021459227467810482,0.9225999999999999,0.9308166666666666,-0.01684210526315777
2023-11-21,0.935,0.938,0.925,0.927,2518517337,2347965296,-0.007494646680942241,0.9243,0.9306666666666666,-0.009615384615384581
2023-11-22,0.924,0.927,0.911,0.913,2964864363,2723419920,-0.015102481121898603,0.9254,0.9301166666666667,-0.03488372093023251
2023-11-23,0.912,0.919,0.907,0.918,2511255416,2292679233,0.005476451259583737,0.9267000000000001,0.93005,-0.004338394793926281
2023-11-24,0.916,0.916,0.904,0.906,2415461004,2195353987,-0.013071895424836666,0.9267000000000001,0.9296666666666666,-0.024757804090419833
2023-11-27,0.905,0.912,0.902,0.909,2350008306,2132112352,0.0033112582781456013,0.92615,0.9296166666666666,-0.003289473684210509
2023-11-28,0.909,0.915,0.905,0.913,2270254762,2068431252,0.004400440044004306,0.9259499999999999,0.9294666666666667,-0.009761388286334105
2023-11-29,0.913,0.915,0.904,0.906,2355258419,2142048965,-0.00766703176341732,0.9256000000000002,0.9284,-0.06597938144329896
2023-11-30,0.904,0.907,0.9,0.907,2169203122,1959638782,0.001103752759381793,0.9258000000000001,0.9270499999999999,-0.08198380566801611
2023-12-01,0.907,0.912,0.898,0.91,2537798938,2296080923,0.00330760749724357,0.9254000000000001,0.9257666666666667,-0.07801418439716312
2023-12-04,0.91,0.917,0.905,0.906,2220697752,2022924228,-0.00439560439560438,0.924,0.9245333333333333,-0.07551020408163256
2023-12-05,0.904,0.904,0.889,0.89,2969543003,2661670162,-0.017660044150110354,0.9217500000000001,0.9228833333333334,-0.1001011122345804
2023-12-06,0.889,0.896,0.887,0.892,2167280932,1933900582,0.0022471910112360494,0.9192,0.9215,-0.08512820512820507
2023-12-07,0.891,0.895,0.884,0.891,2343805122,2084112436,-0.0011210762331838042,0.9169,0.9200333333333334,-0.0898876404494382
2023-12-08,0.891,0.91,0.891,0.91,3660562649,3301893477,0.021324354657688005,0.91585,0.9195,-0.03397027600849245
2023-12-11,0.907,0.924,0.9,0.923,3341210918,3047276302,0.014285714285714235,0.91515,0.91915,-0.022245762711864292
2023-12-12,0.921,0.923,0.913,0.917,2330888429,2137727341,-0.00650054171180936,0.9137000000000001,0.9185833333333334,-0.03575184016824384
2023-12-13,0.915,0.921,0.906,0.907,2460182105,2246425306,-0.010905125408942173,0.91195,0.9179499999999999,-0.04021164021164014
2023-12-14,0.911,0.915,0.901,0.902,2486082025,2255739539,-0.005512679162072764,0.9106500000000001,0.9174500000000001,-0.03218884120171672
2023-12-15,0.905,0.907,0.893,0.895,2824084739,2539459864,-0.0077605321507761005,0.9087999999999999,0.91695,-0.032432432432432434
2023-12-18,0.892,0.894,0.884,0.886,2516009091,2236404048,-0.010055865921787754,0.9064,0.9162333333333333,-0.046286329386437064
2023-12-19,0.885,0.896,0.883,0.892,2293954644,2039243632,0.006772009029345272,0.9046500000000002,0.9157166666666667,-0.03358613217768147
2023-12-20,0.893,0.895,0.881,0.881,2337079933,2070795237,-0.012331838565022402,0.9030500000000001,0.9151166666666667,-0.03925845147219198
2023-12-21,0.878,0.896,0.877,0.893,3312828333,2939418059,0.013620885357548351,0.9017999999999999,0.9148666666666667,-0.016519823788546217
2023-12-22,0.891,0.896,0.885,0.888,2719597373,2419864743,-0.005599104143337086,0.9009,0.9146000000000001,-0.017699115044247815
2023-12-25,0.886,0.891,0.879,0.883,2254291767,1990521899,-0.005630630630630629,0.8996000000000001,0.9138666666666668,-0.04746494066882423
2023-12-26,0.882,0.882,0.866,0.868,2926176634,2551050948,-0.016987542468856143,0.8973500000000001,0.9130166666666667,-0.055495103373231824
2023-12-27,0.87,0.876,0.868,0.873,2254472074,1966011128,0.005760368663594528,0.8956999999999999,0.9122333333333333,-0.051086956521739224
2023-12-28,0.871,0.898,0.87,0.894,4218775869,3741853870,0.02405498281786933,0.89505,0.9117166666666667,-0.033513513513513504
2023-12-29,0.891,0.899,0.891,0.897,2488834077,2229214450,0.003355704697986628,0.8943999999999999,0.9111333333333334,-0.037553648068669565
2024-01-02,0.898,0.898,0.885,0.886,2253456038,2002292265,-0.012263099219620988,0.8934,0.9104,-0.047311827956989294
2024-01-03,0.884,0.886,0.87,0.874,2904194946,2545013823,-0.013544018058690765,0.8926000000000001,0.9095666666666666,-0.05411255411255411
2024-01-04,0.873,0.874,0.86,0.866,2850847061,2468194306,-0.009153318077803174,0.8913,0.9083833333333333,-0.07577374599786557
2024-01-05,0.863,0.869,0.845,0.849,3255614082,2789998987,-0.019630484988452657,0.8892000000000001,0.9068166666666666,-0.09968186638388121
2024-01-08,0.845,0.847,0.824,0.824,3854095445,3207785170,-0.029446407538280317,0.8849,0.9049833333333334,-0.11777301927194872
2024-01-09,0.825,0.835,0.816,0.824,3079714573,2543740211,0.0,0.87995,0.90345,-0.10043668122270755
2024-01-10,0.82,0.831,0.81,0.818,2737366587,2243612871,-0.007281553398058249,0.875,0.9016833333333334,-0.11471861471861478
2024-01-11,0.817,0.833,0.815,0.829,2626126287,2169614440,0.01344743276283622,0.8711,0.9002833333333334,-0.09200438116100773
2024-01-12,0.826,0.83,0.817,0.818,2339678002,1925955703,-0.013268998793727449,0.8669,0.8987333333333333,-0.10208562019758516
2024-01-15,0.813,0.824,0.81,0.813,2543440039,2074744232,-0.006112469437652868,0.8628,0.8972166666666668,-0.10066371681415942
2024-01-16,0.811,0.817,0.804,0.817,2923724323,2369396869,0.004920049200491938,0.8593500000000001,0.8961166666666667,-0.07474518686296727
2024-01-17,0.814,0.814,0.794,0.795,2750034697,2213188693,-0.02692778457772327,0.8545,0.8944833333333333,-0.10974244120940646
2024-01-18,0.791,0.807,0.778,0.806,4232221508,3341707091,0.01383647798742138,0.8507499999999999,0.8930666666666667,-0.09539842873176207
2024-01-19,0.803,0.811,0.8,0.803,2845203844,2289322864,-0.003722084367245637,0.8462500000000001,0.8915833333333333,-0.09977578475336324
2024-01-22,0.801,0.802,0.77,0.776,3084333974,2432939544,-0.03362391033623913,0.8406499999999999,0.8894166666666667,-0.14348785871964675
2024-01-23,0.772,0.79,0.769,0.786,3492861240,2730585465,0.012886597938144284,0.8358000000000001,0.8871833333333333,-0.14565217391304353
2024-01-24,0.789,0.792,0.763,0.788,3752641169,2918169800,0.0025445292620864812,0.8318,0.8850333333333334,-0.14067611777535438
2024-01-25,0.785,0.806,0.781,0.804,4013063446,3191792362,0.020304568527918843,0.82835,0.8832166666666666,-0.11938663745892664
2024-01-26,0.8,0.802,0.781,0.785,3418977938,2709998422,-0.023631840796019876,0.8229000000000001,0.88125,-0.13067552602436328
2024-01-29,0.791,0.794,0.763,0.764,3630141631,2815107805,-0.026751592356687892,0.8162499999999999,0.8786833333333334,-0.16775599128540308
2024-01-30,0.757,0.76,0.732,0.735,4023134642,3000318362,-0.0379581151832461,0.8087,0.8753666666666667,-0.21306209850107072
2024-01-31,0.731,0.736,0.717,0.722,4677177722,3401154458,-0.017687074829932037,0.8011000000000001,0.8718166666666668,-0.22780748663101613
2024-02-01,0.716,0.741,0.714,0.726,4191858688,3054122051,0.005540166204986097,0.7941,0.8682000000000001,-0.2301166489925769
2024-02-02,0.726,0.729,0.686,0.707,5263970188,3739941703,-0.026170798898071612,0.787,0.8643666666666667,-0.24546424759871943
2024-02-05,0.7,0.721,0.666,0.709,6322170315,4401603939,0.0028288543140029265,0.78125,0.8606666666666667,-0.23845327604726108
2024-02-06,0.7,0.757,0.696,0.757,5748190427,4200261761,0.067700987306065,0.7779,0.8576666666666667,-0.192102454642476
2024-02-07,0.755,0.779,0.752,0.777,4709442168,3631342515,0.026420079260237816,0.7758499999999999,0.85485,-0.17864693446088786
2024-02-08,0.784,0.804,0.779,0.786,4339793987,3433979604,0.01158301158301156,0.7737,0.85225,-0.16560509554140124
2024-02-19,0.798,0.799,0.782,0.798,3319890645,2629504217,0.01526717557251911,0.7726999999999999,0.8500833333333334,-0.1400862068965517
2024-02-20,0.792,0.794,0.783,0.79,2290452497,1804395708,-0.010025062656641603,0.7715500000000001,0.8477166666666667,-0.1523605150214592
2024-02-21,0.783,0.806,0.779,0.791,3412045371,2709935859,0.0012658227848101333,0.7702500000000001,0.8453333333333333,-0.15310492505353324
2024-02-22,0.791,0.806,0.79,0.799,2646380772,2113392836,0.010113780025284402,0.7704500000000001,0.8432,-0.13807982740021574
2024-02-23,0.804,0.806,0.791,0.801,2345142085,1871344344,0.0025031289111390187,0.7702,0.8413333333333333,-0.1226725082146769
2024-02-26,0.8,0.815,0.798,0.806,2804514042,2259301535,0.006242197253433224,0.77035,0.8394666666666667,-0.12200435729847492
2024-02-27,0.802,0.836,0.798,0.836,4058367574,3322108293,0.03722084367245637,0.77335,0.8383,-0.07726269315673295
2024-02-28,0.836,0.851,0.808,0.808,4562913553,3799589518,-0.03349282296650713,0.77445,0.8366166666666667,-0.11111111111111105
2024-02-29,0.804,0.847,0.804,0.847,5035664118,4188208110,0.0482673267326732,0.7774000000000001,0.8355166666666667,-0.07228915662650603
2024-03-01,0.85,0.857,0.841,0.855,3692762167,3138895271,0.009445100354191327,0.77995,0.8346666666666667,-0.05629139072847689
2024-03-04,0.857,0.862,0.845,0.856,3048235650,2608827801,0.0011695906432749315,0.7835,0.8338166666666668,-0.05622932745314224
2024-03-05,0.851,0.863,0.848,0.857,3234051163,2770107889,0.001168224299065379,0.78815,0.8329333333333333,-0.05824175824175826
2024-03-06,0.854,0.861,0.842,0.85,2493796457,2122521318,-0.008168028004667427,0.7939,0.8320000000000001,-0.06181015452538641
2024-03-07,0.851,0.857,0.831,0.832,2989505587,2513686259,-0.021176470588235352,0.7994,0.8310333333333334,-0.06516853932584277
2024-03-08,0.833,0.845,0.829,0.841,2357676067,1971496693,0.01081730769230771,0.8051499999999999,0.8301833333333334,-0.05717488789237668
2024-03-11,0.837,0.858,0.835,0.857,2730368797,2313925652,0.019024970273483932,0.81265,0.8296166666666667,-0.038159371492704874
2024-03-12,0.858,0.867,0.851,0.856,2389597313,2049733689,-0.001166861143523934,0.8200000000000001,0.8287166666666667,-0.05934065934065935
2024-03-13,0.859,0.864,0.851,0.853,2261286920,1939533932,-0.003504672897196248,0.8248,0.82755,-0.07583965330444209
2024-03-14,0.85,0.854,0.836,0.842,2473593756,2090302471,-0.01289566236811257,0.82805,0.8262999999999999,-0.08178844056706658
2024-03-15,0.841,0.848,0.833,0.847,2154484872,1808475203,0.005938242280284944,0.8311,0.8253,-0.06615214994487328
2024-03-18,0.847,0.865,0.847,0.864,3012554651,2585263051,0.02007083825265643,0.8343999999999999,0.8246666666666667,-0.04212860310421285
2024-03-19,0.862,0.864,0.851,0.852,2530607701,2170020947,-0.01388888888888895,0.8375,0.82395,-0.04804469273743017
2024-03-20,0.851,0.856,0.846,0.854,1768341246,1506516327,0.0023474178403755097,0.8406499999999999,0.8234166666666667,-0.036117381489842004
2024-03-21,0.86,0.864,0.844,0.846,2927774961,2496463760,-0.00936768149882905,0.843,0.82265,-0.05156950672645744
2024-03-22,0.842,0.848,0.831,0.832,2785309058,2331984133,-0.01654846335697402,0.8445500000000001,0.8218333333333333,-0.055618615209988675
2024-03-25,0.831,0.836,0.819,0.82,2342986848,1939588853,-0.014423076923076983,0.8452500000000001,0.8206166666666665,-0.08174692049272125
2024-03-26,0.819,0.825,0.806,0.81,2641757492,2148557061,-0.012195121951219412,0.8439499999999999,0.8193166666666667,-0.08783783783783783
2024-03-27,0.809,0.81,0.788,0.789,2721263796,2174532825,-0.025925925925925908,0.843,0.81775,-0.10645526613816536
2024-03-28,0.788,0.809,0.788,0.799,2628323443,2101571427,0.012674271229404344,0.8406,0.8166,-0.07949308755760365
2024-03-29,0.798,0.801,0.788,0.8,2183507643,1735248818,0.0012515644555695093,0.8378500000000001,0.8153833333333332,-0.08361970217640313
2024-04-01,0.803,0.815,0.802,0.813,2244366947,1817665588,0.016249999999999876,0.8356999999999999,0.8140333333333333,-0.09060402684563762
2024-04-02,0.813,0.813,0.801,0.806,1924687754,1552538833,-0.008610086100860892,0.8331500000000001,0.8125166666666667,-0.10144927536231885
2024-04-03,0.806,0.807,0.792,0.794,2076199507,1655420211,-0.01488833746898266,0.8303499999999999,0.8109833333333333,-0.10383747178329572
2024-04-08,0.792,0.793,0.776,0.778,2143341973,1679254962,-0.02015113350125941,0.8276499999999999,0.8093833333333333,-0.10983981693363842
2024-04-09,0.776,0.786,0.772,0.785,2101408225,1639520584,0.008997429305912519,0.82485,0.8080333333333333,-0.09353348729792144
2024-04-10,0.786,0.787,0.768,0.773,2281803175,1768324894,-0.015286624203821653,0.82065,0.8067666666666666,-0.08951707891637217
2024-04-11,0.771,0.783,0.77,0.774,2260656259,1757055895,0.001293661060802087,0.81655,0.8059333333333334,-0.06067961165048541
2024-04-12,0.776,0.783,0.772,0.773,1989451201,1547540775,-0.0012919896640827266,0.8125500000000001,0.8050833333333334,-0.06189320388349506
2024-04-15,0.773,0.79,0.771,0.785,2599767248,2035684316,0.015523932729624823,0.8097,0.8045333333333333,-0.04034229828850844
2024-04-16,0.78,0.784,0.766,0.768,2243367359,1736592935,-0.021656050955414008,0.8057500000000001,0.8035166666666667,-0.07358262967430629
2024-04-17,0.772,0.786,0.77,0.785,2404663857,1874104214,0.02213541666666674,0.8018000000000001,0.8029666666666666,-0.04034229828850844
2024-04-18,0.782,0.793,0.775,0.781,2870052218,2252767679,-0.005095541401273884,0.79825,0.8024333333333333,-0.03936039360393595
2024-04-19,0.776,0.777,0.764,0.765,2396393950,1842782119,-0.020486555697823317,0.7938000000000001,0.8015666666666665,-0.06364749082007337
2024-04-22,0.759,0.77,0.753,0.766,1979211860,1512928087,0.0013071895424836555,0.7898000000000001,0.8010833333333334,-0.03647798742138364
2024-04-23,0.768,0.77,0.759,0.763,1706734911,1302199505,-0.003916449086161844,0.78635,0.8003666666666667,-0.053349875930521096
2024-04-24,0.765,0.774,0.762,0.773,1812966716,1393704142,0.013106159895150737,0.784,0.7998666666666666,-0.03735990037359904
2024-04-25,0.77,0.775,0.765,0.768,1776317263,1366614561,-0.0064683053040103244,0.7819,0.7997333333333333,-0.010309278350515427
2024-04-26,0.768,0.789,0.768,0.787,3121651526,2440934376,0.02473958333333326,0.7818,0.7997500000000001,0.0012722646310432406
2024-04-29,0.79,0.816,0.788,0.812,3443606947,2776624150,0.031766200762388896,0.7824500000000001,0.80015,0.030456852791878264
2024-04-30,0.81,0.812,0.801,0.804,2509667456,2021054936,-0.009852216748768461,0.7826500000000001,0.80015,0.0
2024-05-06,0.817,0.821,0.81,0.813,2701045154,2204112993,0.011194029850746245,0.7826500000000001,0.8006166666666666,0.03566878980891719
2024-05-07,0.812,0.816,0.804,0.806,2158435274,1744758629,-0.008610086100860892,0.7826500000000001,0.8013166666666667,0.054973821989528826
2024-05-08,0.804,0.805,0.796,0.797,1956625874,1564421369,-0.011166253101737023,0.7828,0.80235,0.08435374149659869
2024-05-09,0.797,0.816,0.797,0.815,3113858131,2521904728,0.022584692597239497,0.78465,0.8039,0.12880886426592797
2024-05-10,0.815,0.816,0.801,0.804,2503171382,2013916012,-0.013496932515337345,0.7856,0.8051999999999999,0.1074380165289257
2024-05-13,0.798,0.805,0.793,0.798,1818134895,1453160624,-0.007462686567164201,0.78685,0.8067166666666666,0.12871287128712883
2024-05-14,0.801,0.805,0.795,0.796,1725033120,1376956026,-0.0025062656641604564,0.78795,0.8081666666666667,0.12270803949224263
2024-05-15,0.795,0.796,0.784,0.784,2123827690,1677041066,-0.015075376884422176,0.7885,0.8086166666666668,0.03566710700132103
2024-05-16,0.786,0.79,0.779,0.781,2361833499,1853363229,-0.003826530612244916,0.7883,0.8086833333333333,0.005148005148005064
2024-05-17,0.779,0.79,0.776,0.79,2246019681,1761170495,0.011523687580025532,0.7894,0.80875,0.0050890585241729624
2024-05-20,0.789,0.796,0.785,0.789,2539761235,2007192198,-0.0012658227848101333,0.7896000000000001,0.8086,-0.011278195488721776
2024-05-21,0.787,0.791,0.782,0.783,1592693477,1250864320,-0.0076045627376425395,0.7897000000000001,0.8084833333333333,-0.008860759493670933
2024-05-22,0.784,0.792,0.778,0.789,2383369194,1869892809,0.00766283524904221,0.7908999999999999,0.8084500000000001,-0.0025284450063211006
2024-05-23,0.787,0.789,0.775,0.777,2280434231,1778667482,-0.01520912547528519,0.79145,0.8080833333333335,-0.027534418022528206
2024-05-24,0.776,0.781,0.76,0.761,2496314443,1919586736,-0.020592020592020588,0.79135,0.8074166666666667,-0.04993757802746568
2024-05-27,0.76,0.773,0.753,0.772,2696641061,2055803517,0.014454664914586024,0.7913,0.80685,-0.042183622828784184
2024-05-28,0.77,0.78,0.768,0.769,2287581302,1769358556,-0.0038860103626943143,0.79135,0.8057333333333333,-0.0801435406698564
2024-05-29,0.768,0.775,0.765,0.769,1750536516,1349056515,0.0,0.7904500000000001,0.8050833333333334,-0.04826732673267331
2024-05-30,0.768,0.781,0.764,0.777,2523032669,1955880238,0.01040312093628093,0.7887,0.8039166666666666,-0.0826446280991735
2024-05-31,0.778,0.786,0.775,0.778,1943624540,1516034133,0.0012870012870012104,0.7874000000000001,0.8026333333333333,-0.09005847953216373
2024-06-03,0.778,0.79,0.776,0.785,2806203509,2200969312,0.008997429305912519,0.786,0.8014499999999999,-0.0829439252336448
2024-06-04,0.784,0.791,0.781,0.789,1990277172,1562970188,0.005095541401273884,0.78515,0.8003166666666667,-0.07934655775962651
2024-06-05,0.788,0.798,0.786,0.788,2461233690,1950403061,-0.0012674271229404788,0.7847000000000001,0.7992833333333333,-0.07294117647058818
2024-06-06,0.792,0.795,0.777,0.779,2569443536,2021674174,-0.011421319796954377,0.7829,0.7983999999999999,-0.06370192307692302
2024-06-07,0.779,0.786,0.768,0.775,2574002772,1997225907,-0.005134788189987138,0.7814500000000001,0.7973,-0.07847800237812119
2024-06-11,0.774,0.795,0.772,0.794,3857240284,3028932689,0.024516129032258194,0.7812500000000001,0.79625,-0.07351225204200695
2024-06-12,0.797,0.799,0.791,0.793,2826646888,2248464095,-0.0012594458438287548,0.7811,0.7952,-0.07359813084112143
2024-06-13,0.795,0.804,0.793,0.796,3283896592,2622313711,0.003783102143757988,0.7817000000000001,0.79425,-0.06682297772567403
2024-06-14,0.794,0.794,0.788,0.791,2603568840,2058148207,-0.006281407035175879,0.7822,0.7934000000000001,-0.06057007125890723
2024-06-17,0.788,0.797,0.786,0.794,2131849282,1690043657,0.0037926675094817064,0.7824,0.7925166666666666,-0.06257378984651707
2024-06-18,0.794,0.801,0.789,0.794,2238953282,1780969854,0.0,0.7826500000000001,0.79135,-0.08101851851851849
2024-06-19,0.794,0.796,0.783,0.787,2690606410,2121623028,-0.008816120906801062,0.78285,0.7902666666666668,-0.07629107981220651
2024-06-20,0.789,0.803,0.786,0.791,4211952895,3351520598,0.0050825921219821435,0.78295,0.7892166666666667,-0.07377049180327866
2024-06-21,0.787,0.796,0.78,0.795,2969518670,2340224241,0.005056890012642201,0.7838499999999999,0.7883666666666667,-0.06028368794326233
2024-06-24,0.793,0.799,0.772,0.774,3807684522,2993775562,-0.026415094339622636,0.7845000000000001,0.7874000000000001,-0.06971153846153844
2024-06-25,0.773,0.774,0.747,0.751,3867505752,2935730032,-0.029715762273901825,0.78345,0.7862500000000001,-0.0841463414634146
2024-06-26,0.751,0.767,0.747,0.764,2878462088,2176819835,0.017310252996005415,0.7832,0.7854833333333334,-0.05679012345679013
2024-06-27,0.76,0.762,0.749,0.75,2249603485,1695298955,-0.01832460732984298,0.78225,0.7848333333333334,-0.049429657794676896
2024-06-28,0.749,0.759,0.743,0.745,2481693174,1864596745,-0.00666666666666671,0.7806500000000001,0.7839333333333334,-0.06758448060075095
2024-07-01,0.745,0.748,0.732,0.743,2215047916,1637765726,-0.0026845637583892135,0.7789,0.7829833333333335,-0.07125000000000004
2024-07-02,0.741,0.742,0.73,0.732,2302429483,1694236653,-0.014804845222072704,0.77625,0.7816333333333334,-0.09963099630996308
2024-07-03,0.733,0.741,0.725,0.734,2193055711,1607158568,0.002732240437158362,0.7735000000000001,0.7804333333333334,-0.08933002481389585
2024-07-04,0.735,0.738,0.722,0.723,2198912880,1601030277,-0.01498637602179842,0.7702500000000001,0.77925,-0.08942065491183881
2024-07-05,0.721,0.733,0.715,0.731,2513605282,1818563849,0.011065006915629283,0.76785,0.7784666666666666,-0.06041131105398467
2024-07-08,0.729,0.736,0.721,0.724,1873949181,1365311716,-0.009575923392612817,0.7653000000000001,0.7774500000000001,-0.07770700636942685
2024-07-09,0.722,0.745,0.721,0.742,2904143451,2132090589,0.024861878453038777,0.7626999999999999,0.7769333333333334,-0.040103492884864145
2024-07-10,0.74,0.748,0.738,0.743,1941534534,1444413932,0.0013477088948787852,0.7602,0.7764166666666666,-0.040051679586563305
2024-07-11,0.754,0.758,0.744,0.751,2514211345,1889360003,0.010767160161507361,0.75795,0.77605,-0.028460543337645583
2024-07-12,0.747,0.754,0.743,0.752,1988011226,1487020391,0.0013315579227697327,0.756,0.7755,-0.042038216560509545
2024-07-15,0.749,0.753,0.745,0.748,1560529948,1167709284,-0.005319148936170248,0.7537,0.7751666666666667,-0.02604166666666674
2024-07-16,0.746,0.766,0.743,0.764,3261281158,2467335402,0.021390374331550888,0.7522,0.7748166666666667,-0.026751592356687892
2024-07-17,0.763,0.769,0.761,0.762,2000239412,1529995628,-0.002617801047120394,0.75095,0.7745,-0.02432778489116516
2024-07-18,0.757,0.773,0.751,0.769,2608322986,1984830676,0.009186351706036655,0.74985,0.7745666666666667,0.005228758169934622
2024-07-19,0.765,0.785,0.764,0.784,3129917922,2437096222,0.01950585175552666,0.7493000000000001,0.7748666666666666,0.023498694516971286
2024-07-22,0.784,0.792,0.781,0.787,2350035780,1848538366,0.003826530612244916,0.7499499999999999,0.7752666666666667,0.03145478374836186
2024-07-23,0.786,0.786,0.755,0.756,2670541940,2051326467,-0.03939008894536222,0.7502,0.7749833333333334,-0.02199223803363526
2024-07-24,0.754,0.76,0.745,0.746,2071762357,1559391670,-0.013227513227513255,0.7493000000000001,0.7746166666666667,-0.02864583333333337
2024-07-25,0.743,0.757,0.742,0.748,1664209875,1245489296,0.002680965147453085,0.7492,0.7739666666666666,-0.04955527318932662
2024-07-26,0.749,0.758,0.744,0.753,1724821927,1296208165,0.006684491978609541,0.7495999999999999,0.7729833333333332,-0.0726600985221676
2024-07-29,0.754,0.755,0.739,0.74,1791358543,1337330994,-0.01726427622841964,0.74945,0.7719166666666666,-0.07960199004975133
2024-07-30,0.738,0.746,0.733,0.743,2028337149,1498244295,0.004054054054054124,0.75,0.77075,-0.08610086100861003
2024-07-31,0.742,0.78,0.74,0.778,3664175217,2803900890,0.0471063257065949,0.7522,0.7702833333333333,-0.0347394540942928
2024-08-01,0.779,0.784,0.77,0.774,2644044869,2055113802,-0.005141388174807249,0.7547499999999999,0.7699,-0.028858218318695172
2024-08-02,0.767,0.777,0.758,0.762,2596495552,1990310788,-0.015503875968992276,0.7563,0.7690166666666668,-0.06503067484662572
2024-08-05,0.756,0.765,0.738,0.738,3251040800,2437530523,-0.03149606299212604,0.757,0.7679166666666667,-0.08208955223880599
2024-08-06,0.747,0.752,0.739,0.748,2195467944,1635802166,0.013550135501354976,0.7573000000000001,0.7670833333333333,-0.06265664160401008
2024-08-07,0.748,0.751,0.741,0.742,1692051142,1260936052,-0.008021390374331583,0.75725,0.7661833333333334,-0.06783919597989951
2024-08-08,0.739,0.752,0.734,0.745,2193249828,1629082757,0.0040431266846361336,0.75695,0.7655333333333334,-0.04974489795918369
2024-08-09,0.751,0.754,0.74,0.742,1853697260,1383136584,-0.004026845637583931,0.75645,0.7648833333333334,-0.049935979513444306
2024-08-12,0.739,0.744,0.737,0.742,1336901803,990297715,0.0,0.7561500000000001,0.7640833333333334,-0.06075949367088618
2024-08-13,0.742,0.746,0.737,0.746,1497595792,1110465092,0.005390835579514919,0.75525,0.7633666666666666,-0.05449936628643859
2024-08-14,0.746,0.746,0.735,0.736,1529325616,1130839883,-0.013404825737265424,0.75395,0.7625833333333334,-0.0600255427841635
2024-08-15,0.734,0.75,0.732,0.743,2425959297,1800934097,0.009510869565217295,0.75265,0.7618166666666666,-0.058301647655259914
2024-08-16,0.742,0.746,0.738,0.74,1726993756,1280438960,-0.004037685060565233,0.7504500000000001,0.7612,-0.04761904761904767
2024-08-19,0.74,0.747,0.738,0.739,1735148403,1287454713,-0.0013513513513513375,0.74805,0.7608333333333335,-0.02890932982917216
2024-08-20,0.739,0.74,0.725,0.728,2113885090,1546066322,-0.014884979702300405,0.74665,0.7601,-0.05699481865284983
2024-08-21,0.726,0.733,0.724,0.726,1525918543,1110891499,-0.0027472527472527375,0.74565,0.7593833333333333,-0.0559167750325098
2024-08-22,0.727,0.73,0.717,0.719,1754093903,1265823533,-0.009641873278236957,0.7442,0.75855,-0.06501950585175553
2024-08-23,0.717,0.722,0.709,0.72,2195187285,1569643974,0.0013908205841446364,0.74255,0.7575999999999999,-0.07335907335907343
2024-08-26,0.718,0.723,0.713,0.715,1463306260,1049619281,-0.00694444444444442,0.7413000000000001,0.7565500000000001,-0.08097686375321345
2024-08-27,0.714,0.714,0.705,0.708,1854867678,1314001876,-0.009790209790209836,0.73955,0.7552666666666668,-0.09808917197452238
2024-08-28,0.706,0.709,0.702,0.704,1500798249,1057947369,-0.005649717514124353,0.7358499999999999,0.75385,-0.1077313054499367
2024-08-29,0.701,0.717,0.699,0.713,2111117421,1497921387,0.012784090909090828,0.7328,0.7525999999999999,-0.09517766497461932
2024-08-30,0.711,0.735,0.71,0.728,3176350726,2307216299,0.02103786816269282,0.7311,0.75175,-0.06546854942233638
2024-09-02,0.725,0.729,0.703,0.703,2634563426,1879961256,-0.03434065934065933,0.7293499999999999,0.75055,-0.09290322580645172
2024-09-03,0.702,0.715,0.702,0.708,1735176124,1229580001,0.007112375533428139,0.7273499999999999,0.7491166666666668,-0.10831234256926958
2024-09-04,0.703,0.712,0.699,0.705,1718601154,1212604550,-0.004237288135593209,0.7255,0.74765,-0.11097099621689799
2024-09-05,0.705,0.714,0.701,0.705,1795917036,1269930818,0.0,0.7234999999999999,0.7461333333333333,-0.11432160804020108
2024-09-06,0.706,0.707,0.694,0.696,1977847734,1384548499,-0.012765957446808529,0.7212,0.7445499999999999,-0.120101137800253
2024-09-09,0.692,0.698,0.685,0.687,1904647894,1313641363,-0.012931034482758452,0.7184499999999999,0.7427666666666667,-0.13476070528967254
2024-09-10,0.689,0.696,0.68,0.692,2033924379,1398906192,0.007278020378456818,0.71575,0.7410666666666668,-0.1284634760705291
2024-09-11,0.689,0.698,0.688,0.695,1881168360,1306053015,0.004335260115607031,0.7137,0.7395333333333334,-0.11689961880559097
2024-09-12,0.697,0.704,0.69,0.69,1625458931,1132510209,-0.007194244604316502,0.71105,0.73785,-0.1276864728192163
2024-09-13,0.689,0.694,0.681,0.683,1555430659,1068490186,-0.010144927536231751,0.7081999999999999,0.7359833333333333,-0.14088050314465406
2024-09-18,0.685,0.686,0.671,0.678,1896853305,1284514101,-0.007320644216691097,0.7051499999999999,0.7343833333333333,-0.12403100775193798
2024-09-19,0.68,0.69,0.673,0.683,2470049273,1683374615,0.007374631268436627,0.7029,0.73325,-0.0905459387483355
2024-09-20,0.682,0.685,0.673,0.678,1962868101,1329277362,-0.007320644216691097,0.7005,0.7318166666666667,-0.11256544502617793
2024-09-23,0.678,0.685,0.673,0.674,1885836864,1277301347,-0.005899705014749235,0.69825,0.7305499999999999,-0.10133333333333328
2024-09-24,0.68,0.7,0.671,0.699,4343124347,2981165528,0.03709198813056358,0.6971999999999999,0.7297833333333333,-0.06174496644295302
2024-09-25,0.706,0.718,0.699,0.7,5141748568,3643738208,0.0014306151645206988,0.6964499999999999,0.7290666666666666,-0.05787348586810237
2024-09-26,0.698,0.729,0.695,0.728,5394135257,3831216709,0.040000000000000036,0.69745,0.7289999999999999,-0.005464480874316946
2024-09-27,0.739,0.797,0.738,0.792,5944008177,4525587226,0.08791208791208804,0.7018500000000001,0.7299666666666667,0.07901907356948246
2024-09-30,0.85,0.95,0.813,0.95,16179648142,14302262250,0.1994949494949494,0.7137,0.73375,0.313969571230982
2024-10-08,1.14,1.14,1.045,1.14,22604813107,25494037870,0.19999999999999996,0.7343,0.7405666666666667,0.5595075239398084
2024-10-09,1.138,1.202,1.0,1.096,25452949093,28101905067,-0.03859649122807007,0.75395,0.7467666666666666,0.5138121546961327
2024-10-10,1.091,1.092,1.0,1.026,16642271122,17283056908,-0.06386861313868619,0.76985,0.7515000000000001,0.38274932614555257
2024-10-11,1.0,1.0,0.937,0.951,15037756671,14497968236,-0.07309941520467844,0.78215,0.7549666666666667,0.2799461641991925
2024-10-14,0.949,0.982,0.919,0.974,12137905883,11552671984,0.024185068349106276,0.7956,0.7586833333333334,0.29693741677762975
2024-10-15,0.965,0.991,0.945,0.946,9077098820,8785282460,-0.028747433264887046,0.8080999999999999,0.7619166666666666,0.2579787234042552
2024-10-16,0.92,0.945,0.915,0.923,7207906722,6684567853,-0.024312896405919604,0.8199,0.7648333333333334,0.23395721925133706
2024-10-17,0.942,0.948,0.925,0.926,6751396714,6330089798,0.003250270855904569,0.8316000000000001,0.7675333333333333,0.212041884816754
2024-10-18,0.926,1.094,0.923,1.041,20272016464,20349247671,0.1241900647948162,0.8489000000000001,0.7721833333333332,0.36614173228346436
2024-10-21,1.05,1.118,1.026,1.05,21136566088,22498921819,0.008645533141210526,0.8668999999999999,0.7768666666666667,0.3654096228868662
2024-10-22,1.031,1.055,1.02,1.037,10805825417,11184703344,-0.012380952380952492,0.8846,0.7810833333333334,0.32270408163265296
2024-10-23,1.03,1.057,1.024,1.032,9440920842,9789403027,-0.004821600771455992,0.9023,0.7851666666666667,0.31130876747141034
2024-10-24,1.024,1.04,1.02,1.029,6176303183,6355014708,-0.0029069767441861627,0.9196,0.7897166666666667,0.36111111111111094
2024-10-25,1.034,1.068,1.025,1.045,9050743881,9443848529,0.01554907677356665,0.9379500000000001,0.7947000000000001,0.40080428954423586
2024-10-28,1.04,1.043,1.027,1.039,5526887729,5719351435,-0.005741626794258381,0.9561999999999999,0.79955,0.3890374331550801
2024-10-29,1.04,1.06,1.026,1.028,8047631857,8374841849,-0.010587102983637964,0.97265,0.8041333333333334,0.3652058432934928
2024-10-30,1.02,1.026,0.998,1.008,7425712297,7513308906,-0.01945525291828798,0.98805,0.8086,0.36216216216216224
2024-10-31,1.006,1.029,0.998,1.02,8344620323,8484119689,0.011904761904761862,1.0026499999999998,0.8132166666666667,0.37281292059219395
2024-11-01,1.01,1.019,0.989,0.99,7656103781,7684332121,-0.02941176470588236,1.01255,0.81675,0.2724935732647815
2024-11-04,0.985,1.005,0.985,1.004,4749336777,4742738468,0.014141414141414232,1.01525,0.8205833333333333,0.297157622739018
2024-11-05,1.004,1.05,1.0,1.05,10251246611,10620719008,0.04581673306772904,1.01075,0.8253833333333332,0.3779527559055118
2024-11-06,1.054,1.072,1.039,1.053,9441814111,9984727021,0.0028571428571426694,1.0086,0.8306333333333333,0.42682926829268286
2024-11-07,1.042,1.096,1.039,1.087,8289403297,8807877457,0.03228869895536568,1.01165,0.8362833333333334,0.45320855614973254
2024-11-08,1.109,1.129,1.08,1.081,10695859257,11824962228,-0.005519779208831621,1.0181499999999999,0.8419333333333333,0.4568733153638813
2024-11-11,1.082,1.131,1.082,1.13,10496034906,11718450054,0.04532839962997226,1.0259500000000001,0.8483499999999999,0.5167785234899327
2024-11-12,1.13,1.136,1.093,1.105,7904319869,8818289583,-0.022123893805309658,1.0338999999999998,0.8544,0.4892183288409704
2024-11-13,1.095,1.117,1.092,1.116,6532661707,7211223432,0.009954751131221906,1.0435500000000002,0.8606333333333333,0.5040431266846364
2024-11-14,1.11,1.12,1.076,1.08,5712865469,6274995283,-0.032258064516129004,1.05125,0.8662,0.44772117962466496
2024-11-15,1.076,1.084,1.038,1.04,6601256457,7009554623,-0.03703703703703709,1.0512,0.8712666666666666,0.4130434782608696
2024-11-18,1.04,1.055,1.013,1.02,6136072709,6330316157,-0.019230769230769273,1.0497,0.8758833333333335,0.37281292059219395
2024-11-19,1.025,1.053,1.01,1.052,6438643319,6639965510,0.031372549019607954,1.05045,0.8810833333333333,0.42162162162162176
2024-11-20,1.045,1.061,1.039,1.055,5019791877,5271242441,0.002851711026615966,1.0516,0.88635,0.4276048714479026
2024-11-21,1.055,1.073,1.051,1.064,5522699134,5871055971,0.00853080568720399,1.05335,0.89195,0.4615384615384617
2024-11-22,1.062,1.072,1.02,1.022,5663373411,5919385045,-0.03947368421052633,1.0522,0.8968833333333334,0.40771349862258965
2024-11-25,1.021,1.025,0.991,1.008,5563038845,5592519862,-0.013698630136986356,1.0506499999999999,0.9017000000000001,0.4019471488178026
2024-11-26,1.005,1.019,1.001,1.002,3354363058,3383044499,-0.005952380952380931,1.04935,0.9064,0.39166666666666683
2024-11-27,1.001,1.039,0.99,1.038,6355077414,6462079552,0.03592814371257491,1.05085,0.9117833333333334,0.45174825174825184
2024-11-28,1.037,1.056,1.032,1.034,4975769855,5184551820,-0.003853564547206201,1.05155,0.9172166666666667,0.46045197740113
2024-11-29,1.031,1.078,1.029,1.06,6650570087,7005846737,0.025145067698259194,1.05505,0.92315,0.5056818181818183
2024-12-02,1.06,1.075,1.053,1.068,4673890752,4985035090,0.007547169811320753,1.05825,0.9290666666666667,0.4978962131837308
2024-12-03,1.068,1.074,1.048,1.057,4239604607,4493309559,-0.010299625468164875,1.0586,0.93455,0.45192307692307687
2024-12-04,1.072,1.075,1.045,1.05,4509282657,4782761421,-0.0066225165562913135,1.0584500000000001,0.9403333333333334,0.49359886201991476
2024-12-05,1.045,1.058,1.043,1.053,3086002528,3243935626,0.0028571428571426694,1.05675,0.9460833333333333,0.4872881355932204
2024-12-06,1.056,1.077,1.045,1.067,5530441116,5883307898,0.013295346628680038,1.0560500000000002,0.9521166666666666,0.5134751773049646
2024-12-09,1.065,1.069,1.046,1.054,4123320875,4356614224,-0.012183692596063667,1.05225,0.9579333333333333,0.49503546099290796
2024-12-10,1.117,1.117,1.059,1.063,7480879032,8094657637,0.008538899430740043,1.05015,0.9640500000000001,0.5272988505747127
2024-12-11,1.058,1.068,1.056,1.059,3673935605,3895195827,-0.0037629350893697566,1.0473,0.97025,0.541484716157205
2024-12-12,1.059,1.067,1.05,1.063,3963972965,4198011726,0.0037771482530688516,1.04645,0.9764333333333333,0.5361271676300579
2024-12-13,1.057,1.061,1.039,1.042,5093651308,5344287953,-0.019755409219190834,1.04655,0.9822166666666666,0.4992805755395684
2024-12-16,1.04,1.042,1.021,1.025,3651657641,3757634732,-0.016314779270633517,1.0468,0.9878,0.48550724637681153
2024-12-17,1.022,1.03,1.016,1.019,3365043211,3438421305,-0.005853658536585371,1.04515,0.9934,0.4919472913616396
2024-12-18,1.022,1.036,1.016,1.033,4156736584,4271498746,0.013738959764475034,1.04405,0.9993166666666667,0.5235988200589967
2024-12-19,1.022,1.05,1.019,1.045,4452487526,4621837852,0.011616650532429773,1.0431,1.00535,0.5300146412884332
2024-12-20,1.041,1.08,1.041,1.065,6913986773,7354105377,0.019138755980861344,1.04525,1.0118,0.570796460176991
2024-12-23,1.065,1.08,1.05,1.052,4381165623,4663261985,-0.012206572769952961,1.04745,1.0181,0.5608308605341246
2024-12-24,1.056,1.071,1.045,1.069,3845100805,4072401222,0.016159695817490327,1.0508,1.0242666666666667,0.5293276108726752
2024-12-25,1.072,1.08,1.064,1.072,4129442058,4433315326,0.00280636108512633,1.0524999999999998,1.0304666666666666,0.5314285714285716
2024-12-26,1.07,1.085,1.066,1.081,3809200470,4108201885,0.008395522388059629,1.0548499999999998,1.03635,0.48489010989010994
2024-12-27,1.08,1.099,1.071,1.074,4674962803,5078764565,-0.006475485661424529,1.05555,1.04105,0.3560606060606062
2024-12-30,1.07,1.087,1.066,1.077,3216259936,3463064666,0.0027932960893852776,1.0559999999999998,1.0431666666666666,0.13368421052631585
2024-12-31,1.076,1.078,1.043,1.045,4636200346,4902285910,-0.029712163416898862,1.0554000000000001,1.0415833333333333,-0.08333333333333337
2025-01-02,1.041,1.042,0.997,1.009,6885249234,7001382659,-0.034449760765550286,1.05335,1.0401333333333334,-0.07937956204379581
2025-01-03,1.009,1.015,0.992,0.993,4723167885,4734937363,-0.015857284440039532,1.05035,1.0395833333333333,-0.032163742690058506
2025-01-06,0.995,1.001,0.981,0.989,3601774473,3566914475,-0.004028197381671705,1.0464499999999999,1.0402166666666666,0.039957939011566745
2025-01-07,0.991,1.019,0.987,1.018,4838914497,4851575701,0.029322548028311468,1.04465,1.04095,0.045174537987679786
2025-01-08,1.01,1.029,0.988,1.017,4860929703,4911254516,-0.0009823182711199419,1.0423499999999999,1.0421333333333334,0.07505285412262142
2025-01-09,1.013,1.025,1.012,1.015,3260293445,3324334253,-0.001966568338249708,1.0401500000000001,1.0436666666666665,0.0996749729144093
2025-01-10,1.013,1.034,1.004,1.005,4657320568,4758417554,-0.009852216748768461,1.03725,1.0449833333333334,0.0853131749460041
2025-01-13,0.99,1.009,0.99,1.005,3062703082,3058099653,0.0,1.0353999999999999,1.0443833333333334,-0.03458213256484155
2025-01-14,1.012,1.039,1.0,1.037,5457524840,5592450577,0.03184079601990053,1.036,1.0441666666666667,-0.012380952380952492
2025-01-15,1.031,1.044,1.025,1.032,3494528021,3614543867,-0.004821600771455992,1.0366499999999998,1.0440833333333333,-0.004821600771455992
2025-01-16,1.037,1.048,1.008,1.011,4959672499,5077593224,-0.020348837209302473,1.03555,1.0437333333333334,-0.020348837209302473
2025-01-17,1.005,1.033,1.001,1.02,4317767103,4391203516,0.008902077151335508,1.0343,1.0435833333333333,-0.008746355685131046
2025-01-20,1.026,1.033,1.017,1.022,3198748697,3279051072,0.0019607843137254832,1.03215,1.0432,-0.022009569377990368
2025-01-21,1.027,1.034,1.019,1.031,3405444422,3499260176,0.008806262230919737,1.0311,1.0430666666666668,-0.007699711260827691
2025-01-22,1.027,1.034,1.021,1.029,2808804570,2886706827,-0.0019398642095053154,1.0291000000000001,1.0430833333333331,0.0009727626459143934
2025-01-23,1.041,1.049,1.02,1.021,4374203037,4527766692,-0.007774538386783325,1.0265499999999999,1.0433,0.012896825396825351
2025-01-24,1.018,1.034,1.018,1.029,3136969229,3222840961,0.007835455435847294,1.02395,1.04345,0.008823529411764675
2025-01-27,1.03,1.03,1.008,1.009,3357932031,3417560020,-0.0194363459669582,1.0207,1.0437666666666667,0.019191919191919204
2025-02-05,1.039,1.044,1.028,1.037,5558588063,5764455016,0.027750247770069514,1.0187,1.0443166666666666,0.03286852589641431
2025-02-06,1.031,1.069,1.029,1.067,5207330154,5498350875,0.028929604628736838,1.0197999999999998,1.0446,0.01619047619047609
2025-02-07,1.067,1.093,1.059,1.076,6066813988,6542234202,0.00843486410496741,1.0231499999999998,1.0449833333333334,0.021842355175688555
2025-02-10,1.077,1.095,1.074,1.094,4665154144,5065178291,0.016728624535315983,1.0282,1.0451,0.0064397424103037615
2025-02-11,1.093,1.095,1.075,1.08,3615761824,3915758621,-0.012797074954296161,1.0327499999999998,1.0450833333333334,-0.0009250693802034249
2025-02-12,1.082,1.1,1.077,1.099,4249838508,4629569476,0.017592592592592604,1.0368,1.0445666666666666,-0.02743362831858398
2025-02-13,1.099,1.1,1.072,1.073,3947352986,4287482434,-0.023657870791628732,1.0395999999999999,1.0440333333333334,-0.028959276018099556
2025-02-14,1.068,1.081,1.064,1.078,3754848942,4031669484,0.004659832246039164,1.0427499999999998,1.0433999999999999,-0.03405017921146958
2025-02-17,1.085,1.096,1.083,1.093,4206072682,4587350764,0.013914656771799594,1.0471499999999998,1.0436166666666666,0.012037037037036846
2025-02-18,1.092,1.093,1.062,1.066,4192977098,4526192422,-0.02470265324794141,1.0502,1.04405,0.02499999999999991
2025-02-19,1.066,1.092,1.065,1.092,4650878954,5041587186,0.024390243902439046,1.0529499999999998,1.04525,0.07058823529411762
2025-02-20,1.091,1.099,1.083,1.091,3036518038,3313570064,-0.0009157509157510235,1.0559,1.0459,0.03707224334600756
2025-02-21,1.099,1.159,1.096,1.157,9207213247,10419850454,0.060494958753437356,1.0632,1.0475999999999999,0.09668246445497641
2025-02-24,1.155,1.171,1.143,1.161,4958041740,5743617211,0.0034572169403630504,1.07025,1.0492166666666667,0.09116541353383445
2025-02-25,1.141,1.179,1.138,1.162,4671689834,5412706807,0.0008613264427217437,1.07725,1.05155,0.1369863013698629
2025-02-26,1.164,1.189,1.151,1.186,5027953377,5913489399,0.020654044750430423,1.085,1.0545166666666665,0.17658730158730163
2025-02-27,1.185,1.2,1.16,1.185,4922629807,5800910785,-0.0008431703204045959,1.0928,1.0575666666666668,0.1826347305389222
2025-02-28,1.177,1.182,1.132,1.133,5884493789,6778788408,-0.043881856540084474,1.0984,1.05915,0.09152215799614649
2025-03-03,1.133,1.145,1.112,1.119,4064825324,4587963974,-0.012356575463371544,1.1029,1.0605666666666667,0.08220502901353965
2025-03-04,1.11,1.146,1.107,1.139,4307487602,4859508288,0.01787310098302064,1.1094000000000002,1.0618833333333333,0.07452830188679238
2025-03-05,1.138,1.148,1.129,1.142,3039792492,3461893113,0.0026338893766459925,1.1146500000000001,1.0631166666666667,0.06928838951310845
2025-03-06,1.157,1.185,1.157,1.181,5490791977,6451615098,0.034150612959719995,1.12035,1.0651833333333331,0.11731315042573343
2025-03-07,1.174,1.18,1.161,1.167,4439740497,5201991596,-0.011854360711261669,1.1249,1.0671333333333333,0.11142857142857143
2025-03-10,1.164,1.171,1.146,1.163,3607203404,4175984615,-0.003427592116538092,1.12835,1.0689666666666668,0.10446343779677125
2025-03-11,1.147,1.161,1.144,1.158,3423273922,3942436788,-0.004299226139295009,1.1322500000000002,1.0704833333333332,0.08528584817244611
2025-03-12,1.164,1.17,1.15,1.15,3335871189,3874127789,-0.006908462867012077,1.1348,1.0720833333333333,0.0910815939278935
2025-03-13,1.147,1.153,1.12,1.126,3916603394,4438351331,-0.02086956521739136,1.13745,1.0731333333333333,0.059266227657572834
2025-03-14,1.126,1.146,1.124,1.146,4092522060,4662781862,0.017761989342806483,1.14085,1.0745833333333332,0.0821529745042493
2025-03-17,1.146,1.149,1.134,1.14,2233019172,2545568033,-0.005235602094240788,1.1432,1.0758666666666665,0.07243650047036687
2025-03-18,1.145,1.161,1.144,1.146,2839275049,3266385557,0.0052631578947368585,1.1472,1.0776,0.09980806142034537
2025-03-19,1.142,1.146,1.13,1.131,2826998800,3210347482,-0.01308900523560197,1.1491500000000001,1.0793666666666666,0.10341463414634156
2025-03-20,1.13,1.132,1.118,1.119,3081790290,3467609945,-0.010610079575596787,1.15055,1.0810333333333333,0.09813542688910704
2025-03-21,1.115,1.12,1.088,1.095,4448786428,4897205393,-0.02144772117962468,1.1474499999999999,1.0820666666666665,0.06001936108422079
2025-03-24,1.093,1.101,1.082,1.101,3471115613,3796165370,0.005479452054794498,1.14445,1.0829999999999997,0.05358851674641163
2025-03-25,1.098,1.102,1.079,1.083,3232179591,3516470277,-0.016348773841961872,1.1404999999999998,1.0833,0.016901408450704203
2025-03-26,1.083,1.093,1.08,1.081,2614354939,2837796409,-0.001846722068328699,1.1352499999999999,1.0837833333333333,0.027566539923954192
2025-03-27,1.08,1.106,1.077,1.092,3280840956,3581329256,0.010175763182238784,1.1305999999999998,1.0841666666666667,0.021515434985968307
2025-03-28,1.09,1.096,1.08,1.081,2310943407,2509791680,-0.010073260073260148,1.1280000000000001,1.0843166666666666,0.008395522388059629
2025-03-31,1.074,1.082,1.062,1.074,3305118917,3540782255,-0.006475485661424529,1.12575,1.0841999999999998,-0.006475485661424529
2025-04-01,1.079,1.088,1.073,1.076,2611780785,2820192096,0.0018621973929235924,1.1225999999999998,1.0842333333333334,0.0018621973929235924
2025-04-02,1.071,1.082,1.071,1.074,1867436602,2007602198,-0.0018587360594795044,1.1192,1.0841833333333333,-0.0027855153203341088
2025-04-03,1.065,1.082,1.063,1.068,2727506264,2920734457,-0.005586592178770999,1.11355,1.0845666666666667,0.02200956937799048
2025-04-07,1.016,1.031,0.92,0.97,8238895254,8129286141,-0.09176029962546828,1.1037,1.0839166666666666,-0.03865213082259655
2025-04-08,0.978,0.998,0.97,0.986,4393164863,4316635531,0.016494845360824684,1.0948499999999999,1.0838,-0.007049345417925457
2025-04-09,0.97,1.041,0.961,1.028,6730346439,6841882771,0.04259634888438146,1.08835,1.08445,0.03943377148634997
2025-04-10,1.05,1.056,1.033,1.042,4338261284,4524037505,0.013618677042801508,1.0829499999999999,1.0848499999999999,0.023575638506876162
2025-04-11,1.036,1.078,1.034,1.061,4766363944,5034878775,0.018234165067178454,1.0796999999999999,1.0855833333333333,0.043264503441494684
2025-04-14,1.071,1.076,1.055,1.064,3049339618,3247747034,0.002827521206409056,1.0756000000000001,1.0864,0.048275862068965614
2025-04-15,1.061,1.062,1.045,1.054,2444326656,2569705380,-0.009398496240601517,1.0713000000000001,1.0872166666666667,0.04875621890547288
2025-04-16,1.063,1.065,1.045,1.061,2598860671,2741011741,0.006641366223908873,1.06705,1.08815,0.05572139303482593
2025-04-17,1.056,1.074,1.054,1.066,2427389442,2590804612,0.004712535344015167,1.0638,1.0886333333333333,0.027965284474445573
2025-04-18,1.063,1.063,1.053,1.059,1769053036,1870833501,-0.0065666041275798115,1.0608,1.0890833333333334,0.026162790697674243
2025-04-21,1.062,1.071,1.057,1.07,2013515227,2150058879,0.010387157695939786,1.0595500000000002,1.0900666666666665,0.05835806132542065
2025-04-22,1.069,1.074,1.062,1.066,1777502359,1899324251,-0.0037383177570093906,1.0578,1.0908333333333333,0.045098039215686336
2025-04-23,1.069,1.073,1.06,1.063,1999656457,2128660966,-0.002814258911819967,1.0568,1.0915166666666667,0.04011741682974557
2025-04-24,1.063,1.064,1.05,1.052,1706545341,1800664541,-0.010348071495766553,1.05535,1.0918666666666668,0.02036857419980609
2025-04-25,1.052,1.061,1.047,1.054,1922280392,2025265870,0.0019011406844107182,1.0534500000000002,1.0922833333333333,0.02429543245869792
2025-04-28,1.054,1.058,1.047,1.051,1329357852,1399442565,-0.002846299810246755,1.05195,1.0927833333333332,0.02938295788442713
2025-04-29,1.048,1.055,1.044,1.053,1417469854,1488129986,0.0019029495718363432,1.0509,1.0931833333333332,0.023323615160349975
2025-04-30,1.052,1.064,1.05,1.062,1701711098,1805225404,0.008547008547008739,1.0502,1.0940666666666665,0.05252725470763142
2025-05-06,1.067,1.078,1.064,1.078,2227058340,2389528257,0.015065913370998052,1.0504,1.0947500000000001,0.03953712632594031
2025-05-07,1.095,1.098,1.072,1.081,2921993400,3167359484,0.002782931354359919,1.05105,1.0949833333333332,0.013120899718837897
2025-05-08,1.077,1.081,1.073,1.077,1879556545,2023698366,-0.0037002775208140326,1.0564,1.095,0.0009293680297397522
2025-05-09,1.073,1.074,1.056,1.056,2657854995,2822237072,-0.01949860724233976,1.0599,1.0943666666666665,-0.034734917733089565
2025-05-12,1.061,1.067,1.054,1.063,2572618676,2725770487,0.006628787878787845,1.0616499999999998,1.0940833333333333,-0.015740740740740833
2025-05-13,1.07,1.072,1.059,1.06,2196199305,2338988978,-0.002822201317027151,1.06255,1.0934333333333333,-0.03548680618744304
2025-05-14,1.062,1.072,1.056,1.065,2625249191,2790830570,0.004716981132075304,1.06275,1.0933,-0.00745573159366264
2025-05-15,1.062,1.063,1.049,1.05,2311898484,2435966235,-0.014084507042253391,1.06205,1.0928333333333333,-0.025974025974025983
2025-05-16,1.048,1.05,1.041,1.044,1872882138,1956884201,-0.005714285714285672,1.06155,1.0920166666666666,-0.04483074107959739
2025-05-19,1.044,1.049,1.035,1.045,2262026378,2358074666,0.0009578544061301653,1.06075,1.0916666666666666,-0.019699812382739323
2025-05-20,1.045,1.052,1.043,1.048,1504395513,1577016664,0.002870813397129357,1.05985,1.090933333333333,-0.04029304029304037
2025-05-21,1.047,1.05,1.043,1.045,1486401249,1554519884,-0.002862595419847458,1.05915,1.0901666666666665,-0.0421631530705775
2025-05-22,1.044,1.05,1.038,1.039,1717826732,1791766381,-0.005741626794258381,1.0575999999999999,1.0882,-0.10198789974070877
2025-05-23,1.038,1.046,1.029,1.03,2262536584,2345513004,-0.008662175168431041,1.0558,1.0860166666666666,-0.11283376399655465
2025-05-26,1.035,1.038,1.03,1.035,1636568330,1691995362,0.004854368932038833,1.0544,1.0839,-0.10929432013769369
2025-05-27,1.034,1.035,1.025,1.028,1709880805,1759804347,-0.006763285024154464,1.0532,1.0812666666666668,-0.13322091062394592
2025-05-28,1.027,1.029,1.022,1.023,1219952352,1251239015,-0.004863813229572078,1.05165,1.0785666666666667,-0.13670886075949373
2025-05-29,1.024,1.041,1.024,1.04,2342913675,2425619968,0.016617790811339406,1.0511000000000001,1.0770166666666665,-0.08208296557811123
2025-05-30,1.037,1.037,1.028,1.03,1717028303,1770038077,-0.009615384615384581,1.04995,1.0755333333333332,-0.07953529937444148
2025-06-03,1.028,1.04,1.028,1.034,1514900813,1569088152,0.003883495145631022,1.04855,1.0737833333333335,-0.09218612818261629
2025-06-04,1.034,1.041,1.034,1.04,1269517664,1318887593,0.005802707930367523,1.04665,1.0720833333333333,-0.08931698774080554
2025-06-05,1.041,1.053,1.036,1.051,2018940133,2110670668,0.01057692307692304,1.04515,1.0699166666666668,-0.11007620660457251
2025-06-06,1.051,1.051,1.043,1.047,1501665094,1570982239,-0.0038058991436726863,1.04365,1.0679166666666666,-0.10282776349614409
2025-06-09,1.048,1.057,1.045,1.053,1642273162,1727609752,0.005730659025787954,1.0435,1.0660833333333335,-0.09458297506448843
2025-06-10,1.054,1.054,1.027,1.032,2868078980,2976932706,-0.019943019943019835,1.0419500000000002,1.0639833333333333,-0.10880829015544036
2025-06-11,1.033,1.04,1.03,1.031,2011755904,2081287458,-0.0009689922480621282,1.0405,1.062,-0.10347826086956524
2025-06-12,1.029,1.032,1.024,1.027,1548494294,1591001998,-0.0038797284190106307,1.0386,1.06035,-0.08792184724689167
2025-06-13,1.023,1.028,1.016,1.022,2264738115,2312902750,-0.004868549172346581,1.0372,1.0582833333333332,-0.10820244328097728
2025-06-16,1.02,1.025,1.018,1.021,1415265618,1445017297,-0.0009784735812133905,1.03605,1.0563,-0.1043859649122807
2025-06-17,1.022,1.023,1.01,1.012,2550102150,2586135290,-0.008814887365327984,1.0344,1.0540666666666667,-0.11692844677137859
2025-06-18,1.011,1.021,1.009,1.018,2141285912,2174680603,0.005928853754940677,1.0329000000000002,1.0521833333333332,-0.09991158267020339
2025-06-19,1.016,1.024,1.009,1.012,2254476433,2290540083,-0.005893909626719096,1.03125,1.0504,-0.09562109025915999
2025-06-20,1.012,1.017,1.005,1.006,1807987926,1825418603,-0.005928853754940677,1.0295999999999998,1.0489166666666665,-0.08127853881278535
2025-06-23,1.002,1.015,1.001,1.012,2242991457,2266629837,0.005964214711729587,1.0287,1.0474333333333332,-0.08083560399636691
2025-06-24,1.014,1.032,1.013,1.029,3308880656,3392635848,0.01679841897233203,1.0284,1.0465333333333333,-0.049861495844875425
2025-06-25,1.032,1.049,1.027,1.048,4227907594,4385173221,0.01846452866861048,1.0294,1.0459833333333333,-0.030527289546715908
2025-06-26,1.047,1.058,1.041,1.041,3141663894,3295118967,-0.00667938931297718,1.0303,1.0451333333333332,-0.04670329670329687
2025-06-27,1.045,1.05,1.039,1.041,2575027662,2688776609,0.0,1.0303499999999999,1.0444666666666667,-0.03700277520814066
2025-06-30,1.043,1.056,1.043,1.056,2762805118,2905603144,0.014409221902017322,1.03165,1.0441666666666667,-0.016759776536312887
2025-07-01,1.055,1.055,1.044,1.048,2168084438,2272031502,-0.007575757575757569,1.0323499999999999,1.0437,-0.026022304832713727
2025-07-02,1.046,1.046,1.032,1.035,2580734333,2676207110,-0.012404580152671874,1.0321,1.04305,-0.036312849162011274
2025-07-03,1.036,1.039,1.032,1.036,1742698326,1804318863,0.0009661835748793202,1.03135,1.0425166666666668,-0.029962546816479474
2025-07-04,1.037,1.049,1.027,1.035,3236463240,3357773904,-0.0009652509652510188,1.0307499999999998,1.0436,0.0670103092783505
2025-07-07,1.033,1.038,1.028,1.029,1688426524,1741414500,-0.005797101449275366,1.02955,1.0443166666666666,0.043610547667342736
2025-07-08,1.031,1.045,1.028,1.044,2776940532,2886918857,0.014577259475218707,1.03015,1.0445833333333332,0.015564202334630295
2025-07-09,1.044,1.046,1.033,1.036,2359739011,2451280190,-0.007662835249042099,1.0304,1.0444833333333332,-0.0057581573896353655
2025-07-10,1.034,1.038,1.03,1.033,2675848482,2765469400,-0.0028957528957530565,1.0307,1.0440166666666666,-0.02639019792648445
2025-07-11,1.033,1.052,1.031,1.047,4454102666,4652065692,0.013552758954501476,1.03195,1.0437333333333332,-0.015977443609022646
2025-07-14,1.048,1.052,1.044,1.046,2667962535,2793881490,-0.0009551098376312517,1.0332000000000001,1.0436,-0.007590132827324458
2025-07-15,1.044,1.05,1.037,1.048,3542789761,3698514968,0.0019120458891013214,1.035,1.0433833333333333,-0.012252591894439169
2025-07-16,1.05,1.06,1.045,1.049,3614903748,3803727511,0.000954198473282375,1.0365499999999999,1.0431,-0.01594746716697948
2025-07-17,1.048,1.057,1.044,1.057,3487762646,3665541164,0.007626310772163913,1.0387999999999997,1.0430666666666668,-0.0018885741265344258
2025-07-18,1.06,1.065,1.054,1.06,2881964301,3052291013,0.0028382213812678803,1.0414999999999999,1.0429,-0.009345794392523366
2025-07-21,1.059,1.063,1.057,1.061,2473550290,2622059042,0.0009433962264149276,1.0439500000000002,1.0428166666666665,-0.004690431519699945
2025-07-22,1.061,1.072,1.059,1.069,3829518031,4086335301,0.007540056550424223,1.04595,1.0429166666666665,0.005644402634054524
2025-07-23,1.07,1.084,1.067,1.074,4582049707,4927885725,0.00467726847521055,1.04725,1.0432833333333333,0.020912547528517234
2025-07-24,1.072,1.087,1.072,1.086,3562410324,3850319671,0.011173184357541999,1.0494999999999999,1.0438166666666668,0.030360531309297834
2025-07-25,1.086,1.115,1.082,1.109,4841485687,5300532836,0.02117863720073654,1.0529,1.0447833333333334,0.055185537583254174
2025-07-28,1.111,1.114,1.103,1.11,3824352909,4239799110,0.0009017132551849549,1.0556,1.0457333333333334,0.054131054131054235
2025-07-29,1.106,1.127,1.105,1.125,3751617205,4195935622,0.013513513513513375,1.05945,1.0467833333333332,0.05932203389830493
2025-07-30,1.122,1.129,1.105,1.112,4020255527,4495171932,-0.01155555555555543,1.0633,1.04735,0.03153988868274582
2025-07-31,1.109,1.126,1.099,1.101,5284306318,5872646522,-0.009892086330935412,1.06655,1.0476833333333333,0.018501387604070274
2025-08-01,1.101,1.111,1.082,1.091,3715716886,4070365388,-0.009082652134423275,1.06935,1.0479166666666666,0.012999071494893322
2025-08-04,1.087,1.105,1.086,1.104,2668065561,2927762903,0.011915673693859041,1.0731000000000002,1.0487166666666665,0.045454545454545414
2025-08-05,1.103,1.109,1.101,1.109,2156832788,2384593124,0.004528985507246341,1.0763500000000001,1.0494833333333333,0.043273753527751646
2025-08-06,1.108,1.115,1.104,1.113,2462775999,2732600339,0.0036068530207393756,1.0802,1.0503666666666667,0.050000000000000044
2025-08-07,1.113,1.123,1.107,1.112,3444161696,3839701462,-0.0008984725965857088,1.08415,1.05115,0.04413145539906127
2025-08-08,1.109,1.109,1.095,1.096,2866433200,3154152099,-0.014388489208633115,1.0866000000000002,1.0519166666666666,0.04380952380952374
2025-08-11,1.096,1.107,1.096,1.103,2502165351,2759366008,0.006386861313868453,1.0894499999999998,1.0529,0.056513409961685745
2025-08-12,1.103,1.133,1.098,1.124,4946985066,5529819987,0.01903898458748876,1.09325,1.0542166666666666,0.07559808612440211
2025-08-13,1.124,1.134,1.122,1.133,3803815058,4296348237,0.008007117437722311,1.09745,1.0556333333333332,0.08110687022900764
2025-08-14,1.134,1.166,1.134,1.142,6767811407,7789850655,0.007943512797881747,1.1017000000000001,1.05725,0.09282296650717692
2025-08-15,1.135,1.161,1.132,1.158,3705323699,4257819529,0.014010507880910739,1.1066,1.0592333333333335,0.11453320500481223
2025-08-18,1.171,1.196,1.161,1.183,5843084673,6905270708,0.021588946459413005,1.1127,1.0617833333333333,0.14854368932038842
2025-08-19,1.181,1.191,1.168,1.17,3737587297,4409995160,-0.010989010989011061,1.11775,1.0640333333333334,0.13043478260869557
2025-08-20,1.166,1.208,1.162,1.208,5255683450,6228187048,0.032478632478632585,1.12445,1.0670333333333333,0.17509727626459148
2025-08-21,1.209,1.233,1.201,1.208,4520834899,5500568699,0.0,1.13055,1.0701166666666666,0.18084066471163251
2025-08-22,1.218,1.325,1.218,1.323,9416192718,11986409620,0.0951986754966887,1.1412499999999999,1.0748333333333333,0.27211538461538454
2025-08-25,1.343,1.388,1.316,1.356,9172014149,12361800689,0.024943310657596474,1.1535499999999999,1.0802666666666667,0.31650485436893216
2025-08-26,1.34,1.35,1.321,1.336,4579956285,6125624517,-0.014749262536873142,1.1641,1.0853,0.2920696324951644
2025-08-27,1.35,1.4,1.336,1.337,8082918710,11043003515,0.0007485029940119681,1.1753500000000001,1.09025,0.28557692307692295
2025-08-28,1.34,1.435,1.34,1.433,9189322431,12714444608,0.0718025430067315,1.1919499999999998,1.0966166666666666,0.3634633682207422
2025-08-29,1.4,1.417,1.383,1.412,5358240191,7494285017,-0.014654570830425762,1.208,1.1026999999999998,0.3486150907354346
2025-09-01,1.419,1.438,1.391,1.431,4430739554,6286397756,0.013456090651558172,1.2243499999999998,1.1089999999999998,0.35897435897435903
2025-09-02,1.426,1.435,1.378,1.394,4975416881,6989035209,-0.025856044723969407,1.2386,1.1150333333333333,0.35077519379844957
2025-09-03,1.388,1.392,1.355,1.365,4124614334,5666634787,-0.020803443328550886,1.2512,1.1205999999999998,0.3239573229873909
2025-09-04,1.362,1.367,1.26,1.282,6078071151,7927747455,-0.06080586080586081,1.2597,1.12485,0.24829600778967875
2025-09-05,1.282,1.335,1.27,1.326,4937745361,6437372748,0.03432137285491432,1.2711999999999999,1.1299166666666667,0.2974559686888454
2025-09-08,1.327,1.335,1.303,1.328,3709118578,4905327570,0.0015082956259426794,1.28245,1.1350333333333333,0.3006856023506368
2025-09-09,1.315,1.335,1.301,1.307,3248113086,4272028607,-0.01581325301204828,1.2915999999999999,1.13995,0.29150197628458496
2025-09-10,1.314,1.334,1.307,1.321,3349154500,4430919359,0.010711553175210442,1.301,1.145,0.2976424361493124
2025-09-11,1.314,1.4,1.304,1.393,5414482304,7390140001,0.054504163512490544,1.31355,1.15135,0.3764822134387351
2025-09-12,1.393,1.43,1.388,1.406,4457831489,6290846098,0.009332376166546918,1.32595,1.1580166666666665,0.3976143141153081
2025-09-15,1.431,1.435,1.398,1.409,3717947964,5258126770,0.002133712660028486,1.3372499999999998,1.1646333333333334,0.39229249011857714
2025-09-16,1.413,1.439,1.413,1.426,3881600451,5542682255,0.012065294535131166,1.35005,1.1712500000000001,0.38581146744412065
2025-09-17,1.421,1.449,1.405,1.44,3803763523,5451960598,0.009817671809256634,1.3616499999999998,1.1777833333333334,0.3740458015267174
2025-09-18,1.456,1.506,1.413,1.45,6170960059,9048077456,0.00694444444444442,1.37375,1.1846,0.3928914505283383
2025-09-19,1.456,1.471,1.426,1.431,4392227652,6359671437,-0.013103448275861962,1.3791499999999999,1.1910999999999998,0.3746397694524497
2025-09-22,1.426,1.494,1.42,1.479,4249907377,6201628557,0.03354297693920327,1.3853000000000002,1.1981499999999998,0.4005681818181819
2025-09-23,1.478,1.49,1.432,1.475,4504334098,6567997272,-0.0027045300878972833,1.39225,1.2052666666666667,0.4074427480916032
2025-09-24,1.464,1.553,1.462,1.53,4901522216,7413184366,0.037288135593220195,1.4019,1.2135166666666666,0.4782608695652175
2025-09-25,1.524,1.56,1.521,1.548,3290993707,5086024942,0.0117647058823529,1.4076499999999998,1.2220499999999999,0.4942084942084941
2025-09-26,1.538,1.559,1.521,1.524,2887390253,4446468253,-0.015503875968992276,1.4132500000000001,1.2302,0.47246376811594226
2025-09-29,1.516,1.544,1.495,1.543,3514297819,5345277132,0.012467191601049699,1.41885,1.2387666666666668,0.49951409135082603
2025-09-30,1.561,1.58,1.552,1.57,3303938554,5187228703,0.017498379779650186,1.42765,1.2475333333333332,0.5038314176245211
2025-10-09,1.607,1.667,1.596,1.618,4377525911,7141315117,0.030573248407643305,1.4403000000000001,1.2572333333333334,0.5617760617760619
2025-10-10,1.585,1.592,1.516,1.528,5690191022,8808071627,-0.05562422744128559,1.4526,1.2654833333333333,0.47918683446273014
2025-10-13,1.47,1.55,1.47,1.546,4771059916,7305670037,0.011780104712041828,1.4636,1.2738,0.47659980897803256
2025-10-14,1.56,1.563,1.47,1.481,4989998757,7544364868,-0.042043984476067275,1.47125,1.28105,0.4158699808795412
2025-10-15,1.479,1.502,1.46,1.501,3697320745,5478957593,0.013504388926401045,1.48095,1.2886,0.4322519083969465
2025-10-16,1.487,1.516,1.479,1.487,3253715921,4867655982,-0.009327115256495544,1.48925,1.2958999999999998,0.4175405147759772
2025-10-17,1.478,1.487,1.428,1.433,4157626000,6025472153,-0.03631472763954269,1.49125,1.302166666666667,0.3557237464522234
2025-10-20,1.456,1.468,1.425,1.437,3440730077,4977710329,0.002791346824843055,1.4928000000000001,1.3084500000000001,0.35566037735849054
2025-10-21,1.443,1.48,1.436,1.477,3991533656,5842705467,0.02783576896311768,1.4962000000000002,1.3153833333333333,0.39208294062205473
2025-10-22,1.466,1.496,1.449,1.476,2978546949,4383191269,-0.0006770480704130222,1.4987,1.3221666666666667,0.380729653882133
2025-10-23,1.465,1.475,1.445,1.473,2303813763,3357554417,-0.00203252032520318,1.50035,1.3288166666666668,0.3715083798882681
2025-10-24,1.492,1.54,1.486,1.535,3644517145,5522170176,0.04209097080787494,1.5046,1.3363,0.4134438305709023
2025-10-27,1.562,1.567,1.53,1.558,4094437221,6350609478,0.014983713355049,1.51095,1.3437833333333336,0.40486925157799836
2025-10-28,1.545,1.57,1.537,1.545,2779190530,4316089945,-0.008344030808729253,1.51425,1.3510333333333333,0.39189189189189166
2025-10-29,1.541,1.569,1.538,1.565,3093687209,4806606040,0.012944983818770295,1.51875,1.3583666666666667,0.39111111111111097
2025-10-30,1.561,1.568,1.533,1.535,3363518136,5212506865,-0.019169329073482455,1.519,1.3654166666666667,0.38039568345323715
2025-10-31,1.525,1.53,1.487,1.488,3798893384,5698843369,-0.030618892508143314,1.516,1.3718666666666666,0.3514986376021798
2025-11-03,1.474,1.478,1.441,1.47,3073836596,4486923589,-0.012096774193548376,1.5133,1.3781833333333333,0.3473877176901925
2025-11-04,1.475,1.487,1.446,1.455,2920963959,4285797772,-0.010204081632652962,1.5089000000000001,1.3840333333333334,0.31793478260869557
2025-11-05,1.43,1.468,1.425,1.46,2784624131,4024168178,0.0034364261168384758,1.5034,1.3898833333333331,0.31650135256988277
2025-11-06,1.476,1.514,1.472,1.509,3259911662,4873307251,0.03356164383561633,1.49795,1.396483333333333,0.3557951482479784
2025-11-07,1.494,1.506,1.484,1.487,2072700695,3096498032,-0.014579191517561152,1.4959,1.4027333333333334,0.33723021582733814
2025-11-10,1.491,1.504,1.459,1.478,2291806220,3377807577,-0.0060524546065905405,1.4925000000000002,1.4090999999999998,0.3485401459854014
2025-11-11,1.488,1.495,1.453,1.457,2083414328,3059095392,-0.01420838971583216,1.4913,1.415,0.3209428830462375
2025-11-12,1.446,1.458,1.431,1.449,2778838912,4011347039,-0.005490734385724116,1.4887000000000001,1.4204166666666669,0.2891459074733096
2025-11-13,1.446,1.475,1.442,1.469,2338987695,3416314067,0.013802622498274575,1.4878,1.4260166666666665,0.29655781112091795
2025-11-14,1.451,1.46,1.43,1.431,2360496165,3408869927,-0.02586793737236215,1.4877,1.4308333333333332,0.25306479859894937
2025-11-17,1.43,1.446,1.412,1.422,2336441524,3330961490,-0.0062893081761007386,1.4869499999999998,1.4352333333333334,0.22797927461139889
2025-11-18,1.417,1.443,1.415,1.427,2219153851,3172128833,0.0035161744022504937,1.48445,1.4393,0.20625528317836017
2025-11-19,1.422,1.432,1.405,1.413,1885837153,2673481827,-0.009810791871058155,1.4813,1.44335,0.20769230769230784
2025-11-20,1.428,1.432,1.393,1.396,2358762453,3317229786,-0.012031139419674486,1.47745,1.4464833333333333,0.1556291390728477
2025-11-21,1.371,1.378,1.347,1.351,4361630301,5943377660,-0.0322349570200573,1.46825,1.4488666666666665,0.11837748344370858
2025-11-24,1.357,1.372,1.337,1.36,2792526817,3781489671,0.006661732050333269,1.45835,1.4494833333333332,0.027966742252456545
2025-11-25,1.374,1.39,1.363,1.369,2974511982,4088957172,0.006617647058823506,1.44955,1.4497,0.009587020648967437
2025-11-26,1.362,1.394,1.358,1.382,2940497346,4063817324,0.009495982468955333,1.4404,1.4504666666666668,0.03443113772455075
2025-11-27,1.392,1.419,1.374,1.379,2739713768,3833058631,-0.0021707670043414895,1.4326,1.4511666666666667,0.03141361256544495
2025-11-28,1.374,1.396,1.368,1.393,2092399660,2898802447,0.010152284263959421,1.42785,1.4505000000000001,-0.027913468248429885
2025-12-01,1.395,1.409,1.376,1.404,2162018305,3010747361,0.007896625987078076,1.42455,1.4503666666666668,-0.005665722379603388
2025-12-02,1.401,1.403,1.381,1.387,2047449801,2844686570,-0.012108262108261991,1.4211500000000001,1.4496333333333336,-0.030747728860936463
2025-12-03,1.385,1.391,1.369,1.375,1824464188,2517188798,-0.008651766402307137,1.4169,1.4493166666666668,-0.013629842180774676
2025-12-04,1.37,1.395,1.36,1.394,2220846857,3066497900,0.01381818181818173,1.41115,1.4498000000000002,0.02124542124542117
2025-12-05,1.39,1.398,1.37,1.394,2592361812,3595788632,0.0,1.4065,1.4516666666666667,0.08736349453978143
2025-12-08,1.397,1.43,1.394,1.42,3458519544,4890831628,0.01865136298421799,1.4036,1.4532333333333334,0.07088989441930615
2025-12-09,1.41,1.428,1.406,1.414,2478006591,3507996536,-0.004225352112676051,1.40145,1.4546666666666668,0.06475903614457823
2025-12-10,1.404,1.42,1.385,1.415,2600962554,3643142319,0.0007072135785006761,1.39975,1.4564666666666666,0.08263198163733754
2025-12-11,1.417,1.42,1.392,1.392,2067122085,2903209643,-0.016254416961130835,1.3959,1.4576500000000001,0.05374716124148371
2025-12-12,1.393,1.42,1.381,1.418,2806429463,3940369213,0.018678160919540332,1.3952499999999999,1.4580666666666666,0.017946877243359527
2025-12-15,1.405,1.414,1.387,1.389,2163266912,3027695251,-0.020451339915373734,1.3935999999999997,1.4577833333333337,-0.012091038406827792
2025-12-16,1.382,1.386,1.353,1.361,2915608409,3987566188,-0.02015838732901365,1.3902999999999999,1.4569833333333333,-0.03406671398154726
2025-12-17,1.361,1.397,1.356,1.396,2863770720,3948199141,0.02571638501102136,1.3894499999999999,1.4564833333333334,-0.02103786816269282
2025-12-18,1.384,1.394,1.375,1.376,1835119696,2538867376,-0.014326647564469885,1.3884500000000002,1.4554166666666668,-0.04444444444444451
2025-12-19,1.382,1.394,1.377,1.38,1815255366,2511958098,0.0029069767441860517,1.3899,1.4542499999999998,-0.048275862068965614
2025-12-22,1.385,1.41,1.384,1.405,2652107190,3714805834,0.018115942028985588,1.3921499999999998,1.4538166666666668,-0.018169112508735208
2025-12-23,1.405,1.419,1.401,1.41,2113997940,2985639356,0.003558718861209842,1.3941999999999999,1.4526666666666666,-0.04665314401622733
2025-12-24,1.412,1.424,1.403,1.423,2067989334,2926560133,0.009219858156028549,1.39625,1.4517999999999998,-0.03525423728813559
2025-12-25,1.422,1.429,1.411,1.422,1803480036,2561518984,-0.0007027406886859211,1.3984,1.45,-0.07058823529411773
2025-12-26,1.423,1.429,1.411,1.419,2077429468,2951303795,-0.002109704641350185,1.3997,1.44785,-0.08333333333333337
2025-12-29,1.419,1.436,1.412,1.417,2577516234,3674565643,-0.0014094432699084392,1.40035,1.4460666666666668,-0.07020997375328086
2025-12-30,1.414,1.439,1.414,1.433,2432160403,3480884076,0.011291460832745237,1.40265,1.4442333333333333,-0.0712896953985741
2025-12-31,1.438,1.441,1.415,1.417,2197310494,3129346537,-0.011165387299371998,1.40475,1.4416833333333334,-0.09745222929936304
2026-01-05,1.433,1.479,1.428,1.479,4159373269,6082622572,0.043754410726887905,1.409,1.4393666666666667,-0.08590852904820767
2026-01-06,1.481,1.52,1.476,1.505,3880341791,5821559140,0.017579445571331842,1.4145499999999998,1.4389833333333333,-0.015052356020942459
2026-01-07,1.517,1.529,1.503,1.52,3456820544,5238497815,0.00996677740863805,1.4195499999999999,1.43855,-0.01681759379042691
2026-01-08,1.514,1.562,1.514,1.531,3582033326,5518490197,0.007236842105263097,1.4254,1.4393833333333332,0.03376097231600261
2026-01-09,1.52,1.555,1.514,1.554,3473756610,5346744937,0.015022860875244959,1.43235,1.4402666666666666,0.03530979347101937
2026-01-12,1.566,1.596,1.556,1.594,3576174548,5649496769,0.025740025740025763,1.44245,1.4420499999999998,0.07195696032279764
2026-01-13,1.594,1.594,1.536,1.549,4436911064,6940475744,-0.02823086574654965,1.449,1.4439833333333332,0.0809490579204466
2026-01-14,1.552,1.613,1.552,1.579,5089309302,8066746841,0.019367333763718575,1.4585000000000001,1.4463499999999998,0.09881697981906745
2026-01-15,1.571,1.584,1.545,1.573,3492194661,5459161638,-0.0037998733375553817,1.4691,1.4479499999999998,0.06499661475964791
2026-01-16,1.587,1.609,1.574,1.593,3691523521,5866924842,0.012714558169103718,1.47895,1.4499,0.0792682926829269
2026-01-19,1.59,1.606,1.582,1.586,2830606489,4504340920,-0.004394224733207719,1.48945,1.4517833333333334,0.07671418873048208
2026-01-20,1.585,1.605,1.55,1.56,3837376109,6029017434,-0.016393442622950838,1.49845,1.4522000000000002,0.016286644951140072
2026-01-21,1.556,1.627,1.556,1.616,4245555184,6828229478,0.03589743589743599,1.509,1.4531666666666667,0.03722721437740706
2026-01-22,1.643,1.658,1.61,1.622,2741175613,4457108756,0.003712871287128605,1.5196,1.4544500000000002,0.04983818770226556
2026-01-23,1.61,1.635,1.604,1.635,2655972298,4304130319,0.00801479654747217,1.5302,1.4556166666666666,0.04472843450479247
2026-01-26,1.635,1.658,1.609,1.615,2654515608,4314890536,-0.012232415902140636,1.53985,1.45695,0.05211726384364823
2026-01-27,1.606,1.645,1.586,1.64,2918892061,4723057831,0.015479876160990669,1.5509,1.4594833333333335,0.10215053763440851
2026-01-28,1.645,1.651,1.616,1.635,3148705248,5139277872,-0.0030487804878047697,1.5618,1.4622333333333333,0.11224489795918369
2026-01-29,1.631,1.642,1.587,1.589,3350348781,5391204852,-0.028134556574923586,1.5695999999999999,1.4644666666666666,0.09209621993127137
2026-01-30,1.579,1.602,1.542,1.588,3242022111,5110410662,-0.0006293266205159576,1.57815,1.4666000000000001,0.08767123287671241
2026-02-02,1.576,1.588,1.526,1.528,3137158158,4870464007,-0.037783375314861534,1.5806,1.4669166666666666,0.012591119946984808
2026-02-03,1.551,1.556,1.504,1.548,3077135613,4724253964,0.01308900523560208,1.58275,1.4679333333333333,0.04102219233355742
2026-02-04,1.532,1.534,1.509,1.531,2613917180,3974614009,-0.010981912144702899,1.5833,1.4688166666666667,0.035859269282814576
2026-02-05,1.508,1.517,1.491,1.508,2931610189,4409807720,-0.015022860875244848,1.58215,1.4696666666666665,0.03500343170899112
2026-02-06,1.49,1.517,1.48,1.499,2553828857,3830757714,-0.005968169761273123,1.5794000000000001,1.4705,0.03450655624568677
2026-02-09,1.527,1.536,1.517,1.535,2293604445,3505964862,0.02401601067378234,1.57645,1.4716,0.04492852280462878
2026-02-10,1.538,1.564,1.537,1.55,2058268306,3192807461,0.009771986970684043,1.5765,1.4735833333333335,0.08315863032844173
2026-02-11,1.54,1.545,1.53,1.533,1512249869,2323690699,-0.010967741935483999,1.5741999999999998,1.4754333333333334,0.07805907172995785
2026-02-12,1.538,1.56,1.531,1.559,2016644543,3117995539,0.01696020874103077,1.5735,1.4776333333333334,0.09250175192711985
2026-02-13,1.55,1.57,1.544,1.548,1855753670,2891253227,-0.007055805003207127,1.57125,1.4798833333333334,0.09554140127388533
2026-02-24,1.57,1.572,1.53,1.543,1760491762,2721380168,-0.003229974160206761,1.5691000000000002,1.4823333333333333,0.10530085959885382
2026-02-25,1.547,1.559,1.531,1.552,2082856635,3222265881,0.005832793259883395,1.5687000000000002,1.4856833333333335,0.14877868245743908
2026-02-26,1.554,1.574,1.533,1.564,2468920801,3838931688,0.0077319587628865705,1.5661,1.4890833333333333,0.1499999999999999
2026-02-27,1.55,1.572,1.541,1.566,1928790947,3004798568,0.0012787723785165905,1.5633,1.4923666666666666,0.14390065741417102
2026-03-02,1.54,1.565,1.535,1.544,2155820703,3336530501,-0.01404853128991057,1.55875,1.4950666666666668,0.11722141823444288
2026-03-03,1.544,1.549,1.459,1.464,3961495732,5908628130,-0.05181347150259075,1.5512,1.4964833333333334,0.061638868745467645
2026-03-04,1.454,1.483,1.45,1.459,2137849153,3131209129,-0.003415300546448008,1.5421500000000001,1.4975833333333333,0.04737975592246957
2026-03-05,1.489,1.499,1.471,1.482,2727848096,4059743641,0.015764222069910794,1.5345,1.4988833333333331,0.05555555555555558
2026-03-06,1.472,1.498,1.471,1.491,1688885410,2513816551,0.006072874493927127,1.5296,1.5006166666666665,0.07498197548666186
2026-03-09,1.463,1.473,1.424,1.465,2881333925,4155974564,-0.017437961099932897,1.52345,1.5021166666666665,0.06545454545454543
2026-03-10,1.49,1.501,1.477,1.495,2170973327,3238284866,0.020477815699658786,1.5218,1.5037999999999998,0.0724533715925395
2026-03-11,1.497,1.503,1.474,1.477,2020213802,3001544779,-0.012040133779264273,1.51825,1.5051833333333335,0.05954088952654235
2026-03-12,1.472,1.487,1.445,1.456,1880631916,2749948102,-0.014218009478673022,1.5145000000000002,1.5057833333333333,0.025352112676056304
2026-03-13,1.446,1.466,1.438,1.45,1855026153,2688547407,-0.004120879120879106,1.5116,1.5063833333333332,0.02545968882602545
2026-03-16,1.446,1.46,1.42,1.458,2660262968,3824586637,0.0055172413793103114,1.50955,1.5071,0.03038869257950516
2026-03-17,1.459,1.464,1.425,1.428,2269397114,3274839868,-0.020576131687242816,1.5042,1.5077,0.02586206896551735
2026-03-18,1.432,1.447,1.42,1.445,2182505407,3132632859,0.011904761904762085,1.49895,1.50815,0.01904090267983083
2026-03-19,1.424,1.427,1.405,1.411,2765117413,3915746632,-0.02352941176470591,1.4928500000000002,1.5085166666666665,0.015838732901367836
2026-03-20,1.414,1.419,1.387,1.388,2904589942,4081321332,-0.016300496102055417,1.4843,1.5089666666666668,0.01983835415135915
2026-03-23,1.366,1.375,1.32,1.329,4309028903,5804576583,-0.04250720461095092,1.47335,1.5078500000000001,-0.04799426934097417
2026-03-24,1.345,1.36,1.316,1.359,3385099544,4532922643,0.02257336343115135,1.46415,1.5075666666666665,-0.012354651162790664
2026-03-25,1.363,1.397,1.362,1.385,3332617020,4615127830,0.019131714495952856,1.4558,1.5076500000000002,0.0036231884057971175
2026-03-26,1.383,1.386,1.353,1.357,1958526672,2679012873,-0.02021660649819501,1.44545,1.50685,-0.03416370106761568
2026-03-27,1.334,1.379,1.332,1.37,2294693153,3123347992,0.009579955784819516,1.43565,1.5061833333333334,-0.028368794326240954
2026-03-30,1.347,1.364,1.337,1.359,2090774997,2823974003,-0.008029197080292039,1.4264,1.5051166666666667,-0.044975404075896064
2026-03-31,1.356,1.366,1.322,1.324,2573266713,3457849471,-0.02575423105224428,1.4194,1.5034833333333333,-0.06891701828410679
2026-04-01,1.354,1.372,1.35,1.369,3013854064,4101942798,0.03398791540785484,1.4148999999999998,1.5026499999999998,-0.03523608174770965
2026-04-02,1.363,1.365,1.322,1.33,2675806342,3580727077,-0.02848794740686622,1.4073,1.5011999999999999,-0.06139731827805217
2026-04-03,1.335,1.339,1.321,1.324,1751604814,2329375556,-0.004511278195488688,1.39895,1.4993833333333335,-0.07606420097697142
2026-04-07,1.33,1.355,1.327,1.342,2255214004,3032705150,0.013595166163141936,1.3928,1.4981333333333333,-0.05292872265349324
2026-04-08,1.385,1.425,1.385,1.425,4004488918,5626200492,0.06184798807749625,1.3893,1.4972333333333334,-0.0365111561866126
2026-04-09,1.408,1.435,1.403,1.415,2695584889,3829053222,-0.007017543859649145,1.3862,1.4957333333333334,-0.05980066445182719
2026-04-10,1.434,1.457,1.434,1.437,2545706748,3677645270,0.015547703180212036,1.3852499999999999,1.49435,-0.05460526315789471
2026-04-13,1.428,1.47,1.424,1.448,2592938081,3761476975,0.0076548364648572065,1.3851499999999999,1.4929666666666668,-0.05421293272370997
2026-04-14,1.473,1.484,1.461,1.479,2631892477,3879672253,0.02140883977900554,1.3862,1.4917166666666666,-0.04826254826254828
2026-04-15,1.491,1.509,1.474,1.482,3038120642,4537686041,0.002028397565922768,1.3889,1.4898500000000001,-0.07026348808030114
2026-04-16,1.485,1.501,1.477,1.498,2272496224,3386250007,0.010796221322537214,1.39155,1.489,-0.032924467398321444
2026-04-17,1.492,1.51,1.489,1.499,1971772578,2957520389,0.0006675567423231055,1.39595,1.4876666666666667,-0.05066497783407209
2026-04-20,1.5,1.529,1.5,1.527,2405922601,3656358054,0.01867911941294187,1.4029,1.4868999999999999,-0.029243483788938374
2026-04-21,1.523,1.523,1.491,1.504,2326183182,3491812823,-0.015062213490504184,1.41165,1.4854166666666666,-0.05586942875078471
2026-04-22,1.496,1.53,1.495,1.529,2362275286,3577416490,0.0166223404255319,1.42015,1.4844666666666666,-0.0359394703657
2026-04-23,1.543,1.545,1.494,1.508,2557880448,3885256802,-0.013734466971876969,1.4263,1.4835999999999998,-0.033333333333333326
2026-04-24,1.513,1.551,1.493,1.531,3291692915,5021637937,0.01525198938992034,1.435,1.4821833333333332,-0.0525990099009902
2026-04-27,1.552,1.597,1.544,1.591,3305298405,5210584149,0.03919007184846501,1.44605,1.4816666666666665,-0.01911220715166473
2026-04-28,1.579,1.608,1.559,1.568,2318388559,3669559822,-0.014456316781898071,1.4565,1.48055,-0.04097859327217124
2026-04-29,1.555,1.576,1.53,1.575,2293878893,3572909431,0.004464285714285587,1.46905,1.4798833333333332,-0.024767801857585203
2026-04-30,1.592,1.665,1.59,1.654,5141054210,8401295638,0.05015873015873007,1.4833,1.4801166666666667,0.008536585365853666
2026-05-06,1.719,1.812,1.709,1.744,4337690073,7667042667,0.054413542926239566,1.504,1.4819333333333335,0.06666666666666665
2026-05-07,1.752,1.772,1.733,1.769,2353372829,4125315030,0.014334862385321001,1.52625,1.4849333333333334,0.11327879169288857
2026-05-08,1.744,1.745,1.712,1.727,2767801082,4788137989,-0.02374222724703212,1.5454999999999999,1.48725,0.08753148614609563
2026-05-11,1.777,1.82,1.758,1.811,3705334346,6647081832,0.04863925883034148,1.5648,1.4919666666666667,0.1852094240837696
2026-05-12,1.802,1.841,1.777,1.816,2899940542,5240256795,0.002760905577029238,1.5848499999999999,1.4964333333333333,0.17312661498708004
2026-05-13,1.78,1.866,1.767,1.865,3417450678,6212086909,0.02698237885462551,1.60625,1.502,0.2181580666231222
2026-05-14,1.884,1.898,1.814,1.815,3470171325,6412216624,-0.02680965147453085,1.6245999999999998,1.5071166666666669,0.2035809018567638
2026-05-15,1.807,1.865,1.758,1.787,4418070448,7958614084,-0.015426997245179042,1.6400000000000001,1.5119166666666666,0.19212808539026005
2026-05-18,1.77,1.842,1.77,1.803,3313839092,5995788657,0.008953553441522155,1.6560499999999998,1.5163833333333332,0.1745928338762215
2026-05-19,1.787,1.872,1.759,1.871,3799184196,6868976901,0.03771491957848028,1.6747,1.5217333333333334,0.20709677419354833
2026-05-20,1.857,1.933,1.856,1.931,3955865599,7542789897,0.032068412613575736,1.6963000000000001,1.5283666666666667,0.25962165688193095
2026-05-21,1.967,1.994,1.853,1.86,4381124178,8475584622,-0.03676851372345935,1.71295,1.5333833333333333,0.19307248236048768
2026-05-22,1.873,1.899,1.84,1.887,3191348281,5967880687,0.014516129032257963,1.7321000000000002,1.5390333333333333,0.21899224806201545
2026-05-25,1.887,2.002,1.867,1.998,4328424855,8450888570,0.05882352941176472,1.75555,1.5466166666666668,0.29488010369410245
2026-05-26,1.983,1.983,1.922,1.968,3723469406,7266807369,-0.01501501501501501,1.7785499999999999,1.55355,0.268041237113402
2026-05-27,1.972,2.003,1.905,1.911,3820345548,7471395274,-0.02896341463414631,1.79755,1.5593333333333335,0.22186700767263434
2026-05-28,1.893,1.954,1.891,1.942,3883039052,7480500717,0.016221873364730355,1.8151,1.5656,0.24010217113665377
2026-05-29,1.944,1.952,1.82,1.844,4620430910,8654625508,-0.05046343975283207,1.8289000000000002,1.5705999999999998,0.19430051813471505
