date,open,high,low,close,volume,amount,daily_return,ma20,ma60,momentum_60
2020-01-02,1.9,1.901,1.878,1.895,94491559,178405377,,,,
2020-01-03,1.895,1.898,1.88,1.887,46498900,87852448,-0.004221635883905006,,,
2020-01-06,1.878,1.886,1.856,1.867,81611141,152718114,-0.010598834128245915,,,
2020-01-07,1.867,1.89,1.867,1.889,59562700,111974443,0.011783610069630468,,,
2020-01-08,1.877,1.883,1.869,1.871,32964100,61817594,-0.009528851244044456,,,
2020-01-09,1.881,1.921,1.881,1.919,72057747,137333221,0.0256547300908605,,,
2020-01-10,1.92,1.939,1.92,1.93,51201638,98747693,0.005732152162584603,,,
2020-01-13,1.929,1.943,1.915,1.942,40331600,77784282,0.006217616580310947,,,
2020-01-14,1.942,1.945,1.92,1.924,36648630,70711383,-0.009268795056642687,,,
2020-01-15,1.923,1.948,1.918,1.932,38006640,73515098,0.004158004158004269,,,
2020-01-16,1.931,1.936,1.912,1.932,28696368,55255576,0.0,,,
2020-01-17,1.932,1.973,1.93,1.961,57432815,112222271,0.015010351966873836,,,
2020-01-20,2.015,2.02,1.949,1.98,156705715,309345542,0.009688934217236156,,,
2020-01-21,2.008,2.022,1.982,2.002,232607714,465959552,0.011111111111111072,,,
2020-01-22,2.015,2.015,1.958,1.978,140489792,277493394,-0.011988011988011915,,,
2020-01-23,1.978,1.989,1.906,1.931,114491197,222997485,-0.023761375126390205,,,
2020-02-03,2.005,2.005,1.738,1.805,200165124,373331049,-0.06525116519937857,,,
2020-02-04,1.82,1.904,1.82,1.888,105054869,195531083,0.04598337950138509,,,
2020-02-05,1.906,1.96,1.892,1.954,146901782,281809587,0.03495762711864403,,,
2020-02-06,1.965,2.037,1.941,2.013,191591678,383753519,0.0301944728761514,1.925,,
2020-02-07,2.021,2.034,1.956,1.986,147194443,293012482,-0.01341281669150518,1.9295499999999997,,
2020-02-10,1.983,1.983,1.944,1.965,91311518,178581304,-0.010574018126888185,1.93345,,
2020-02-11,1.964,1.985,1.953,1.976,81654485,160587161,0.005597964376590214,1.9388999999999998,,
2020-02-12,1.979,2.004,1.976,2.0,72667980,145003086,0.012145748987854255,1.9444500000000002,,
2020-02-13,2.002,2.004,1.969,1.982,68806821,136480331,-0.009000000000000008,1.95,,
2020-02-14,1.991,2.003,1.973,1.986,48951557,97563693,0.0020181634712410634,1.9533499999999997,,
2020-02-17,1.987,2.022,1.983,2.02,77157460,154893346,0.017119838872104776,1.9578499999999999,,
2020-02-18,2.031,2.036,1.994,2.004,46407108,93199641,-0.007920792079207928,1.9609499999999997,,
2020-02-19,1.993,1.998,1.97,1.974,46154665,91459097,-0.014970059880239583,1.96345,,
2020-02-20,1.972,2.0,1.97,1.999,48874028,97094712,0.012664640324214771,1.9667999999999999,,
2020-02-21,1.995,2.008,1.979,2.002,67078779,133964724,0.0015007503751873763,1.9703,,
2020-02-24,2.003,2.007,1.979,1.996,49212874,98175164,-0.0029970029970028955,1.97205,,
2020-02-25,1.971,2.026,1.96,2.015,79376600,159051522,0.009519038076152286,1.9738,,
2020-02-26,1.996,1.997,1.948,1.953,57261812,112690003,-0.03076923076923077,1.97135,,
2020-02-27,1.959,1.978,1.953,1.965,26416770,51912443,0.006144393241167334,1.9707000000000001,,
2020-02-28,1.934,1.955,1.9,1.904,32212810,62011974,-0.03104325699745558,1.96935,,
2020-03-02,1.916,1.957,1.905,1.949,31029330,60053742,0.023634453781512743,1.97655,,
2020-03-03,1.969,2.021,1.969,2.0,61836663,123977468,0.02616726526423796,1.98215,,
2020-03-04,1.999,2.0,1.976,1.999,29893367,59416323,-0.0004999999999999449,1.9843999999999997,,
2020-03-05,2.019,2.064,2.013,2.062,86157041,176511743,0.03151575787893934,1.98685,,
2020-03-06,2.055,2.1,2.049,2.06,52549216,109166701,-0.0009699321047526022,1.99055,,
2020-03-09,2.033,2.048,2.0,2.003,45704053,92517245,-0.02766990291262128,1.9924499999999998,,
2020-03-10,1.99,2.033,1.96,2.028,35293883,70720044,0.01248127808287558,1.9950499999999998,,
2020-03-11,2.025,2.036,1.993,1.994,22371882,45048552,-0.0167652859960552,1.9947500000000002,,
2020-03-12,1.97,1.981,1.918,1.933,34557099,67141088,-0.0305917753259779,1.9923000000000002,,
2020-03-13,1.848,1.914,1.82,1.89,44701861,83615468,-0.02224521469218843,1.9875,,
2020-03-16,1.907,1.915,1.826,1.835,38143698,71580212,-0.02910052910052907,1.9782499999999998,,
2020-03-17,1.834,1.877,1.77,1.832,38035450,69323450,-0.0016348773841960984,1.9696500000000001,,
2020-03-18,1.839,1.884,1.813,1.817,31709100,58909693,-0.008187772925764225,1.9617999999999998,,
2020-03-19,1.81,1.829,1.748,1.793,61479162,109695764,-0.01320858558062743,1.9515,,
2020-03-20,1.805,1.839,1.798,1.839,21010400,38188360,0.025655326268823275,1.9433500000000001,,
2020-03-23,1.818,1.832,1.783,1.805,22708260,41224591,-0.018488308863512826,1.9338000000000002,,
2020-03-24,1.829,1.866,1.824,1.865,25205239,46515799,0.033240997229917024,1.9263,,
2020-03-25,1.899,1.931,1.883,1.925,36191400,69075548,0.03217158176943702,1.9249000000000003,,
2020-03-26,1.914,1.965,1.905,1.964,38874110,75800183,0.0202597402597402,1.92485,,
2020-03-27,1.99,2.01,1.956,1.966,35159232,69695112,0.0010183299389001643,1.9279500000000003,,
2020-03-30,1.943,1.965,1.912,1.935,28622000,55442063,-0.01576805696846384,1.9272499999999997,,
2020-03-31,1.945,1.964,1.93,1.961,23427443,45650392,0.013436692506459957,1.9253,,
2020-04-01,1.955,1.962,1.923,1.926,32961300,64060290,-0.017848036715961357,1.92165,,
2020-04-02,1.924,1.959,1.913,1.958,17756000,34342526,0.01661474558670828,1.91645,1.9427666666666668,
2020-04-03,1.958,2.0,1.955,1.978,32114300,63628285,0.010214504596527174,1.91235,1.94415,0.0437994722955144
2020-04-07,1.998,2.03,1.989,2.028,28596496,57498995,0.025278058645096024,1.9136000000000002,1.9465000000000001,0.07472178060413359
2020-04-08,2.022,2.038,1.996,2.022,22356100,45124962,-0.002958579881656931,1.9133,1.9490833333333333,0.0830208891269415
2020-04-09,2.026,2.087,2.019,2.074,38534796,79479726,0.02571711177052416,1.9172999999999998,1.9521666666666666,0.09793541556379037
2020-04-10,2.066,2.116,2.045,2.052,33594513,69890241,-0.01060752169720336,1.92325,1.9551833333333333,0.0967397113842865
2020-04-13,2.049,2.078,2.035,2.063,26411596,54338051,0.005360623781676566,1.9319000000000002,1.9575833333333332,0.07503908285565397
2020-04-14,2.073,2.098,2.04,2.092,22220786,46008781,0.014057198254968428,1.9447500000000002,1.9602833333333334,0.08393782383419701
2020-04-15,2.086,2.111,2.073,2.081,29458212,61552170,-0.005258126195028745,1.9571999999999998,1.9626,0.07157569515962936
2020-04-16,2.071,2.099,2.058,2.085,25131156,52311479,0.001922152811148381,1.9706,1.9652833333333333,0.08367983367983367
2020-04-17,2.084,2.096,2.067,2.071,22513936,46846085,-0.006714628297362024,1.9845000000000002,1.9676,0.07194616977225676
2020-04-20,2.068,2.099,2.068,2.083,18074168,37705126,0.005794302269435114,1.9967,1.9701166666666665,0.07815734989648049
2020-04-21,2.088,2.09,2.047,2.068,26204405,54095484,-0.00720115218434958,2.0098499999999997,1.9719000000000002,0.054563997960224375
2020-04-22,2.06,2.113,2.047,2.112,24935488,52027134,0.02127659574468077,2.0222,1.9741,0.06666666666666665
2020-04-23,2.117,2.139,2.101,2.112,18015037,38189279,0.0,2.03155,1.9759333333333333,0.054945054945055194
2020-04-24,2.109,2.11,2.072,2.079,64789353,135188714,-0.015625,2.0373,1.9776166666666666,0.05106167846309417
2020-04-27,2.085,2.136,2.066,2.125,30800601,65098470,0.022126022126021994,2.0452500000000002,1.98085,0.10046607975142408
2020-04-28,2.123,2.136,2.082,2.125,19491009,41273459,0.0,2.0547500000000003,1.9861833333333334,0.17728531855955687
2020-04-29,2.124,2.141,2.086,2.096,13744200,29064546,-0.013647058823529346,2.0614999999999997,1.9896500000000001,0.11016949152542388
2020-04-30,2.088,2.104,2.081,2.092,20757100,43402417,-0.001908396946564861,2.0698,1.99195,0.07062436028659169
2020-05-06,2.079,2.132,2.065,2.129,19722566,41422738,0.017686424474187445,2.07835,1.9938833333333332,0.057625434674615006
2020-05-07,2.131,2.139,2.117,2.132,19554900,41650345,0.0014091122592767569,2.08605,1.9963166666666665,0.07351460221550865
2020-05-08,2.135,2.173,2.131,2.153,22839100,49211167,0.009849906191369495,2.0923,1.9994500000000002,0.0956743002544529
2020-05-11,2.158,2.163,2.11,2.12,27847300,59180909,-0.015327450069670179,2.0972,2.00185,0.07287449392712553
2020-05-12,2.119,2.148,2.113,2.144,17925100,38255861,0.01132075471698113,2.1007000000000002,2.0042500000000003,0.07200000000000006
2020-05-13,2.14,2.18,2.135,2.177,23709300,51252319,0.01539179104477606,2.1069500000000003,2.0075,0.09838546922300706
2020-05-14,2.179,2.185,2.159,2.175,14410500,31327475,-0.0009186954524575963,2.1125499999999997,2.01065,0.09516616314199378
2020-05-15,2.173,2.188,2.141,2.154,25367800,54649585,-0.0096551724137931,2.11565,2.0128833333333334,0.0663366336633664
2020-05-18,2.143,2.205,2.138,2.192,30967481,67470736,0.017641597028783762,2.1212000000000004,2.016016666666667,0.09381237524950103
2020-05-19,2.209,2.239,2.192,2.207,16635300,36740086,0.006843065693430406,2.1273000000000004,2.0199000000000003,0.11803444782168171
2020-05-20,2.212,2.218,2.173,2.187,14788700,32437789,-0.009062075215224286,2.1330999999999998,2.0230333333333332,0.09404702351175565
2020-05-21,2.187,2.233,2.184,2.198,18558901,40991519,0.005029721079103933,2.13885,2.0263,0.09790209790209792
2020-05-22,2.2,2.205,2.123,2.142,27853700,59991445,-0.02547770700636942,2.14255,2.0287333333333333,0.07314629258517025
2020-05-25,2.144,2.173,2.127,2.172,13312800,28702190,0.01400560224089653,2.14555,2.03135,0.07791563275434243
2020-05-26,2.172,2.21,2.169,2.209,12929500,28413155,0.017034990791896742,2.1504,2.035616666666667,0.13108038914490527
2020-05-27,2.21,2.21,2.158,2.166,28164101,61309184,-0.019465821638750658,2.15475,2.0389666666666666,0.10229007633587783
2020-05-28,2.164,2.164,2.104,2.136,27152500,58014733,-0.013850415512465242,2.1552999999999995,2.0428333333333333,0.12184873949579833
2020-05-29,2.124,2.167,2.121,2.158,12676200,27334350,0.010299625468164653,2.1569499999999997,2.046316666666667,0.10723447922011276
2020-06-01,2.172,2.205,2.171,2.2,13536093,29660445,0.019462465245597915,2.16215,2.04965,0.10000000000000009
2020-06-02,2.2,2.2,2.17,2.182,24242300,52758107,-0.00818181818181829,2.16665,2.0527,0.09154577288644306
2020-06-03,2.183,2.211,2.183,2.191,33908093,74625569,0.004124656278643446,2.1697499999999996,2.05485,0.062560620756547
2020-06-04,2.205,2.217,2.184,2.214,20439900,44927442,0.010497489730716625,2.17385,2.0574166666666667,0.07475728155339811
2020-06-05,2.21,2.234,2.196,2.231,11343600,25148470,0.007678410117434531,2.17775,2.0612166666666667,0.11382925611582606
2020-06-08,2.238,2.242,2.192,2.202,25708189,56797587,-0.012998655311519447,2.18185,2.0641166666666666,0.08579881656804722
2020-06-09,2.202,2.244,2.202,2.242,15158802,33807205,0.01816530426884655,2.18675,2.06825,0.12437311935807416
2020-06-10,2.24,2.293,2.24,2.281,17029611,38694369,0.017395182872435466,2.19195,2.07405,0.18003103983445423
2020-06-11,2.284,2.3,2.253,2.27,12636800,28822177,-0.0048224462954844505,2.1967,2.0803833333333333,0.20105820105820116
2020-06-12,2.244,2.306,2.238,2.302,17594500,40164801,0.014096916299559448,2.2041,2.0881666666666665,0.2544959128065396
2020-06-15,2.312,2.329,2.29,2.295,26159100,60384330,-0.003040834057341457,2.20925,2.0958833333333335,0.25272925764192133
2020-06-16,2.307,2.352,2.301,2.347,29642900,69264532,0.02265795206971677,2.2162499999999996,2.1047166666666666,0.2916895982388552
2020-06-17,2.358,2.412,2.355,2.405,43634000,104525695,0.0247123988069875,2.22715,2.114916666666667,0.3413273842721696
2020-06-18,2.403,2.406,2.345,2.391,40948201,97132663,-0.0058212058212057105,2.2367999999999997,2.1241166666666667,0.30016313213703105
2020-06-19,2.38,2.456,2.376,2.449,25720164,62589062,0.02425763278962778,2.25215,2.13485,0.3567867036011081
2020-06-22,2.452,2.511,2.448,2.473,31776314,78658884,0.009799918334013835,2.2672,2.1449833333333337,0.32600536193029495
2020-06-23,2.471,2.524,2.456,2.523,26196100,65270961,0.020218358269308734,2.2829,2.15495,0.3106493506493506
2020-06-24,2.53,2.534,2.466,2.512,56626902,140840560,-0.004359889021006813,2.3002,2.164083333333333,0.2790224032586559
2020-06-29,2.495,2.512,2.48,2.507,28586000,71420262,-0.001990445859872514,2.31875,2.1731,0.27517802644964395
2020-06-30,2.506,2.545,2.506,2.528,43022200,108823922,0.008376545672118096,2.33725,2.182983333333333,0.30645994832041334
2020-07-01,2.531,2.54,2.464,2.503,50222960,125620377,-0.009889240506329111,2.3524000000000003,2.192016666666667,0.2763895971443142
2020-07-02,2.505,2.517,2.468,2.484,57430100,142992749,-0.007590890930882943,2.3674999999999997,2.2013166666666666,0.28971962616822444
2020-07-03,2.483,2.523,2.451,2.522,41561270,103489539,0.015297906602254274,2.38405,2.210716666666667,0.28804902962206325
2020-07-06,2.522,2.57,2.492,2.536,62219040,156930610,0.005551149881046991,2.40015,2.2200166666666665,0.28210313447927193
2020-07-07,2.536,2.641,2.503,2.609,66760600,172367661,0.02878548895899047,2.41905,2.2297000000000002,0.28648915187376733
2020-07-08,2.61,2.633,2.582,2.61,51012000,133002426,0.0003832886163279703,2.43945,2.2395,0.2908011869436202
2020-07-09,2.609,2.709,2.596,2.707,59128826,157833412,0.03716475095785432,2.4627,2.25005,0.3052073288331727
2020-07-10,2.716,2.754,2.687,2.734,68168200,186163950,0.009974141115626223,2.48535,2.261416666666667,0.3323586744639375
2020-07-13,2.74,2.851,2.74,2.823,58675500,164377533,0.032553035844915756,2.513,2.274083333333334,0.3683955404750363
2020-07-14,2.851,2.881,2.778,2.856,65333600,184881651,0.011689691817215797,2.5406999999999997,2.2868166666666667,0.3652007648183555
2020-07-15,2.868,2.973,2.856,2.894,82168423,239888709,0.013305322128851715,2.57065,2.300366666666667,0.3906775588659299
2020-07-16,2.92,2.92,2.697,2.718,105886504,295857709,-0.06081548030407746,2.5892,2.3109166666666665,0.3035971223021583
2020-07-17,2.689,2.785,2.689,2.745,67129569,183400106,0.009933774834437026,2.6062000000000003,2.32215,0.32544664413326885
2020-07-20,2.764,2.777,2.661,2.75,58900332,159848207,0.0018214936247722413,2.62415,2.333266666666667,0.32021123379740746
2020-07-21,2.751,2.851,2.724,2.845,69144032,194183200,0.03454545454545466,2.6439500000000002,2.3462166666666664,0.37572533849129597
2020-07-22,2.83,2.897,2.801,2.866,58358300,167418974,0.007381370826010425,2.6635999999999997,2.3587833333333332,0.3570075757575757
2020-07-23,2.84,2.938,2.838,2.938,72955168,211926255,0.02512212142358683,2.68435,2.37255,0.39109848484848486
2020-07-24,2.912,2.912,2.753,2.782,78758268,223154420,-0.053097345132743445,2.69785,2.3842666666666665,0.3381433381433381
2020-07-27,2.793,2.856,2.793,2.841,62734381,177544368,0.02120776419841852,2.71455,2.3962,0.3369411764705883
2020-07-28,2.856,2.88,2.784,2.841,52682392,148677063,0.0,2.7302,2.4081333333333332,0.3369411764705883
2020-07-29,2.819,2.948,2.81,2.944,62419522,181158997,0.03625483984512479,2.7522499999999996,2.4222666666666663,0.4045801526717556
2020-07-30,2.963,3.049,2.935,2.966,65986564,197383602,0.007472826086956541,2.77635,2.4368333333333334,0.4177820267686425
2020-07-31,2.961,3.007,2.927,3.006,102945952,306595157,0.013486176668914274,2.80055,2.45145,0.4119304837952089
2020-08-03,3.021,3.088,2.98,3.082,60696058,184350430,0.02528276779773786,2.82785,2.4672833333333335,0.445590994371482
2020-08-04,3.075,3.153,3.037,3.053,62309785,192731111,-0.00940947436729389,2.85005,2.482283333333333,0.41802136553646063
2020-08-05,3.05,3.109,2.987,3.101,47943905,146280492,0.015722240419259847,2.8746,2.498633333333333,0.4627358490566036
2020-08-06,3.108,3.143,2.986,3.025,76585254,232205653,-0.024508223153821396,2.8905000000000003,2.513316666666667,0.4109141791044775
2020-08-07,3.021,3.051,2.906,2.966,82477753,244756469,-0.019504132231404903,2.9021,2.5264666666666664,0.3624253559944879
2020-08-10,2.95,2.98,2.872,2.948,81436545,238906316,-0.00606877950101159,2.90835,2.53935,0.3554022988505747
2020-08-11,2.946,3.008,2.915,2.928,48521910,144309276,-0.006784260515603768,2.91195,2.5522500000000004,0.3593314763231199
2020-08-12,2.916,2.94,2.781,2.835,51995217,147757631,-0.03176229508196715,2.909,2.5629666666666666,0.293339416058394
2020-08-13,2.836,2.848,2.77,2.782,55236908,154848344,-0.01869488536155206,2.9122,2.57255,0.2605346624376983
2020-08-14,2.775,2.816,2.738,2.806,45737118,127216376,0.008626887131560013,2.91525,2.582866666666667,0.2830361225422955
2020-08-17,2.808,2.85,2.785,2.848,44514957,125579661,0.014967925873129007,2.92015,2.5936999999999997,0.2957233848953593
2020-08-18,2.851,2.909,2.851,2.888,33979603,98113074,0.014044943820224809,2.9223,2.606133333333333,0.34827264239028954
2020-08-19,2.888,2.888,2.785,2.787,46205914,130204429,-0.03497229916897504,2.9183499999999998,2.6163833333333333,0.28314917127071815
2020-08-20,2.765,2.802,2.741,2.771,24579900,68103417,-0.005740940078937884,2.91,2.6257499999999996,0.25441376188320497
2020-08-21,2.791,2.819,2.771,2.79,28835655,80693293,0.006856730422230228,2.9104,2.63615,0.2880886426592799
2020-08-24,2.8,2.812,2.735,2.806,23175410,64549739,0.005734767025089571,2.90865,2.6473166666666668,0.31367041198501866
2020-08-25,2.802,2.841,2.802,2.82,27834078,78626801,0.0049893086243761875,2.9076,2.6583499999999995,0.3067655236329936
2020-08-26,2.814,2.89,2.814,2.827,44430784,126897860,0.0024822695035462417,2.9017500000000003,2.6687999999999996,0.2849999999999999
2020-08-27,2.833,2.85,2.792,2.85,23885304,67407347,0.008135833038556806,2.89595,2.6799333333333335,0.30614115490375804
2020-08-28,2.848,2.945,2.835,2.944,52778369,153204654,0.03298245614035089,2.89285,2.6924833333333336,0.34367868553172065
2020-08-31,2.956,2.959,2.906,2.915,41024149,120244949,-0.009850543478260865,2.8845,2.7041666666666666,0.31662149954832874
2020-09-01,2.904,2.932,2.884,2.904,30901138,89713375,-0.0037735849056603765,2.87705,2.715383333333333,0.30165844912595263
2020-09-02,2.904,2.919,2.871,2.914,29317074,84934518,0.003443526170799016,2.8677,2.7272499999999997,0.32334241598546787
2020-09-03,2.9,2.975,2.883,2.901,35913953,105296925,-0.004461221688400907,2.8615,2.7382333333333335,0.29393398751115063
2020-09-04,2.848,2.866,2.812,2.853,30335869,85922759,-0.016546018614270852,2.8558499999999998,2.7477666666666662,0.25076720736519076
2020-09-07,2.838,2.862,2.756,2.76,32239153,90419055,-0.03259726603575197,2.84645,2.7559333333333336,0.2158590308370043
2020-09-08,2.763,2.787,2.743,2.776,19919800,55122611,0.005797101449275477,2.83885,2.763833333333333,0.20590790616854893
2020-09-09,2.732,2.732,2.62,2.652,39296300,104743587,-0.0446685878962535,2.8297,2.7697833333333337,0.15555555555555567
2020-09-10,2.679,2.709,2.645,2.65,25206900,67551739,-0.0007541478129714507,2.8231,2.774833333333333,0.12910097997443537
2020-09-11,2.639,2.7,2.619,2.697,20821800,55900166,0.017735849056603747,2.8176499999999995,2.7796999999999996,0.12141372141372142
2020-09-14,2.713,2.73,2.651,2.669,23351167,62795912,-0.010381905821282955,2.8087,2.7843333333333335,0.1162693433709745
2020-09-15,2.672,2.7,2.629,2.699,26893624,71962770,0.011240164855751189,2.79925,2.7885,0.10208248264597786
2020-09-16,2.69,2.711,2.633,2.651,30657000,81421012,-0.017784364579473855,2.79245,2.7914666666666665,0.0719773554387384
2020-09-17,2.637,2.641,2.567,2.589,32186871,83408488,-0.023387400980761863,2.78335,2.7925666666666666,0.026159334126040434
2020-09-18,2.595,2.629,2.57,2.628,32723400,85128479,0.015063731170336103,2.77525,2.7945,0.04617834394904463
2020-09-21,2.63,2.652,2.608,2.621,30088355,79093621,-0.0026636225266363223,2.7659999999999996,2.7963999999999998,0.04547267650578379
2020-09-22,2.622,2.66,2.61,2.621,35351384,93251957,0.0,2.75605,2.79795,0.03678797468354422
2020-09-23,2.63,2.715,2.604,2.697,66685891,178365943,0.028996566196108464,2.74955,2.8011833333333334,0.07750699161006791
2020-09-24,2.676,2.68,2.644,2.655,52954400,140724626,-0.015572858731924488,2.7398,2.8040333333333334,0.06884057971014479
2020-09-25,2.659,2.7,2.639,2.659,49397800,131737607,0.0015065913370997386,2.72555,2.8063166666666666,0.05432196669310074
2020-09-28,2.667,2.675,2.619,2.626,19510200,51544536,-0.012410680707032662,2.7111,2.8078166666666666,0.03548895899053628
2020-09-29,2.636,2.671,2.605,2.655,28691991,75888379,0.011043412033511002,2.6986499999999998,2.808583333333333,0.017631276351092406
2020-09-30,2.668,2.714,2.662,2.678,34212503,91881049,0.008662900188324052,2.6868499999999997,2.8097166666666666,0.02605363984674325
2020-10-09,2.717,2.77,2.709,2.769,49320016,134987392,0.03398058252427183,2.68025,2.81075,0.022903583302549047
2020-10-12,2.775,2.85,2.773,2.85,48711955,136864496,0.02925243770314201,2.6801,2.812683333333333,0.04242867593269928
2020-10-13,2.852,2.886,2.827,2.868,37967539,108813986,0.0063157894736840525,2.6855,2.8134333333333332,0.015940488841657885
2020-10-14,2.864,2.888,2.851,2.856,33410600,95788571,-0.004184100418409997,2.6895,2.8134333333333332,0.0
2020-10-15,2.855,2.856,2.821,2.838,29485700,83662741,-0.006302521008403339,2.6988,2.8125,-0.01935038009675194
2020-10-16,2.828,2.867,2.807,2.851,27640200,78684621,0.004580690627202122,2.70885,2.814716666666667,0.048933038999264156
2020-10-19,2.853,2.864,2.773,2.776,31243500,87767133,-0.02630655910206947,2.7128,2.815233333333333,0.011293260473588251
2020-10-20,2.769,2.803,2.75,2.797,15816271,43974712,0.007564841498559183,2.7192,2.8160166666666666,0.017090909090909046
2020-10-21,2.805,2.844,2.793,2.804,30588037,86127348,0.0025026814444046863,2.72445,2.8153333333333332,-0.014411247803163607
2020-10-22,2.785,2.792,2.73,2.759,24130537,66452944,-0.016048502139800247,2.72985,2.81355,-0.037334263782275
2020-10-23,2.758,2.775,2.645,2.688,58858416,157777025,-0.025733961580282627,2.7348,2.8093833333333333,-0.08509189925119132
2020-10-26,2.643,2.692,2.611,2.685,26641800,70930411,-0.0011160714285715079,2.73765,2.8077666666666667,-0.03486700215672178
2020-10-27,2.677,2.76,2.675,2.755,44561884,121635241,0.02607076350093096,2.74435,2.8063333333333333,-0.0302710313269976
2020-10-28,2.755,2.794,2.735,2.785,29661799,82241783,0.010889292196007316,2.7525500000000003,2.8053999999999997,-0.01971136923618444
2020-10-29,2.76,2.853,2.756,2.835,43743100,123115727,0.017953321364452268,2.75945,2.8035833333333335,-0.037024456521739135
2020-10-30,2.835,2.852,2.773,2.79,30370184,85211881,-0.015873015873015817,2.7662,2.8006499999999996,-0.05933917734322325
2020-11-02,2.789,2.797,2.734,2.759,41407574,114079521,-0.011111111111111183,2.7712,2.7965333333333335,-0.08216899534264799
2020-11-03,2.763,2.797,2.737,2.791,27204903,75545106,0.011598405219282348,2.7794499999999998,2.7916833333333333,-0.09441920830629458
2020-11-04,2.795,2.81,2.778,2.807,24993563,69880089,0.005732712289501896,2.78705,2.787583333333333,-0.08057648214870616
2020-11-05,2.834,2.834,2.78,2.809,35414700,99594119,0.0007125044531528513,2.7936,2.782716666666667,-0.09416317316994516
2020-11-06,2.812,2.812,2.701,2.732,58517200,160083910,-0.027411890352438628,2.79175,2.7778333333333336,-0.09685950413223132
2020-11-09,2.74,2.795,2.727,2.785,49945377,138256775,0.01939970717423134,2.7885,2.7748166666666667,-0.06102494942683745
2020-11-10,2.814,2.843,2.75,2.767,39510851,110156306,-0.006463195691202905,2.7834499999999998,2.7718,-0.06139755766621435
2020-11-11,2.765,2.765,2.683,2.697,33608000,90890225,-0.025298156848572395,2.7755,2.76795,-0.07889344262295073
2020-11-12,2.708,2.748,2.705,2.725,22000823,59930033,0.010381905821282844,2.76985,2.766116666666667,-0.03880070546737213
2020-11-13,2.722,2.722,2.69,2.716,19271500,52065777,-0.003302752293577904,2.7631,2.765016666666667,-0.02372393961178998
2020-11-16,2.729,2.733,2.696,2.725,16879500,45857791,0.003313696612665673,2.76055,2.7636666666666665,-0.02886671418389164
2020-11-17,2.71,2.716,2.645,2.658,35925900,95810556,-0.024587155963302854,2.7535999999999996,2.7605,-0.0667134831460674
2020-11-18,2.662,2.675,2.614,2.616,40463200,106458784,-0.015801354401805745,2.7442,2.7559666666666667,-0.09418282548476442
2020-11-19,2.617,2.636,2.598,2.631,23992500,62922941,0.005733944954128267,2.7378,2.7533666666666665,-0.05597416576964487
2020-11-20,2.638,2.655,2.635,2.644,30439500,80502220,0.0049410870391486394,2.7356000000000003,2.75125,-0.04583182966438104
2020-11-23,2.663,2.665,2.617,2.635,64224400,169239469,-0.0034039334341907646,2.7331,2.7486666666666664,-0.05555555555555569
2020-11-24,2.634,2.635,2.601,2.614,41172657,107635252,-0.00796963946869067,2.72605,2.7454666666666667,-0.06842480399144701
2020-11-25,2.613,2.614,2.561,2.565,45352100,116935265,-0.018745218056618218,2.71505,2.741216666666667,-0.09042553191489355
2020-11-26,2.57,2.584,2.538,2.547,31235700,79749812,-0.007017543859649034,2.70065,2.7365500000000003,-0.09904492394764763
2020-11-27,2.554,2.575,2.53,2.569,37022000,94565919,0.00863761287789555,2.6896,2.7318666666666664,-0.09859649122807024
2020-11-30,2.577,2.602,2.548,2.589,44732400,115245346,0.007785130400934204,2.6811,2.7259499999999997,-0.12058423913043481
2020-12-01,2.586,2.664,2.58,2.658,60082350,158793665,0.02665121668597914,2.67445,2.7216666666666667,-0.08816466552315616
2020-12-02,2.661,2.669,2.632,2.659,35458800,93939444,0.00037622272385240407,2.66705,2.7175833333333332,-0.08436639118457301
2020-12-03,2.666,2.738,2.653,2.722,58458277,157848419,0.023693117713426082,2.6627,2.714383333333333,-0.06588881262868918
2020-12-04,2.722,2.758,2.703,2.754,50004400,136888956,0.011756061719323974,2.6638,2.711933333333333,-0.05067218200620471
2020-12-07,2.732,2.735,2.692,2.707,32986662,89529651,-0.017066085693536737,2.6599,2.7095,-0.05117420259376104
2020-12-08,2.72,2.724,2.7,2.705,35107549,95101799,-0.0007388252678240947,2.6568,2.708583333333333,-0.019927536231883924
2020-12-09,2.701,2.725,2.672,2.675,34694420,93355263,-0.011090573012939142,2.6557,2.7069,-0.036383285302593604
2020-12-10,2.686,2.704,2.653,2.701,30812673,82821081,0.009719626168224416,2.6544999999999996,2.7077166666666668,0.018476621417797823
2020-12-11,2.715,2.72,2.665,2.685,33306300,89845742,-0.005923731951129163,2.6529499999999997,2.7083000000000004,0.013207547169811429
2020-12-14,2.691,2.727,2.667,2.725,44426800,119964030,0.014897579143389184,2.65295,2.708766666666667,0.010381905821282844
2020-12-15,2.711,2.805,2.711,2.794,51679427,143373110,0.025321100917431227,2.65975,2.71085,0.04683402023229677
2020-12-16,2.8,2.82,2.771,2.81,45680705,127939208,0.005726556907659219,2.6694500000000003,2.7126999999999994,0.04112634309003349
2020-12-17,2.865,2.927,2.86,2.913,87942872,255775982,0.03665480427046264,2.68355,2.7170666666666667,0.09883062995096181
2020-12-18,2.909,2.931,2.874,2.92,57234500,166462339,0.002403020940611178,2.6973499999999997,2.7225833333333336,0.1278485901892623
2020-12-21,2.915,2.946,2.882,2.942,65153907,190075341,0.007534246575342518,2.7127,2.7278166666666666,0.11948249619482487
2020-12-22,2.942,2.988,2.914,2.923,54722010,161490180,-0.006458191706322225,2.7281500000000003,2.73285,0.11522319725295693
2020-12-23,2.913,2.936,2.878,2.923,47826500,138977143,0.0,2.7460500000000003,2.7378833333333334,0.11522319725295693
2020-12-24,2.923,2.964,2.915,2.931,44299090,130131164,0.002736914129319201,2.76525,2.7417833333333332,0.08676307007786432
2020-12-25,2.937,3.015,2.929,3.012,48179499,143843848,0.02763561924257929,2.7874,2.7477333333333336,0.13446327683615822
2020-12-28,3.02,3.032,2.959,2.967,43505750,129836753,-0.014940239043824688,2.8063,2.752866666666667,0.11583301993230544
2020-12-29,2.96,2.974,2.901,2.919,36020807,105454179,-0.016177957532861442,2.81935,2.75775,0.11157654226961156
2020-12-30,2.929,2.984,2.916,2.973,48464050,143541291,0.018499486125385323,2.83505,2.76305,0.11977401129943499
2020-12-31,2.988,3.016,2.95,3.002,55789181,166962241,0.009754456777665732,2.8490499999999996,2.76845,0.1209858103061987
2021-01-04,2.991,3.037,2.976,3.026,76399635,230062010,0.00799467021985345,2.86265,2.7727333333333335,0.09281328999638849
2021-01-05,3.021,3.078,3.0,3.077,64108826,195562307,0.016853932584269815,2.88115,2.7765166666666667,0.07964912280701753
2021-01-06,3.088,3.14,3.069,3.131,63257221,196796912,0.017549561260968405,2.90245,2.7809000000000004,0.09170153417015348
2021-01-07,3.13,3.184,3.1,3.183,49804745,155962021,0.016608112424145727,2.9278500000000003,2.78635,0.11449579831932777
2021-01-08,3.175,3.219,3.13,3.162,42752734,135365767,-0.006597549481621057,2.9509,2.79175,0.11416490486257924
2021-01-11,3.154,3.172,3.08,3.096,46537990,145418529,-0.020872865275142316,2.97145,2.7958333333333334,0.08593475973342701
2021-01-12,3.085,3.169,3.074,3.167,42312696,132390519,0.022932816537467593,2.99355,2.80235,0.14085014409221897
2021-01-13,3.17,3.171,3.083,3.107,58047107,181111753,-0.01894537417113973,3.0092,2.807516666666667,0.11083303539506617
2021-01-14,3.1,3.108,3.044,3.052,60436228,185611354,-0.01770196330865792,3.0213,2.81165,0.0884450784593438
2021-01-15,3.048,3.056,2.99,3.044,53440057,161633421,-0.002621231979030192,3.02785,2.8164,0.1032982964842335
2021-01-18,3.039,3.076,2.995,3.053,37444800,113919809,0.002956636005256197,3.0345,2.8224833333333335,0.13578869047619047
2021-01-19,3.054,3.06,2.982,2.988,42898710,129496765,-0.021290533901080932,3.0368,2.8275333333333337,0.11284916201117312
2021-01-20,3.001,3.111,2.999,3.11,61192750,187795165,0.04082998661311921,3.04615,2.83345,0.12885662431941913
2021-01-21,3.125,3.172,3.118,3.169,47868450,150765722,0.018971061093247643,3.0584499999999997,2.83985,0.13788150807899457
2021-01-22,3.18,3.326,3.17,3.322,64835538,211452522,0.04828021457873155,3.0780000000000003,2.8479666666666668,0.1717813051146384
2021-01-25,3.33,3.347,3.287,3.326,54900140,182262595,0.0012040939193256328,3.0936999999999997,2.8569000000000004,0.19211469534050174
2021-01-26,3.318,3.318,3.213,3.221,46425200,150786454,-0.03156945279615153,3.1064,2.8646000000000003,0.16745197535338896
2021-01-27,3.223,3.239,3.141,3.203,36107200,115269151,-0.00558832660664399,3.1206000000000005,2.871466666666667,0.14761734145467575
2021-01-28,3.171,3.193,3.102,3.114,44308800,139272709,-0.027786450202934687,3.12765,2.8765833333333335,0.10936943355895967
2021-01-29,3.119,3.156,3.05,3.094,53572917,166479608,-0.006422607578676964,3.13225,2.881333333333333,0.1014595941616232
2021-02-01,3.092,3.169,3.088,3.168,53212449,167144002,0.023917259211376996,3.13935,2.8885999999999994,0.15959004392386533
2021-02-02,3.178,3.237,3.127,3.236,38435171,123175512,0.02146464646464641,3.1473,2.8961166666666665,0.16193895870736097
2021-02-03,3.24,3.311,3.218,3.252,53734565,175716321,0.0049443757725586845,3.15335,2.9042,0.17528008673653783
2021-02-04,3.227,3.271,3.172,3.216,40672546,130757517,-0.011070110701106861,3.1550000000000002,2.9128499999999997,0.192436040044494
2021-02-05,3.216,3.36,3.216,3.311,56157932,185971482,0.029539800995024734,3.16245,2.922616666666667,0.21504587155963306
2021-02-08,3.315,3.414,3.311,3.406,49004530,164462045,0.028692237994563552,3.17795,2.9341166666666667,0.2540500736377025
2021-02-09,3.421,3.477,3.388,3.473,50732419,174203855,0.019671168526130378,3.19325,2.9465833333333333,0.27449541284403667
2021-02-10,3.474,3.569,3.43,3.56,43603269,153470857,0.025050388712928306,3.2159,2.9616166666666666,0.3393528969149737
2021-02-18,3.623,3.628,3.39,3.397,72303080,250177523,-0.045786516853932646,3.2331499999999997,2.974633333333333,0.29854740061162066
2021-02-19,3.381,3.417,3.296,3.395,57849400,194016326,-0.0005887547836325169,3.2506999999999997,2.9873666666666665,0.2903838844545801
2021-02-22,3.395,3.398,3.215,3.217,80376928,263650223,-0.05243004418262154,3.2588999999999997,2.9969166666666665,0.21671709531013605
2021-02-23,3.199,3.262,3.178,3.212,53320012,171605034,-0.0015542430836182897,3.2701000000000002,3.006533333333333,0.21897533206831143
2021-02-24,3.21,3.216,3.04,3.068,81911240,254684030,-0.04483188044831887,3.268,3.0141,0.17368018362662596
2021-02-25,3.078,3.12,3.057,3.076,48517880,149713433,0.0026075619295957697,3.26335,3.0226166666666665,0.1992202729044834
2021-02-26,3.02,3.083,2.971,3.027,51927900,157341017,-0.015929778933680083,3.2485999999999997,3.0306166666666665,0.18845700824499412
2021-03-01,3.055,3.072,2.997,3.071,40809753,124293323,0.014535844070036275,3.23585,3.0389833333333334,0.195406773063449
2021-03-02,3.087,3.089,2.962,2.99,57649577,173798617,-0.026375773363725208,3.2243000000000004,3.045666666666667,0.1548860563924297
2021-03-03,2.98,3.055,2.962,3.053,38270800,115500399,0.02107023411371234,3.2168,3.05225,0.1486079759217458
2021-03-04,3.01,3.02,2.916,2.935,47477949,140470025,-0.03865050769734679,3.2078499999999996,3.05685,0.10379842045881915
2021-03-05,2.86,2.958,2.86,2.936,36737592,107110880,0.00034071550255543315,3.19995,3.060416666666667,0.07861866274797946
2021-03-08,2.95,2.967,2.74,2.743,76916914,218548195,-0.06573569482288832,3.1787,3.0602333333333336,-0.003994190268700071
2021-03-09,2.739,2.773,2.63,2.673,67293963,182612400,-0.02551950419248994,3.15055,3.0596666666666668,-0.01256002955301061
2021-03-10,2.72,2.776,2.711,2.744,61383716,168392246,0.02656191545080433,3.12515,3.0603166666666666,0.014417744916820796
2021-03-11,2.738,2.855,2.738,2.817,68214170,191757852,0.026603498542274062,3.1052,3.062683333333333,0.0530841121495329
2021-03-12,2.828,2.834,2.771,2.82,33625200,94393199,0.0010649627263044081,3.08065,3.0646666666666667,0.04405775638652343
2021-03-15,2.81,2.81,2.669,2.707,40086600,109372341,-0.04007092198581563,3.0457,3.065033333333333,0.00819366852886394
2021-03-16,2.718,2.753,2.682,2.729,32525960,88417742,0.00812707794606582,3.0085,3.0651,0.0014678899082569696
2021-03-17,2.717,2.759,2.678,2.743,40232608,109951374,0.005130084279955982,2.96765,3.06425,-0.01825340014316401
2021-03-18,2.75,2.81,2.75,2.802,41858250,116828167,0.021509296390813004,2.9379,3.0641166666666666,-0.002846975088968029
2021-03-19,2.749,2.785,2.713,2.737,32112350,88140907,-0.02319771591720199,2.905,3.061183333333333,-0.06041881222107781
2021-03-22,2.749,2.795,2.716,2.753,35127300,96759330,0.005845816587504604,2.8817999999999997,3.0584,-0.05719178082191778
2021-03-23,2.75,2.785,2.713,2.753,29869100,81979192,0.0,2.85885,3.05525,-0.06424201223657378
2021-03-24,2.735,2.778,2.721,2.738,29256250,80442702,-0.005448601525608443,2.8423499999999997,3.0521666666666665,-0.06329113924050633
2021-03-25,2.707,2.777,2.694,2.769,38611844,106103012,0.011322132943754726,2.8270000000000004,3.0496,-0.052685596989394456
2021-03-26,2.783,2.883,2.782,2.88,68170400,193813486,0.04008667388949072,2.81965,3.0487499999999996,-0.017400204708290734
2021-03-29,2.873,2.895,2.836,2.861,42092696,120702263,-0.006597222222222143,2.80915,3.0462333333333333,-0.05013280212483395
2021-03-30,2.865,2.937,2.85,2.909,39509113,114720322,0.01677735057672125,2.8051000000000004,3.045266666666667,-0.01954836535220772
2021-03-31,2.904,2.904,2.851,2.888,34876341,100279621,-0.007218975592987231,2.79685,3.04475,-0.010620075368276805
2021-04-01,2.888,2.956,2.888,2.946,49442151,144968704,0.02008310249307499,2.7973999999999997,3.0443000000000002,-0.009081735620585119
2021-04-02,2.964,2.99,2.937,2.968,49654454,147054774,0.00746775288526802,2.7990000000000004,3.0437333333333334,-0.011325782811459018
2021-04-06,2.967,2.968,2.907,2.918,31175900,91218413,-0.016846361185983816,2.80775,3.041933333333333,-0.035690680766688576
2021-04-07,2.907,2.919,2.86,2.902,26339032,76065037,-0.005483207676490798,2.8192,3.039016666666667,-0.056873578160545946
2021-04-08,2.893,2.963,2.87,2.96,38438100,112872406,0.019986216402480883,2.83,3.0361666666666665,-0.0546151389332481
2021-04-09,2.952,2.959,2.89,2.905,34147150,99497288,-0.01858108108108114,2.8344,3.0315333333333334,-0.08733898837574616
2021-04-12,2.9,2.92,2.81,2.822,44353656,126263855,-0.02857142857142847,2.8345,3.0258666666666665,-0.10752688172043001
2021-04-13,2.809,2.88,2.805,2.849,45199100,129047692,0.009567682494684648,2.8416,3.0217499999999995,-0.0797803617571059
2021-04-14,2.85,2.88,2.8,2.849,55571932,157714403,0.0,2.8476,3.01645,-0.10041048310704126
2021-04-15,2.838,2.852,2.793,2.825,36760532,103858666,-0.008424008424008478,2.8517,3.0117499999999997,-0.09076279369166396
2021-04-16,2.842,2.843,2.78,2.809,48740200,136747844,-0.005663716814159336,2.8520499999999998,3.0077,-0.07961992136304064
2021-04-19,2.817,2.894,2.786,2.893,53828250,154016359,0.02990388038447822,2.8598500000000002,3.0051833333333335,-0.04960578186596587
2021-04-20,2.892,2.926,2.857,2.9,38627300,111926411,0.0024196335983408535,2.8672,3.0026333333333333,-0.05011464133639043
2021-04-21,2.88,2.965,2.877,2.963,42878389,125652700,0.02172413793103445,2.8777,3.0022166666666665,-0.008366800535475227
2021-04-22,2.964,2.977,2.937,2.964,67123314,198656379,0.0003374957813027102,2.8890000000000002,2.9997833333333332,-0.04694533762057873
2021-04-23,2.962,3.053,2.956,3.032,53512469,161701741,0.02294197031039147,2.90215,2.9975,-0.04323130325023672
2021-04-26,3.059,3.119,3.014,3.018,61376031,188534535,-0.004617414248021201,2.90905,2.992433333333333,-0.09151113786875387
2021-04-27,3.003,3.098,2.99,3.098,55780364,170895830,0.02650762094102066,2.9209,2.988633333333333,-0.06855081178592914
2021-04-28,3.095,3.162,3.079,3.162,44098727,137815317,0.020658489347966436,2.93355,2.98765,-0.018317292766221738
2021-04-29,3.157,3.171,3.104,3.15,43615547,137048950,-0.003795066413662229,2.94665,2.9867666666666666,-0.01654698719950043
2021-04-30,3.145,3.229,3.14,3.202,51137700,163459326,0.016507936507936583,2.9594499999999995,2.9882333333333335,0.02825947334617851
2021-05-06,3.153,3.17,3.022,3.061,78369456,240832385,-0.044034978138663305,2.9640999999999997,2.9876833333333335,-0.010665804783451804
2021-05-07,3.061,3.094,2.983,2.985,55927820,169636168,-0.02482848742241095,2.9674500000000004,2.9846333333333335,-0.0577651515151516
2021-05-10,2.997,3.073,2.997,3.044,39763800,120790160,0.019765494137353512,2.97455,2.9814333333333334,-0.05933250927070466
2021-05-11,3.035,3.105,2.99,3.103,47977500,146875336,0.019382391590013093,2.9817,2.97895,-0.045817958179581675
2021-05-12,3.099,3.155,3.073,3.149,46994500,146459967,0.014824363519174932,2.9939,2.9778333333333338,-0.02083333333333337
2021-05-13,3.13,3.182,3.111,3.167,52944450,167054501,0.0057161003493171325,3.0111499999999998,2.9754333333333336,-0.043491392328601663
2021-05-14,3.183,3.28,3.158,3.242,62702292,202746911,0.0236817177139248,3.0308,2.9727,-0.048150322959483294
2021-05-17,3.261,3.336,3.261,3.311,58186239,192882372,0.02128315854410845,3.0539,2.97,-0.046645551396487184
2021-05-18,3.307,3.329,3.24,3.282,46444145,152085208,-0.008758683177287785,3.0767499999999997,2.9653666666666667,-0.07808988764044944
2021-05-19,3.27,3.288,3.241,3.272,39218500,127940702,-0.0030469226081658585,3.0999000000000003,2.963283333333334,-0.03679717397703852
2021-05-20,3.263,3.295,3.253,3.26,36573516,119590141,-0.003667481662591676,3.11825,2.9610333333333334,-0.0397643593519883
2021-05-21,3.263,3.292,3.204,3.214,43682752,141457992,-0.01411042944785268,3.13395,2.960983333333333,-0.000932545850170996
2021-05-24,3.209,3.213,3.117,3.197,59760611,189029067,-0.005289359054138076,3.1456500000000003,2.960733333333333,-0.004669987546699894
2021-05-25,3.213,3.296,3.213,3.293,60121300,196309056,0.030028151391930047,3.1621,2.9644833333333334,0.07333767926988277
2021-05-26,3.291,3.314,3.248,3.289,40343691,132280544,-0.001214697843911372,3.17495,2.968033333333333,0.06924577373211971
2021-05-27,3.282,3.322,3.241,3.314,49312500,162383618,0.007601094557616372,3.18975,2.9728166666666667,0.09481334654773699
2021-05-28,3.312,3.318,3.226,3.248,75045527,245287982,-0.01991550995775493,3.19725,2.975766666666667,0.057635949202214265
2021-05-31,3.246,3.309,3.241,3.296,47251126,155294446,0.01477832512315258,3.20395,2.9808666666666666,0.1023411371237457
2021-06-01,3.296,3.359,3.274,3.356,66859900,221897473,0.01820388349514568,3.21425,2.9859166666666668,0.09924664264657701
2021-06-02,3.356,3.369,3.274,3.288,47585130,157840364,-0.020262216924910592,3.2185500000000005,2.9918,0.12027257240204414
2021-06-03,3.276,3.298,3.239,3.255,42962729,140352572,-0.010036496350364965,3.22825,2.9971166666666664,0.10865122615803813
2021-06-04,3.243,3.289,3.208,3.272,37883150,123206398,0.005222734254992201,3.2425999999999995,3.005933333333333,0.1928545388261027
2021-06-07,3.269,3.283,3.221,3.28,31548720,102847459,0.0024449877750611915,3.2543999999999995,3.01605,0.22708567153011594
2021-06-08,3.28,3.317,3.201,3.229,46097497,150289390,-0.015548780487804836,3.2607,3.0241333333333333,0.1767492711370262
2021-06-09,3.219,3.251,3.196,3.236,30451726,98343157,0.002167853824713628,3.26505,3.0311166666666667,0.14873979410720617
2021-06-10,3.245,3.32,3.244,3.296,52647800,173398473,0.01854140914709501,3.2715000000000005,3.03905,0.16879432624113466
2021-06-11,3.293,3.302,3.233,3.282,35895500,117361474,-0.004247572815533895,3.2735,3.0486333333333335,0.21241226449944595
2021-06-15,3.262,3.288,3.21,3.219,50014300,161611271,-0.019195612431444298,3.2689,3.0568,0.17955294979846093
2021-06-16,3.214,3.228,3.113,3.116,47033780,148674691,-0.031997514756135326,3.2606,3.063016666666667,0.13598250091141084
2021-06-17,3.103,3.163,3.103,3.136,33835250,106129552,0.006418485237484006,3.2537999999999996,3.0685833333333337,0.11920057102069959
2021-06-18,3.136,3.189,3.129,3.165,37688092,119210096,0.009247448979591733,3.2490499999999995,3.0757166666666667,0.15637559371574716
2021-06-21,3.155,3.195,3.125,3.176,38397500,121654539,0.003475513428120136,3.24715,3.0827666666666667,0.15365056302215763
2021-06-22,3.179,3.261,3.149,3.26,57731450,185768721,0.02644836272040285,3.2503,3.091216666666667,0.18416273156556473
2021-06-23,3.261,3.3,3.245,3.258,47000544,153764187,-0.0006134969325152229,3.2485500000000003,3.0998833333333335,0.18991964937910888
2021-06-24,3.256,3.258,3.177,3.206,57541320,184262113,-0.015960712093308738,3.2443999999999997,3.1071666666666666,0.15781870711448165
2021-06-28,0.821,0.837,0.821,0.836,189580900,157814370,-0.7392389270118528,3.1205000000000003,3.0730999999999997,-0.7097222222222221
2021-06-29,0.838,0.841,0.826,0.829,188939353,157161971,-0.00837320574162681,2.99955,3.0392333333333332,-0.7102411744145405
2021-06-30,0.83,0.835,0.825,0.832,154740900,128454706,0.003618817852834688,2.87635,3.0046166666666663,-0.7139910622206944
2021-07-01,0.834,0.855,0.832,0.848,292623678,247135337,0.019230769230769162,2.75095,2.9706166666666665,-0.706371191135734
2021-07-02,0.844,0.846,0.808,0.809,372366100,305544821,-0.04599056603773577,2.627,2.935,-0.7253903598099117
2021-07-05,0.8,0.815,0.796,0.804,228808776,183743186,-0.006180469715698411,2.50445,2.8989333333333334,-0.72911051212938
2021-07-06,0.805,0.806,0.754,0.775,406747709,314447972,-0.03606965174129351,2.3796,2.8632166666666667,-0.7344071281699794
2021-07-07,0.766,0.798,0.766,0.791,244020495,191875221,0.020645161290322678,2.25515,2.8280333333333334,-0.7274293590627154
2021-07-08,0.791,0.8,0.775,0.777,232235800,181853889,-0.017699115044247815,2.1325499999999997,2.7916499999999997,-0.7375
2021-07-09,0.771,0.78,0.755,0.779,191879340,147840291,0.002574002574002643,2.0097,2.7562166666666665,-0.73184165232358
2021-07-12,0.782,0.799,0.768,0.797,241561304,190762021,0.02310654685494229,1.88475,2.722466666666667,-0.7175761871013466
2021-07-13,0.795,0.804,0.788,0.799,148725900,118152109,0.0025094102885820924,1.7605999999999997,2.6883,-0.7195507195507196
2021-07-14,0.796,0.815,0.789,0.801,266249200,214586813,0.0025031289111390187,1.6397000000000002,2.654166666666667,-0.7188487188487189
2021-07-15,0.802,0.807,0.793,0.807,187018011,149705703,0.0074906367041198685,1.52425,2.6205333333333334,-0.7143362831858406
2021-07-16,0.807,0.809,0.796,0.803,195586089,156969993,-0.00495662949194553,1.4076,2.5871,-0.7141331434674261
2021-07-19,0.802,0.822,0.802,0.821,232907396,189786025,0.02241594022415927,1.2904,2.5525666666666664,-0.7162115451088835
2021-07-20,0.818,0.832,0.818,0.826,227314080,187523600,0.006090133982947554,1.1728999999999998,2.5180000000000002,-0.7151724137931035
2021-07-21,0.828,0.836,0.82,0.835,205139113,170282228,0.010895883777239712,1.05165,2.4825333333333335,-0.7181910226122173
2021-07-22,0.833,0.834,0.803,0.809,478264023,388468724,-0.031137724550898138,0.9292,2.4466166666666664,-0.7270580296896086
2021-07-23,0.805,0.805,0.78,0.783,372816600,293128538,-0.03213844252163167,0.80805,2.4091333333333336,-0.741754617414248
2021-07-26,0.778,0.778,0.722,0.741,595366088,444972745,-0.05363984674329503,0.8032999999999999,2.371183333333333,-0.7544731610337971
2021-07-27,0.737,0.742,0.71,0.711,398997060,290569985,-0.04048582995951422,0.7974,2.3314000000000004,-0.7704970948999355
2021-07-28,0.707,0.733,0.698,0.732,360167810,258668546,0.029535864978903037,0.7924,2.2909,-0.7685009487666035
2021-07-29,0.74,0.754,0.74,0.748,313726037,234288139,0.021857923497267784,0.7874000000000001,2.2508666666666666,-0.7625396825396825
2021-07-30,0.745,0.745,0.722,0.741,275486458,201613600,-0.009358288770053513,0.784,2.2098500000000003,-0.7685821361648969
2021-08-02,0.738,0.753,0.711,0.751,326032488,239627010,0.013495276653171295,0.78135,2.17135,-0.7546553413917021
2021-08-03,0.745,0.781,0.742,0.778,422587125,324858590,0.03595206391478034,0.7815000000000001,2.1345666666666663,-0.7393634840871022
2021-08-04,0.779,0.781,0.763,0.778,335860112,259815720,0.0,0.78085,2.0968,-0.7444152431011826
2021-08-05,0.773,0.783,0.761,0.772,287379857,222780484,-0.007712082262210762,0.7806,2.05795,-0.7512085078955849
2021-08-06,0.767,0.768,0.737,0.744,394747375,295266469,-0.03626943005181349,0.77885,2.017866666666667,-0.7637345188948873
2021-08-09,0.735,0.75,0.733,0.749,218212762,162508735,0.006720430107526987,0.7764500000000001,1.9775666666666667,-0.7634985790969372
2021-08-10,0.751,0.759,0.738,0.759,250701152,187759028,0.013351134846461887,0.77445,1.9361833333333331,-0.7658852560148057
2021-08-11,0.759,0.76,0.739,0.742,321675500,239659715,-0.022397891963109373,0.7715,1.8933666666666666,-0.7758985200845666
2021-08-12,0.735,0.742,0.726,0.729,256986009,188027369,-0.01752021563342321,0.7676000000000001,1.8508166666666666,-0.7778793418647166
2021-08-13,0.73,0.737,0.72,0.727,218830000,159241479,-0.002743484224965731,0.7638,1.8084,-0.7778117359413202
2021-08-16,0.725,0.728,0.719,0.724,290062600,210115389,-0.004126547455295726,0.75895,1.7661333333333333,-0.7779141104294478
2021-08-17,0.721,0.727,0.695,0.699,410216000,291083669,-0.03453038674033149,0.7525999999999999,1.7242166666666667,-0.7825140012445551
2021-08-18,0.699,0.707,0.694,0.698,249313900,174369230,-0.0014306151645206988,0.74575,1.6825666666666665,-0.7816703159211761
2021-08-19,0.699,0.709,0.698,0.701,225162469,158300911,0.004297994269341077,0.74035,1.6393666666666669,-0.78712420285454
2021-08-20,0.69,0.691,0.658,0.665,598017044,400978607,-0.051355206847360835,0.73445,1.5956333333333332,-0.7978108847674065
2021-08-23,0.66,0.677,0.654,0.675,329653452,219888139,0.015037593984962516,0.7311500000000001,1.5516499999999998,-0.7963186481593241
2021-08-24,0.676,0.691,0.674,0.688,277782439,190066265,0.019259259259259087,0.73,1.5089833333333333,-0.7881773399014779
2021-08-25,0.688,0.698,0.681,0.692,237019177,163706552,0.005813953488372103,0.728,1.4655833333333335,-0.7900485436893204
2021-08-26,0.692,0.692,0.665,0.666,303008369,203738264,-0.037572254335260014,0.7239,1.4207500000000002,-0.801549463647199
2021-08-27,0.664,0.681,0.662,0.665,256872810,172075654,-0.0015015015015015232,0.7201,1.3770333333333333,-0.7977493917274939
2021-08-30,0.668,0.673,0.657,0.663,233190713,155047790,-0.003007518796992459,0.7157,1.3338333333333334,-0.7963133640552995
2021-08-31,0.663,0.67,0.647,0.648,346146800,226625288,-0.022624434389140302,0.7092,1.2901,-0.8019559902200488
2021-09-01,0.649,0.667,0.636,0.659,353500340,230755116,0.016975308641975273,0.7032499999999999,1.246416666666667,-0.7990853658536585
2021-09-02,0.66,0.661,0.636,0.638,470386270,303481441,-0.03186646433990903,0.69655,1.2032333333333334,-0.8024156085475379
2021-09-03,0.637,0.646,0.626,0.641,326940600,208515536,0.004702194357366851,0.6914,1.1599833333333334,-0.8019159456118665
2021-09-06,0.643,0.677,0.641,0.675,584483082,388374548,0.05304212168486755,0.6877,1.1162999999999998,-0.7952063106796117
2021-09-07,0.673,0.673,0.664,0.673,443965490,296767713,-0.002962962962962945,0.6834,1.0728166666666668,-0.7949421084704449
2021-09-08,0.673,0.675,0.663,0.667,299758600,200216151,-0.008915304606240682,0.67965,1.0302833333333334,-0.7927927927927928
2021-09-09,0.667,0.674,0.662,0.667,259491200,172911297,0.0,0.67655,0.9894666666666667,-0.7859435173299101
2021-09-10,0.666,0.668,0.656,0.664,324419674,214629852,-0.004497751124437732,0.6734,0.9482666666666667,-0.7882653061224489
2021-09-13,0.668,0.675,0.654,0.659,457996500,303877231,-0.0075301204819276935,0.67015,0.9064999999999999,-0.791785150078989
2021-09-14,0.66,0.67,0.657,0.663,321011967,213723570,0.006069802731411222,0.66835,0.8646166666666667,-0.7912468513853904
2021-09-15,0.66,0.662,0.648,0.652,343918311,224999277,-0.016591251885369585,0.66605,0.82115,-0.8
2021-09-16,0.649,0.66,0.643,0.654,356588248,232349607,0.0030674846625766694,0.6637000000000001,0.7777499999999999,-0.7992633517495396
2021-09-17,0.652,0.688,0.647,0.684,678041389,456943581,0.04587155963302747,0.6646500000000001,0.7357166666666667,-0.7866500311915159
2021-09-22,0.676,0.693,0.673,0.68,390762390,266270886,-0.005847953216374324,0.6649,0.7331166666666667,-0.186602870813397
2021-09-23,0.678,0.69,0.67,0.68,392816371,267029731,0.0,0.6645000000000001,0.7306333333333334,-0.17973462002412532
2021-09-24,0.677,0.691,0.673,0.685,425261129,290511294,0.007352941176470562,0.66415,0.7281833333333333,-0.17668269230769218
2021-09-27,0.694,0.706,0.683,0.696,492411306,342556941,0.016058394160583855,0.6656500000000001,0.72565,-0.179245283018868
2021-09-28,0.694,0.701,0.683,0.691,419367626,289953882,-0.007183908045977017,0.6669500000000002,0.7236833333333333,-0.1458590852904822
2021-09-29,0.684,0.69,0.673,0.68,403861736,274608214,-0.015918958031837738,0.6678000000000001,0.7216166666666666,-0.154228855721393
2021-09-30,0.679,0.692,0.678,0.69,397798319,273675524,0.014705882352941124,0.6699,0.7202000000000001,-0.10967741935483877
2021-10-08,0.687,0.698,0.678,0.694,342016091,236248338,0.005797101449275477,0.67165,0.7185833333333332,-0.1226295828065741
2021-10-11,0.692,0.703,0.68,0.683,446521100,307792664,-0.015850144092218854,0.6739,0.7170166666666666,-0.12097812097812088
2021-10-12,0.679,0.69,0.673,0.68,352250000,240134678,-0.004392386530014614,0.6758500000000001,0.7153666666666666,-0.12708600770218226
2021-10-13,0.677,0.694,0.675,0.692,451648800,308962119,0.01764705882352935,0.6767000000000001,0.7136166666666667,-0.13174404015056473
2021-10-14,0.689,0.692,0.672,0.677,536717600,365011228,-0.02167630057803449,0.6769000000000001,0.7115833333333333,-0.15269086357947437
2021-10-15,0.671,0.674,0.664,0.669,422569669,282126209,-0.011816838995568735,0.677,0.7093833333333334,-0.16479400749063666
2021-10-18,0.668,0.669,0.653,0.657,387569500,254705567,-0.017937219730941756,0.6765000000000001,0.7068833333333333,-0.18587360594795543
2021-10-19,0.656,0.671,0.655,0.667,354182953,235713833,0.015220700152207112,0.6766500000000001,0.7046166666666667,-0.16936488169364883
2021-10-20,0.666,0.671,0.653,0.665,380759990,251499539,-0.0029985007496251548,0.6769499999999999,0.7020166666666666,-0.19001218026796585
2021-10-21,0.664,0.669,0.659,0.662,335935239,222680063,-0.004511278195488688,0.6769000000000001,0.6992833333333334,-0.198547215496368
2021-10-22,0.662,0.67,0.658,0.666,338609100,225136457,0.0060422960725075026,0.6776000000000001,0.6964666666666667,-0.20239520958083823
2021-10-25,0.665,0.672,0.664,0.668,357910100,238846584,0.0030030030030030463,0.6783,0.6941166666666666,-0.17428924598269468
2021-10-26,0.665,0.672,0.661,0.663,373752538,248688395,-0.007485029940119792,0.67725,0.6921166666666666,-0.15325670498084287
2021-10-27,0.662,0.663,0.646,0.648,429908246,280648258,-0.022624434389140302,0.67565,0.6905666666666667,-0.1255060728744939
2021-10-28,0.646,0.653,0.642,0.646,329793162,213166118,-0.0030864197530864335,0.67395,0.6894833333333333,-0.09142053445850906
2021-10-29,0.645,0.657,0.636,0.655,434173608,281776988,0.01393188854489158,0.67245,0.6882,-0.10519125683060104
2021-11-01,0.654,0.657,0.638,0.642,513081337,329942443,-0.01984732824427482,0.66975,0.6864333333333333,-0.14171122994652408
2021-11-02,0.64,0.645,0.63,0.632,539561045,344143535,-0.015576323987538943,0.6668000000000001,0.6846166666666668,-0.1470985155195681
2021-11-03,0.634,0.644,0.634,0.638,370773238,236941873,0.009493670886076,0.6647000000000001,0.6827333333333333,-0.15046604527296936
2021-11-04,0.64,0.645,0.636,0.641,356672301,228237507,0.004702194357366851,0.66225,0.68045,-0.17609254498714655
2021-11-05,0.64,0.647,0.638,0.641,353942432,227823246,0.0,0.6596000000000001,0.6781666666666666,-0.17609254498714655
2021-11-08,0.641,0.641,0.623,0.627,740602046,465232942,-0.021840873634945468,0.6567999999999999,0.6757500000000001,-0.1878238341968912
2021-11-09,0.627,0.633,0.624,0.631,399888700,251819877,0.006379585326953707,0.65435,0.6738666666666667,-0.1518817204301075
2021-11-10,0.631,0.648,0.623,0.647,761580517,486065810,0.02535657686212356,0.6521,0.6721666666666667,-0.13618157543391185
2021-11-11,0.644,0.65,0.64,0.645,582743000,375139698,-0.0030911901081916993,0.6505,0.6702666666666667,-0.15019762845849804
2021-11-12,0.646,0.647,0.64,0.642,453160297,291136938,-0.0046511627906976605,0.64915,0.6686,-0.13477088948787064
2021-11-15,0.642,0.656,0.641,0.656,633634308,412866310,0.02180685358255463,0.6491,0.6673833333333334,-0.10013717421124824
2021-11-16,0.657,0.678,0.656,0.676,1019720983,683145130,0.030487804878048808,0.64955,0.6665333333333333,-0.07015130674002745
2021-11-17,0.677,0.685,0.671,0.676,565872542,382907367,0.0,0.6501,0.6657333333333334,-0.0662983425414364
2021-11-18,0.673,0.674,0.659,0.661,575126800,381693894,-0.022189349112426093,0.65005,0.6651,-0.05436337625178811
2021-11-19,0.656,0.661,0.653,0.659,591330286,388371945,-0.00302571860816947,0.6496999999999999,0.6644500000000001,-0.05587392550143255
2021-11-22,0.66,0.66,0.65,0.653,816904000,532936818,-0.009104704097116834,0.64895,0.6636500000000001,-0.06847360912981448
2021-11-23,0.655,0.658,0.651,0.654,649191300,424412343,0.0015313935681469104,0.6485000000000001,0.6634666666666666,-0.016541353383458635
2021-11-24,0.654,0.66,0.649,0.659,787562465,516164462,0.007645259938837912,0.64905,0.6632,-0.02370370370370367
2021-11-25,0.659,0.668,0.657,0.665,684692290,453843036,0.009104704097116834,0.65,0.6628166666666666,-0.03343023255813937
2021-11-26,0.667,0.672,0.664,0.664,692659796,461846526,-0.0015037593984962294,0.65045,0.66235,-0.040462427745664664
2021-11-29,0.676,0.686,0.663,0.664,675308966,453715155,0.0,0.6515500000000001,0.6623166666666668,-0.0030030030030030463
2021-11-30,0.662,0.664,0.655,0.663,513349866,338253166,-0.001506024096385561,0.6531,0.6622833333333333,-0.003007518796992459
2021-12-01,0.66,0.661,0.653,0.655,510164900,334297241,-0.012066365007541435,0.65395,0.66215,-0.012066365007541435
2021-12-02,0.652,0.656,0.645,0.646,507093000,329465736,-0.013740458015267132,0.6542,0.6621166666666667,-0.0030864197530864335
2021-12-03,0.647,0.652,0.646,0.651,399601832,259188859,0.007739938080495445,0.6547,0.6619833333333334,-0.012139605462822445
2021-12-06,0.65,0.651,0.638,0.639,660924386,425330213,-0.018433179723502335,0.6553000000000001,0.662,0.0015673981191222097
2021-12-07,0.641,0.647,0.639,0.644,466030423,299480610,0.007824726134585402,0.65595,0.66205,0.004680187207488196
2021-12-08,0.645,0.652,0.641,0.652,547651238,354629213,0.012422360248447228,0.6562,0.6616666666666667,-0.034074074074074145
2021-12-09,0.654,0.67,0.65,0.668,961574683,637561225,0.024539877300613577,0.65735,0.6615833333333333,-0.007429420505200568
2021-12-10,0.665,0.669,0.659,0.662,844856786,559510496,-0.008982035928143728,0.65835,0.6615,-0.007496251874062998
2021-12-13,0.661,0.667,0.656,0.656,804041607,530977154,-0.009063444108761365,0.6583500000000001,0.6613166666666666,-0.016491754122938573
2021-12-14,0.655,0.663,0.654,0.659,557652303,368106183,0.004573170731707377,0.6575,0.6612333333333335,-0.0075301204819276935
2021-12-15,0.658,0.659,0.636,0.639,1170270194,756841908,-0.030349013657056223,0.6556500000000001,0.6609,-0.030349013657056223
2021-12-16,0.635,0.644,0.634,0.642,615712187,393811423,0.0046948356807512415,0.6547000000000001,0.6605500000000001,-0.03167420814479638
2021-12-17,0.644,0.648,0.635,0.636,725497206,463439226,-0.009345794392523366,0.65355,0.6602833333333333,-0.024539877300613466
2021-12-20,0.634,0.638,0.624,0.624,809093792,509456270,-0.018867924528301883,0.6521,0.6597833333333334,-0.04587155963302758
2021-12-21,0.625,0.632,0.624,0.631,479604800,301636434,0.011217948717948678,0.65095,0.6588999999999999,-0.07748538011695916
2021-12-22,0.632,0.635,0.629,0.632,347572800,219621505,0.0015847860538826808,0.6496000000000001,0.6580999999999999,-0.07058823529411773
2021-12-23,0.634,0.635,0.625,0.627,511442559,320999825,-0.007911392405063333,0.6477,0.6572166666666667,-0.07794117647058829
2021-12-24,0.628,0.632,0.624,0.63,495721600,311305830,0.004784688995215225,0.646,0.6563000000000001,-0.08029197080291972
2021-12-27,0.63,0.634,0.627,0.634,696230077,439165658,0.006349206349206327,0.6445000000000001,0.6552666666666667,-0.08908045977011492
2021-12-28,0.633,0.638,0.628,0.638,576867000,365681244,0.006309148264984188,0.64325,0.6543833333333334,-0.07670043415340078
2021-12-29,0.638,0.643,0.628,0.629,695121770,441794719,-0.014106583072100332,0.6419499999999999,0.6535333333333334,-0.07500000000000007
2021-12-30,0.628,0.634,0.624,0.633,570154545,358993586,0.006359300476947549,0.6413,0.6525833333333334,-0.08260869565217388
2021-12-31,0.633,0.636,0.63,0.633,567753100,359489041,0.0,0.6404,0.6515666666666667,-0.08789625360230535
2022-01-04,0.63,0.631,0.615,0.617,1101872971,683190370,-0.025276461295418717,0.6393,0.6504666666666667,-0.09663250366032217
2022-01-05,0.616,0.617,0.606,0.609,707607200,431655892,-0.012965964343598091,0.63755,0.6492833333333334,-0.10441176470588243
2022-01-06,0.606,0.609,0.595,0.601,779581990,467863176,-0.013136288998357948,0.635,0.6477666666666668,-0.13150289017341033
2022-01-07,0.601,0.604,0.597,0.599,472126850,283366739,-0.0033277870216306127,0.6315500000000001,0.6464666666666667,-0.11521418020679475
2022-01-10,0.598,0.606,0.592,0.604,521936700,313201630,0.008347245409014992,0.62865,0.6453833333333333,-0.09715994020926766
2022-01-11,0.601,0.607,0.599,0.604,453669391,273676902,0.0,0.62605,0.6445000000000001,-0.08066971080669716
2022-01-12,0.603,0.611,0.601,0.609,590630799,359117469,0.008278145695364225,0.62355,0.6435333333333334,-0.08695652173913049
2022-01-13,0.609,0.61,0.596,0.596,597123900,359654455,-0.021346469622331665,0.6214,0.6423833333333334,-0.10375939849624072
2022-01-14,0.594,0.6,0.591,0.597,548828800,326975603,0.001677852348993314,0.61915,0.6413,-0.09818731117824786
2022-01-17,0.597,0.601,0.594,0.599,465148410,277806822,0.003350083752093891,0.6173,0.6401833333333333,-0.10060060060060072
2022-01-18,0.598,0.604,0.593,0.598,516872203,309646982,-0.0016694490818029983,0.616,0.6390166666666667,-0.10479041916167675
2022-01-19,0.598,0.598,0.58,0.582,887094337,521041085,-0.026755852842809347,0.6135499999999999,0.6376666666666667,-0.12217194570135759
2022-01-20,0.58,0.585,0.579,0.58,627935038,365235984,-0.0034364261168384758,0.61095,0.6365333333333333,-0.1049382716049384
2022-01-21,0.58,0.58,0.565,0.566,789332624,449301718,-0.024137931034482807,0.6079,0.6352,-0.1238390092879258
2022-01-24,0.561,0.569,0.56,0.564,564705500,318042759,-0.0035335689045936647,0.6046,0.6336833333333334,-0.13893129770992374
2022-01-25,0.562,0.566,0.551,0.552,683034894,382018355,-0.02127659574468066,0.6005,0.6321833333333334,-0.14018691588785037
2022-01-26,0.554,0.556,0.537,0.542,823711500,448635303,-0.018115942028985477,0.5957,0.6306833333333334,-0.14240506329113922
2022-01-27,0.542,0.543,0.533,0.534,613547492,330028654,-0.014760147601476037,0.5909500000000001,0.62895,-0.1630094043887147
2022-01-28,0.536,0.539,0.529,0.53,651593829,347865233,-0.0074906367041198685,0.5858,0.6271000000000001,-0.173166926677067
2022-02-07,0.538,0.545,0.534,0.536,553948210,298442357,0.01132075471698113,0.58095,0.62535,-0.1638065522620904
2022-02-08,0.529,0.529,0.516,0.529,1011263600,527693381,-0.013059701492537323,0.57655,0.6237166666666667,-0.15629984051036683
2022-02-09,0.528,0.535,0.522,0.533,752536000,398500739,0.007561436672967936,0.57275,0.6220833333333334,-0.15530903328050705
2022-02-10,0.533,0.534,0.524,0.526,786237500,414414886,-0.013133208255159512,0.569,0.6200666666666667,-0.18701700154559509
2022-02-11,0.523,0.523,0.508,0.509,903177098,465310935,-0.03231939163498099,0.5645,0.6178,-0.21085271317829457
2022-02-14,0.506,0.517,0.506,0.511,625752800,320449839,0.003929273084479323,0.55985,0.6156166666666667,-0.2040498442367601
2022-02-15,0.51,0.534,0.508,0.533,1205263000,633333006,0.04305283757338563,0.5563,0.6135666666666667,-0.1875
2022-02-16,0.535,0.539,0.532,0.533,642787496,343793548,0.0,0.5525,0.6111833333333333,-0.21153846153846156
2022-02-17,0.533,0.538,0.53,0.534,461764899,246708793,0.0018761726078799779,0.5494,0.6088166666666667,-0.2100591715976331
2022-02-18,0.53,0.538,0.528,0.537,413263800,220329128,0.00561797752808979,0.5464,0.60675,-0.18759455370650524
2022-02-21,0.542,0.543,0.534,0.537,476712328,256125023,0.0,0.5433000000000001,0.6047166666666667,-0.1851289833080425
2022-02-22,0.533,0.534,0.526,0.528,498123692,263436628,-0.016759776536312887,0.5398,0.6026333333333334,-0.19142419601837668
2022-02-23,0.529,0.539,0.529,0.539,532126330,284909948,0.02083333333333326,0.5376500000000001,0.6007166666666667,-0.1758409785932722
2022-02-24,0.536,0.542,0.521,0.527,720895999,383271315,-0.02226345083487946,0.535,0.5985166666666667,-0.20030349013657056
2022-02-25,0.531,0.548,0.531,0.544,781279358,424353155,0.032258064516129004,0.5339,0.5965,-0.1819548872180451
2022-02-28,0.543,0.547,0.537,0.546,607713106,329847825,0.003676470588235281,0.533,0.5945333333333332,-0.17771084337349397
2022-03-01,0.546,0.552,0.544,0.548,494808733,271044982,0.00366300366300365,0.5328,0.5925999999999999,-0.17469879518072284
2022-03-02,0.544,0.545,0.537,0.542,683387649,369729234,-0.010948905109489093,0.5328,0.5905833333333333,-0.18250377073906487
2022-03-03,0.544,0.546,0.536,0.536,616916901,332273838,-0.011070110701106972,0.5329,0.5886,-0.1816793893129771
2022-03-04,0.531,0.541,0.53,0.533,620162544,332148945,-0.005597014925373123,0.53305,0.5867166666666666,-0.17492260061919507
2022-03-07,0.53,0.531,0.512,0.515,772641300,400302642,-0.03377110694183871,0.532,0.58445,-0.2089093701996928
2022-03-08,0.514,0.521,0.497,0.502,890437856,451528325,-0.025242718446601975,0.53065,0.5821666666666666,-0.21439749608763692
2022-03-09,0.501,0.502,0.468,0.487,1089771937,531270006,-0.029880478087649376,0.52835,0.57955,-0.24378881987577639
2022-03-10,0.498,0.506,0.496,0.504,780573500,391720064,0.03490759753593431,0.52725,0.5770833333333333,-0.22699386503067487
2022-03-11,0.495,0.516,0.493,0.516,1067444300,536447105,0.023809523809523725,0.5276,0.57455,-0.22754491017964074
2022-03-14,0.519,0.523,0.508,0.508,882484952,455182759,-0.015503875968992276,0.5274500000000001,0.5719833333333334,-0.23262839879154085
2022-03-15,0.502,0.512,0.486,0.488,948234858,475216886,-0.03937007874015752,0.5252,0.5691833333333334,-0.25609756097560976
2022-03-16,0.494,0.506,0.478,0.504,1043220300,510793878,0.032786885245901676,0.5237499999999999,0.5665999999999999,-0.2352048558421852
2022-03-17,0.511,0.533,0.51,0.524,1442564922,752712566,0.039682539682539764,0.52325,0.5646833333333333,-0.1799687010954616
2022-03-18,0.519,0.529,0.518,0.527,807783744,422407281,0.005725190839694694,0.52275,0.5627666666666666,-0.17912772585669778
2022-03-21,0.53,0.533,0.521,0.532,699180339,368823101,0.009487666034155628,0.5225,0.5610333333333334,-0.16352201257861632
2022-03-22,0.528,0.53,0.518,0.52,675174500,352878562,-0.022556390977443663,0.5221,0.5593,-0.16666666666666663
2022-03-23,0.521,0.534,0.517,0.532,907368890,479231343,0.023076923076922995,0.5217499999999999,0.5576500000000001,-0.15689381933438984
2022-03-24,0.526,0.55,0.522,0.544,1099096052,590861125,0.022556390977443552,0.5226,0.5561833333333334,-0.1392405063291139
2022-03-25,0.542,0.544,0.526,0.527,1183606518,632034034,-0.03125,0.52175,0.5545166666666667,-0.15948963317384368
2022-03-28,0.521,0.526,0.517,0.52,783824400,408728228,-0.013282732447817858,0.5204500000000001,0.5526833333333332,-0.17460317460317454
2022-03-29,0.522,0.528,0.517,0.525,682411955,357867908,0.009615384615384581,0.5193000000000001,0.5508666666666666,-0.17192429022082012
2022-03-30,0.529,0.539,0.519,0.538,857241864,455035358,0.024761904761904763,0.5191000000000001,0.5492,-0.15673981191222564
2022-03-31,0.534,0.545,0.533,0.535,701141499,377303544,-0.005576208178438624,0.51905,0.5476333333333334,-0.14944356120826707
2022-04-01,0.53,0.535,0.525,0.532,687371710,364827806,-0.005607476635513975,0.519,0.5459499999999999,-0.15955766192733012
2022-04-06,0.534,0.539,0.527,0.53,733732090,390449974,-0.003759398496240629,0.51975,0.5442333333333333,-0.16271721958925744
2022-04-07,0.525,0.533,0.52,0.521,733018816,384780099,-0.016981132075471694,0.5207,0.5426333333333333,-0.15559157212317665
2022-04-08,0.521,0.522,0.511,0.516,765018200,395704595,-0.009596928982725572,0.5221500000000001,0.5410833333333334,-0.15270935960591125
2022-04-11,0.513,0.516,0.505,0.507,713895884,363910069,-0.01744186046511631,0.5223000000000001,0.5395166666666668,-0.1564059900166389
2022-04-12,0.506,0.522,0.504,0.519,824957061,422618540,0.02366863905325456,0.5224500000000001,0.5381833333333333,-0.1335559265442403
2022-04-13,0.515,0.516,0.506,0.507,746933700,381109615,-0.023121387283236983,0.5224,0.5365666666666667,-0.1605960264900662
2022-04-14,0.509,0.515,0.504,0.51,861103840,438647166,0.00591715976331364,0.5235000000000001,0.535,-0.1556291390728476
2022-04-15,0.506,0.522,0.504,0.515,818334512,420410929,0.009803921568627416,0.5240500000000001,0.5334333333333333,-0.154351395730706
2022-04-18,0.512,0.516,0.508,0.514,586758800,299884246,-0.001941747572815511,0.52355,0.5320666666666667,-0.13758389261744963
2022-04-19,0.513,0.517,0.5,0.502,707946700,357566896,-0.023346303501945553,0.5223000000000001,0.5304833333333333,-0.1591289782244556
2022-04-20,0.502,0.504,0.492,0.494,728405900,362603002,-0.015936254980079667,0.5204000000000001,0.5287333333333334,-0.1752921535893155
2022-04-21,0.492,0.497,0.477,0.481,910527570,444755633,-0.02631578947368418,0.5184500000000001,0.5267833333333333,-0.19565217391304346
2022-04-22,0.478,0.487,0.471,0.48,798663600,381599512,-0.0020790020790021346,0.51585,0.5250833333333333,-0.17525773195876282
2022-04-25,0.472,0.475,0.455,0.456,782779900,366106840,-0.04999999999999993,0.5114500000000001,0.5230166666666667,-0.21379310344827573
2022-04-26,0.456,0.471,0.453,0.463,733913300,340221869,0.015350877192982448,0.50825,0.5213,-0.1819787985865723
2022-04-27,0.457,0.472,0.452,0.472,793834600,366468748,0.01943844492440605,0.50585,0.5197666666666667,-0.16312056737588654
2022-04-28,0.47,0.472,0.462,0.469,595329100,278300896,-0.006355932203389814,0.50305,0.5183833333333333,-0.15036231884057982
2022-04-29,0.469,0.48,0.466,0.479,760559300,359987966,0.021321961620469176,0.5001,0.5173333333333334,-0.11623616236162371
2022-05-05,0.476,0.483,0.474,0.48,622316200,297559513,0.0020876826722338038,0.49734999999999996,0.5164333333333334,-0.10112359550561811
2022-05-06,0.47,0.476,0.467,0.47,593074600,279392942,-0.02083333333333337,0.49424999999999997,0.5154333333333334,-0.1132075471698114
2022-05-09,0.467,0.472,0.464,0.465,514276800,240790489,-0.010638297872340274,0.491,0.51425,-0.1324626865671642
2022-05-10,0.46,0.472,0.457,0.469,546738041,254845110,0.008602150537634357,0.48839999999999995,0.51325,-0.11342155009451804
2022-05-11,0.47,0.488,0.468,0.479,928849600,447103025,0.021321961620469176,0.48655,0.5123500000000001,-0.10131332082551603
2022-05-12,0.476,0.487,0.475,0.484,683229299,329373865,0.010438413361169019,0.4854,0.51165,-0.07984790874524716
2022-05-13,0.488,0.492,0.48,0.483,494817560,239926853,-0.0020661157024793875,0.4835999999999999,0.5112166666666667,-0.05108055009823187
2022-05-16,0.486,0.487,0.474,0.476,528214850,252797901,-0.01449275362318847,0.48205,0.5106333333333333,-0.06849315068493156
2022-05-17,0.475,0.476,0.467,0.471,597404300,280965459,-0.010504201680672232,0.4801,0.5096,-0.11632270168855541
2022-05-18,0.472,0.474,0.466,0.466,504880900,236716911,-0.010615711252653814,0.47764999999999996,0.5084833333333333,-0.12570356472795496
2022-05-19,0.461,0.466,0.46,0.465,514253078,238071597,-0.0021459227467811592,0.47519999999999996,0.5073333333333333,-0.1292134831460674
2022-05-20,0.468,0.481,0.468,0.479,697412575,332343905,0.03010752688172036,0.47404999999999997,0.5063666666666666,-0.1080074487895718
2022-05-23,0.483,0.484,0.476,0.479,527743400,252734945,0.0,0.47329999999999994,0.5054000000000001,-0.1080074487895718
2022-05-24,0.48,0.48,0.461,0.461,826861100,387198586,-0.03757828810020869,0.4723,0.5042833333333333,-0.12689393939393945
2022-05-25,0.46,0.465,0.46,0.463,566599300,261757507,0.00433839479392617,0.4714499999999999,0.5030166666666667,-0.1410018552875696
2022-05-26,0.464,0.465,0.454,0.458,753111300,344915161,-0.010799136069114534,0.47154999999999997,0.5018666666666667,-0.1309297912713473
2022-05-27,0.461,0.471,0.461,0.462,823350248,383803351,0.008733624454148492,0.4715,0.5005000000000001,-0.15073529411764708
2022-05-30,0.465,0.47,0.459,0.468,614564000,285692547,0.012987012987013102,0.47129999999999994,0.4992,-0.1428571428571429
2022-05-31,0.467,0.479,0.462,0.478,917052100,431896107,0.02136752136752129,0.47175,0.4980333333333334,-0.12773722627737238
2022-06-01,0.477,0.481,0.471,0.476,608066934,289779834,-0.004184100418409997,0.4716,0.49693333333333334,-0.12177121771217725
2022-06-02,0.473,0.474,0.466,0.469,718588600,336933253,-0.014705882352941235,0.47104999999999997,0.4958166666666667,-0.1250000000000001
2022-06-06,0.469,0.483,0.467,0.483,1011101450,480975370,0.029850746268656803,0.47169999999999995,0.4949833333333334,-0.09380863039399634
2022-06-07,0.482,0.491,0.48,0.49,961990001,469110980,0.01449275362318847,0.47295,0.49456666666666665,-0.04854368932038844
2022-06-08,0.491,0.505,0.49,0.498,1590991414,791933623,0.01632653061224487,0.4744,0.49450000000000005,-0.007968127490039834
2022-06-09,0.498,0.501,0.486,0.488,879394093,433064423,-0.02008032128514059,0.47485,0.49451666666666666,0.002053388090349051
2022-06-10,0.483,0.493,0.481,0.492,956695693,466830538,0.008196721311475308,0.47524999999999995,0.4943166666666667,-0.023809523809523836
2022-06-13,0.484,0.486,0.478,0.482,898730100,432111230,-0.020325203252032575,0.47519999999999996,0.49375,-0.06589147286821706
2022-06-14,0.477,0.485,0.473,0.484,824795049,394731003,0.004149377593360981,0.4755999999999999,0.49335,-0.047244094488189003
2022-06-15,0.485,0.498,0.484,0.492,1142042747,560686402,0.016528925619834656,0.47664999999999996,0.49341666666666667,0.008196721311475308
2022-06-16,0.492,0.504,0.492,0.498,937007891,467800122,0.012195121951219523,0.47824999999999995,0.4933166666666667,-0.011904761904761862
2022-06-17,0.494,0.515,0.491,0.514,1229684523,617895078,0.032128514056224855,0.4807,0.49315000000000003,-0.01908396946564883
2022-06-20,0.515,0.528,0.514,0.522,1245238636,647478089,0.015564202334630295,0.48285,0.49306666666666665,-0.009487666034155628
2022-06-21,0.521,0.526,0.512,0.517,895219502,464677899,-0.009578544061302652,0.48475,0.4928166666666666,-0.02819548872180455
2022-06-22,0.517,0.521,0.508,0.509,905059920,465878321,-0.015473887814313358,0.48715,0.4926333333333333,-0.02115384615384619
2022-06-23,0.51,0.512,0.502,0.512,1113190100,565168649,0.005893909626718985,0.4896,0.4923,-0.03759398496240607
2022-06-24,0.513,0.526,0.512,0.525,1169984500,609828830,0.025390625,0.49295,0.4919833333333334,-0.03492647058823528
2022-06-27,0.527,0.541,0.527,0.535,1075154870,575966714,0.01904761904761898,0.49660000000000004,0.4921166666666667,0.015180265654648917
2022-06-28,0.535,0.536,0.526,0.535,1138658400,604529040,0.0,0.49995,0.4923666666666667,0.028846153846153966
2022-06-29,0.533,0.546,0.53,0.533,1185170262,639055673,-0.0037383177570093906,0.5026999999999999,0.4925,0.015238095238095273
2022-06-30,0.533,0.553,0.533,0.549,1170020518,638921937,0.030018761726078758,0.5063500000000001,0.4926833333333333,0.020446096654275214
2022-07-01,0.549,0.554,0.542,0.546,862511200,472069345,-0.005464480874316946,0.5102,0.49286666666666673,0.020560747663551426
2022-07-04,0.549,0.573,0.546,0.572,1315901689,741379535,0.04761904761904745,0.51465,0.4935333333333334,0.07518796992481191
2022-07-05,0.573,0.579,0.56,0.575,1471879509,837299730,0.005244755244755206,0.5189,0.49428333333333335,0.08490566037735836
2022-07-06,0.572,0.581,0.556,0.56,1297730632,737539481,-0.02608695652173898,0.522,0.4949333333333333,0.0748560460652592
2022-07-07,0.559,0.563,0.542,0.551,1278955494,703472087,-0.016071428571428625,0.52515,0.4955166666666667,0.0678294573643412
2022-07-08,0.552,0.56,0.55,0.552,1003738615,557020550,0.001814882032667775,0.52815,0.4962666666666667,0.08875739644970415
2022-07-11,0.553,0.556,0.541,0.546,1182894944,646616517,-0.010869565217391353,0.53135,0.4967166666666667,0.052023121387283267
2022-07-12,0.549,0.552,0.528,0.529,1265105145,678011752,-0.031135531135531136,0.5336000000000001,0.4970833333333333,0.04339250493096647
2022-07-13,0.528,0.534,0.526,0.53,793723736,420493769,0.001890359168241984,0.5355000000000001,0.49741666666666673,0.03921568627450989
2022-07-14,0.53,0.549,0.529,0.542,1034599124,560323671,0.02264150943396226,0.5377000000000001,0.4978666666666667,0.05242718446601957
2022-07-15,0.54,0.545,0.529,0.529,850644464,458326821,-0.023985239852398532,0.53845,0.4981166666666666,0.029182879377432025
2022-07-18,0.53,0.532,0.515,0.531,969954540,508201266,0.003780718336483968,0.5389,0.4986,0.05776892430278879
2022-07-19,0.53,0.533,0.518,0.523,1112380400,582123611,-0.015065913370998163,0.5392,0.4990833333333333,0.05870445344129549
2022-07-20,0.527,0.534,0.524,0.528,1009034859,533745576,0.009560229445506607,0.54015,0.4998666666666667,0.09771309771309777
2022-07-21,0.527,0.532,0.524,0.527,1007142800,531774539,-0.0018939393939394478,0.5409,0.50065,0.09791666666666665
2022-07-22,0.529,0.534,0.521,0.525,958254400,504913410,-0.003795066413662229,0.5409,0.5018,0.1513157894736843
2022-07-25,0.522,0.524,0.516,0.521,846711983,440555984,-0.007619047619047636,0.5402,0.5027666666666667,0.12526997840172793
2022-07-26,0.524,0.527,0.516,0.519,973659568,505874037,-0.0038387715930902067,0.5394,0.50355,0.09957627118644075
2022-07-27,0.519,0.519,0.509,0.51,1128109700,578494360,-0.017341040462427793,0.53825,0.5042333333333333,0.08742004264392333
2022-07-28,0.512,0.514,0.504,0.506,1272248500,645592294,-0.007843137254901933,0.5361,0.5046833333333333,0.056367432150313146
2022-07-29,0.506,0.507,0.49,0.491,1362691010,677216200,-0.029644268774703608,0.53335,0.5048666666666667,0.022916666666666696
2022-08-01,0.489,0.494,0.484,0.493,988883011,485224545,0.004073319755600879,0.5294,0.50525,0.04893617021276597
2022-08-02,0.489,0.49,0.479,0.482,1029813780,498350150,-0.022312373225152116,0.52475,0.5055333333333334,0.03655913978494607
2022-08-03,0.483,0.493,0.482,0.485,1158396400,563406538,0.006224066390041472,0.521,0.5058,0.034115138592750505
2022-08-04,0.488,0.497,0.487,0.496,1222751941,604252330,0.02268041237113394,0.51825,0.5060833333333333,0.035490605427974886
2022-08-05,0.497,0.509,0.497,0.509,1187735104,598311599,0.02620967741935476,0.5161,0.5065000000000001,0.051652892561983466
2022-08-08,0.51,0.51,0.5,0.503,900701088,454320110,-0.011787819253438081,0.51395,0.5068333333333334,0.04140786749482395
2022-08-09,0.501,0.502,0.495,0.5,789075900,392863260,-0.005964214711729587,0.5125,0.5072333333333333,0.050420168067226934
2022-08-10,0.498,0.499,0.487,0.489,1036093800,509434459,-0.02200000000000002,0.51045,0.5075333333333334,0.03821656050955413
2022-08-11,0.493,0.506,0.491,0.505,1295392698,647250575,0.0327198364008181,0.5086,0.5081833333333333,0.08369098712446355
2022-08-12,0.503,0.508,0.5,0.506,850931829,429364765,0.001980198019801982,0.50745,0.5088666666666667,0.08817204301075265
2022-08-15,0.504,0.505,0.496,0.497,974777941,486986085,-0.017786561264822143,0.5057499999999999,0.5091666666666667,0.03757828810020891
2022-08-16,0.498,0.499,0.489,0.491,1102736700,543408445,-0.012072434607645843,0.50415,0.5093666666666666,0.025052192066805867
2022-08-17,0.49,0.498,0.487,0.495,842809263,415120486,0.008146639511201537,0.5025,0.5099333333333333,0.07375271149674623
2022-08-18,0.494,0.494,0.484,0.485,1239249460,604354382,-0.02020202020202022,0.5004,0.5103,0.04751619870410351
2022-08-19,0.483,0.483,0.479,0.481,1189043400,572163032,-0.008247422680412342,0.4981999999999999,0.5106833333333334,0.05021834061135366
2022-08-22,0.479,0.484,0.474,0.484,954992349,458817404,0.006237006237006293,0.49634999999999996,0.51105,0.04761904761904745
2022-08-23,0.482,0.484,0.475,0.477,954890305,455554582,-0.01446280991735538,0.49424999999999997,0.5112,0.019230769230769162
2022-08-24,0.476,0.481,0.471,0.472,1013248193,481986562,-0.010482180293501009,0.49235000000000007,0.5111,-0.012552301255230103
2022-08-25,0.473,0.478,0.47,0.478,992691264,470912713,0.012711864406779627,0.49095000000000005,0.5111333333333333,0.004201680672268893
2022-08-26,0.478,0.485,0.476,0.479,956532714,459876821,0.0020920502092049986,0.49035,0.5113,0.021321961620469176
2022-08-29,0.474,0.475,0.47,0.473,970420700,458646491,-0.012526096033402934,0.48935000000000006,0.5111333333333333,-0.020703933747411973
2022-08-30,0.472,0.475,0.467,0.471,902017400,424115227,-0.0042283298097252064,0.4888,0.5108166666666667,-0.038775510204081653
2022-08-31,0.47,0.485,0.469,0.48,1447043961,690877504,0.019108280254777066,0.48854999999999993,0.5105166666666666,-0.03614457831325302
2022-09-01,0.479,0.484,0.477,0.478,877107142,421903989,-0.004166666666666652,0.48765000000000003,0.51035,-0.020491803278688492
2022-09-02,0.479,0.484,0.471,0.473,1001065506,476513149,-0.010460251046025104,0.48584999999999995,0.5100333333333333,-0.03861788617886186
2022-09-05,0.473,0.476,0.462,0.465,1451967820,677286624,-0.016913319238900493,0.48395,0.50975,-0.03526970954356834
2022-09-06,0.466,0.466,0.461,0.464,902450750,418405703,-0.0021505376344086446,0.48215,0.5094166666666667,-0.04132231404958675
2022-09-07,0.463,0.465,0.458,0.463,967536700,447081830,-0.0021551724137931494,0.48084999999999994,0.5089333333333333,-0.05894308943089421
2022-09-08,0.464,0.467,0.46,0.461,893379864,413897043,-0.004319654427645814,0.4786499999999999,0.5083166666666666,-0.07429718875502
2022-09-09,0.465,0.475,0.465,0.475,1473898540,693868994,0.030368763557483636,0.47709999999999997,0.5076666666666667,-0.07587548638132302
2022-09-13,0.472,0.474,0.466,0.466,1287441076,603416922,-0.01894736842105249,0.47555,0.5067333333333334,-0.10727969348659006
2022-09-14,0.461,0.465,0.458,0.464,1061602100,490100141,-0.0042918454935622075,0.4742,0.50585,-0.10251450676982587
2022-09-15,0.466,0.472,0.459,0.462,1258169316,585395135,-0.004310344827586188,0.47255,0.5050666666666667,-0.09233791748526521
2022-09-16,0.46,0.462,0.448,0.448,1528500419,693752123,-0.030303030303030276,0.47070000000000006,0.504,-0.125
2022-09-19,0.447,0.45,0.439,0.441,1147215900,508767888,-0.015625,0.46869999999999995,0.5025999999999999,-0.16000000000000003
2022-09-20,0.443,0.444,0.437,0.442,975948113,429850787,0.0022675736961450532,0.4666,0.50105,-0.17383177570093467
2022-09-21,0.439,0.44,0.428,0.429,1465451126,632146614,-0.02941176470588236,0.46420000000000006,0.4992833333333333,-0.19813084112149537
2022-09-22,0.425,0.427,0.419,0.421,1271817500,538224939,-0.018648018648018683,0.46164999999999995,0.49741666666666673,-0.21013133208255164
2022-09-23,0.42,0.423,0.413,0.419,1285438249,538440111,-0.004750593824228044,0.4587,0.49525,-0.2367941712204008
2022-09-26,0.415,0.423,0.415,0.416,1081332520,453668346,-0.007159904534606243,0.45555,0.49308333333333326,-0.23809523809523814
2022-09-27,0.417,0.439,0.416,0.439,1874221703,801688621,0.055288461538461675,0.45385,0.4908666666666666,-0.2325174825174825
2022-09-28,0.435,0.442,0.433,0.434,1310270600,573770332,-0.011389521640091105,0.45199999999999996,0.48851666666666665,-0.24521739130434772
2022-09-29,0.439,0.453,0.439,0.444,1586255323,707438451,0.02304147465437789,0.45020000000000004,0.4865833333333333,-0.20714285714285718
2022-09-30,0.441,0.449,0.441,0.442,952259788,423390479,-0.0045045045045044585,0.4484,0.4847666666666666,-0.19782214156079858
2022-10-10,0.444,0.446,0.427,0.428,1044200207,455728077,-0.03167420814479638,0.44615,0.4827,-0.2246376811594204
2022-10-11,0.429,0.431,0.42,0.426,844368572,358450329,-0.004672897196261738,0.44420000000000004,0.48069999999999996,-0.2197802197802199
2022-10-12,0.425,0.429,0.412,0.429,1566156376,656405450,0.007042253521126751,0.44245,0.47903333333333337,-0.18903591682419663
2022-10-13,0.426,0.443,0.424,0.438,1413348381,618575552,0.020979020979021046,0.4412000000000001,0.4775,-0.17358490566037743
2022-10-14,0.443,0.482,0.441,0.482,3995381100,1872644362,0.1004566210045661,0.44225000000000003,0.4765,-0.11070110701107017
2022-10-17,0.479,0.49,0.476,0.481,2126447200,1025054695,-0.0020746887966804906,0.44255000000000005,0.4757,-0.09073724007561446
2022-10-18,0.482,0.488,0.471,0.484,1745681626,840684818,0.006237006237006293,0.44345,0.4749166666666666,-0.08851224105461397
2022-10-19,0.479,0.481,0.471,0.474,1526612354,724712961,-0.02066115702479343,0.44394999999999996,0.47409999999999997,-0.09369024856596564
2022-10-20,0.47,0.485,0.468,0.475,1447476540,691237363,0.0021097046413502962,0.4446,0.4732166666666667,-0.10037878787878796
2022-10-21,0.473,0.478,0.468,0.473,1021112808,481708304,-0.004210526315789442,0.44584999999999997,0.47231666666666666,-0.10246679316888052
2022-10-24,0.471,0.473,0.451,0.455,1774359926,815723990,-0.0380549682875263,0.44655000000000006,0.47115,-0.1333333333333333
2022-10-25,0.454,0.455,0.439,0.444,1637619000,729549940,-0.0241758241758242,0.44665,0.46986666666666665,-0.14779270633397312
2022-10-26,0.446,0.474,0.445,0.469,1973244024,916520212,0.056306306306306286,0.44864999999999994,0.4690333333333333,-0.09633911368015424
2022-10-27,0.47,0.47,0.454,0.46,2080500300,955473120,-0.019189765458422103,0.4506,0.4682,-0.0980392156862745
2022-10-28,0.453,0.462,0.447,0.45,1596756977,726212868,-0.021739130434782594,0.45214999999999994,0.46726666666666666,-0.11067193675889331
2022-10-31,0.443,0.452,0.438,0.446,1686362042,749655567,-0.008888888888888946,0.45364999999999994,0.46651666666666664,-0.09164969450101834
2022-11-01,0.448,0.464,0.441,0.464,1976432922,892051293,0.04035874439461895,0.45489999999999997,0.46603333333333335,-0.05882352941176461
2022-11-02,0.46,0.48,0.458,0.471,2503302226,1180820789,0.015086206896551602,0.45675,0.46585,-0.022821576763485507
2022-11-03,0.465,0.472,0.462,0.468,1664421141,776046999,-0.006369426751592244,0.45794999999999997,0.4655666666666667,-0.03505154639175245
2022-11-04,0.467,0.483,0.466,0.478,1831273246,869534270,0.02136752136752129,0.45974999999999994,0.46526666666666666,-0.03629032258064524
2022-11-07,0.476,0.479,0.472,0.479,1545025799,734973734,0.0020920502092049986,0.46230000000000004,0.46476666666666666,-0.05893909626719063
2022-11-08,0.477,0.478,0.466,0.47,1534875700,721717652,-0.018789144050104456,0.46449999999999997,0.46421666666666667,-0.0656063618290259
2022-11-09,0.468,0.474,0.466,0.467,1154933000,542152743,-0.006382978723404098,0.4664,0.46366666666666667,-0.06599999999999995
2022-11-10,0.465,0.47,0.461,0.464,1171700100,544868874,-0.0064239828693790635,0.46770000000000006,0.46325,-0.05112474437627801
2022-11-11,0.48,0.482,0.466,0.467,3330788040,1582463543,0.006465517241379226,0.46695000000000003,0.4626166666666667,-0.0752475247524752
2022-11-14,0.467,0.482,0.465,0.479,2242952237,1069334340,0.025695931477516032,0.46685,0.46216666666666667,-0.05335968379446643
2022-11-15,0.479,0.482,0.467,0.482,2118239100,1006765789,0.006263048016701411,0.46674999999999994,0.46191666666666664,-0.030181086519114664
2022-11-16,0.481,0.493,0.478,0.482,2091035981,1015996466,0.0,0.46715,0.46176666666666666,-0.018329938900203735
2022-11-17,0.479,0.484,0.473,0.48,1543428504,737981669,-0.004149377593360981,0.46740000000000004,0.46151666666666663,-0.030303030303030276
2022-11-18,0.483,0.491,0.482,0.487,1794082664,873328469,0.014583333333333393,0.4680999999999999,0.46155,0.004123711340206171
2022-11-21,0.481,0.483,0.476,0.482,1215101040,582883007,-0.010266940451745366,0.46945,0.4615666666666666,0.0020790020790020236
2022-11-22,0.48,0.487,0.468,0.473,1626195501,774246539,-0.018672199170124526,0.4709,0.4613833333333333,-0.022727272727272707
2022-11-23,0.471,0.471,0.459,0.463,1594219281,738048772,-0.0211416490486257,0.4706,0.46115,-0.02935010482180289
2022-11-24,0.464,0.469,0.462,0.465,1140808869,530434073,0.004319654427645814,0.47085,0.4610333333333333,-0.01483050847457612
2022-11-25,0.464,0.466,0.456,0.465,1134990560,524020564,0.0,0.4716,0.4608166666666667,-0.027196652719665204
2022-11-28,0.454,0.459,0.45,0.457,1555563512,704947579,-0.017204301075268824,0.47215000000000007,0.46044999999999997,-0.045929018789144016
2022-11-29,0.456,0.469,0.456,0.468,1516953502,704364735,0.024070021881838155,0.47235000000000005,0.46036666666666665,-0.010570824524312794
2022-11-30,0.467,0.468,0.462,0.464,1037096716,482236884,-0.008547008547008517,0.4720000000000001,0.46025,-0.014861995753715385
2022-12-01,0.472,0.475,0.468,0.473,1713889644,808376374,0.0193965517241379,0.47225,0.46013333333333334,-0.014583333333333393
2022-12-02,0.471,0.474,0.468,0.469,1112040300,523319346,-0.008456659619450302,0.4718,0.45998333333333336,-0.01882845188284521
2022-12-05,0.473,0.475,0.468,0.471,1765502876,831649751,0.004264392324093924,0.47139999999999993,0.45994999999999997,-0.0042283298097252064
2022-12-06,0.47,0.477,0.467,0.471,1331520806,629369609,0.0,0.47145000000000004,0.46004999999999996,0.012903225806451424
2022-12-07,0.469,0.475,0.466,0.471,1637489806,770622426,0.0,0.47165,0.46016666666666667,0.015086206896551602
2022-12-08,0.471,0.473,0.468,0.47,1047574475,492362713,-0.002123142250530785,0.47195,0.46028333333333327,0.015118790496760237
2022-12-09,0.47,0.471,0.464,0.47,1478262586,691850932,0.0,0.4720999999999999,0.46043333333333336,0.019522776572667988
2022-12-12,0.471,0.478,0.47,0.473,1592342303,754986179,0.006382978723404209,0.4718,0.4604,-0.004210526315789442
2022-12-13,0.474,0.475,0.466,0.471,1314198378,617121117,-0.0042283298097252064,0.47125000000000006,0.46048333333333336,0.010729613733905463
2022-12-14,0.471,0.475,0.467,0.47,1147905674,540747683,-0.002123142250530785,0.47065,0.4605833333333333,0.012931034482758452
2022-12-15,0.47,0.474,0.466,0.468,1085278189,508542210,-0.004255319148936065,0.47004999999999997,0.4606833333333333,0.012987012987013102
2022-12-16,0.467,0.472,0.466,0.47,1273232019,597240046,0.004273504273504258,0.4692,0.46105,0.049107142857142794
2022-12-19,0.471,0.472,0.457,0.458,1399785641,646456107,-0.025531914893616947,0.46799999999999997,0.4613333333333333,0.03854875283446724
2022-12-20,0.457,0.46,0.45,0.451,1211385644,549295210,-0.015283842794759805,0.46690000000000004,0.46148333333333336,0.020361990950226172
2022-12-21,0.453,0.456,0.452,0.452,790136400,358477699,0.0022172949002217113,0.46635,0.46186666666666665,0.053613053613053685
2022-12-22,0.455,0.467,0.452,0.46,1295016238,596425174,0.017699115044247815,0.46609999999999996,0.46251666666666663,0.09263657957244664
2022-12-23,0.457,0.465,0.456,0.464,1030980456,476233523,0.008695652173912993,0.46604999999999996,0.4632666666666667,0.1073985680190932
2022-12-26,0.465,0.467,0.462,0.463,658461900,305841179,-0.0021551724137931494,0.46635,0.46405,0.11298076923076938
2022-12-27,0.465,0.47,0.46,0.469,1026010010,477364464,0.01295896328293722,0.4664,0.46455,0.06833712984054663
2022-12-28,0.467,0.473,0.467,0.469,863812880,406509179,0.0,0.46665,0.46513333333333334,0.08064516129032251
2022-12-29,0.468,0.479,0.466,0.476,1250772309,594018967,0.014925373134328401,0.4668,0.4656666666666667,0.072072072072072
2022-12-30,0.477,0.48,0.475,0.478,866531600,413988790,0.004201680672268893,0.46725000000000005,0.46626666666666666,0.08144796380090491
2023-01-03,0.478,0.482,0.472,0.477,1081325961,515512513,-0.0020920502092049986,0.46755,0.4670833333333333,0.11448598130841114
2023-01-04,0.476,0.482,0.476,0.48,1055289339,506430262,0.0062893081761006275,0.46799999999999997,0.4679833333333333,0.12676056338028174
2023-01-05,0.482,0.498,0.481,0.494,1740502785,855433276,0.029166666666666785,0.46915000000000007,0.46906666666666663,0.1515151515151516
2023-01-06,0.494,0.495,0.488,0.491,893779122,438587648,-0.006072874493927127,0.4702,0.46995,0.12100456621004563
2023-01-09,0.492,0.497,0.488,0.495,888928386,438343644,0.008146639511201537,0.47145000000000004,0.4701666666666667,0.0269709543568466
2023-01-10,0.495,0.505,0.492,0.502,1112442666,556156840,0.014141414141414232,0.4729,0.47051666666666664,0.043659043659043606
2023-01-11,0.502,0.507,0.498,0.499,928611758,466243647,-0.005976095617529875,0.47430000000000005,0.4707666666666667,0.030991735537190035
2023-01-12,0.499,0.503,0.495,0.496,842139500,419950477,-0.006012024048096198,0.4755999999999999,0.47113333333333335,0.04641350210970474
2023-01-13,0.498,0.511,0.496,0.511,1126652130,569112105,0.030241935483870996,0.47775,0.4717333333333333,0.07578947368421063
2023-01-16,0.512,0.54,0.51,0.531,2019770640,1071329053,0.03913894324853229,0.4808,0.4727,0.12262156448202965
2023-01-17,0.53,0.533,0.524,0.528,952511344,503277545,-0.005649717514124353,0.4843,0.47391666666666665,0.16043956043956054
2023-01-18,0.527,0.528,0.521,0.523,818816035,428474381,-0.009469696969697017,0.48789999999999994,0.47523333333333334,0.177927927927928
2023-01-19,0.523,0.539,0.52,0.534,1481415514,788319232,0.021032504780114758,0.492,0.47631666666666667,0.1385927505330491
2023-01-20,0.534,0.542,0.531,0.532,1110845114,594300242,-0.0037453183520599342,0.49560000000000004,0.4775166666666667,0.15652173913043477
2023-01-30,0.539,0.541,0.526,0.527,978178600,519052431,-0.009398496240601517,0.49874999999999997,0.47879999999999995,0.1711111111111112
2023-01-31,0.526,0.528,0.512,0.513,1296118997,671157666,-0.026565464895635715,0.50125,0.4799166666666667,0.15022421524663687
2023-02-01,0.514,0.519,0.509,0.518,1063719708,546566713,0.00974658869395717,0.5037,0.48081666666666667,0.11637931034482762
2023-02-02,0.518,0.527,0.515,0.52,1079924874,563627979,0.0038610038610038533,0.50625,0.4816333333333333,0.10403397027600869
2023-02-03,0.516,0.521,0.51,0.515,1315740208,677139779,-0.009615384615384581,0.5082,0.48241666666666666,0.10042735042735029
2023-02-06,0.508,0.51,0.501,0.503,1610172000,812947050,-0.023300970873786464,0.50945,0.48283333333333334,0.05230125523012563
2023-02-07,0.506,0.509,0.501,0.504,1193531900,602686850,0.001988071570576455,0.5107999999999999,0.48325,0.05219206680584554
2023-02-08,0.505,0.511,0.504,0.505,840811985,426287628,0.001984126984126977,0.5120500000000001,0.4838333333333333,0.07446808510638303
2023-02-09,0.503,0.512,0.502,0.512,1023313900,520320644,0.013861386138613874,0.51295,0.4845833333333333,0.09635974304068529
2023-02-10,0.51,0.512,0.505,0.51,1035624534,526667989,-0.00390625,0.5139,0.48535000000000006,0.09913793103448265
2023-02-13,0.509,0.52,0.509,0.514,1270488174,653863069,0.007843137254901933,0.51485,0.4861333333333333,0.10064239828693777
2023-02-14,0.514,0.517,0.511,0.515,977541503,502509509,0.0019455252918287869,0.5155000000000001,0.48673333333333335,0.0751565762004176
2023-02-15,0.515,0.517,0.506,0.507,966444900,491893042,-0.01553398058252431,0.5159,0.48714999999999997,0.051867219917012486
2023-02-16,0.507,0.513,0.498,0.505,1184205776,599750212,-0.0039447731755424265,0.5163500000000001,0.4875333333333334,0.047717842323651505
2023-02-17,0.502,0.507,0.5,0.502,988537743,498505832,-0.005940594059405946,0.5159,0.4879,0.04583333333333339
2023-02-20,0.501,0.511,0.495,0.509,1429257759,719372494,0.013944223107569709,0.5148,0.4882666666666667,0.045174537987679786
2023-02-21,0.508,0.509,0.503,0.506,950470092,480884476,-0.005893909626719096,0.5137,0.4886666666666667,0.049792531120331995
2023-02-22,0.503,0.507,0.5,0.503,728658300,366546785,-0.005928853754940677,0.5127,0.4891666666666667,0.06342494714587743
2023-02-23,0.501,0.506,0.496,0.498,1092661200,546196664,-0.00994035785288272,0.5109,0.48975,0.07559395248380119
2023-02-24,0.499,0.5,0.492,0.494,821101200,406455527,-0.008032128514056214,0.509,0.49023333333333335,0.06236559139784936
2023-02-27,0.491,0.493,0.487,0.489,816464100,399588387,-0.010121457489878583,0.5071000000000001,0.4906333333333333,0.05161290322580636
2023-02-28,0.49,0.496,0.489,0.494,996596000,490839693,0.010224948875255713,0.5061500000000001,0.49124999999999996,0.08096280087527341
2023-03-01,0.494,0.496,0.489,0.496,1361930047,672259452,0.004048582995951344,0.50505,0.4917166666666667,0.05982905982905984
2023-03-02,0.494,0.495,0.49,0.491,937827240,461598570,-0.01008064516129037,0.5036,0.4921666666666667,0.0581896551724137
2023-03-03,0.492,0.497,0.489,0.492,1104540138,544358826,0.0020366598778003286,0.50245,0.49248333333333333,0.04016913319238902
2023-03-06,0.492,0.493,0.488,0.49,983577587,482405079,-0.004065040650406471,0.5018,0.49283333333333335,0.044776119402985204
2023-03-07,0.489,0.494,0.481,0.482,1549413638,754795217,-0.01632653061224487,0.5007,0.49301666666666666,0.023354564755838636
2023-03-08,0.48,0.482,0.477,0.48,986184216,472794231,-0.004149377593360981,0.49944999999999995,0.49316666666666664,0.019108280254777066
2023-03-09,0.48,0.483,0.478,0.48,950432521,456367304,0.0,0.49784999999999996,0.4933166666666667,0.019108280254777066
2023-03-10,0.477,0.485,0.474,0.48,1516078379,725615640,0.0,0.49634999999999996,0.4934833333333334,0.02127659574468077
2023-03-13,0.478,0.481,0.476,0.477,1136206124,543007336,-0.006249999999999978,0.49450000000000005,0.4936,0.014893617021276562
2023-03-14,0.477,0.483,0.476,0.477,1433789700,687034311,0.0,0.49260000000000004,0.4936666666666667,0.008456659619450413
2023-03-15,0.481,0.483,0.473,0.475,1330037005,636259995,-0.004192872117400381,0.491,0.4937333333333333,0.00849256900212314
2023-03-16,0.473,0.478,0.471,0.473,1148483820,544188975,-0.004210526315789442,0.4894,0.49378333333333335,0.006382978723404209
2023-03-17,0.475,0.476,0.46,0.463,2179671262,1016915110,-0.0211416490486257,0.48745000000000005,0.49369999999999997,-0.010683760683760646
2023-03-20,0.461,0.462,0.453,0.456,1452452092,663381658,-0.015118790496760237,0.4848,0.4934666666666666,-0.029787234042553123
2023-03-21,0.458,0.472,0.457,0.471,1685598570,785859841,0.03289473684210509,0.48305,0.4936833333333333,0.028384279475982543
2023-03-22,0.472,0.475,0.471,0.472,1127833952,533593416,0.002123142250530785,0.48149999999999993,0.4940333333333333,0.04656319290465616
2023-03-23,0.471,0.475,0.47,0.472,826482700,390338616,0.0,0.48019999999999996,0.49436666666666673,0.044247787610619316
2023-03-24,0.473,0.475,0.468,0.469,998156199,470461054,-0.006355932203389814,0.47895000000000004,0.49451666666666666,0.019565217391304346
2023-03-27,0.469,0.477,0.463,0.474,1352313270,637719023,0.010660980810234477,0.4782,0.4946833333333333,0.021551724137930828
2023-03-28,0.474,0.476,0.472,0.475,882739420,418387082,0.0021097046413502962,0.47725,0.49488333333333334,0.02591792656587466
2023-03-29,0.475,0.475,0.47,0.471,925746087,437033333,-0.008421052631578996,0.476,0.49491666666666667,0.004264392324093924
2023-03-30,0.471,0.474,0.468,0.473,874859410,412464782,0.00424628450106157,0.47509999999999997,0.4949833333333333,0.008528784648187626
2023-03-31,0.473,0.475,0.469,0.47,846049200,398601269,-0.006342494714587699,0.47400000000000003,0.4948833333333333,-0.012605042016806789
2023-04-03,0.469,0.471,0.463,0.466,1552738700,723410885,-0.008510638297872242,0.4728,0.49468333333333336,-0.025104602510460206
2023-04-04,0.465,0.469,0.463,0.469,1591518300,740985207,0.006437768240343145,0.47214999999999996,0.49455000000000005,-0.016771488469601747
2023-04-06,0.469,0.472,0.467,0.472,1724163121,810209394,0.006396588486140775,0.47175,0.49441666666666667,-0.01666666666666672
2023-04-07,0.471,0.484,0.47,0.483,3050116900,1465945754,0.02330508474576276,0.47190000000000004,0.49423333333333336,-0.022267206477732837
2023-04-10,0.484,0.49,0.483,0.487,2429310747,1184198224,0.008281573498964745,0.47225,0.4941666666666667,-0.008146639511201648
2023-04-11,0.488,0.492,0.482,0.485,1724137787,838431825,-0.004106776180698102,0.47264999999999996,0.494,-0.02020202020202022
2023-04-12,0.485,0.488,0.479,0.481,1442707000,696017817,-0.008247422680412342,0.47284999999999994,0.49365,-0.04183266932270924
2023-04-13,0.479,0.492,0.476,0.489,2185947657,1062506469,0.016632016632016633,0.4735499999999999,0.49348333333333333,-0.02004008016032066
2023-04-14,0.492,0.498,0.486,0.488,2093255340,1027111530,-0.002044989775051076,0.47430000000000005,0.49335,-0.016129032258064502
2023-04-17,0.486,0.492,0.485,0.49,1814794778,886964159,0.004098360655737654,0.47565,0.49300000000000005,-0.04109589041095896
2023-04-18,0.487,0.488,0.482,0.485,1821347909,883259412,-0.010204081632653073,0.47709999999999997,0.4922333333333333,-0.0866290018832393
2023-04-19,0.484,0.485,0.478,0.481,1918209100,921344501,-0.008247422680412342,0.47759999999999997,0.49145,-0.0890151515151516
2023-04-20,0.48,0.482,0.47,0.471,2207105900,1047505762,-0.02079002079002079,0.47755000000000003,0.4905833333333333,-0.09942638623326971
2023-04-21,0.47,0.473,0.463,0.464,1686892551,790061788,-0.014861995753715385,0.4771500000000001,0.48941666666666667,-0.13108614232209737
2023-04-24,0.465,0.47,0.46,0.462,1455656067,676547557,-0.004310344827586188,0.4768,0.48824999999999996,-0.13157894736842102
2023-04-25,0.463,0.463,0.45,0.455,2690292000,1220298561,-0.015151515151515138,0.47585,0.48705,-0.13662239089184058
2023-04-26,0.452,0.459,0.451,0.455,1393650016,634043460,0.0,0.47485,0.4860833333333333,-0.11306042884990253
2023-04-27,0.454,0.462,0.453,0.459,1292003561,590533310,0.00879120879120876,0.47424999999999995,0.4851,-0.1138996138996139
2023-04-28,0.461,0.465,0.457,0.461,1294486620,596244196,0.004357298474945592,0.47365,0.48411666666666664,-0.1134615384615385
2023-05-04,0.461,0.466,0.46,0.462,987663600,456836839,0.002169197396963085,0.47325,0.48323333333333335,-0.1029126213592233
2023-05-05,0.463,0.463,0.454,0.455,1237368950,565069658,-0.015151515151515138,0.4727,0.4824333333333333,-0.09542743538767395
2023-05-08,0.459,0.46,0.453,0.457,1538438570,701610224,0.00439560439560438,0.4721,0.48165,-0.09325396825396826
2023-05-09,0.457,0.459,0.451,0.453,1434872097,652795900,-0.008752735229759279,0.47115,0.48078333333333334,-0.10297029702970295
2023-05-10,0.452,0.455,0.448,0.454,1830559680,826925789,0.002207505518763808,0.4697,0.47981666666666667,-0.11328125
2023-05-11,0.454,0.46,0.451,0.452,1519467350,691981221,-0.004405286343612369,0.46795,0.47884999999999994,-0.11372549019607847
2023-05-12,0.451,0.455,0.448,0.449,1054320000,475265753,-0.006637168141592875,0.46615,0.4777666666666667,-0.1264591439688716
2023-05-15,0.449,0.459,0.447,0.459,1305077830,591483266,0.022271714922049046,0.46505,0.47683333333333333,-0.10873786407766994
2023-05-16,0.461,0.464,0.459,0.463,1356566961,626900533,0.008714596949891185,0.46375,0.4761,-0.08678500986193294
2023-05-17,0.463,0.463,0.457,0.459,960731208,441219829,-0.008639308855291628,0.46230000000000004,0.47533333333333333,-0.09108910891089106
2023-05-18,0.459,0.461,0.453,0.455,923710750,421510997,-0.008714596949891074,0.46055,0.47454999999999997,-0.09362549800796804
2023-05-19,0.454,0.462,0.452,0.459,1178858500,539500809,0.00879120879120876,0.45925000000000005,0.4737166666666666,-0.0982318271119843
2023-05-22,0.459,0.466,0.459,0.462,1623913800,751418482,0.006535947712418277,0.45830000000000004,0.4729833333333333,-0.08695652173913038
2023-05-23,0.463,0.468,0.461,0.462,1241469157,577083547,0.0,0.45785,0.4723,-0.0815109343936381
2023-05-24,0.461,0.461,0.454,0.455,1117274750,509887660,-0.015151515151515138,0.4574,0.4715833333333333,-0.08634538152610438
2023-05-25,0.454,0.455,0.449,0.452,1106322800,499843873,-0.00659340659340657,0.4569,0.4708833333333333,-0.08502024291497967
2023-05-26,0.452,0.456,0.452,0.453,989984100,449358878,0.0022123893805310324,0.4568,0.4702833333333334,-0.0736196319018404
2023-05-29,0.454,0.457,0.448,0.452,1094089559,494161899,-0.002207505518763808,0.45664999999999994,0.46958333333333335,-0.08502024291497967
2023-05-30,0.451,0.453,0.439,0.447,1550823440,691284018,-0.011061946902654829,0.45605,0.4687666666666666,-0.09879032258064513
2023-05-31,0.445,0.447,0.436,0.437,1629550287,717101530,-0.022371364653243853,0.45485,0.46786666666666665,-0.10997963340122197
2023-06-01,0.437,0.445,0.436,0.441,1279283200,564218522,0.009153318077803174,0.45380000000000004,0.46701666666666664,-0.10365853658536583
2023-06-02,0.441,0.445,0.439,0.443,1140257154,504448436,0.0045351473922903285,0.4532,0.46623333333333333,-0.0959183673469387
2023-06-05,0.443,0.445,0.438,0.44,843225140,371533981,-0.006772009029345383,0.4523499999999999,0.46553333333333335,-0.08713692946058083
2023-06-06,0.441,0.441,0.432,0.433,1167676236,509330800,-0.015909090909090873,0.45135,0.46475000000000005,-0.09791666666666665
2023-06-07,0.434,0.435,0.423,0.426,1392613128,596972896,-0.0161662817551963,0.44994999999999996,0.46385,-0.11249999999999993
2023-06-08,0.425,0.426,0.421,0.423,1364528903,577484563,-0.007042253521126751,0.44849999999999995,0.46290000000000003,-0.11875000000000002
2023-06-09,0.424,0.429,0.423,0.428,1132777929,483632311,0.011820330969267046,0.44745,0.4620833333333333,-0.10272536687631029
2023-06-12,0.427,0.43,0.423,0.428,984933500,419659524,0.0,0.44589999999999996,0.46126666666666666,-0.10272536687631029
2023-06-13,0.428,0.432,0.426,0.429,878745400,376565055,0.002336448598130758,0.44420000000000004,0.4605,-0.09684210526315784
2023-06-14,0.43,0.435,0.428,0.431,1218737699,526591389,0.004662004662004726,0.44279999999999997,0.45979999999999993,-0.08879492600422834
2023-06-15,0.432,0.441,0.431,0.441,1391320368,607039578,0.023201856148491906,0.44209999999999994,0.45943333333333336,-0.04751619870410373
2023-06-16,0.441,0.446,0.44,0.443,1015167899,449571018,0.0045351473922903285,0.4413,0.4592166666666666,-0.028508771929824595
2023-06-19,0.442,0.443,0.437,0.438,807454101,355021962,-0.011286681715575675,0.4401,0.4586666666666667,-0.07006369426751591
2023-06-20,0.439,0.441,0.435,0.436,1014947498,443941919,-0.004566210045662156,0.43879999999999997,0.4580666666666667,-0.07627118644067787
2023-06-21,0.434,0.435,0.423,0.425,1502619670,643314736,-0.025229357798165153,0.4373,0.4572833333333333,-0.09957627118644063
2023-06-26,0.422,0.424,0.419,0.423,1219999799,514348576,-0.004705882352941226,0.43585,0.4565166666666667,-0.09808102345415781
2023-06-27,0.424,0.428,0.422,0.424,1189914531,504581176,0.0023640661938533203,0.4344,0.45568333333333333,-0.10548523206751048
2023-06-28,0.424,0.425,0.42,0.421,810936100,342121273,-0.007075471698113178,0.43285,0.4547833333333333,-0.11368421052631583
2023-06-29,0.421,0.424,0.419,0.421,1047318580,441497804,0.0,0.43155,0.45394999999999996,-0.10615711252653925
2023-06-30,0.421,0.428,0.42,0.425,1267857000,539159133,0.009501187648456089,0.43095,0.45315,-0.10147991543340373
2023-07-03,0.426,0.429,0.424,0.429,1126813500,480890369,0.009411764705882453,0.43034999999999995,0.45246666666666674,-0.08723404255319145
2023-07-04,0.428,0.435,0.423,0.432,1699731842,728651074,0.006993006993007089,0.4298,0.4519,-0.07296137339055797
2023-07-05,0.431,0.432,0.428,0.428,858569700,368859120,-0.0092592592592593,0.42919999999999997,0.45121666666666665,-0.08742004264392322
2023-07-06,0.428,0.428,0.421,0.422,1252863300,530804164,-0.014018691588785104,0.42865000000000003,0.4503833333333334,-0.10593220338983045
2023-07-07,0.421,0.424,0.42,0.421,1095734900,462194900,-0.0023696682464454666,0.42840000000000006,0.44935,-0.12836438923395443
2023-07-10,0.423,0.429,0.422,0.423,1255019600,533833120,0.004750593824228044,0.4284,0.4482833333333333,-0.13141683778234092
2023-07-11,0.425,0.427,0.422,0.427,982024100,417736447,0.009456264775413725,0.42835,0.44731666666666664,-0.1195876288659794
2023-07-12,0.427,0.428,0.424,0.425,790935200,337211177,-0.004683840749414525,0.4282,0.44638333333333335,-0.11642411642411643
2023-07-13,0.426,0.434,0.425,0.433,1562544551,673289389,0.018823529411764683,0.4284,0.44545,-0.11451942740286303
2023-07-14,0.433,0.434,0.43,0.431,828285188,357687760,-0.004618937644341847,0.4284,0.4445,-0.11680327868852458
2023-07-17,0.43,0.431,0.426,0.427,788310633,336634449,-0.009280742459396807,0.4277,0.44345,-0.12857142857142856
2023-07-18,0.428,0.43,0.426,0.43,789969477,338046966,0.007025761124121788,0.42704999999999993,0.44253333333333333,-0.11340206185567014
2023-07-19,0.429,0.43,0.425,0.426,892966177,381357439,-0.009302325581395321,0.42645,0.4416166666666667,-0.1143451143451143
2023-07-20,0.428,0.431,0.424,0.424,784815244,335651384,-0.0046948356807511304,0.42584999999999995,0.44083333333333335,-0.0997876857749469
2023-07-21,0.425,0.434,0.424,0.429,1471256182,631638161,0.011792452830188704,0.42604999999999993,0.44025,-0.07543103448275867
2023-07-24,0.428,0.436,0.428,0.431,1167065850,503853647,0.004662004662004726,0.42645,0.43973333333333336,-0.0670995670995671
2023-07-25,0.434,0.436,0.431,0.436,1471931086,638827199,0.011600928074245953,0.42705000000000004,0.4394166666666667,-0.04175824175824183
2023-07-26,0.435,0.442,0.434,0.44,1468396085,645188414,0.00917431192660545,0.42800000000000005,0.4391666666666667,-0.03296703296703296
2023-07-27,0.44,0.444,0.439,0.441,1363932498,601562918,0.002272727272727204,0.429,0.4388666666666667,-0.03921568627450989
2023-07-28,0.44,0.449,0.438,0.448,1522803192,676052924,0.015873015873015817,0.43015,0.43865000000000004,-0.02819956616052066
2023-07-31,0.45,0.451,0.434,0.437,2837504100,1252930388,-0.024553571428571397,0.43055000000000004,0.4382333333333333,-0.05411255411255411
2023-08-01,0.436,0.442,0.433,0.435,2032162240,888343972,-0.004576659038901587,0.43069999999999997,0.4379,-0.04395604395604402
2023-08-02,0.434,0.435,0.428,0.428,2052001990,883033867,-0.016091954022988575,0.4307,0.4374166666666666,-0.06345733041575496
2023-08-03,0.427,0.435,0.426,0.434,1698164180,732194801,0.014018691588784993,0.43129999999999996,0.4371,-0.04194260485651213
2023-08-04,0.436,0.438,0.431,0.431,1634140680,708318371,-0.00691244239631339,0.43179999999999996,0.43671666666666664,-0.05066079295154191
2023-08-07,0.429,0.43,0.416,0.418,3890578820,1634645965,-0.030162412993039456,0.43155,0.43615,-0.07522123893805321
2023-08-08,0.416,0.423,0.415,0.42,2144842093,898965206,0.004784688995215225,0.4311999999999999,0.4356666666666667,-0.06458797327394217
2023-08-09,0.419,0.429,0.418,0.426,2396045870,1017337472,0.014285714285714235,0.43125,0.43511666666666665,-0.07189542483660138
2023-08-10,0.425,0.427,0.422,0.427,1214594200,515373701,0.0023474178403755097,0.43095,0.4345166666666666,-0.0777537796976242
2023-08-11,0.427,0.429,0.42,0.421,1360077757,577227426,-0.014051522248243575,0.43045,0.4338833333333333,-0.08278867102396525
2023-08-14,0.418,0.423,0.417,0.423,1474973492,618965779,0.004750593824228044,0.43025,0.43335,-0.07032967032967041
2023-08-15,0.422,0.423,0.416,0.419,1413204730,591771410,-0.009456264775413725,0.42969999999999997,0.43268333333333336,-0.08714596949891074
2023-08-16,0.419,0.425,0.418,0.42,1419900925,599709767,0.0023866348448686736,0.42940000000000006,0.43198333333333333,-0.09090909090909094
2023-08-17,0.419,0.423,0.417,0.422,1273363597,534874826,0.004761904761904745,0.4293,0.4313166666666666,-0.08658008658008665
2023-08-18,0.422,0.423,0.415,0.416,1427104139,596591028,-0.014218009478673022,0.42865000000000003,0.43066666666666664,-0.08571428571428574
2023-08-21,0.413,0.417,0.409,0.412,1612151910,664878595,-0.009615384615384581,0.4276999999999999,0.42999999999999994,-0.08849557522123896
2023-08-22,0.412,0.414,0.402,0.41,2003545228,814562596,-0.004854368932038833,0.42639999999999995,0.4292833333333333,-0.09492273730684331
2023-08-23,0.408,0.409,0.401,0.402,1230974867,498915916,-0.019512195121951126,0.4245,0.42845,-0.11061946902654862
2023-08-24,0.403,0.414,0.402,0.412,1757912087,718351611,0.02487562189054704,0.4230499999999999,0.4278666666666667,-0.07829977628635354
2023-08-25,0.41,0.414,0.407,0.409,1225371800,502984345,-0.007281553398058249,0.42110000000000003,0.42739999999999995,-0.06407322654462244
2023-08-28,0.433,0.435,0.413,0.415,2215010233,933473180,0.014669926650366705,0.41999999999999993,0.4269666666666667,-0.05895691609977327
2023-08-29,0.414,0.423,0.413,0.421,1504455352,630939674,0.014457831325301207,0.41929999999999995,0.4266,-0.04966139954853277
2023-08-30,0.422,0.423,0.418,0.421,1418783118,596084765,0.0,0.41895,0.4262833333333333,-0.04318181818181821
2023-08-31,0.419,0.42,0.416,0.419,1017479538,425379306,-0.004750593824228044,0.41819999999999996,0.42605,-0.0323325635103926
2023-09-01,0.419,0.42,0.414,0.416,1143120639,475232555,-0.007159904534606243,0.41745,0.42588333333333334,-0.023474178403755874
2023-09-04,0.417,0.422,0.416,0.42,1162435125,486984405,0.009615384615384581,0.41755,0.4258333333333333,-0.007092198581560294
2023-09-05,0.419,0.42,0.417,0.418,797352014,333594387,-0.004761904761904745,0.41745,0.4256666666666667,-0.02336448598130847
2023-09-06,0.417,0.418,0.411,0.412,1277508696,527611673,-0.014354066985645897,0.41675000000000006,0.4254,-0.03738317757009346
2023-09-07,0.412,0.412,0.405,0.405,1211162910,493756383,-0.016990291262135804,0.41564999999999996,0.42499999999999993,-0.055944055944055826
2023-09-08,0.404,0.408,0.404,0.405,1100013640,445879023,0.0,0.41484999999999994,0.42456666666666665,-0.0603248259860788
2023-09-11,0.406,0.416,0.405,0.415,2105822527,869250989,0.024691358024691246,0.41445,0.4241333333333333,-0.05895691609977327
2023-09-12,0.414,0.416,0.412,0.413,840922869,348086746,-0.004819277108433773,0.41414999999999996,0.4236333333333333,-0.06772009029345383
2023-09-13,0.413,0.415,0.407,0.411,1176953108,482611116,-0.004842615012106588,0.41369999999999996,0.4231833333333333,-0.06164383561643838
2023-09-14,0.41,0.412,0.407,0.411,932599415,382232881,0.0,0.41315,0.4227666666666667,-0.05733944954128445
2023-09-15,0.412,0.421,0.41,0.417,2165032648,902160956,0.014598540145985384,0.41319999999999996,0.42263333333333336,-0.018823529411764683
2023-09-18,0.417,0.425,0.417,0.423,1746455933,736680910,0.014388489208633004,0.41375,0.42263333333333336,0.0
2023-09-19,0.423,0.424,0.418,0.421,917406875,385973584,-0.004728132387706863,0.4143,0.42258333333333337,-0.007075471698113178
2023-09-20,0.421,0.421,0.418,0.419,873079231,366168673,-0.004750593824228044,0.41514999999999996,0.42255000000000004,-0.004750593824228044
2023-09-21,0.418,0.419,0.414,0.415,868697000,361067343,-0.009546539379474916,0.41529999999999995,0.42245000000000005,-0.014251781472684133
2023-09-22,0.414,0.42,0.41,0.419,1111046214,461503637,0.009638554216867545,0.41579999999999995,0.42235,-0.014117647058823568
2023-09-25,0.419,0.427,0.418,0.425,1803963023,764161181,0.014319809069212486,0.41629999999999995,0.4222833333333333,-0.009324009324009341
2023-09-26,0.425,0.426,0.422,0.423,692219781,293472420,-0.004705882352941226,0.4164,0.4221333333333333,-0.02083333333333337
2023-09-27,0.423,0.433,0.423,0.432,1715837356,737107995,0.02127659574468077,0.41695000000000004,0.42219999999999996,0.009345794392523477
2023-09-28,0.432,0.434,0.427,0.428,1015768673,436113763,-0.0092592592592593,0.41739999999999994,0.42229999999999995,0.014218009478673022
2023-10-09,0.428,0.434,0.423,0.433,1334530608,572602310,0.011682242990654235,0.41825,0.4225,0.028503562945368266
2023-10-10,0.433,0.433,0.425,0.426,950871900,407188995,-0.0161662817551963,0.41855000000000003,0.42255000000000004,0.007092198581560183
2023-10-11,0.427,0.44,0.427,0.435,2083577854,908357555,0.021126760563380254,0.4194,0.42268333333333336,0.0187353629976581
2023-10-12,0.439,0.44,0.434,0.437,1201234760,525375425,0.0045977011494253706,0.42065,0.42288333333333333,0.028235294117647136
2023-10-13,0.434,0.439,0.433,0.435,1069677805,466034773,-0.004576659038901587,0.4221500000000001,0.42291666666666666,0.004618937644341736
2023-10-16,0.437,0.439,0.427,0.428,1489513662,643252927,-0.016091954022988575,0.42329999999999995,0.42286666666666667,-0.00696055684454755
2023-10-17,0.43,0.431,0.422,0.427,1276336481,542432154,-0.002336448598130869,0.4239,0.42286666666666667,0.0
2023-10-18,0.426,0.426,0.42,0.42,1328964533,560710607,-0.016393442622950838,0.42424999999999996,0.42269999999999996,-0.023255813953488413
2023-10-19,0.418,0.42,0.413,0.415,1409301374,586598394,-0.011904761904761862,0.42445000000000005,0.42251666666666665,-0.025821596244131495
2023-10-20,0.412,0.413,0.406,0.408,1726256437,705385647,-0.016867469879518038,0.42429999999999995,0.42224999999999996,-0.037735849056603765
2023-10-23,0.406,0.411,0.403,0.409,1369077000,556872701,0.002450980392156854,0.4239,0.42191666666666666,-0.04662004662004671
2023-10-24,0.409,0.413,0.405,0.411,1647303672,673869666,0.004889975550122161,0.42329999999999995,0.4215833333333333,-0.04640371229698381
2023-10-25,0.414,0.415,0.406,0.408,1923491336,790026257,-0.007299270072992692,0.42264999999999997,0.42111666666666664,-0.06422018348623859
2023-10-26,0.406,0.412,0.405,0.412,1498377862,613053316,0.009803921568627416,0.4223,0.42064999999999997,-0.06363636363636371
2023-10-27,0.41,0.429,0.408,0.426,2812486191,1181511076,0.03398058252427183,0.42285000000000006,0.4204,-0.03401360544217691
2023-10-30,0.425,0.439,0.425,0.438,2887101852,1257793370,0.028169014084507005,0.42379999999999995,0.4202333333333333,-0.022321428571428603
2023-10-31,0.437,0.439,0.433,0.438,1508391357,658237152,0.0,0.42445000000000005,0.42025,0.0022883295194509046
2023-11-01,0.438,0.439,0.43,0.435,1338377899,581212893,-0.006849315068493178,0.42505000000000004,0.42025,0.0
2023-11-02,0.436,0.44,0.433,0.433,1091717841,476159795,-0.0045977011494252595,0.42510000000000003,0.42033333333333334,0.011682242990654235
2023-11-03,0.434,0.439,0.432,0.435,1265122263,551466307,0.004618937644341736,0.42544999999999994,0.42035,0.0023041474654377225
2023-11-06,0.439,0.447,0.438,0.445,1925893787,853709486,0.02298850574712641,0.42604999999999993,0.4205833333333333,0.03248259860788871
2023-11-07,0.444,0.446,0.442,0.442,1155266228,512605106,-0.006741573033707926,0.42684999999999995,0.4209833333333333,0.05741626794258381
2023-11-08,0.442,0.45,0.44,0.445,1524309362,679805942,0.006787330316742057,0.42735,0.4214,0.059523809523809534
2023-11-09,0.444,0.448,0.439,0.441,1162734402,514731093,-0.008988764044943864,0.42755,0.42164999999999997,0.035211267605633756
2023-11-10,0.439,0.443,0.436,0.44,1009128345,443504817,-0.0022675736961451642,0.42779999999999996,0.42186666666666667,0.030444964871194413
2023-11-13,0.442,0.443,0.433,0.435,1180503853,514609815,-0.011363636363636354,0.42815000000000003,0.42210000000000003,0.03325415676959631
2023-11-14,0.436,0.439,0.433,0.435,926143467,403307951,0.0,0.42855,0.42229999999999995,0.028368794326241176
2023-11-15,0.44,0.442,0.437,0.44,1547621077,679317347,0.011494252873563315,0.42955000000000004,0.42264999999999997,0.05011933174224348
2023-11-16,0.438,0.441,0.432,0.432,1175341499,511082827,-0.018181818181818188,0.43039999999999995,0.42285,0.028571428571428692
2023-11-17,0.432,0.435,0.43,0.435,997860640,431460157,0.00694444444444442,0.43174999999999997,0.42306666666666665,0.0308056872037914
2023-11-20,0.436,0.441,0.433,0.439,1229099806,537594934,0.009195402298850519,0.43324999999999997,0.42345,0.055288461538461675
2023-11-21,0.44,0.443,0.438,0.439,1168558939,515095817,0.0,0.43465,0.4239,0.06553398058252435
2023-11-22,0.439,0.439,0.432,0.433,1162272875,505973995,-0.013667425968109326,0.4359,0.42428333333333335,0.056097560975609806
2023-11-23,0.433,0.435,0.431,0.435,958087211,415057239,0.004618937644341736,0.43705,0.4248333333333333,0.08208955223880587
2023-11-24,0.435,0.437,0.432,0.434,1003216822,435685722,-0.0022988505747126853,0.43744999999999995,0.4252,0.05339805825242716
2023-11-27,0.434,0.434,0.427,0.43,1228152345,527429939,-0.009216589861751112,0.43705,0.42555000000000004,0.05134474327628369
2023-11-28,0.43,0.437,0.428,0.436,1134719121,492839285,0.013953488372093092,0.43694999999999995,0.4259,0.050602409638554224
2023-11-29,0.436,0.438,0.432,0.434,992238159,431855776,-0.004587155963302725,0.43689999999999996,0.42611666666666664,0.030878859857482288
2023-11-30,0.434,0.438,0.432,0.436,1087419888,473956309,0.004608294930875667,0.43705,0.42636666666666667,0.03562945368171033
2023-12-01,0.436,0.439,0.428,0.434,1514562234,655732967,-0.004587155963302725,0.437,0.42661666666666664,0.03579952267303099
2023-12-04,0.434,0.434,0.422,0.422,1626009993,691931979,-0.027649769585253448,0.43585,0.42671666666666663,0.014423076923076872
2023-12-05,0.421,0.423,0.415,0.416,1578824233,662113254,-0.014218009478673022,0.43455000000000005,0.42665000000000003,-0.00952380952380949
2023-12-06,0.415,0.421,0.413,0.417,2085743092,866181267,0.0024038461538462563,0.43315000000000003,0.4266333333333333,-0.0023923444976076125
2023-12-07,0.416,0.416,0.41,0.412,1178759458,485907034,-0.011990407673860948,0.4316999999999999,0.4266333333333333,0.0
2023-12-08,0.412,0.418,0.41,0.416,1170022860,484960167,0.009708737864077666,0.4305,0.4268166666666667,0.027160493827160348
2023-12-11,0.415,0.422,0.411,0.419,1286094043,534142254,0.007211538461538547,0.42969999999999997,0.42705000000000004,0.03456790123456788
2023-12-12,0.419,0.42,0.415,0.417,855496480,356554207,-0.004773269689737458,0.4288,0.4270833333333333,0.004819277108433662
2023-12-13,0.417,0.418,0.413,0.413,1055534611,438383634,-0.00959232613908878,0.42745,0.4270833333333333,0.0
2023-12-14,0.415,0.419,0.411,0.412,1076121100,446238585,-0.002421307506053294,0.42645,0.4271,0.0024330900243310083
2023-12-15,0.413,0.415,0.405,0.407,1967557391,806295630,-0.012135922330097082,0.42505,0.42703333333333326,-0.009732360097323589
2023-12-18,0.406,0.412,0.403,0.407,1692941440,689692308,0.0,0.42345,0.4268666666666666,-0.023980815347721895
2023-12-19,0.407,0.407,0.401,0.403,1507241040,607038076,-0.009828009828009687,0.42164999999999997,0.4265333333333333,-0.047281323877068515
2023-12-20,0.404,0.408,0.4,0.401,1071015000,432502430,-0.00496277915632759,0.42005,0.42619999999999997,-0.04750593824228022
2023-12-21,0.399,0.406,0.398,0.405,1324507850,533664333,0.009975062344139696,0.41855000000000003,0.42596666666666666,-0.03341288782816221
2023-12-22,0.405,0.406,0.4,0.403,1381489500,556362228,-0.004938271604938316,0.417,0.4257666666666667,-0.028915662650602303
2023-12-25,0.402,0.406,0.401,0.404,908902988,366445830,0.002481389578163684,0.4157,0.42551666666666665,-0.03579952267303088
2023-12-26,0.404,0.404,0.398,0.401,1034961813,413927331,-0.007425742574257432,0.41395,0.4251166666666667,-0.05647058823529405
2023-12-27,0.401,0.403,0.398,0.403,1194003180,478026034,0.004987531172069737,0.4124,0.4247833333333333,-0.047281323877068515
2023-12-28,0.402,0.411,0.4,0.41,2077422580,844189990,0.017369727047146233,0.41109999999999997,0.42441666666666666,-0.05092592592592593
2023-12-29,0.409,0.414,0.409,0.411,1220266998,501947848,0.0024390243902439046,0.40995,0.42413333333333336,-0.03971962616822433
2024-01-02,0.412,0.412,0.405,0.407,1038418706,422977805,-0.009732360097323589,0.40919999999999995,0.4237,-0.06004618937644346
2024-01-03,0.406,0.41,0.404,0.405,1257883300,510936988,-0.004914004914004733,0.40865,0.42335,-0.04929577464788726
2024-01-04,0.405,0.405,0.397,0.401,1586526995,634685633,-0.00987654320987652,0.40785,0.42278333333333334,-0.07816091954022986
2024-01-05,0.4,0.401,0.392,0.393,1823996099,722718534,-0.01995012468827928,0.4069,0.4220499999999999,-0.10068649885583525
2024-01-08,0.392,0.394,0.388,0.389,1215797106,475710969,-0.010178117048346036,0.40555,0.42128333333333334,-0.10574712643678152
2024-01-09,0.389,0.393,0.387,0.39,1417086248,552313988,0.0025706940874035134,0.4041,0.42064999999999997,-0.08878504672897192
2024-01-10,0.389,0.392,0.385,0.386,1307797514,507626300,-0.01025641025641022,0.40255,0.41996666666666665,-0.09601873536299765
2024-01-11,0.39,0.393,0.385,0.39,1334478680,519625678,0.010362694300518172,0.40140000000000003,0.4194666666666667,-0.0714285714285714
2024-01-12,0.388,0.391,0.384,0.384,1356483842,525158566,-0.015384615384615441,0.4,0.41894999999999993,-0.07469879518072287
2024-01-15,0.382,0.389,0.381,0.385,1124512460,433429225,0.0026041666666667407,0.3989,0.4185666666666667,-0.056372549019607754
2024-01-16,0.384,0.385,0.379,0.385,1434523589,548285796,0.0,0.3978,0.4181666666666667,-0.05867970660146693
2024-01-17,0.383,0.385,0.375,0.376,1393236454,528978885,-0.023376623376623384,0.39645,0.4175833333333333,-0.0851581508515814
2024-01-18,0.374,0.382,0.368,0.381,1968467822,734971717,0.013297872340425565,0.39545,0.4171333333333333,-0.06617647058823517
2024-01-19,0.379,0.384,0.378,0.381,1267434009,483697583,0.0,0.39425,0.4166166666666667,-0.07524271844660191
2024-01-22,0.381,0.383,0.371,0.374,1486245433,561569221,-0.018372703412073532,0.3928,0.41574999999999995,-0.1220657276995305
2024-01-23,0.372,0.378,0.371,0.375,1371706935,513648751,0.002673796791443861,0.39135,0.41469999999999996,-0.14383561643835618
2024-01-24,0.377,0.379,0.368,0.379,1370898142,512484701,0.010666666666666602,0.39025,0.4137166666666667,-0.13470319634703198
2024-01-25,0.378,0.383,0.375,0.382,1801615256,683968220,0.0079155672823219,0.38920000000000005,0.41283333333333333,-0.1218390804597701
2024-01-26,0.38,0.383,0.368,0.371,2265563618,854191347,-0.028795811518324665,0.38725,0.4118,-0.14318706697459582
2024-01-29,0.371,0.373,0.36,0.36,1979795405,724123518,-0.02964959568733161,0.3847,0.41054999999999997,-0.1724137931034483
2024-01-30,0.358,0.36,0.352,0.353,1804532047,642165393,-0.019444444444444486,0.382,0.4090166666666667,-0.20674157303370788
2024-01-31,0.349,0.35,0.341,0.341,1880017631,647020333,-0.03399433427762022,0.3788,0.40733333333333327,-0.2285067873303167
2024-02-01,0.339,0.349,0.338,0.344,1758600485,604730993,0.008797653958944052,0.37595,0.40564999999999996,-0.22696629213483155
2024-02-02,0.345,0.347,0.325,0.334,2032508123,683222223,-0.029069767441860295,0.373,0.40386666666666665,-0.24263038548752835
2024-02-05,0.329,0.347,0.326,0.34,2369760096,794988326,0.017964071856287456,0.37055,0.40219999999999995,-0.22727272727272718
2024-02-06,0.338,0.364,0.337,0.363,2471860602,877297981,0.0676470588235294,0.36920000000000003,0.40099999999999997,-0.16551724137931034
2024-02-07,0.364,0.372,0.362,0.372,1558447274,574195130,0.024793388429751984,0.3685,0.39994999999999997,-0.1448275862068965
2024-02-08,0.372,0.375,0.365,0.368,1216480912,447741807,-0.010752688172043001,0.3674,0.39875,-0.1636363636363637
2024-02-19,0.369,0.37,0.364,0.369,1369413208,502064146,0.0027173913043478937,0.36665000000000003,0.39770000000000005,-0.14583333333333337
2024-02-20,0.368,0.373,0.366,0.371,913548479,338176847,0.005420054200542035,0.36595,0.3966333333333333,-0.1471264367816092
2024-02-21,0.369,0.379,0.368,0.375,1398584162,523895272,0.010781671159029615,0.36545,0.3955666666666666,-0.14578587699316625
2024-02-22,0.374,0.376,0.372,0.376,882485489,329659055,0.002666666666666595,0.36545,0.3945166666666667,-0.14350797266514803
2024-02-23,0.375,0.376,0.37,0.375,943942295,352364795,-0.0026595744680850686,0.36515,0.39355,-0.13394919168591224
2024-02-26,0.374,0.377,0.37,0.374,1032986743,386114904,-0.002666666666666706,0.3648,0.39253333333333335,-0.14022988505747125
2024-02-27,0.373,0.378,0.371,0.378,1217142495,454986514,0.010695187165775444,0.365,0.3916,-0.12903225806451613
2024-02-28,0.378,0.385,0.372,0.372,2031683995,771042133,-0.015873015873015928,0.36485,0.39063333333333333,-0.1348837209302326
2024-02-29,0.371,0.379,0.37,0.379,1271145475,476893790,0.018817204301075252,0.36485,0.3896833333333333,-0.13073394495412838
2024-03-01,0.378,0.379,0.374,0.378,958060115,361206593,-0.0026385224274406704,0.36465000000000003,0.38875,-0.12903225806451613
2024-03-04,0.378,0.39,0.377,0.387,1676834513,645098499,0.023809523809523725,0.36545,0.38793333333333335,-0.11238532110091737
2024-03-05,0.384,0.387,0.382,0.386,1197683672,461031454,-0.0025839793281653423,0.36675,0.3871333333333334,-0.11059907834101379
2024-03-06,0.385,0.387,0.381,0.384,805004288,309101605,-0.005181347150259086,0.3683,0.3865,-0.09004739336492884
2024-03-07,0.379,0.38,0.369,0.369,1639162030,613482143,-0.0390625,0.36970000000000003,0.38571666666666665,-0.11298076923076916
2024-03-08,0.369,0.374,0.367,0.37,1031149029,381525245,0.0027100271002709064,0.371,0.38493333333333335,-0.11270983213429253
2024-03-11,0.37,0.38,0.369,0.38,1530594503,574308503,0.027027027027026973,0.3733,0.3844,-0.07766990291262132
2024-03-12,0.381,0.39,0.381,0.389,1788929865,691937198,0.023684210526315752,0.37575000000000003,0.38394999999999996,-0.06490384615384603
2024-03-13,0.389,0.389,0.383,0.385,1193926800,460253968,-0.010282776349614386,0.37685,0.38338333333333335,-0.0811455847255369
2024-03-14,0.397,0.399,0.383,0.387,1662124415,650458449,0.0051948051948051965,0.3776,0.38288333333333335,-0.07194244604316535
2024-03-15,0.384,0.39,0.38,0.384,986604893,378689882,-0.007751937984496138,0.3784,0.38239999999999996,-0.07021791767554475
2024-03-18,0.383,0.386,0.378,0.386,1151293596,439955124,0.005208333333333259,0.37925,0.38196666666666673,-0.06310679611650483
2024-03-19,0.384,0.385,0.38,0.381,1125575493,430080035,-0.012953367875647714,0.37975000000000003,0.3815333333333334,-0.06388206388206386
2024-03-20,0.38,0.381,0.376,0.379,1092254329,413130589,-0.005249343832021025,0.37995,0.38106666666666666,-0.0687960687960687
2024-03-21,0.379,0.38,0.375,0.376,938652516,353948750,-0.0079155672823219,0.37995,0.38061666666666666,-0.06699751861042191
2024-03-22,0.375,0.375,0.368,0.371,1341297920,496901073,-0.013297872340425565,0.37975,0.38011666666666666,-0.0748129675810475
2024-03-25,0.371,0.375,0.368,0.369,845807847,314117651,-0.005390835579514808,0.3795,0.3795166666666666,-0.08888888888888902
2024-03-26,0.368,0.369,0.365,0.367,1004518098,368101070,-0.005420054200542035,0.37895,0.3789166666666667,-0.08933002481389585
2024-03-27,0.367,0.369,0.363,0.363,879169189,321665948,-0.010899182561307952,0.3785,0.3782333333333333,-0.10148514851485158
2024-03-28,0.363,0.368,0.361,0.365,951649833,346680568,0.005509641873278293,0.3778,0.3776333333333334,-0.08977556109725693
2024-03-29,0.363,0.365,0.36,0.363,829786555,300226311,-0.005479452054794498,0.37705,0.3769666666666667,-0.09925558312655092
2024-04-01,0.363,0.369,0.362,0.369,1055754713,386854380,0.016528925619834656,0.37615,0.37628333333333336,-0.09999999999999998
2024-04-02,0.368,0.368,0.362,0.363,1094969204,398088614,-0.016260162601625994,0.375,0.37548333333333334,-0.11678832116788318
2024-04-03,0.362,0.365,0.36,0.361,1187526677,429562974,-0.005509641873278293,0.37384999999999996,0.3747166666666667,-0.11302211302211296
2024-04-08,0.359,0.359,0.354,0.354,1049672465,373865136,-0.01939058171745156,0.3731,0.3738666666666666,-0.125925925925926
2024-04-09,0.356,0.361,0.352,0.361,1268463700,452699323,0.019774011299435124,0.37265,0.3732,-0.09975062344139662
2024-04-10,0.359,0.36,0.354,0.355,875849538,312422050,-0.016620498614958512,0.3714,0.3725666666666667,-0.09669211195928762
2024-04-11,0.353,0.356,0.351,0.353,1248938480,441196770,-0.005633802816901401,0.3696,0.3719666666666666,-0.09254498714652959
2024-04-12,0.352,0.355,0.348,0.348,877523400,307647093,-0.014164305949008527,0.36774999999999997,0.3712666666666667,-0.10769230769230775
2024-04-15,0.348,0.356,0.348,0.352,1139566756,401416225,0.011494252873563315,0.366,0.3707,-0.08808290155440424
2024-04-16,0.35,0.352,0.347,0.348,993026900,346662915,-0.011363636363636354,0.36419999999999997,0.37,-0.10769230769230775
2024-04-17,0.348,0.354,0.346,0.354,1445503944,507639734,0.01724137931034475,0.3626,0.36950000000000005,-0.07812500000000011
2024-04-18,0.353,0.356,0.35,0.35,1175534279,414904496,-0.011299435028248594,0.36105,0.36891666666666667,-0.09090909090909094
2024-04-19,0.349,0.349,0.344,0.347,1010088531,350270422,-0.008571428571428563,0.35945,0.3682833333333333,-0.09870129870129873
2024-04-22,0.347,0.352,0.347,0.349,767671572,268074032,0.0057636887608070175,0.3581,0.36783333333333335,-0.07180851063829796
2024-04-23,0.348,0.354,0.345,0.353,1592988163,557345721,0.011461318051575908,0.3572,0.3673666666666667,-0.07349081364829402
2024-04-24,0.352,0.352,0.349,0.351,975721741,341665757,-0.005665722379603388,0.3563,0.3668666666666667,-0.07874015748031504
2024-04-25,0.349,0.355,0.348,0.351,996972147,350336873,0.0,0.35550000000000004,0.3664833333333333,-0.06149732620320858
2024-04-26,0.35,0.36,0.35,0.359,1630733467,580327259,0.02279202279202286,0.3553,0.3662166666666667,-0.04266666666666674
2024-04-29,0.359,0.372,0.359,0.369,2070551570,759889036,0.027855153203342642,0.3555,0.36605000000000004,-0.02638522427440637
2024-04-30,0.368,0.371,0.366,0.368,1194196778,439912231,-0.0027100271002710175,0.35575,0.3658166666666666,-0.03664921465968585
2024-05-06,0.372,0.379,0.371,0.377,1536747830,577464191,0.024456521739130377,0.35615,0.3659166666666666,0.016172506738544534
2024-05-07,0.378,0.378,0.375,0.377,902684100,340138560,0.0,0.35685,0.3662,0.047222222222222276
2024-05-08,0.376,0.377,0.371,0.372,1005744351,375080150,-0.01326259946949604,0.3574,0.36651666666666666,0.053824362606232246
2024-05-09,0.371,0.375,0.37,0.373,1105173630,412058735,0.0026881720430107503,0.35835,0.36705,0.09384164222873892
2024-05-10,0.374,0.375,0.369,0.371,816178988,303141670,-0.00536193029490617,0.35885,0.3675,0.0784883720930234
2024-05-13,0.374,0.375,0.369,0.371,993469000,369608661,0.0,0.35964999999999997,0.36811666666666665,0.11077844311377238
2024-05-14,0.371,0.378,0.37,0.376,1300331465,488195738,0.013477088948786964,0.3608,0.3687166666666667,0.10588235294117632
2024-05-15,0.375,0.375,0.369,0.37,855679779,317961359,-0.015957446808510634,0.3619,0.3688333333333334,0.019283746556473913
2024-05-16,0.371,0.372,0.367,0.369,1115177993,412784247,-0.002702702702702675,0.36275,0.36878333333333335,-0.008064516129032251
2024-05-17,0.37,0.372,0.365,0.369,1361322869,500202358,0.0,0.3638,0.3688,0.0027173913043478937
2024-05-20,0.368,0.37,0.366,0.369,1169966424,430609864,0.0,0.36455,0.3688,0.0
2024-05-21,0.368,0.368,0.363,0.365,827977624,302593946,-0.01084010840108407,0.3653,0.36869999999999997,-0.016172506738544534
2024-05-22,0.365,0.366,0.362,0.364,968879600,352156279,-0.002739726027397249,0.36615,0.36851666666666666,-0.029333333333333322
2024-05-23,0.363,0.364,0.359,0.359,974457097,351369365,-0.013736263736263798,0.36665000000000003,0.36823333333333336,-0.04521276595744683
2024-05-24,0.359,0.361,0.355,0.355,1262486103,450901169,-0.011142061281337101,0.36675,0.36789999999999995,-0.053333333333333344
2024-05-27,0.355,0.358,0.352,0.357,920094687,326533534,0.005633802816901401,0.36705,0.3676166666666667,-0.045454545454545525
2024-05-28,0.356,0.358,0.353,0.355,824425100,293121810,-0.0056022408963585235,0.36724999999999997,0.3672333333333333,-0.060846560846560926
2024-05-29,0.355,0.357,0.353,0.355,711146673,252483399,0.0,0.36705,0.36695,-0.045698924731182866
2024-05-30,0.355,0.356,0.351,0.353,809086972,285832278,-0.005633802816901401,0.36625,0.36651666666666666,-0.06860158311345654
2024-05-31,0.355,0.357,0.351,0.352,843108343,298235855,-0.0028328611898017497,0.36544999999999994,0.3660833333333333,-0.06878306878306883
2024-06-03,0.351,0.353,0.348,0.35,1047899500,366759737,-0.005681818181818232,0.3641,0.3654666666666666,-0.095607235142119
2024-06-04,0.349,0.357,0.349,0.357,1285806120,455239996,0.020000000000000018,0.3631,0.3649833333333333,-0.07512953367875652
2024-06-05,0.356,0.36,0.355,0.357,960431200,343643475,0.0,0.36235,0.3645333333333333,-0.07031250000000011
2024-06-06,0.358,0.358,0.353,0.353,939980100,333926539,-0.011204481792717047,0.36134999999999995,0.3642666666666666,-0.04336043360433606
2024-06-07,0.355,0.356,0.35,0.352,898539020,316831868,-0.0028328611898017497,0.3604,0.3639666666666666,-0.04864864864864871
2024-06-11,0.351,0.354,0.348,0.353,944100700,331226049,0.0028409090909091717,0.3595,0.36351666666666665,-0.07105263157894748
2024-06-12,0.353,0.356,0.35,0.354,1185091672,418312535,0.0028328611898016387,0.35839999999999994,0.36293333333333333,-0.08997429305912608
2024-06-13,0.354,0.354,0.348,0.349,1117636300,391486417,-0.01412429378531077,0.35735,0.3623333333333333,-0.09350649350649354
2024-06-14,0.348,0.349,0.342,0.347,1516238600,523198332,-0.005730659025787954,0.35624999999999996,0.36166666666666664,-0.10335917312661502
2024-06-17,0.345,0.348,0.344,0.347,731171500,253092653,0.0,0.35514999999999997,0.36105,-0.09635416666666674
2024-06-18,0.347,0.348,0.343,0.343,1065755056,367585402,-0.011527377521613702,0.35385,0.3603333333333333,-0.1113989637305699
2024-06-19,0.344,0.345,0.34,0.341,851960549,291295575,-0.005830903790087438,0.35265,0.35966666666666663,-0.10498687664041995
2024-06-20,0.341,0.343,0.335,0.336,1202789009,406954189,-0.014662756598240456,0.35124999999999995,0.35895,-0.11345646437994716
2024-06-21,0.335,0.336,0.331,0.334,1074249690,358354383,-0.005952380952380931,0.35,0.35824999999999996,-0.11170212765957444
2024-06-24,0.333,0.335,0.33,0.331,1216124291,404490135,-0.008982035928143728,0.34879999999999994,0.35758333333333336,-0.10781671159029649
2024-06-25,0.332,0.333,0.328,0.329,1092393600,361066358,-0.0060422960725075026,0.34740000000000004,0.35691666666666666,-0.10840108401084003
2024-06-26,0.33,0.335,0.328,0.334,1128529000,374080937,0.015197568389057725,0.34635,0.35636666666666666,-0.08991825613079008
2024-06-27,0.334,0.334,0.328,0.329,965590900,318665347,-0.014970059880239583,0.34504999999999997,0.3558,-0.09366391184572997
2024-06-28,0.328,0.331,0.325,0.326,1298583300,426227121,-0.00911854103343468,0.3437,0.35514999999999997,-0.10684931506849304
2024-07-01,0.326,0.328,0.322,0.327,1058936201,343825205,0.0030674846625766694,0.34245000000000003,0.35455,-0.09917355371900816
2024-07-02,0.326,0.327,0.322,0.323,1219735700,395336230,-0.012232415902140636,0.34109999999999996,0.35378333333333334,-0.12466124661246614
2024-07-03,0.323,0.326,0.32,0.322,1044299152,336889001,-0.003095975232198178,0.33935,0.3531,-0.11294765840220378
2024-07-04,0.322,0.323,0.317,0.317,1388623399,442907345,-0.01552795031055898,0.33735,0.35236666666666666,-0.12188365650969524
2024-07-05,0.316,0.326,0.315,0.325,1564374000,500866210,0.025236593059936974,0.33595,0.3518833333333333,-0.08192090395480223
2024-07-08,0.324,0.324,0.316,0.317,1194016656,381505850,-0.024615384615384595,0.3342,0.35114999999999996,-0.12188365650969524
2024-07-09,0.317,0.32,0.313,0.319,1202973400,380443408,0.006309148264984188,0.3325,0.35055,-0.10140845070422533
2024-07-10,0.318,0.323,0.317,0.319,1146662227,367167884,0.0,0.33075,0.34998333333333337,-0.09631728045325771
2024-07-11,0.323,0.33,0.321,0.329,1597923950,521634425,0.03134796238244508,0.32975,0.3496666666666666,-0.05459770114942519
2024-07-12,0.329,0.331,0.326,0.329,1040547913,341394100,0.0,0.32885000000000003,0.34928333333333333,-0.06534090909090895
2024-07-15,0.327,0.329,0.324,0.326,755729123,246418479,-0.00911854103343468,0.3278,0.34891666666666665,-0.06321839080459757
2024-07-16,0.325,0.328,0.324,0.327,739948920,241533829,0.0030674846625766694,0.327,0.3484666666666667,-0.07627118644067787
2024-07-17,0.327,0.336,0.326,0.335,1737370820,577146577,0.024464831804281273,0.3267,0.3482166666666666,-0.042857142857142705
2024-07-18,0.334,0.339,0.333,0.338,1213916744,408321076,0.008955223880596996,0.32680000000000003,0.3480666666666667,-0.025936599423631024
2024-07-19,0.337,0.341,0.336,0.341,1054832040,357659277,0.008875739644970349,0.32715,0.34793333333333337,-0.022922636103151706
2024-07-22,0.341,0.345,0.339,0.342,1095161330,374814850,0.0029325513196480912,0.3277,0.34774999999999995,-0.03116147308781858
2024-07-23,0.342,0.342,0.332,0.332,1208798555,406060631,-0.0292397660818714,0.32785000000000003,0.3474333333333333,-0.05413105413105401
2024-07-24,0.331,0.335,0.328,0.328,1008291100,333325992,-0.012048192771084376,0.32755,0.34705,-0.06552706552706544
2024-07-25,0.326,0.33,0.325,0.328,867008100,284505533,0.0,0.3275,0.3465333333333333,-0.08635097493036203
2024-07-26,0.328,0.329,0.324,0.328,1079553665,353103327,0.0,0.3276,0.34584999999999994,-0.11111111111111105
2024-07-29,0.328,0.328,0.321,0.322,1002509300,324823325,-0.018292682926829285,0.32735000000000003,0.34508333333333335,-0.125
2024-07-30,0.322,0.324,0.318,0.32,1181623916,378561362,-0.006211180124223614,0.3272,0.3441333333333334,-0.1511936339522546
2024-07-31,0.319,0.335,0.319,0.334,1836848379,604300668,0.043749999999999956,0.32780000000000004,0.34341666666666665,-0.11405835543766574
2024-08-01,0.335,0.337,0.33,0.332,1107390378,368940909,-0.005988023952095856,0.32855,0.34274999999999994,-0.10752688172043001
2024-08-02,0.331,0.341,0.33,0.334,1506395400,507349378,0.006024096385542244,0.329,0.34210000000000007,-0.1045576407506702
2024-08-05,0.333,0.342,0.333,0.334,1506840800,507945269,0.0,0.32985000000000003,0.34148333333333336,-0.09973045822102422
2024-08-06,0.335,0.34,0.334,0.338,1195525900,402869357,0.011976047904191711,0.33080000000000004,0.3409333333333333,-0.0889487870619945
2024-08-07,0.338,0.338,0.334,0.336,1087745977,365631519,-0.00591715976331364,0.33165,0.34026666666666666,-0.10638297872340419
2024-08-08,0.335,0.341,0.334,0.338,1205206700,406784285,0.005952380952380931,0.3321,0.33973333333333333,-0.08648648648648638
2024-08-09,0.338,0.34,0.331,0.331,1129605400,377566182,-0.020710059171597628,0.3322,0.3391,-0.102981029810298
2024-08-12,0.331,0.338,0.33,0.336,1047416044,350679469,0.015105740181268867,0.33270000000000005,0.33854999999999996,-0.08943089430894302
2024-08-13,0.335,0.336,0.329,0.332,1118620322,370490736,-0.011904761904761862,0.33295,0.3379333333333333,-0.10027100271002709
2024-08-14,0.332,0.332,0.326,0.328,806781600,264584633,-0.012048192771084376,0.3326,0.33731666666666665,-0.10136986301369855
2024-08-15,0.327,0.332,0.326,0.329,1004128800,330342654,0.0030487804878047697,0.33215000000000006,0.33673333333333333,-0.09615384615384603
2024-08-16,0.329,0.33,0.325,0.329,802678700,263386573,0.0,0.33155,0.33623333333333333,-0.08356545961002781
2024-08-19,0.33,0.333,0.325,0.326,785335800,257941445,-0.00911854103343468,0.33075,0.33575000000000005,-0.08169014084507031
2024-08-20,0.326,0.327,0.321,0.322,824090041,266267346,-0.012269938650306789,0.33025,0.33516666666666667,-0.0980392156862745
2024-08-21,0.322,0.324,0.32,0.32,606461200,195138090,-0.006211180124223614,0.32985000000000003,0.3345833333333334,-0.09859154929577463
2024-08-22,0.321,0.323,0.318,0.318,895000800,285888062,-0.006249999999999978,0.32935000000000003,0.3339666666666667,-0.10422535211267603
2024-08-23,0.317,0.32,0.316,0.317,717332200,227720525,-0.0031446540880503138,0.3288,0.33336666666666664,-0.1019830028328611
2024-08-26,0.318,0.319,0.313,0.315,960875550,302706250,-0.006309148264984188,0.32845,0.33275,-0.10511363636363635
2024-08-27,0.314,0.316,0.313,0.315,686973100,215977870,0.0,0.3282,0.3321666666666667,-0.09999999999999998
2024-08-28,0.314,0.316,0.312,0.314,780683800,244437449,-0.0031746031746031633,0.3272,0.33145,-0.12044817927170859
2024-08-29,0.313,0.319,0.312,0.317,960362000,303484875,0.009554140127388644,0.32645,0.3307833333333334,-0.1120448179271708
2024-08-30,0.319,0.326,0.317,0.323,1301131019,419552521,0.018927444794952786,0.3259,0.3302833333333333,-0.08498583569405094
2024-09-02,0.322,0.322,0.316,0.316,965774001,307409322,-0.021671826625387025,0.325,0.3296833333333334,-0.10227272727272718
2024-09-03,0.315,0.323,0.315,0.32,909393100,290846789,0.012658227848101333,0.3241,0.32913333333333333,-0.09348441926345608
2024-09-04,0.318,0.323,0.317,0.319,907681200,290503940,-0.0031250000000000444,0.32325000000000004,0.32855,-0.09887005649717506
2024-09-05,0.319,0.323,0.319,0.322,832238600,267276100,0.00940438871473348,0.32245,0.3281,-0.07736389684813749
2024-09-06,0.321,0.322,0.315,0.316,881032900,280321965,-0.018633540372670843,0.3217,0.3275833333333333,-0.0893371757925071
2024-09-09,0.316,0.32,0.314,0.316,1038974700,329749629,0.0,0.3207,0.3270666666666667,-0.0893371757925071
2024-09-10,0.316,0.317,0.311,0.314,958880100,299956900,-0.006329113924050667,0.3198,0.3265833333333334,-0.0845481049562683
2024-09-11,0.313,0.317,0.311,0.315,872274120,274327530,0.0031847133757962887,0.31915000000000004,0.32615,-0.07624633431085048
2024-09-12,0.315,0.318,0.311,0.311,1087466720,341591728,-0.012698412698412764,0.31825000000000003,0.3257333333333333,-0.07440476190476197
2024-09-13,0.311,0.313,0.309,0.31,900595720,280183505,-0.003215434083601254,0.3173,0.32533333333333336,-0.07185628742514971
2024-09-18,0.31,0.311,0.307,0.309,803857701,248319442,-0.003225806451612856,0.31645,0.3249666666666666,-0.06646525679758308
2024-09-19,0.31,0.315,0.306,0.312,1091665800,339625059,0.009708737864077666,0.31595000000000006,0.3246833333333334,-0.05167173252279644
2024-09-20,0.312,0.313,0.306,0.308,1219253602,376051439,-0.012820512820512886,0.31535,0.32425,-0.07784431137724557
2024-09-23,0.311,0.314,0.307,0.307,1106400600,342997306,-0.0032467532467532756,0.31479999999999997,0.3238833333333334,-0.06686930091185417
2024-09-24,0.309,0.318,0.306,0.317,2197263962,688052977,0.032573289902280145,0.3148,0.3237333333333334,-0.027607361963190247
2024-09-25,0.32,0.328,0.32,0.322,2613840914,848205071,0.015772870662460692,0.31515,0.32365,-0.015290519877675823
2024-09-26,0.321,0.336,0.318,0.335,2871561761,939091281,0.04037267080745344,0.31615,0.32385,0.037151702786377694
2024-09-27,0.341,0.365,0.341,0.363,3086399232,1083558385,0.08358208955223878,0.31860000000000005,0.32453333333333334,0.1273291925465838
2024-09-30,0.381,0.399,0.373,0.399,5724801535,2232110908,0.09917355371900838,0.32270000000000004,0.32589999999999997,0.25867507886435326
2024-10-08,0.439,0.439,0.41,0.439,8573830749,3717311506,0.10025062656641603,0.3285,0.3278,0.3507692307692307
2024-10-09,0.425,0.431,0.398,0.4,4858249017,2012542670,-0.08883826879271062,0.3327,0.32918333333333333,0.2618296529968456
2024-10-10,0.403,0.414,0.392,0.4,3158246621,1272589094,0.0,0.3367,0.33053333333333335,0.25391849529780575
2024-10-11,0.396,0.397,0.374,0.379,3707639570,1420051725,-0.05249999999999999,0.3397,0.33153333333333335,0.18808777429467094
2024-10-14,0.38,0.383,0.372,0.382,2466332050,931729399,0.0079155672823219,0.3427,0.3324166666666667,0.16109422492401215
2024-10-15,0.381,0.383,0.369,0.37,2166999518,816062073,-0.03141361256544506,0.34540000000000004,0.3331,0.12462006079027343
2024-10-16,0.365,0.368,0.36,0.363,2236734630,814427347,-0.018918918918918948,0.34775,0.33371666666666666,0.11349693251533743
2024-10-17,0.365,0.368,0.359,0.36,1622234820,590487142,-0.008264462809917328,0.35005000000000003,0.3342666666666666,0.10091743119266039
2024-10-18,0.359,0.385,0.357,0.376,4026019263,1491388973,0.04444444444444451,0.35309999999999997,0.33495,0.12238805970149258
2024-10-21,0.376,0.382,0.369,0.377,3755546412,1410581980,0.0026595744680850686,0.3564,0.3356,0.11538461538461542
2024-10-22,0.375,0.384,0.374,0.381,2406462572,914109263,0.010610079575596787,0.35995,0.33626666666666666,0.11730205278592365
2024-10-23,0.382,0.384,0.377,0.382,3179992352,1210404814,0.002624671916010568,0.36360000000000003,0.33693333333333336,0.11695906432748537
2024-10-24,0.381,0.382,0.375,0.376,2154574390,814119510,-0.015706806282722474,0.36679999999999996,0.33766666666666667,0.13253012048192758
2024-10-25,0.375,0.384,0.371,0.382,3142318582,1189904899,0.015957446808510634,0.3705,0.3385666666666667,0.16463414634146334
2024-10-28,0.382,0.386,0.378,0.385,2727498737,1043841251,0.007853403141361293,0.3744,0.3395166666666667,0.1737804878048781
2024-10-29,0.387,0.389,0.377,0.378,2835033900,1082371593,-0.018181818181818188,0.37745,0.34035000000000004,0.15243902439024382
2024-10-30,0.375,0.38,0.37,0.373,2068320640,773545456,-0.013227513227513255,0.38,0.34119999999999995,0.15838509316770177
2024-10-31,0.372,0.375,0.368,0.37,2303368400,853419712,-0.008042895442359255,0.38175,0.3420333333333333,0.15625
2024-11-01,0.369,0.376,0.368,0.371,2107225940,783833303,0.002702702702702675,0.38215,0.34264999999999995,0.11077844311377238
2024-11-04,0.372,0.375,0.371,0.375,1500105531,559231287,0.010781671159029615,0.38095,0.34336666666666665,0.12951807228915646
2024-11-05,0.374,0.384,0.371,0.383,3474104416,1318937083,0.021333333333333426,0.37815,0.34418333333333334,0.1467065868263473
2024-11-06,0.384,0.39,0.38,0.382,3288340000,1266101438,-0.0026109660574412663,0.37725,0.3449833333333333,0.14371257485029942
2024-11-07,0.38,0.398,0.379,0.397,4492358411,1752097141,0.03926701570680624,0.3771,0.3459666666666667,0.17455621301775137
2024-11-08,0.402,0.405,0.392,0.394,3506371345,1393852067,-0.007556675062972307,0.37785,0.3469333333333333,0.17261904761904767
2024-11-11,0.39,0.398,0.387,0.397,3194131233,1253559849,0.0076142131979695105,0.3786,0.34791666666666665,0.17455621301775137
2024-11-12,0.398,0.412,0.397,0.402,5308163152,2151395497,0.012594458438287104,0.3802,0.34909999999999997,0.21450151057401823
2024-11-13,0.4,0.404,0.394,0.399,2740411865,1090574864,-0.007462686567164201,0.382,0.35015,0.1875
2024-11-14,0.398,0.398,0.387,0.387,2510086300,985817036,-0.03007518796992481,0.38334999999999997,0.3510666666666667,0.1656626506024097
2024-11-15,0.386,0.389,0.38,0.38,2357249160,905870065,-0.018087855297157618,0.38355,0.3519333333333333,0.15853658536585358
2024-11-18,0.38,0.383,0.373,0.375,2324449674,880041428,-0.013157894736842146,0.38344999999999996,0.35269999999999996,0.13981762917933116
2024-11-19,0.377,0.38,0.371,0.379,1792771308,673979564,0.010666666666666602,0.38335,0.3535333333333333,0.15197568389057747
2024-11-20,0.378,0.39,0.377,0.387,3138550060,1209708899,0.02110817941952514,0.3836,0.35455,0.18711656441717794
2024-11-21,0.387,0.387,0.382,0.385,1779655750,684323727,-0.0051679586563307955,0.38405,0.35559999999999997,0.19565217391304346
2024-11-22,0.384,0.385,0.37,0.371,2320536439,874877092,-0.036363636363636376,0.3835,0.35645,0.15937500000000004
2024-11-25,0.371,0.374,0.365,0.368,1897687890,701230546,-0.008086253369272267,0.38265000000000005,0.35728333333333334,0.1572327044025157
2024-11-26,0.368,0.375,0.367,0.37,1885616980,700688031,0.005434782608695565,0.38225,0.3581666666666667,0.1671924290220821
2024-11-27,0.369,0.377,0.368,0.376,1763743221,657536314,0.016216216216216273,0.38239999999999996,0.35918333333333335,0.19365079365079363
2024-11-28,0.376,0.377,0.37,0.373,1367162800,510359676,-0.007978723404255317,0.38255000000000006,0.36014999999999997,0.18412698412698414
2024-11-29,0.372,0.381,0.372,0.377,1917006213,722224482,0.01072386058981234,0.38285,0.3612,0.2006369426751593
2024-12-02,0.378,0.382,0.375,0.381,1694770313,643424802,0.010610079575596787,0.38315,0.3622666666666666,0.20189274447949535
2024-12-03,0.38,0.38,0.377,0.379,2026750491,767559363,-0.005249343832021025,0.38295,0.3632,0.17337461300309598
2024-12-04,0.378,0.379,0.373,0.374,1398109332,525126544,-0.01319261213720313,0.38255000000000006,0.36416666666666664,0.18354430379746844
2024-12-05,0.374,0.374,0.37,0.373,1260311964,468686794,-0.002673796791443861,0.38134999999999997,0.36505,0.1656249999999999
2024-12-06,0.373,0.383,0.372,0.382,2394984047,907121706,0.024128686327077764,0.38075000000000003,0.36610000000000004,0.19749216300940442
2024-12-09,0.385,0.387,0.381,0.383,1641070945,629855000,0.002617801047120505,0.38005,0.3671166666666667,0.18944099378881996
2024-12-10,0.393,0.396,0.38,0.381,2844038571,1098655332,-0.005221932114882533,0.379,0.3682,0.20569620253164556
2024-12-11,0.38,0.383,0.379,0.381,1500390920,572021253,0.0,0.3781,0.36928333333333335,0.20569620253164556
2024-12-12,0.381,0.385,0.38,0.385,2415083309,923986685,0.01049868766404205,0.378,0.3704666666666666,0.22611464968152872
2024-12-13,0.383,0.383,0.373,0.374,2105553100,795233143,-0.02857142857142858,0.37770000000000004,0.37145000000000006,0.1873015873015873
2024-12-16,0.374,0.374,0.368,0.37,1576073500,583794550,-0.010695187165775444,0.37745,0.37243333333333334,0.18971061093247577
2024-12-17,0.37,0.372,0.368,0.369,1503689155,555778644,-0.002702702702702675,0.37695,0.3734166666666667,0.1903225806451614
2024-12-18,0.37,0.371,0.368,0.37,1011832210,374154492,0.0027100271002709064,0.3761,0.37443333333333334,0.19741100323624594
2024-12-19,0.368,0.37,0.365,0.369,1483249800,545253647,-0.002702702702702675,0.3753,0.37538333333333335,0.1826923076923077
2024-12-20,0.368,0.371,0.367,0.368,1402001200,517419048,-0.0027100271002710175,0.37515,0.37638333333333335,0.19480519480519476
2024-12-23,0.368,0.37,0.365,0.366,1894222700,696056757,-0.005434782608695676,0.37505,0.3773666666666667,0.19218241042345285
2024-12-24,0.366,0.37,0.365,0.37,1235311000,454848003,0.010928961748633892,0.37505,0.37825000000000003,0.1671924290220821
2024-12-25,0.372,0.373,0.367,0.369,1435953896,531330130,-0.002702702702702675,0.3747,0.37903333333333333,0.14596273291925455
2024-12-26,0.369,0.369,0.366,0.367,946451800,347538264,-0.005420054200542035,0.37439999999999996,0.3795666666666666,0.09552238805970137
2024-12-27,0.366,0.368,0.365,0.366,1472287050,539233754,-0.0027247956403270157,0.37385,0.3796166666666666,0.008264462809917328
2024-12-30,0.366,0.37,0.365,0.366,1292889799,475126488,0.0,0.3731,0.3790666666666667,-0.08270676691729328
2024-12-31,0.366,0.367,0.361,0.361,1552032557,564687253,-0.013661202185792365,0.3722,0.3777666666666667,-0.17767653758542146
2025-01-02,0.361,0.362,0.349,0.351,2373260219,843158050,-0.027700831024930817,0.37105,0.37695,-0.12250000000000005
2025-01-03,0.352,0.354,0.346,0.348,1751621056,613971691,-0.008547008547008517,0.3698,0.3760833333333334,-0.13000000000000012
2025-01-06,0.349,0.353,0.348,0.349,1803128453,630579467,0.002873563218390718,0.36815,0.3755833333333333,-0.07915567282321911
2025-01-07,0.35,0.35,0.341,0.344,1921501250,661122524,-0.014326647564469885,0.36619999999999997,0.37495,-0.09947643979057597
2025-01-08,0.344,0.345,0.337,0.341,1930760680,658516839,-0.008720930232557933,0.36419999999999997,0.37446666666666667,-0.07837837837837824
2025-01-09,0.341,0.344,0.339,0.341,1045138700,357114131,0.0,0.36219999999999997,0.37410000000000004,-0.06060606060606055
2025-01-10,0.341,0.342,0.336,0.336,1415201100,479623388,-0.014662756598240456,0.35974999999999996,0.37370000000000003,-0.06666666666666654
2025-01-13,0.334,0.339,0.334,0.338,1362189400,459477627,0.005952380952380931,0.35795,0.37306666666666666,-0.10106382978723394
2025-01-14,0.338,0.347,0.337,0.346,1815990857,623730904,0.023668639053254337,0.35675,0.37255000000000005,-0.08222811671087538
2025-01-15,0.346,0.346,0.341,0.343,1090206000,373579007,-0.00867052023121373,0.35545,0.3719166666666667,-0.09973753280839892
2025-01-16,0.343,0.347,0.339,0.34,1582365600,542491473,-0.008746355685131157,0.35395,0.37121666666666664,-0.10994764397905754
2025-01-17,0.339,0.343,0.338,0.341,1117971000,380481662,0.002941176470588225,0.35255000000000003,0.3706333333333333,-0.09308510638297862
2025-01-20,0.343,0.349,0.343,0.347,1970101890,683120490,0.017595307917888325,0.3515,0.37005,-0.09162303664921478
2025-01-21,0.348,0.349,0.343,0.346,1240710500,428762894,-0.0028818443804035088,0.3505,0.36939999999999995,-0.10129870129870133
2025-01-22,0.345,0.346,0.341,0.342,1024522230,351395383,-0.01156069364161838,0.3491,0.3688,-0.09523809523809512
2025-01-23,0.345,0.348,0.343,0.343,1523991687,526286632,0.0029239766081872176,0.3478,0.3683,-0.08042895442359244
2025-01-24,0.343,0.348,0.342,0.346,1534684386,530026934,0.008746355685131046,0.34675,0.3679,-0.06486486486486487
2025-01-27,0.346,0.349,0.345,0.346,1071976612,371571353,0.0,0.34575,0.3674833333333334,-0.06738544474393537
2025-02-05,0.348,0.348,0.343,0.346,1272943788,439115813,0.0,0.34475,0.36700000000000005,-0.07733333333333337
2025-02-06,0.346,0.35,0.343,0.349,1714336068,594458268,0.00867052023121384,0.34415,0.36643333333333333,-0.08877284595300272
2025-02-07,0.349,0.357,0.348,0.354,2981174484,1053100355,0.014326647564469885,0.3443,0.3659666666666667,-0.0732984293193718
2025-02-10,0.354,0.357,0.352,0.357,1871604101,664830544,0.008474576271186418,0.34475,0.3653,-0.10075566750629728
2025-02-11,0.357,0.358,0.352,0.353,1278442700,452276854,-0.011204481792717047,0.34495,0.3646166666666667,-0.10406091370558379
2025-02-12,0.352,0.354,0.35,0.354,1273209434,448619343,0.0028328611898016387,0.34545,0.3639,-0.10831234256926958
2025-02-13,0.354,0.356,0.351,0.353,1764004260,623917036,-0.0028248587570621764,0.34604999999999997,0.3630833333333333,-0.12189054726368165
2025-02-14,0.353,0.363,0.352,0.362,3374591486,1210790809,0.025495750708215414,0.3471,0.36246666666666666,-0.09273182957393489
2025-02-17,0.364,0.368,0.361,0.364,2546829923,928177575,0.005524861878453136,0.3485,0.36208333333333337,-0.05943152454780365
2025-02-18,0.362,0.364,0.356,0.357,1915412180,689313020,-0.019230769230769273,0.34945,0.3617,-0.06052631578947376
2025-02-19,0.356,0.361,0.354,0.358,1948955502,696738833,0.0028011204481792618,0.35005,0.3614166666666667,-0.04533333333333334
2025-02-20,0.358,0.369,0.358,0.365,2545818829,930009217,0.019553072625698276,0.35114999999999996,0.3611833333333333,-0.03693931398416894
2025-02-21,0.366,0.374,0.365,0.373,3373966452,1249129710,0.021917808219177992,0.3528,0.36095,-0.036175710594315236
2025-02-24,0.372,0.374,0.366,0.368,2058409284,760152190,-0.013404825737265424,0.35415,0.3606666666666667,-0.04415584415584417
2025-02-25,0.364,0.366,0.361,0.362,1460764170,531291580,-0.016304347826086918,0.3549,0.36051666666666665,-0.02425876010781669
2025-02-26,0.364,0.367,0.362,0.367,1571410210,572150121,0.013812154696132506,0.35595,0.3605,-0.0027173913043477826
2025-02-27,0.366,0.37,0.363,0.367,1770554800,648961804,0.0,0.35719999999999996,0.36045,-0.008108108108108136
2025-02-28,0.365,0.369,0.357,0.357,2154459871,780786400,-0.027247956403269824,0.3579,0.3601333333333333,-0.05053191489361708
2025-03-03,0.358,0.364,0.357,0.358,1712625200,617767305,0.0028011204481792618,0.3585,0.35988333333333333,-0.04021447721179627
2025-03-04,0.357,0.36,0.355,0.359,1170649848,418175162,0.0027932960893854997,0.35914999999999997,0.3595833333333333,-0.04774535809018576
2025-03-05,0.359,0.359,0.354,0.356,1319440420,469492924,-0.00835654596100277,0.35964999999999997,0.3591666666666667,-0.06561679790026254
2025-03-06,0.357,0.362,0.357,0.362,1843210200,663307050,0.016853932584269593,0.36029999999999995,0.35888333333333333,-0.04485488126649084
2025-03-07,0.36,0.361,0.356,0.358,1700234400,609459557,-0.011049723756906049,0.3605,0.35861666666666664,-0.042780748663101664
2025-03-10,0.359,0.362,0.355,0.359,1325943200,474728407,0.0027932960893854997,0.3606,0.35838333333333333,-0.03753351206434319
2025-03-11,0.356,0.36,0.355,0.36,1402985240,501701711,0.0027855153203342198,0.36095,0.35801666666666665,-0.05759162303664922
2025-03-12,0.361,0.363,0.357,0.357,1211763300,434812696,-0.008333333333333304,0.3611,0.3575833333333333,-0.06788511749347259
2025-03-13,0.357,0.359,0.355,0.356,1123866000,400434711,-0.0028011204481792618,0.36124999999999996,0.3571666666666667,-0.06561679790026254
2025-03-14,0.357,0.367,0.356,0.366,3194912274,1160893364,0.028089887640449396,0.36145,0.35691666666666666,-0.03937007874015752
2025-03-17,0.368,0.368,0.364,0.365,1273311800,465907319,-0.002732240437158473,0.36150000000000004,0.3565833333333333,-0.051948051948051965
2025-03-18,0.369,0.375,0.367,0.37,2355879409,875508933,0.013698630136986356,0.36214999999999997,0.35651666666666665,-0.010695187165775444
2025-03-19,0.37,0.373,0.368,0.37,2126436310,787110417,0.0,0.36275,0.3565166666666667,0.0
2025-03-20,0.371,0.371,0.365,0.366,1593318800,585300801,-0.010810810810810811,0.3628,0.35646666666666665,-0.008130081300813052
2025-03-21,0.365,0.367,0.359,0.36,1796021200,650075200,-0.016393442622950838,0.36214999999999997,0.3563,-0.027027027027027084
2025-03-24,0.36,0.361,0.356,0.359,1242149381,444842861,-0.002777777777777768,0.3617,0.35613333333333336,-0.027100271002710064
2025-03-25,0.359,0.36,0.357,0.36,986894590,353940493,0.0027855153203342198,0.36160000000000003,0.356,-0.021739130434782594
2025-03-26,0.36,0.363,0.358,0.359,1250411920,450186868,-0.002777777777777768,0.3612,0.3558833333333333,-0.01912568306010931
2025-03-27,0.358,0.367,0.356,0.366,2256909441,818039408,0.01949860724233976,0.36114999999999997,0.3558166666666666,-0.010810810810810811
2025-03-28,0.365,0.371,0.365,0.366,2035715381,749601877,0.0,0.36160000000000003,0.3557666666666666,-0.008130081300813052
2025-03-31,0.365,0.369,0.361,0.362,1314486800,479031649,-0.010928961748633892,0.3618,0.35568333333333335,-0.013623978201634857
2025-04-01,0.364,0.376,0.363,0.374,3338921455,1244026373,0.03314917127071837,0.36255000000000004,0.35581666666666667,0.021857923497267784
2025-04-02,0.374,0.374,0.367,0.369,2204253354,816846808,-0.013368983957219305,0.36319999999999997,0.3558666666666666,0.008196721311475308
2025-04-03,0.366,0.371,0.364,0.366,1815285300,666564557,-0.008130081300813052,0.36339999999999995,0.35595,0.013850415512465464
2025-04-07,0.355,0.356,0.333,0.342,3438407309,1191762787,-0.06557377049180324,0.3626,0.3558,-0.02564102564102555
2025-04-08,0.343,0.347,0.339,0.344,2311854759,791626548,0.005847953216374213,0.36185,0.3557333333333333,-0.011494252873563204
2025-04-09,0.339,0.344,0.333,0.343,2332879908,791443193,-0.0029069767441859407,0.36100000000000004,0.3556333333333333,-0.01719197707736375
2025-04-10,0.348,0.353,0.346,0.348,2212790266,772594089,0.014577259475218485,0.36055000000000004,0.3557,0.011627906976744207
2025-04-11,0.346,0.35,0.344,0.349,1724695298,599015005,0.002873563218390718,0.3602,0.35583333333333333,0.023460410557184508
2025-04-14,0.35,0.353,0.348,0.35,1401383750,491045454,0.002865329512893977,0.3594,0.3559833333333333,0.0263929618768326
2025-04-15,0.349,0.349,0.345,0.347,1326445300,459894680,-0.008571428571428563,0.3585,0.3561666666666667,0.03273809523809512
2025-04-16,0.346,0.348,0.342,0.348,1483809201,511078704,0.0028818443804035088,0.3574,0.35633333333333334,0.029585798816567976
2025-04-17,0.346,0.349,0.345,0.348,1133167000,393842198,0.0,0.3563,0.3563666666666666,0.005780346820809301
2025-04-18,0.348,0.35,0.345,0.347,911574200,315869943,-0.002873563218390829,0.35534999999999994,0.3564333333333333,0.011661807580174877
2025-04-21,0.345,0.349,0.344,0.348,1135102020,393508087,0.0028818443804035088,0.35475,0.35656666666666664,0.0235294117647058
2025-04-22,0.348,0.353,0.347,0.352,1662413128,582878478,0.011494252873563315,0.3544,0.35674999999999996,0.032258064516129004
2025-04-23,0.352,0.355,0.35,0.351,967303228,340506763,-0.0028409090909090606,0.35395,0.35681666666666667,0.011527377521613813
2025-04-24,0.352,0.355,0.35,0.352,1214543500,428427272,0.002849002849002913,0.35359999999999997,0.35691666666666666,0.01734104046242768
2025-04-25,0.353,0.355,0.35,0.351,1568791500,552149510,-0.0028409090909090606,0.35285,0.35706666666666664,0.02631578947368407
2025-04-28,0.35,0.351,0.348,0.349,1156726986,404212648,-0.005698005698005715,0.352,0.3571666666666667,0.017492711370262315
2025-04-29,0.35,0.352,0.349,0.35,899134899,314885351,0.002865329512893977,0.3514,0.3572333333333333,0.011560693641618602
2025-04-30,0.35,0.356,0.349,0.354,1654587943,584346824,0.011428571428571344,0.35039999999999993,0.3573666666666666,0.023121387283236983
2025-05-06,0.357,0.358,0.355,0.357,1031868782,368030764,0.008474576271186418,0.3498,0.35755,0.03179190751445082
2025-05-07,0.36,0.362,0.355,0.357,1154508582,412711806,0.0,0.34934999999999994,0.3576833333333333,0.022922636103151817
2025-05-08,0.356,0.358,0.355,0.357,636484100,227178618,0.0,0.35009999999999997,0.3577333333333333,0.008474576271186418
2025-05-09,0.357,0.36,0.356,0.358,973156170,348565696,0.0028011204481792618,0.35079999999999995,0.35775,0.0028011204481792618
2025-05-12,0.357,0.358,0.354,0.357,1274929000,453550061,-0.0027932960893854997,0.3515,0.3578166666666666,0.011331444759206777
2025-05-13,0.359,0.361,0.358,0.36,1605212740,577642137,0.008403361344537785,0.35209999999999997,0.3579166666666666,0.016949152542372836
2025-05-14,0.359,0.364,0.358,0.363,1404259891,507337590,0.008333333333333304,0.35279999999999995,0.3580833333333333,0.028328611898017053
2025-05-15,0.363,0.365,0.362,0.363,1094536000,398122489,0.0,0.35344999999999993,0.3581,0.0027624309392264568
2025-05-16,0.363,0.364,0.36,0.363,921903024,333833364,0.0,0.35425,0.3580833333333333,-0.0027472527472527375
2025-05-19,0.363,0.364,0.36,0.363,731780280,264896887,0.0,0.355,0.35818333333333335,0.01680672268907557
2025-05-20,0.363,0.369,0.363,0.368,1446194652,530370944,0.01377410468319562,0.356,0.35834999999999995,0.027932960893854775
2025-05-21,0.367,0.373,0.366,0.371,1757725267,651257059,0.008152173913043459,0.3572,0.35845,0.016438356164383494
2025-05-22,0.37,0.372,0.368,0.369,1241567560,459161057,-0.005390835579514808,0.35825,0.3583833333333333,-0.01072386058981234
2025-05-23,0.37,0.376,0.369,0.37,1812406914,676342727,0.0027100271002709064,0.35914999999999997,0.35841666666666666,0.005434782608695565
2025-05-26,0.369,0.371,0.364,0.365,1324141931,485754335,-0.013513513513513487,0.35984999999999995,0.35846666666666666,0.008287292817679592
2025-05-27,0.365,0.369,0.365,0.367,892833947,327449968,0.005479452054794498,0.3606,0.35846666666666666,0.0
2025-05-28,0.367,0.369,0.366,0.367,796101947,292555601,0.0,0.3614,0.35846666666666666,0.0
2025-05-29,0.367,0.373,0.365,0.372,1327097000,491406985,0.013623978201634968,0.36255000000000004,0.3587166666666667,0.04201680672268915
2025-05-30,0.371,0.376,0.371,0.373,1334232207,498571800,0.0026881720430107503,0.36369999999999997,0.35896666666666666,0.04189944134078205
2025-06-03,0.372,0.377,0.371,0.375,1141873938,428450321,0.00536193029490617,0.36475,0.3592333333333333,0.04456824512534818
2025-06-04,0.376,0.38,0.374,0.379,1574742201,594778322,0.010666666666666602,0.36585,0.35961666666666664,0.06460674157303381
2025-06-05,0.379,0.38,0.374,0.376,1206142245,453510358,-0.0079155672823219,0.3668,0.35984999999999995,0.03867403314917128
2025-06-06,0.376,0.377,0.372,0.373,937818852,350394291,-0.007978723404255317,0.3676,0.36010000000000003,0.04189944134078205
2025-06-09,0.373,0.382,0.373,0.378,1603087520,607132891,0.013404825737265424,0.3686,0.36041666666666666,0.052924791086351064
2025-06-10,0.378,0.383,0.376,0.379,1875528750,712165216,0.002645502645502562,0.36970000000000003,0.3607333333333333,0.05277777777777781
2025-06-11,0.379,0.382,0.377,0.378,1064395100,403386037,-0.0026385224274406704,0.37060000000000004,0.3610833333333333,0.05882352941176472
2025-06-12,0.377,0.384,0.376,0.383,1483315680,564767176,0.013227513227513255,0.37160000000000004,0.3615333333333333,0.07584269662921361
2025-06-13,0.382,0.386,0.376,0.377,1954389769,741083501,-0.015665796344647487,0.3723,0.36171666666666663,0.030054644808743092
2025-06-16,0.376,0.378,0.372,0.374,2085970665,780614015,-0.007957559681697646,0.37285,0.36186666666666667,0.024657534246575352
2025-06-17,0.375,0.378,0.366,0.367,1854539164,688486234,-0.018716577540106916,0.37305,0.3618166666666667,-0.008108108108108136
2025-06-18,0.367,0.368,0.364,0.365,761817022,278491508,-0.00544959128065392,0.3729,0.3617333333333333,-0.013513513513513487
2025-06-19,0.365,0.367,0.36,0.361,1239092900,449764714,-0.010958904109588996,0.37239999999999995,0.36164999999999997,-0.013661202185792365
2025-06-20,0.362,0.364,0.361,0.363,693430930,251300889,0.005540166204986097,0.3721,0.36169999999999997,0.008333333333333304
2025-06-23,0.362,0.364,0.359,0.363,1223604200,441628543,0.0,0.37174999999999997,0.3617666666666667,0.011142061281337101
2025-06-24,0.364,0.366,0.362,0.365,1604205100,585251626,0.005509641873278293,0.37175,0.36184999999999995,0.01388888888888884
2025-06-25,0.366,0.369,0.363,0.369,1378838244,504664566,0.010958904109588996,0.37184999999999996,0.36201666666666665,0.027855153203342642
2025-06-26,0.368,0.369,0.364,0.366,1359821346,498191128,-0.008130081300813052,0.3718,0.36201666666666665,0.0
2025-06-27,0.365,0.367,0.364,0.365,1254539600,458388000,-0.002732240437158473,0.37144999999999995,0.36200000000000004,-0.002732240437158473
2025-06-30,0.365,0.369,0.363,0.368,1234120900,451269210,0.008219178082191858,0.37120000000000003,0.3621,0.016574585635359185
2025-07-01,0.368,0.371,0.368,0.37,964862908,356898456,0.005434782608695565,0.37095,0.3620333333333334,-0.010695187165775444
2025-07-02,0.371,0.373,0.367,0.368,928159533,343031305,-0.005405405405405461,0.37039999999999995,0.36201666666666665,-0.0027100271002710175
2025-07-03,0.369,0.371,0.367,0.37,888409200,328611849,0.005434782608695565,0.3701,0.36208333333333337,0.010928961748633892
2025-07-04,0.371,0.374,0.37,0.371,1318200550,490263863,0.002702702702702675,0.37,0.36256666666666665,0.08479532163742687
2025-07-07,0.372,0.373,0.366,0.367,1108080477,408330617,-0.010781671159029615,0.36945,0.36295,0.06686046511627919
2025-07-08,0.367,0.37,0.366,0.369,1222415981,450843861,0.005449591280654031,0.36895,0.36338333333333334,0.07580174927113692
2025-07-09,0.37,0.376,0.367,0.374,1948928610,725654330,0.013550135501354976,0.36874999999999997,0.3638166666666666,0.07471264367816088
2025-07-10,0.372,0.378,0.372,0.375,1250112481,469152554,0.002673796791443861,0.36834999999999996,0.36424999999999996,0.07449856733524363
2025-07-11,0.377,0.384,0.376,0.381,2307607947,879946180,0.016000000000000014,0.36855,0.36476666666666663,0.08857142857142875
2025-07-14,0.38,0.383,0.379,0.38,1114119613,424624020,-0.002624671916010457,0.36885,0.3653166666666667,0.09510086455331423
2025-07-15,0.381,0.383,0.377,0.381,1461155690,555173606,0.002631578947368318,0.36955,0.3658666666666666,0.09482758620689657
2025-07-16,0.381,0.384,0.379,0.381,1079312900,411424276,0.0,0.37035,0.36641666666666667,0.09482758620689657
2025-07-17,0.381,0.387,0.38,0.387,1737119250,667255062,0.015748031496062964,0.37165,0.3670833333333333,0.11527377521613835
2025-07-18,0.388,0.392,0.387,0.391,1716579622,668151535,0.010335917312661591,0.37305,0.3678,0.12356321839080464
2025-07-21,0.392,0.392,0.387,0.39,1505909520,586767451,-0.002557544757033292,0.3744,0.36843333333333333,0.10795454545454564
2025-07-22,0.39,0.396,0.389,0.392,1598815231,627758549,0.00512820512820511,0.37575,0.3691166666666667,0.11680911680911699
2025-07-23,0.392,0.397,0.391,0.393,1573198397,620402989,0.0025510204081633514,0.37695,0.3698,0.11647727272727293
2025-07-24,0.392,0.404,0.392,0.401,2276168294,905755088,0.020356234096692072,0.37870000000000004,0.3706333333333333,0.14245014245014254
2025-07-25,0.402,0.408,0.4,0.401,2341718556,944613884,0.0,0.3805,0.3715,0.14899713467048725
2025-07-28,0.405,0.412,0.405,0.41,2818792490,1151343127,0.022443890274314038,0.3826,0.3725,0.17142857142857149
2025-07-29,0.415,0.424,0.41,0.421,3261434215,1363348213,0.02682926829268295,0.38515,0.3736166666666667,0.18926553672316393
2025-07-30,0.42,0.431,0.418,0.424,3385257231,1438786070,0.0071258907363420665,0.38795,0.3747333333333333,0.1876750700280112
2025-07-31,0.422,0.424,0.413,0.416,2740589600,1146435858,-0.018867924528301883,0.39025000000000004,0.37571666666666664,0.1652661064425771
2025-08-01,0.414,0.421,0.407,0.409,2161118947,893017035,-0.016826923076923128,0.39215,0.3765833333333333,0.14565826330532206
2025-08-04,0.406,0.409,0.4,0.409,2076971351,840472992,0.0,0.39425,0.37743333333333334,0.14245810055865915
2025-08-05,0.41,0.413,0.408,0.411,1417501500,581426107,0.004889975550122161,0.39635,0.3783333333333333,0.15126050420168058
2025-08-06,0.411,0.415,0.408,0.41,1255329317,515358438,-0.0024330900243308973,0.39815,0.37916666666666665,0.13888888888888884
2025-08-07,0.409,0.413,0.405,0.407,1299276714,530261777,-0.007317073170731714,0.39975,0.3799,0.1212121212121211
2025-08-08,0.406,0.408,0.402,0.406,1304861590,528004265,-0.002457002457002311,0.40099999999999997,0.38061666666666666,0.11845730027548229
2025-08-11,0.405,0.41,0.404,0.407,1295052609,527395119,0.0024630541871919487,0.40235000000000004,0.38134999999999997,0.1212121212121211
2025-08-12,0.409,0.412,0.405,0.408,1294833142,528533295,0.002457002457002533,0.4037,0.3821,0.12396694214876036
2025-08-13,0.409,0.419,0.408,0.418,1907347732,789222793,0.02450980392156854,0.40554999999999997,0.3829333333333333,0.13586956521739135
2025-08-14,0.419,0.423,0.413,0.415,1744535886,728325847,-0.0071770334928229484,0.40695,0.38366666666666666,0.11859838274932599
2025-08-15,0.413,0.419,0.413,0.417,1314486282,547360894,0.004819277108433662,0.40824999999999995,0.3844666666666667,0.13008130081300817
2025-08-18,0.418,0.421,0.416,0.418,1768959427,739618684,0.0023980815347721673,0.40964999999999996,0.38526666666666665,0.12972972972972974
2025-08-19,0.418,0.426,0.41,0.411,2153850811,900735343,-0.01674641148325362,0.41059999999999997,0.38603333333333334,0.1260273972602739
2025-08-20,0.409,0.415,0.407,0.415,1408881755,578233274,0.009732360097323589,0.4117,0.38683333333333336,0.13079019073569476
2025-08-21,0.416,0.424,0.416,0.42,2142756231,901294901,0.012048192771084265,0.41265,0.3877166666666667,0.14441416893732972
2025-08-22,0.421,0.424,0.418,0.424,1451323631,610954517,0.00952380952380949,0.4138,0.38858333333333334,0.13978494623655902
2025-08-25,0.426,0.434,0.424,0.434,2158469601,925959470,0.02358490566037741,0.4149999999999999,0.38959999999999995,0.16353887399463796
2025-08-26,0.433,0.433,0.428,0.429,1510825490,650118172,-0.011520737327188946,0.4154,0.3905,0.1439999999999999
2025-08-27,0.429,0.433,0.42,0.42,2220660805,948009277,-0.020979020979021046,0.4152,0.3911833333333333,0.10817941952506582
2025-08-28,0.419,0.421,0.409,0.419,2158960264,898068191,-0.0023809523809523725,0.41534999999999994,0.39189999999999997,0.1143617021276595
2025-08-29,0.419,0.433,0.418,0.431,2219990437,946965849,0.02863961813842475,0.41644999999999993,0.39286666666666664,0.1554959785522787
2025-09-01,0.433,0.448,0.431,0.446,2855272217,1260765949,0.03480278422273786,0.4183,0.394,0.17989417989418
2025-09-02,0.449,0.456,0.442,0.448,2377945253,1068010601,0.004484304932735439,0.42015,0.39515,0.1820580474934037
2025-09-03,0.447,0.455,0.444,0.447,1889681998,847416274,-0.0022321428571429047,0.422,0.39630000000000004,0.18253968253968256
2025-09-04,0.45,0.45,0.425,0.431,2289132697,996364217,-0.03579418344519014,0.4232,0.39709999999999995,0.12532637075718012
2025-09-05,0.431,0.448,0.429,0.446,1937324299,849207863,0.03480278422273786,0.42519999999999997,0.39825,0.18302387267904519
2025-09-08,0.447,0.458,0.447,0.456,2098298566,952186547,0.022421524663677195,0.42765,0.3996166666666667,0.2192513368983957
2025-09-09,0.454,0.459,0.442,0.445,1777197177,799810558,-0.02412280701754388,0.4295,0.40091666666666664,0.21253405994550412
2025-09-10,0.444,0.45,0.44,0.443,1265911800,562288274,-0.004494382022471877,0.43075,0.4022166666666667,0.2136986301369863
2025-09-11,0.435,0.441,0.422,0.44,2536833084,1098523596,-0.006772009029345383,0.43200000000000005,0.40353333333333335,0.21883656509695304
2025-09-12,0.442,0.445,0.437,0.441,1613408644,711332090,0.002272727272727204,0.4332,0.4048333333333334,0.2148760330578512
2025-09-15,0.441,0.445,0.439,0.443,1271492700,562993828,0.0045351473922903285,0.43445,0.4061666666666666,0.22038567493112948
2025-09-16,0.442,0.443,0.436,0.441,1195931800,525786773,-0.004514672686230292,0.43594999999999995,0.4074333333333333,0.2082191780821918
2025-09-17,0.441,0.446,0.438,0.445,1332672780,589921211,0.009070294784580435,0.43745,0.40869999999999995,0.20596205962059622
2025-09-18,0.445,0.452,0.439,0.443,1856235700,827349570,-0.004494382022471877,0.4386,0.4099833333333333,0.2103825136612023
2025-09-19,0.443,0.446,0.436,0.439,1243029823,546400181,-0.009029345372460473,0.43935,0.4112166666666666,0.20273972602739732
2025-09-22,0.441,0.448,0.437,0.44,1248138600,550897641,0.002277904328018332,0.43965,0.4124166666666667,0.19565217391304346
2025-09-23,0.44,0.44,0.426,0.432,1575376606,680110898,-0.018181818181818188,0.43979999999999997,0.41345,0.16756756756756763
2025-09-24,0.431,0.436,0.43,0.435,948602276,411781795,0.00694444444444442,0.44055,0.41456666666666664,0.18206521739130443
2025-09-25,0.438,0.444,0.436,0.443,1492422079,659051613,0.01839080459770126,0.44175000000000003,0.41578333333333334,0.19729729729729728
2025-09-26,0.439,0.439,0.433,0.433,1171890046,509759769,-0.02257336343115124,0.44184999999999997,0.41681666666666667,0.1671159029649596
2025-09-29,0.432,0.436,0.425,0.435,1288477926,554305568,0.004618937644341736,0.4413,0.41795,0.1852861035422344
2025-09-30,0.435,0.446,0.434,0.446,1452222755,640937753,0.025287356321839205,0.4412,0.41923333333333335,0.20867208672086734
2025-10-09,0.446,0.448,0.438,0.448,2105907000,934378155,0.004484304932735439,0.44125000000000003,0.4204666666666667,0.19786096256684504
2025-10-10,0.445,0.446,0.434,0.437,1665213002,731721071,-0.024553571428571397,0.44155,0.42150000000000004,0.16533333333333333
2025-10-13,0.425,0.429,0.421,0.426,1874997191,796334518,-0.02517162471395884,0.44055,0.42225,0.11811023622047245
2025-10-14,0.427,0.429,0.413,0.416,2117156967,890466881,-0.023474178403755874,0.43855000000000005,0.42285,0.09473684210526301
2025-10-15,0.416,0.423,0.413,0.422,2575745851,1079903813,0.014423076923076872,0.43739999999999996,0.4235333333333334,0.1076115485564304
2025-10-16,0.422,0.429,0.419,0.424,1673424654,709802660,0.004739336492890933,0.43645000000000006,0.42425,0.11286089238845132
2025-10-17,0.423,0.425,0.414,0.415,1741590386,727079316,-0.021226415094339646,0.4351999999999999,0.4247166666666667,0.07235142118863047
2025-10-20,0.416,0.42,0.413,0.414,1086303507,452068046,-0.002409638554216831,0.43384999999999996,0.4251,0.05882352941176472
2025-10-21,0.416,0.42,0.415,0.419,1045044270,436831918,0.012077294685990392,0.43265000000000003,0.4255833333333333,0.07435897435897432
2025-10-22,0.419,0.422,0.415,0.416,816548700,340753401,-0.007159904534606243,0.4314,0.42598333333333327,0.06122448979591821
2025-10-23,0.415,0.417,0.41,0.416,1247438110,515002052,0.0,0.42995,0.4263666666666666,0.058524173027989734
2025-10-24,0.416,0.421,0.415,0.417,1004966708,419810778,0.0024038461538462563,0.42865000000000003,0.4266333333333333,0.03990024937655856
2025-10-27,0.423,0.428,0.42,0.423,1502121758,636738353,0.014388489208633004,0.42785,0.42699999999999994,0.05486284289276799
2025-10-28,0.421,0.421,0.414,0.416,1329146790,554323880,-0.01654846335697402,0.42665,0.4271,0.014634146341463428
2025-10-29,0.415,0.42,0.412,0.42,1251075715,520013386,0.009615384615384581,0.42604999999999993,0.4270833333333333,-0.002375296912114022
2025-10-30,0.416,0.417,0.407,0.409,2503950899,1030129951,-0.02619047619047621,0.42474999999999996,0.42683333333333334,-0.03537735849056611
2025-10-31,0.409,0.416,0.407,0.413,1455969261,601071824,0.009779951100244544,0.42325,0.42678333333333335,-0.007211538461538436
2025-11-03,0.414,0.415,0.407,0.409,1501972000,614930053,-0.009685230024213065,0.4220499999999999,0.42678333333333335,0.0
2025-11-04,0.408,0.409,0.399,0.402,1607749891,648031554,-0.017114914425427785,0.4204,0.4266666666666667,-0.017114914425427785
2025-11-05,0.399,0.404,0.398,0.402,910444788,365719428,0.0,0.41819999999999996,0.4265166666666667,-0.021897810218977964
2025-11-06,0.402,0.404,0.399,0.404,834093447,335396401,0.004975124378109541,0.41600000000000004,0.42641666666666667,-0.014634146341463317
2025-11-07,0.402,0.404,0.4,0.401,834953900,335459475,-0.007425742574257432,0.4142,0.4263166666666667,-0.014742014742014642
2025-11-10,0.402,0.406,0.399,0.405,1267468944,511053216,0.009975062344139696,0.41315,0.4263,-0.0024630541871921707
2025-11-11,0.406,0.407,0.401,0.404,1090096700,439551097,-0.0024691358024691024,0.41255,0.4262500000000001,-0.0073710073710072654
2025-11-12,0.404,0.409,0.403,0.405,1383374972,561926062,0.0024752475247524774,0.4117,0.42619999999999997,-0.007352941176470451
2025-11-13,0.405,0.412,0.404,0.411,1583234978,647303855,0.014814814814814614,0.41105,0.42608333333333337,-0.01674641148325362
2025-11-14,0.409,0.413,0.407,0.408,1207983167,495392697,-0.007299270072992692,0.4107,0.42596666666666666,-0.016867469879518038
2025-11-17,0.407,0.408,0.399,0.401,1700916892,683152019,-0.017156862745097867,0.41005,0.4257,-0.03836930455635479
2025-11-18,0.401,0.403,0.398,0.399,1173579617,469828621,-0.004987531172069848,0.40905,0.42538333333333334,-0.045454545454545414
2025-11-19,0.399,0.4,0.396,0.398,1121941098,446544732,-0.0025062656641604564,0.40815,0.42516666666666664,-0.031630170316301554
2025-11-20,0.399,0.401,0.394,0.394,1112946800,441530403,-0.01005025125628145,0.40705,0.4248166666666667,-0.05060240963855411
2025-11-21,0.392,0.396,0.385,0.387,2091416650,814844761,-0.017766497461928932,0.40555,0.4242666666666667,-0.07857142857142851
2025-11-24,0.39,0.393,0.388,0.392,1122295700,438370628,0.012919896640826822,0.404,0.42373333333333335,-0.07547169811320753
2025-11-25,0.393,0.395,0.391,0.393,910958000,358342760,0.0025510204081633514,0.40285000000000004,0.42305000000000004,-0.09447004608294929
2025-11-26,0.394,0.398,0.393,0.394,970971500,384471298,0.0025445292620864812,0.40155,0.42246666666666666,-0.08158508158508149
2025-11-27,0.394,0.395,0.39,0.392,948621100,372343724,-0.005076142131979711,0.40070000000000006,0.422,-0.06666666666666654
2025-11-28,0.394,0.394,0.389,0.393,793171200,310796767,0.0025510204081633514,0.3997,0.4215666666666667,-0.06205250596658707
2025-12-01,0.392,0.394,0.39,0.393,966146729,378659066,0.0,0.39890000000000003,0.4209333333333333,-0.08816705336426911
2025-12-02,0.393,0.394,0.387,0.388,1132586539,441001437,-0.012722646310432628,0.3982,0.4199666666666666,-0.1300448430493274
2025-12-03,0.387,0.389,0.385,0.386,933621157,360747252,-0.005154639175257714,0.39740000000000003,0.4189333333333334,-0.1383928571428571
2025-12-04,0.386,0.388,0.385,0.387,813158300,314096441,0.002590673575129543,0.39655,0.4179333333333333,-0.13422818791946312
2025-12-05,0.387,0.39,0.384,0.389,1863439092,722089377,0.0051679586563306845,0.39595,0.4172333333333334,-0.0974477958236658
2025-12-08,0.391,0.394,0.389,0.391,1037141730,405961690,0.005141388174807249,0.39525,0.41631666666666667,-0.12331838565022424
2025-12-09,0.391,0.396,0.389,0.391,1171056897,459460133,0.0,0.3946,0.41523333333333334,-0.14254385964912286
2025-12-10,0.39,0.393,0.385,0.392,1170263330,455624437,0.002557544757033181,0.39394999999999997,0.41435,-0.11910112359550562
2025-12-11,0.392,0.394,0.389,0.39,1017571200,398834602,-0.005102040816326481,0.3929,0.41346666666666665,-0.11963882618510158
2025-12-12,0.39,0.392,0.387,0.391,1014426303,394775209,0.002564102564102555,0.39205,0.41265,-0.11136363636363633
2025-12-15,0.39,0.39,0.384,0.384,1265913000,489486617,-0.01790281329923271,0.3912,0.41169999999999995,-0.12925170068027214
2025-12-16,0.384,0.386,0.377,0.378,1358453084,516301403,-0.015625,0.39015,0.4106166666666667,-0.1467268623024831
2025-12-17,0.378,0.385,0.376,0.383,1310229084,498525493,0.013227513227513255,0.3894,0.40965,-0.1315192743764172
2025-12-18,0.382,0.386,0.381,0.383,945821100,362865077,0.0,0.38885000000000003,0.40861666666666674,-0.13932584269662918
2025-12-19,0.384,0.39,0.382,0.388,1048847116,405816012,0.01305483028720622,0.3889,0.4077,-0.12415349887133176
2025-12-22,0.388,0.389,0.384,0.387,783898600,303081893,-0.002577319587628857,0.38865000000000005,0.4068333333333333,-0.1184510250569476
2025-12-23,0.386,0.388,0.384,0.385,848896300,327211564,-0.0051679586563307955,0.38825,0.40591666666666665,-0.125
2025-12-24,0.384,0.387,0.383,0.384,781415668,300608361,-0.0025974025974025983,0.38775000000000004,0.4051166666666666,-0.11111111111111105
2025-12-25,0.384,0.388,0.383,0.388,898688000,346736641,0.01041666666666674,0.38755,0.4043333333333334,-0.10804597701149421
2025-12-26,0.387,0.388,0.384,0.387,804772000,310796753,-0.002577319587628857,0.38725000000000004,0.40340000000000004,-0.12641083521444696
2025-12-29,0.386,0.387,0.383,0.383,909712600,349806646,-0.01033591731266148,0.38675,0.4025666666666667,-0.11547344110854496
2025-12-30,0.383,0.383,0.38,0.381,834354830,318378840,-0.005221932114882533,0.38639999999999997,0.40166666666666667,-0.12413793103448278
2025-12-31,0.382,0.384,0.378,0.378,894005521,339729445,-0.007874015748031482,0.386,0.40053333333333335,-0.15246636771300448
2026-01-05,0.38,0.394,0.379,0.392,2164529362,841474505,0.03703703703703698,0.38625000000000004,0.3996,-0.125
2026-01-06,0.393,0.397,0.391,0.396,1647843350,649699689,0.010204081632652962,0.3866,0.39891666666666664,-0.09382151029748276
2026-01-07,0.396,0.401,0.395,0.397,1242617000,495358757,0.002525252525252597,0.3869,0.3984333333333333,-0.068075117370892
2026-01-08,0.399,0.401,0.397,0.399,1201134208,479175848,0.005037783375314797,0.38730000000000003,0.39815,-0.04086538461538447
2026-01-09,0.399,0.403,0.398,0.403,1224095901,491049894,0.010025062656641603,0.38785000000000003,0.39783333333333337,-0.04502369668246442
2026-01-12,0.404,0.407,0.401,0.404,1527338368,616766810,0.002481389578163684,0.38855,0.3975,-0.047169811320754595
2026-01-13,0.407,0.418,0.407,0.41,2631468806,1085664765,0.014851485148514643,0.3895,0.3974166666666667,-0.012048192771084376
2026-01-14,0.411,0.418,0.403,0.407,2142466057,881582342,-0.007317073170731714,0.39065000000000005,0.39730000000000004,-0.016908212560386437
2026-01-15,0.406,0.41,0.403,0.404,1286900512,521727959,-0.0073710073710072654,0.39195,0.39705,-0.03579952267303088
2026-01-16,0.404,0.406,0.398,0.399,1343668009,539113686,-0.012376237623762387,0.39275000000000004,0.39676666666666666,-0.04086538461538447
2026-01-19,0.398,0.4,0.394,0.396,1372361870,543908048,-0.007518796992481258,0.3934,0.39643333333333336,-0.04807692307692302
2026-01-20,0.396,0.397,0.391,0.393,1244221258,488804198,-0.007575757575757569,0.39365000000000006,0.39603333333333335,-0.05755395683453235
2026-01-21,0.392,0.395,0.389,0.39,1222079597,478326376,-0.007633587786259555,0.39380000000000004,0.39548333333333335,-0.07801418439716301
2026-01-22,0.391,0.392,0.386,0.388,1362810946,528929825,-0.00512820512820511,0.39395,0.3950166666666667,-0.06730769230769229
2026-01-23,0.388,0.391,0.386,0.388,1872342341,727230686,0.0,0.39415,0.39448333333333335,-0.07619047619047614
2026-01-26,0.388,0.39,0.383,0.387,2054601569,793752802,-0.002577319587628857,0.3941,0.3941166666666667,-0.05378973105134466
2026-01-27,0.388,0.388,0.38,0.381,2167705833,829777708,-0.015503875968992276,0.39380000000000004,0.39358333333333334,-0.07748184019370452
2026-01-28,0.382,0.383,0.376,0.378,2280260369,862617317,-0.007874015748031482,0.39355,0.39306666666666673,-0.07579462102689483
2026-01-29,0.376,0.386,0.374,0.386,2396395838,912007485,0.021164021164021163,0.39380000000000004,0.39280000000000004,-0.03980099502487566
2026-01-30,0.384,0.388,0.379,0.38,1819596249,696062883,-0.015544041450777257,0.39390000000000003,0.3924333333333333,-0.054726368159204064
2026-02-02,0.378,0.381,0.371,0.372,1841039242,690799720,-0.021052631578947434,0.39289999999999997,0.39189999999999997,-0.07920792079207928
2026-02-03,0.373,0.377,0.371,0.377,1145514344,428471049,0.013440860215053752,0.39195,0.39149999999999996,-0.05985037406483795
2026-02-04,0.375,0.382,0.373,0.38,1470800000,553609011,0.007957559681697646,0.3911,0.3910833333333334,-0.06172839506172845
2026-02-05,0.38,0.386,0.379,0.384,1956298693,750335166,0.010526315789473717,0.39035,0.39075,-0.04950495049504955
2026-02-06,0.383,0.386,0.381,0.383,1058062500,406310447,-0.0026041666666666297,0.38935,0.39038333333333336,-0.05432098765432103
2026-02-09,0.385,0.385,0.382,0.383,945754580,362251849,0.0,0.3883,0.38991666666666663,-0.06812652068126512
2026-02-10,0.383,0.39,0.382,0.388,1445059666,558999177,0.01305483028720622,0.3872,0.3895833333333334,-0.04901960784313719
2026-02-11,0.387,0.39,0.387,0.388,875404005,339980287,0.0,0.38625000000000004,0.3893666666666667,-0.032418952618453845
2026-02-12,0.388,0.392,0.387,0.387,928443591,361284396,-0.002577319587628857,0.3854,0.3891666666666667,-0.03007518796992481
2026-02-13,0.387,0.388,0.382,0.382,964009840,370305022,-0.012919896640826933,0.38455000000000006,0.3889000000000001,-0.04020100502512569
2026-02-24,0.385,0.386,0.381,0.381,1010058400,386100886,-0.002617801047120394,0.38380000000000003,0.3886833333333334,-0.032994923857868064
2026-02-25,0.381,0.384,0.38,0.382,734553100,280478603,0.002624671916010568,0.38325,0.3886,-0.012919896640826933
2026-02-26,0.384,0.385,0.378,0.38,1067469200,406536668,-0.005235602094240788,0.38275000000000003,0.38839999999999997,-0.030612244897959218
2026-02-27,0.379,0.381,0.377,0.379,598056899,226802462,-0.0026315789473684292,0.3823,0.38816666666666666,-0.03562340966921118
2026-03-02,0.375,0.378,0.37,0.371,1659817316,618581956,-0.02110817941952503,0.38145,0.3877833333333333,-0.058375634517766506
2026-03-03,0.372,0.375,0.365,0.366,1785286360,659579988,-0.013477088948787075,0.38039999999999996,0.38735,-0.06632653061224492
2026-03-04,0.364,0.366,0.358,0.361,1468444600,530903594,-0.013661202185792365,0.3794,0.38681666666666664,-0.08142493638676851
2026-03-05,0.364,0.367,0.361,0.363,1053237600,382637935,0.005540166204986097,0.37865000000000004,0.38631666666666664,-0.07633587786259544
2026-03-06,0.362,0.372,0.361,0.372,1159945301,427593522,0.024793388429751984,0.37795,0.38605000000000006,-0.04123711340206193
2026-03-09,0.368,0.369,0.363,0.367,1149203400,420840628,-0.013440860215053752,0.3773,0.3857333333333333,-0.049222797927461204
2026-03-10,0.368,0.375,0.368,0.374,1169599079,435972443,0.019073569482288777,0.3774,0.3855166666666667,-0.03359173126614989
2026-03-11,0.374,0.375,0.371,0.373,770805911,287512601,-0.002673796791443861,0.3772,0.38525,-0.04113110539845766
2026-03-12,0.373,0.375,0.369,0.371,827892900,307508637,-0.00536193029490617,0.37675000000000003,0.3849166666666667,-0.051150895140664954
2026-03-13,0.369,0.371,0.367,0.368,945431000,348656339,-0.008086253369272267,0.37595,0.38453333333333334,-0.05882352941176472
2026-03-16,0.368,0.372,0.365,0.369,937665207,345588849,0.0027173913043478937,0.37525000000000003,0.38415,-0.058673469387755195
2026-03-17,0.37,0.377,0.368,0.371,1567066928,584394174,0.005420054200542035,0.37465000000000004,0.38383333333333336,-0.04871794871794877
2026-03-18,0.37,0.372,0.367,0.37,990818700,365567313,-0.0026954177897574594,0.37375,0.38348333333333334,-0.053708439897698246
2026-03-19,0.368,0.37,0.364,0.365,1211413106,443616777,-0.013513513513513487,0.3726,0.3831666666666667,-0.04947916666666674
2026-03-20,0.365,0.369,0.36,0.362,1111490445,404761875,-0.008219178082191747,0.37134999999999996,0.3829,-0.042328042328042326
2026-03-23,0.358,0.358,0.346,0.348,2548146110,896642033,-0.03867403314917128,0.36965000000000003,0.3823166666666667,-0.09138381201044399
2026-03-24,0.352,0.357,0.351,0.357,1355905340,479613287,0.02586206896551735,0.36845,0.38188333333333335,-0.06788511749347259
2026-03-25,0.358,0.36,0.356,0.359,761860810,272790487,0.0056022408963585235,0.36729999999999996,0.3814,-0.07474226804123718
2026-03-26,0.358,0.362,0.351,0.353,1099714751,391265755,-0.01671309192200554,0.36595,0.38083333333333336,-0.08785529715762286
2026-03-27,0.35,0.365,0.349,0.365,1992818789,716845284,0.03399433427762033,0.36524999999999996,0.38049999999999995,-0.051948051948051965
2026-03-30,0.361,0.367,0.36,0.365,1045528819,380535178,0.0,0.36495,0.3801833333333334,-0.04947916666666674
2026-03-31,0.366,0.373,0.364,0.364,1337563060,491974704,-0.002739726027397249,0.36485,0.3797833333333333,-0.061855670103092786
2026-04-01,0.368,0.377,0.364,0.377,2126418202,793257170,0.03571428571428581,0.36565000000000003,0.37961666666666666,-0.025839793281653756
2026-04-02,0.376,0.378,0.373,0.374,1458995443,547837867,-0.007957559681697646,0.36619999999999997,0.3794666666666667,-0.023498694516971286
2026-04-03,0.372,0.373,0.366,0.368,1125022922,414886196,-0.016042780748663166,0.366,0.37925,-0.034120734908136496
2026-04-07,0.369,0.373,0.363,0.369,1026793524,377796090,0.0027173913043478937,0.3661,0.3791,-0.023809523809523836
2026-04-08,0.373,0.375,0.368,0.375,1184525393,441012109,0.016260162601626105,0.36615000000000003,0.37881666666666663,-0.04336734693877553
2026-04-09,0.373,0.378,0.372,0.373,912876469,341658682,-0.005333333333333301,0.36615000000000003,0.37843333333333334,-0.05808080808080818
2026-04-10,0.373,0.378,0.371,0.373,1069289603,400676403,0.0,0.36624999999999996,0.3780333333333334,-0.06045340050377834
2026-04-13,0.371,0.373,0.369,0.371,803172671,297487138,-0.00536193029490617,0.3664,0.37756666666666666,-0.07017543859649134
2026-04-14,0.372,0.375,0.368,0.375,964840210,357335060,0.010781671159029615,0.36669999999999997,0.37709999999999994,-0.06947890818858571
2026-04-15,0.378,0.38,0.373,0.377,1340203650,504423497,0.005333333333333412,0.367,0.37664999999999993,-0.06683168316831689
2026-04-16,0.377,0.379,0.374,0.377,837240400,315006142,0.0,0.36734999999999995,0.3761,-0.08048780487804874
2026-04-17,0.375,0.375,0.365,0.366,1775697984,653784563,-0.02917771883289122,0.3674,0.3754166666666666,-0.10073710073710074
2026-04-20,0.366,0.367,0.363,0.365,874608880,319182494,-0.002732240437158473,0.36755,0.37476666666666664,-0.09653465346534662
2026-04-21,0.366,0.368,0.362,0.365,794602621,289254720,0.0,0.36839999999999995,0.37420000000000003,-0.08521303258145374
2026-04-22,0.363,0.365,0.361,0.363,755575800,274075138,-0.005479452054794498,0.3687,0.37365,-0.08333333333333337
2026-04-23,0.364,0.37,0.363,0.365,1252700716,458388130,0.005509641873278293,0.369,0.3731833333333333,-0.07124681933842247
2026-04-24,0.365,0.369,0.362,0.366,1026189399,375899312,0.00273972602739736,0.36965,0.3727833333333333,-0.06153846153846154
2026-04-27,0.366,0.366,0.362,0.364,673592000,244902656,-0.005464480874316946,0.36960000000000004,0.37238333333333334,-0.061855670103092786
2026-04-28,0.37,0.378,0.369,0.372,2032287640,759424634,0.0219780219780219,0.36995,0.37211666666666665,-0.04123711340206193
2026-04-29,0.372,0.376,0.37,0.374,1030416299,383651435,0.005376344086021501,0.37045,0.3719,-0.03359173126614989
2026-04-30,0.372,0.373,0.368,0.37,952883501,352819786,-0.010695187165775444,0.3701,0.37171666666666664,-0.02887139107611547
2026-05-06,0.37,0.371,0.367,0.368,946995016,348683248,-0.005405405405405461,0.3698,0.37155,-0.02645502645502651
2026-05-07,0.37,0.371,0.367,0.368,949448099,350182468,0.0,0.3698,0.37124999999999997,-0.04663212435233166
2026-05-08,0.369,0.369,0.364,0.366,1180926708,432164734,-0.005434782608695676,0.36965,0.37101666666666666,-0.0368421052631579
2026-05-11,0.365,0.371,0.362,0.37,1631424441,597112048,0.010928961748633892,0.3694,0.37098333333333333,-0.005376344086021501
2026-05-12,0.369,0.38,0.367,0.372,2530966292,942818689,0.00540540540540535,0.36935,0.3709,-0.01326259946949604
2026-05-13,0.372,0.373,0.366,0.37,1481738665,546063990,-0.005376344086021501,0.36920000000000003,0.3707333333333333,-0.02631578947368418
2026-05-14,0.369,0.373,0.359,0.36,2296746996,835597006,-0.027027027027027084,0.36865,0.3703333333333333,-0.0625
2026-05-15,0.359,0.363,0.355,0.356,1475454607,528988875,-0.011111111111111072,0.36769999999999997,0.3698833333333333,-0.07049608355091386
2026-05-18,0.355,0.356,0.347,0.349,1737288910,608442590,-0.0196629213483146,0.36629999999999996,0.3693166666666666,-0.08877284595300272
2026-05-19,0.349,0.353,0.346,0.349,1432819200,499921925,0.0,0.3649,0.36866666666666664,-0.10051546391752586
2026-05-20,0.348,0.349,0.343,0.347,1369226130,473414369,-0.005730659025787954,0.36395,0.36798333333333333,-0.10567010309278357
2026-05-21,0.347,0.357,0.346,0.349,2017901860,712053579,0.0057636887608070175,0.36315,0.36735,-0.09819121447028434
2026-05-22,0.349,0.351,0.343,0.345,1407005120,485385335,-0.011461318051575908,0.36215,0.3667333333333333,-0.09685863874345557
2026-05-25,0.343,0.343,0.338,0.34,1789201600,608813780,-0.014492753623188248,0.361,0.36604999999999993,-0.1076115485564304
2026-05-26,0.34,0.343,0.338,0.34,1208442000,411277872,0.0,0.35975,0.36535,-0.10994764397905754
2026-05-27,0.34,0.345,0.334,0.342,2014455707,683119259,0.00588235294117645,0.35855,0.3647166666666667,-0.09999999999999998
2026-05-28,0.341,0.343,0.334,0.336,1321198772,445543068,-0.01754385964912286,0.35714999999999997,0.364,-0.11345646437994716
2026-05-29,0.336,0.347,0.336,0.344,2175341351,743099038,0.023809523809523725,0.35575,0.36355000000000004,-0.07277628032345018
