date,open,high,low,close,volume,amount,daily_return,ma20,ma60,momentum_60
2021-02-04,0.98,0.991,0.951,0.968,158713400,154098109,,,,
2021-02-05,0.975,0.993,0.949,0.953,192995500,187187129,-0.015495867768595017,,,
2021-02-08,0.951,0.963,0.92,0.962,118127800,111560429,0.009443861490031402,,,
2021-02-09,0.962,0.999,0.962,0.997,144147900,142511148,0.03638253638253652,,,
2021-02-10,1.0,1.02,0.989,1.015,273452164,275949063,0.01805416248746239,,,
2021-02-18,1.045,1.047,0.992,1.005,181220418,183132988,-0.009852216748768461,,,
2021-02-19,0.993,1.0,0.96,0.99,185790200,181670106,-0.01492537313432829,,,
2021-02-22,0.988,1.01,0.971,0.971,163735900,162027504,-0.019191919191919204,,,
2021-02-23,0.97,0.975,0.948,0.965,111968800,107846773,-0.006179196704428458,,,
2021-02-24,0.961,0.967,0.907,0.918,268209900,249837494,-0.04870466321243516,,,
2021-02-25,0.93,0.936,0.903,0.909,128290900,117489985,-0.009803921568627416,,,
2021-02-26,0.893,0.899,0.87,0.893,133507400,118342460,-0.017601760176017667,,,
2021-03-01,0.902,0.928,0.902,0.923,107616700,98642338,0.033594624860022515,,,
2021-03-02,0.93,0.935,0.908,0.92,107515300,99254314,-0.00325027085590468,,,
2021-03-03,0.915,0.922,0.899,0.922,90224200,82131675,0.0021739130434783593,,,
2021-03-04,0.915,0.915,0.858,0.862,288482400,252578435,-0.06507592190889377,,,
2021-03-05,0.842,0.87,0.834,0.861,111846600,95437925,-0.001160092807424573,,,
2021-03-08,0.864,0.87,0.813,0.814,138349300,116072708,-0.05458768873403019,,,
2021-03-09,0.812,0.825,0.775,0.797,123778600,99196308,-0.020884520884520752,,,
2021-03-10,0.818,0.827,0.804,0.808,93025200,75795748,0.013801756587201952,0.92265,,
2021-03-11,0.81,0.839,0.805,0.836,124910700,103356098,0.03465346534653446,0.91605,,
2021-03-12,0.843,0.855,0.831,0.849,105116000,88811464,0.015550239234449759,0.9108499999999999,,
2021-03-15,0.849,0.85,0.808,0.818,96580700,79425532,-0.036513545347467646,0.9036500000000001,,
2021-03-16,0.816,0.826,0.804,0.82,64540200,52734405,0.0024449877750611915,0.8948,,
2021-03-17,0.819,0.835,0.803,0.833,74614400,61602253,0.01585365853658538,0.8856999999999999,,
2021-03-18,0.833,0.846,0.832,0.843,63703900,53534410,0.01200480192076836,0.8775999999999999,,
2021-03-19,0.825,0.831,0.81,0.817,82271800,67414254,-0.03084223013048637,0.8689499999999999,,
2021-03-22,0.815,0.835,0.815,0.829,65111500,53901185,0.014687882496940086,0.8618499999999999,,
2021-03-23,0.829,0.829,0.798,0.805,125454400,101230207,-0.02895054282267784,0.8538499999999999,,
2021-03-24,0.8,0.809,0.784,0.789,89171600,70584546,-0.019875776397515588,0.8474,,
2021-03-25,0.781,0.794,0.772,0.79,64342500,50384184,0.0012674271229404788,0.84145,,
2021-03-26,0.794,0.829,0.791,0.826,172720700,140951697,0.045569620253164356,0.8381000000000001,,
2021-03-29,0.824,0.827,0.814,0.819,66349400,54532651,-0.008474576271186418,0.8329000000000001,,
2021-03-30,0.816,0.837,0.811,0.835,89598500,74283156,0.019536019536019467,0.82865,,
2021-03-31,0.835,0.837,0.822,0.833,73434100,60913446,-0.0023952095808382756,0.8241999999999999,,
2021-04-01,0.834,0.852,0.834,0.841,81708500,68889851,0.009603841536614643,0.82315,,
2021-04-02,0.842,0.85,0.833,0.844,54444600,45861762,0.00356718192627814,0.8222999999999999,,
2021-04-06,0.847,0.864,0.845,0.856,76427600,65372215,0.014218009478673022,0.8244,,
2021-04-07,0.86,0.86,0.834,0.843,59535300,50087888,-0.015186915887850483,0.8267,,
2021-04-08,0.836,0.84,0.828,0.837,43009400,35937491,-0.007117437722419906,0.8281499999999999,,
2021-04-09,0.839,0.839,0.818,0.821,61750300,50912010,-0.019115890083632014,0.8273999999999999,,
2021-04-12,0.821,0.825,0.794,0.8,87092800,70032346,-0.025578562728379883,0.82495,,
2021-04-13,0.8,0.81,0.794,0.802,58967100,47269864,0.0024999999999999467,0.82415,,
2021-04-14,0.806,0.827,0.803,0.826,83400200,68217346,0.029925187032418865,0.82445,,
2021-04-15,0.821,0.83,0.814,0.826,51133000,42066363,0.0,0.8240999999999999,,
2021-04-16,0.826,0.828,0.807,0.823,68563100,55994864,-0.003631961259079941,0.8230999999999999,,
2021-04-19,0.823,0.863,0.818,0.861,171943800,146226783,0.04617253948967193,0.8253,,
2021-04-20,0.86,0.878,0.852,0.864,119214000,103513934,0.0034843205574912606,0.8270500000000001,,
2021-04-21,0.859,0.869,0.85,0.861,59748200,51378673,-0.00347222222222221,0.8298500000000001,,
2021-04-22,0.868,0.874,0.854,0.864,59295200,51326985,0.0034843205574912606,0.8336,,
2021-04-23,0.865,0.882,0.861,0.879,74691400,65426780,0.01736111111111116,0.83805,,
2021-04-26,0.879,0.896,0.864,0.866,96611500,85116902,-0.014789533560864654,0.84005,,
2021-04-27,0.867,0.871,0.849,0.861,78664300,67483609,-0.005773672055427226,0.84215,,
2021-04-28,0.858,0.884,0.858,0.88,87650200,76556137,0.022067363530778206,0.8443999999999999,,
2021-04-29,0.881,0.885,0.87,0.882,62087000,54586787,0.002272727272727204,0.8468500000000001,,
2021-04-30,0.882,0.91,0.877,0.906,165111900,148565332,0.027210884353741527,0.8501,,
2021-05-06,0.905,0.914,0.884,0.901,117040700,105360910,-0.0055187637969095205,0.8529499999999999,,
2021-05-07,0.898,0.91,0.878,0.881,89699700,80048161,-0.02219755826859049,0.8542,,
2021-05-10,0.88,0.892,0.866,0.889,71504300,63189942,0.009080590238365494,0.8565000000000002,,
2021-05-11,0.881,0.881,0.855,0.876,93688500,81247239,-0.01462317210348707,0.85845,0.86975,
2021-05-12,0.87,0.879,0.865,0.875,73034500,63745020,-0.0011415525114155667,0.86115,0.8682,-0.09607438016528924
2021-05-13,0.865,0.866,0.854,0.856,85372800,73237847,-0.021714285714285686,0.86395,0.8665833333333333,-0.10178384050367262
2021-05-14,0.856,0.875,0.847,0.873,79351300,68486373,0.01985981308411211,0.8674999999999999,0.8651,-0.09251559251559249
2021-05-17,0.874,0.905,0.871,0.902,148187700,132842591,0.03321878579610549,0.8713,0.8635166666666667,-0.09528585757271812
2021-05-18,0.902,0.91,0.897,0.901,70137600,63253238,-0.0011086474501108556,0.8750500000000001,0.8616166666666666,-0.1123152709359605
2021-05-19,0.902,0.925,0.892,0.921,128872900,118019878,0.02219755826859049,0.87995,0.8602166666666666,-0.08358208955223867
2021-05-20,0.919,0.928,0.911,0.919,91063600,83697612,-0.0021715526601520097,0.88285,0.8590333333333333,-0.07171717171717162
2021-05-21,0.929,0.939,0.913,0.922,89792700,83113393,0.0032644178454841466,0.88575,0.8582166666666667,-0.05046343975283207
2021-05-24,0.926,0.927,0.912,0.926,78838400,72615205,0.00433839479392617,0.889,0.8575666666666667,-0.0404145077720206
2021-05-25,0.926,0.936,0.917,0.935,88663300,82301250,0.009719222462203136,0.89255,0.8578499999999999,0.0185185185185186
2021-05-26,0.934,0.936,0.921,0.924,77460900,71800988,-0.0117647058823529,0.8948,0.8581000000000001,0.01650165016501659
2021-05-27,0.927,0.929,0.919,0.926,64211300,59376539,0.0021645021645022577,0.8978000000000002,0.85865,0.03695408734602457
2021-05-28,0.927,0.971,0.925,0.954,228100500,218668348,0.030237580993520474,0.90245,0.8591666666666666,0.03358613217768136
2021-05-31,0.96,1.001,0.959,0.997,211259100,208696969,0.04507337526205446,0.9083,0.8604499999999999,0.08369565217391295
2021-06-01,0.996,0.997,0.973,0.991,117635200,116029769,-0.006018054162487463,0.91375,0.8615999999999999,0.07483731019522777
2021-06-02,0.995,1.006,0.977,0.984,114424500,113452113,-0.007063572149344055,0.9176500000000001,0.8636333333333333,0.14153132250580036
2021-06-03,0.984,0.987,0.961,0.968,82687100,80418625,-0.016260162601625994,0.921,0.8654166666666666,0.12427409988385607
2021-06-04,0.964,0.995,0.956,0.982,118466466,116459423,0.01446280991735538,0.92605,0.8682166666666667,0.20638820638820654
2021-06-07,0.977,0.98,0.955,0.966,104612490,101024699,-0.016293279022403295,0.9299,0.8710333333333332,0.21204516938519435
2021-06-08,0.964,0.985,0.949,0.957,104021100,100127124,-0.009316770186335366,0.9339500000000001,0.8735166666666666,0.18440594059405924
2021-06-09,0.956,0.964,0.95,0.962,56336934,53998063,0.0052246603970742544,0.9383000000000001,0.8756166666666666,0.15071770334928236
2021-06-10,0.965,1.01,0.963,1.003,262603501,261929418,0.042619542619542594,0.94565,0.8781833333333334,0.1813898704358068
2021-06-11,1.011,1.031,1.0,1.021,221101800,225502157,0.017946161515453696,0.95305,0.8815666666666666,0.24816625916870416
2021-06-15,1.024,1.033,0.999,1.011,105748100,107063931,-0.009794319294809006,0.9585000000000001,0.88475,0.23292682926829267
2021-06-16,1.002,1.003,0.952,0.959,180261200,174955465,-0.05143422354104843,0.9614,0.88685,0.15126050420168058
2021-06-17,0.959,0.977,0.955,0.976,70394000,68281266,0.01772679874869665,0.9641500000000001,0.8890666666666667,0.1577698695136418
2021-06-18,0.981,1.019,0.978,1.011,157365300,157822632,0.035860655737704805,0.96875,0.8923000000000001,0.23745410036719705
2021-06-21,1.011,1.038,1.0,1.025,173265200,177611870,0.013847675568743778,0.9739000000000001,0.8955666666666667,0.2364294330518697
2021-06-22,1.028,1.036,1.01,1.028,99874600,102364852,0.0029268292682926855,0.9789999999999999,0.8992833333333333,0.2770186335403726
2021-06-23,1.031,1.061,1.031,1.051,192234833,201900429,0.02237354085603105,0.9847999999999999,0.9036500000000001,0.3320659062103928
2021-06-24,1.061,1.067,1.041,1.059,116427233,123227741,0.007611798287345373,0.9915499999999999,0.9081333333333333,0.34050632911392387
2021-06-25,1.061,1.078,1.056,1.074,129925000,138766544,0.014164305949008638,0.99895,0.9122666666666667,0.3002421307506056
2021-06-28,1.074,1.1,1.074,1.091,135168902,147619900,0.01582867783985087,1.0058,0.9168,0.33211233211233226
2021-06-29,1.102,1.118,1.097,1.106,148861000,164725574,0.013748854262144894,1.01125,0.9213166666666667,0.32455089820359295
2021-06-30,1.105,1.13,1.09,1.129,149319400,166812666,0.020795660036166286,1.0181499999999999,0.9262499999999999,0.35534213685474203
2021-07-01,1.13,1.134,1.096,1.101,135726400,150599804,-0.024800708591674048,1.024,0.9305833333333332,0.30915576694411406
2021-07-02,1.093,1.113,1.082,1.093,118461200,129811930,-0.0072661217075385975,1.03025,0.9347333333333334,0.2950236966824644
2021-07-05,1.088,1.12,1.086,1.116,107667500,119050671,0.02104300091491318,1.03695,0.9390666666666667,0.30373831775700944
2021-07-06,1.118,1.139,1.084,1.104,142782400,158578450,-0.010752688172043001,1.04385,0.9434166666666666,0.30960854092526713
2021-07-07,1.093,1.173,1.084,1.172,214490600,245361547,0.061594202898550554,1.0546,0.949,0.40023894862604537
2021-07-08,1.18,1.215,1.18,1.203,177719620,213434401,0.026450511945392607,1.0666499999999999,0.9553666666666667,0.4652862362971988
2021-07-09,1.185,1.225,1.17,1.217,175034069,208987180,0.011637572734829682,1.0773499999999998,0.9623166666666666,0.52125
2021-07-12,1.231,1.275,1.231,1.262,183893600,230326744,0.03697617091207883,1.0894,0.9699833333333333,0.57356608478803
2021-07-13,1.263,1.269,1.241,1.265,138130480,173576093,0.002377179080824021,1.1020999999999999,0.9773,0.5314769975786924
2021-07-14,1.257,1.257,1.215,1.223,173009309,213244774,-0.03320158102766779,1.1153,0.9839166666666667,0.4806295399515741
2021-07-15,1.207,1.265,1.207,1.264,170041909,211026728,0.03352412101390012,1.1297000000000001,0.9912666666666666,0.5358444714459296
2021-07-16,1.261,1.276,1.223,1.228,147797800,184523941,-0.02848101265822789,1.14055,0.9973833333333334,0.42624854819976776
2021-07-19,1.219,1.25,1.197,1.207,142971900,174224070,-0.017100977198696965,1.14965,1.0031,0.3969907407407409
2021-07-20,1.197,1.227,1.19,1.224,101905834,123959707,0.014084507042253502,1.15945,1.00915,0.4216027874564461
2021-07-21,1.23,1.289,1.23,1.284,182785924,231357188,0.0490196078431373,1.1711,1.01615,0.48611111111111116
2021-07-22,1.292,1.307,1.275,1.307,158281100,204201492,0.01791277258566981,1.1835,1.0232833333333333,0.4869169510807736
2021-07-23,1.303,1.339,1.288,1.297,155083600,202948769,-0.007651109410864554,1.1946499999999998,1.0304666666666666,0.497690531177829
2021-07-26,1.296,1.309,1.24,1.29,165419532,211876388,-0.005397070161912043,1.2046000000000001,1.0376166666666666,0.4982578397212545
2021-07-27,1.29,1.315,1.203,1.209,260174080,328109663,-0.06279069767441858,1.20975,1.0431,0.3738636363636365
2021-07-28,1.194,1.232,1.157,1.204,204231225,245005860,-0.00413564929693977,1.2135000000000002,1.0484666666666667,0.3650793650793651
2021-07-29,1.244,1.295,1.23,1.291,215228677,272028887,0.07225913621262459,1.223,1.0548833333333334,0.42494481236203074
2021-07-30,1.292,1.327,1.281,1.309,254821923,332390995,0.013942680092951187,1.2338,1.0616833333333333,0.4528301886792452
2021-08-02,1.318,1.352,1.278,1.317,295578600,389294953,0.006111535523300127,1.24385,1.06895,0.4948921679909193
2021-08-03,1.312,1.314,1.247,1.26,232013831,294502751,-0.0432801822323462,1.2516500000000002,1.0751333333333333,0.4173228346456692
2021-08-04,1.248,1.349,1.248,1.347,310881629,409281275,0.06904761904761902,1.2604,1.0829833333333334,0.5376712328767124
2021-08-05,1.348,1.363,1.319,1.353,158228352,212347254,0.00445434298440972,1.2679,1.0909499999999999,0.5462857142857143
2021-08-06,1.373,1.404,1.356,1.376,179143059,246826021,0.016999260901699786,1.2758500000000002,1.0996166666666667,0.6074766355140186
2021-08-09,1.37,1.37,1.297,1.334,255862301,337360846,-0.03052325581395332,1.2794500000000002,1.1073,0.5280641466208478
2021-08-10,1.328,1.358,1.292,1.325,212827700,281862933,-0.006746626686656709,1.28245,1.1143499999999997,0.4689578713968956
2021-08-11,1.326,1.348,1.304,1.338,187009600,248806110,0.009811320754717023,1.2882000000000002,1.1216333333333333,0.4850166481687015
2021-08-12,1.333,1.343,1.308,1.336,130660200,173183949,-0.001494768310911776,1.2917999999999998,1.12855,0.4505971769815418
2021-08-13,1.31,1.366,1.309,1.322,143173833,191140705,-0.010479041916167664,1.2965,1.1352666666666666,0.4385201305767139
2021-08-16,1.303,1.314,1.273,1.281,161594533,207826143,-0.031013615733736843,1.3002,1.1412499999999999,0.38937093275488044
2021-08-17,1.275,1.306,1.261,1.279,159364300,204961067,-0.0015612802498048417,1.30295,1.1471333333333333,0.3812095032397407
2021-08-18,1.275,1.297,1.255,1.265,148154100,188308303,-0.0109460516028147,1.302,1.1526333333333334,0.3529411764705881
2021-08-19,1.272,1.313,1.244,1.296,183987800,235351410,0.02450592885375502,1.30145,1.1588333333333334,0.4025974025974026
2021-08-20,1.29,1.316,1.274,1.296,125640900,162557396,0.0,1.3014000000000001,1.165,0.39956803455723544
2021-08-23,1.304,1.333,1.285,1.331,247204188,325697822,0.027006172839506126,1.30345,1.171283333333333,0.39517819706498947
2021-08-24,1.332,1.384,1.329,1.359,254922096,347213701,0.021036814425244188,1.3109499999999998,1.1773166666666666,0.3630892678034101
2021-08-25,1.36,1.392,1.34,1.389,171641561,234616463,0.022075055187638082,1.3202,1.1839499999999998,0.40161453077699294
2021-08-26,1.391,1.409,1.369,1.371,136878891,190010673,-0.01295896328293733,1.3241999999999998,1.1904,0.3932926829268293
2021-08-27,1.365,1.404,1.361,1.396,115958572,160857610,0.018234865061998562,1.3285500000000001,1.1975333333333331,0.4421487603305785
2021-08-30,1.397,1.472,1.397,1.445,179371500,258473051,0.0351002865329515,1.33495,1.20525,0.4714867617107943
2021-08-31,1.44,1.443,1.408,1.426,144093713,204743464,-0.01314878892733573,1.3432499999999998,1.2129166666666669,0.4761904761904763
2021-09-01,1.427,1.432,1.327,1.351,234617201,320821624,-0.05259467040673205,1.34345,1.2194833333333333,0.4117032392894462
2021-09-02,1.343,1.394,1.342,1.391,136572149,188198470,0.02960769800148033,1.34535,1.2266333333333332,0.44594594594594605
2021-09-03,1.392,1.414,1.33,1.344,169687988,232397912,-0.0337886412652767,1.34375,1.2323166666666667,0.3399800598205387
2021-09-06,1.342,1.36,1.3,1.359,192892100,257270973,0.01116071428571419,1.345,1.23795,0.3310479921645446
2021-09-07,1.355,1.396,1.346,1.393,161579538,222744610,0.025018395879323085,1.3484,1.2443166666666665,0.37784371909001013
2021-09-08,1.392,1.41,1.362,1.37,121023951,167424733,-0.016511127063890796,1.35,1.2511666666666668,0.4285714285714288
2021-09-09,1.37,1.383,1.342,1.371,140258462,191091528,0.0007299270072991249,1.35175,1.2577500000000001,0.4047131147540983
2021-09-10,1.369,1.389,1.352,1.385,131092100,179708202,0.010211524434719177,1.3549,1.2639833333333332,0.3699307616221563
2021-09-13,1.383,1.391,1.35,1.361,127527374,174068181,-0.017328519855595692,1.3588999999999998,1.2695833333333335,0.32780487804878056
2021-09-14,1.363,1.402,1.335,1.381,148012967,204259003,0.014695077149154967,1.3639999999999999,1.2754666666666667,0.343385214007782
2021-09-15,1.385,1.415,1.376,1.413,149018386,208940749,0.023171614771904547,1.3714,1.2815,0.3444338725023788
2021-09-16,1.413,1.43,1.34,1.346,216291600,294849608,-0.0474168435951875,1.3739,1.2862833333333334,0.2710103871576961
2021-09-17,1.332,1.362,1.308,1.346,152892300,204415140,0.0,1.3763999999999998,1.2908166666666667,0.25325884543761634
2021-09-22,1.328,1.364,1.32,1.355,87425200,118342060,0.006686478454680511,1.3776,1.2952166666666665,0.24197983501374898
2021-09-23,1.365,1.377,1.353,1.356,96356700,131142259,0.0007380073800737907,1.37745,1.2993833333333333,0.22603978300180838
2021-09-24,1.353,1.396,1.332,1.371,112027800,153472386,0.011061946902654718,1.37655,1.3034166666666667,0.21434898139946856
2021-09-27,1.376,1.388,1.317,1.345,109415200,147583510,-0.018964259664478456,1.3752499999999999,1.3074833333333333,0.22161671207992728
2021-09-28,1.334,1.358,1.321,1.328,94442500,126248187,-0.01263940520446094,1.3718499999999998,1.3114000000000001,0.21500457456541633
2021-09-29,1.315,1.338,1.298,1.307,100420000,132193195,-0.01581325301204828,1.3649499999999999,1.3145833333333334,0.17114695340501784
2021-09-30,1.312,1.35,1.306,1.348,94917247,126719917,0.03136954858454488,1.36105,1.31865,0.22101449275362306
2021-10-08,1.366,1.375,1.304,1.316,126172400,167047785,-0.023738872403560873,1.3593,1.3210499999999998,0.12286689419795227
2021-10-11,1.315,1.323,1.285,1.302,91858200,119891058,-0.010638297872340385,1.35485,1.3227,0.08229426433915199
2021-10-12,1.298,1.306,1.258,1.275,107335299,137454664,-0.02073732718894017,1.3514,1.3236666666666665,0.04765817584223475
2021-10-13,1.275,1.324,1.275,1.321,120406637,157156059,0.03607843137254907,1.3495000000000001,1.3246499999999999,0.046751188589540416
2021-10-14,1.32,1.355,1.31,1.34,104409900,139944703,0.014383043149129637,1.34685,1.3258999999999999,0.059288537549407216
2021-10-15,1.34,1.379,1.325,1.374,117216800,159513829,0.025373134328358304,1.3470499999999999,1.3284166666666666,0.12346688470973022
2021-10-18,1.381,1.412,1.375,1.411,126071400,175837664,0.02692867540029109,1.34905,1.3308666666666666,0.11629746835443044
2021-10-19,1.412,1.427,1.4,1.413,90538700,127815979,0.0014174344436570507,1.3504500000000002,1.3339500000000002,0.15065146579804556
2021-10-20,1.409,1.457,1.401,1.436,119260719,172148553,0.016277423920735945,1.3542,1.3377666666666665,0.18972659486329735
2021-10-21,1.431,1.436,1.405,1.417,83912999,119038558,-0.013231197771587655,1.356,1.3409833333333334,0.1576797385620916
2021-10-22,1.418,1.424,1.391,1.395,90871837,127620805,-0.015525758645024701,1.3551,1.3428333333333335,0.08644859813084116
2021-10-25,1.41,1.454,1.401,1.452,127559537,183399449,0.04086021505376336,1.3604,1.34525,0.11094108645753642
2021-10-26,1.473,1.476,1.441,1.445,113784361,166149285,-0.004820936639118423,1.36535,1.3477166666666667,0.11410948342328453
2021-10-27,1.452,1.483,1.445,1.481,158289190,233155253,0.02491349480968852,1.37165,1.3509,0.1480620155038761
2021-10-28,1.478,1.498,1.453,1.461,132877100,195709042,-0.013504388926401045,1.3769,1.3551000000000002,0.2084367245657568
2021-10-29,1.457,1.495,1.419,1.49,163606610,238323200,0.019849418206707714,1.38285,1.3598666666666666,0.2375415282392026
2021-11-01,1.488,1.51,1.46,1.478,168757200,251248848,-0.008053691275167751,1.3895000000000002,1.3629833333333332,0.14484895429899303
2021-11-02,1.474,1.494,1.451,1.469,146586900,215810976,-0.006089309878213767,1.39655,1.36565,0.12223071046600475
2021-11-03,1.455,1.465,1.415,1.434,150115738,215338308,-0.02382573179033365,1.4029,1.3676,0.08883826879271073
2021-11-04,1.441,1.475,1.44,1.462,135105298,197368242,0.019525801952580135,1.4086,1.3709666666666669,0.1603174603174602
2021-11-05,1.453,1.466,1.434,1.436,110223299,159662209,-0.017783857729138153,1.4146,1.37245,0.06607275426874537
2021-11-08,1.432,1.482,1.43,1.478,142197600,208513125,0.029247910863509752,1.4234,1.3745333333333334,0.09238728750923864
2021-11-09,1.496,1.505,1.475,1.489,105651339,157321550,0.007442489851150258,1.4341000000000002,1.3764166666666666,0.08212209302325602
2021-11-10,1.474,1.479,1.436,1.466,171134100,249221295,-0.015446608462055145,1.44135,1.3786166666666666,0.098950524737631
2021-11-11,1.467,1.482,1.452,1.467,116363839,170237542,0.0006821282401092699,1.4477,1.3809833333333335,0.10716981132075487
2021-11-12,1.471,1.477,1.458,1.47,90782200,133333920,0.002044989775050965,1.4525000000000001,1.3831833333333334,0.09865470852017921
2021-11-15,1.47,1.47,1.411,1.42,199634400,284723279,-0.03401360544217691,1.45295,1.3845833333333333,0.06287425149700598
2021-11-16,1.414,1.422,1.391,1.396,141832000,199122408,-0.016901408450704203,1.4521,1.3858166666666667,0.055975794251134525
2021-11-17,1.4,1.434,1.4,1.431,129021000,183241097,0.025071633237822466,1.4518499999999999,1.3883166666666669,0.11709601873536313
2021-11-18,1.431,1.442,1.407,1.431,113121858,161385763,0.0,1.45255,1.39085,0.11884284597341677
2021-11-19,1.427,1.45,1.422,1.447,103101611,148234261,0.011180992313067684,1.4551500000000002,1.3938833333333334,0.14387351778656132
2021-11-22,1.453,1.5,1.453,1.499,173585508,257853957,0.03593642017968213,1.4575,1.3972666666666667,0.1566358024691359
2021-11-23,1.5,1.502,1.485,1.494,78920066,117833499,-0.0033355570380254607,1.4599499999999999,1.4005666666666665,0.15277777777777768
2021-11-24,1.489,1.496,1.456,1.459,158176200,232150484,-0.023427041499330614,1.45885,1.4027,0.0961682945154021
2021-11-25,1.458,1.459,1.436,1.443,116803200,168625890,-0.010966415352981485,1.4579499999999999,1.4041,0.06181015452538641
2021-11-26,1.436,1.469,1.436,1.46,105933289,154528706,0.011781011781011763,1.45645,1.4052833333333334,0.05111591072714172
2021-11-29,1.436,1.493,1.433,1.485,125727100,185883164,0.017123287671233056,1.4567999999999999,1.4071833333333335,0.08315098468271342
2021-11-30,1.492,1.498,1.474,1.486,86785751,129008951,0.0006734006734006037,1.4576500000000001,1.4086833333333333,0.0644699140401146
2021-12-01,1.48,1.493,1.458,1.474,88368498,129905106,-0.008075370121130576,1.4596500000000001,1.4091666666666667,0.020069204152249
2021-12-02,1.468,1.478,1.457,1.468,80382428,117759141,-0.004070556309362261,1.45995,1.4098666666666666,0.029453015427770124
2021-12-03,1.467,1.469,1.45,1.468,89322900,130457158,0.0,1.4615500000000001,1.4118166666666667,0.08660251665433005
2021-12-06,1.46,1.473,1.435,1.437,153743600,223105330,-0.02111716621253401,1.4594999999999998,1.4125833333333335,0.03306973400431357
2021-12-07,1.441,1.448,1.392,1.41,174737500,246233423,-0.018789144050104456,1.4555500000000001,1.4136833333333334,0.049107142857142794
2021-12-08,1.414,1.437,1.413,1.434,100850891,144025317,0.017021276595744705,1.45395,1.4149333333333334,0.05518763796909498
2021-12-09,1.433,1.436,1.418,1.429,79888000,113966068,-0.0034867503486749607,1.4520499999999998,1.4155333333333333,0.025843503230437825
2021-12-10,1.42,1.456,1.416,1.452,116693111,168424940,0.016095171448565315,1.45115,1.4168999999999998,0.059854014598540006
2021-12-13,1.449,1.456,1.436,1.45,82162549,118883326,-0.0013774104683195176,1.45265,1.4182166666666667,0.05762217359591526
2021-12-14,1.443,1.449,1.43,1.434,78402400,112589143,-0.011034482758620734,1.45455,1.4190333333333334,0.035379061371841214
2021-12-15,1.431,1.446,1.424,1.428,71740000,102818294,-0.004184100418409997,1.4544000000000001,1.4201499999999998,0.049228508449669306
2021-12-16,1.432,1.438,1.42,1.435,52957950,75673075,0.004901960784313708,1.4546,1.42105,0.03910209992758884
2021-12-17,1.43,1.431,1.396,1.4,126305926,177898184,-0.024390243902439157,1.4522499999999998,1.4208333333333334,-0.009200283085633476
2021-12-20,1.395,1.396,1.331,1.335,179584815,242965502,-0.046428571428571375,1.44405,1.4206499999999997,-0.008172362555720736
2021-12-21,1.334,1.348,1.314,1.341,103096661,137090998,0.004494382022471877,1.4364000000000001,1.4205666666666668,-0.003714710252600395
2021-12-22,1.343,1.35,1.336,1.343,60933198,81888754,0.001491424310216205,1.4306,1.4203666666666666,-0.0088560885608856
2021-12-23,1.35,1.358,1.338,1.351,67093500,90572198,0.005956813104988745,1.426,1.4202833333333336,-0.0036873156342184243
2021-12-24,1.352,1.355,1.29,1.3,178199410,232855870,-0.03774981495188745,1.418,1.4191,-0.05178701677607578
2021-12-27,1.294,1.317,1.285,1.297,105183000,137020972,-0.002307692307692344,1.4086,1.4183,-0.035687732342007505
2021-12-28,1.298,1.33,1.292,1.328,105721553,138356419,0.02390131071703938,1.4007,1.4183,0.0
2021-12-29,1.325,1.34,1.317,1.324,59514453,78986307,-0.003012048192771122,1.3931999999999998,1.4185833333333335,0.013006885998469775
2021-12-30,1.324,1.34,1.321,1.327,62603200,83298115,0.0022658610271901747,1.38615,1.4182333333333332,-0.015578635014836917
2021-12-31,1.34,1.366,1.34,1.357,141312562,192089358,0.022607385079125963,1.3805999999999998,1.4189166666666668,0.03115501519756836
2022-01-04,1.372,1.378,1.306,1.313,113823400,150635328,-0.0324244657332351,1.3744,1.4191,0.008448540706605057
2022-01-05,1.31,1.312,1.257,1.259,223937000,284144230,-0.041127189642041206,1.36685,1.4188333333333334,-0.01254901960784316
2022-01-06,1.25,1.271,1.231,1.264,159758576,200577439,0.003971405877680745,1.3583500000000002,1.4178833333333332,-0.043149129447388246
2022-01-07,1.264,1.27,1.226,1.235,114976700,142847889,-0.022943037974683445,1.34865,1.4161333333333335,-0.07835820895522383
2022-01-10,1.227,1.241,1.215,1.227,103212200,126800382,-0.006477732793522262,1.3374000000000001,1.4136833333333334,-0.10698689956331875
2022-01-11,1.225,1.24,1.209,1.213,91196368,111196078,-0.011409942950285301,1.32555,1.410383333333333,-0.14032600992204103
2022-01-12,1.229,1.262,1.229,1.261,145455600,181300662,0.03957131079967002,1.3169,1.40785,-0.10757254069355993
2022-01-13,1.262,1.265,1.231,1.24,101891900,126780858,-0.016653449643140306,1.3074999999999999,1.4045833333333335,-0.13649025069637877
2022-01-14,1.23,1.262,1.227,1.254,100306600,125519443,0.011290322580645107,1.29845,1.4018666666666668,-0.11503175723359216
2022-01-17,1.254,1.284,1.252,1.271,92194400,117165342,0.013556618819776656,1.292,1.3998,-0.08888888888888902
2022-01-18,1.267,1.275,1.255,1.265,73945800,93572770,-0.004720692368214041,1.2885,1.3966833333333333,-0.12878787878787878
2022-01-19,1.259,1.263,1.216,1.228,126181700,155487692,-0.029249011857707452,1.28285,1.3930666666666667,-0.15017301038062292
2022-01-20,1.225,1.236,1.215,1.219,77874500,95305499,-0.0073289902280129215,1.2766499999999998,1.3886999999999998,-0.17690749493585411
2022-01-21,1.215,1.235,1.204,1.221,81161700,99109773,0.001640689089417613,1.27015,1.3846999999999998,-0.16427104722792607
2022-01-24,1.211,1.257,1.205,1.249,123117300,152398917,0.0229320229320229,1.2676,1.3806833333333333,-0.1617449664429529
2022-01-25,1.246,1.259,1.221,1.223,119156031,147766804,-0.02081665332265814,1.2639,1.3764333333333336,-0.17253044654939098
2022-01-26,1.231,1.245,1.22,1.243,99780000,123384799,0.01635322976287812,1.2596500000000002,1.3726666666666667,-0.15384615384615385
2022-01-27,1.235,1.248,1.204,1.207,110883650,136011540,-0.028962188254223697,1.2538,1.3688833333333332,-0.15829846582984652
2022-01-28,1.22,1.227,1.17,1.195,113392200,135954930,-0.009942004971002505,1.2471999999999999,1.3644333333333334,-0.182626538987688
2022-02-07,1.22,1.239,1.201,1.209,101533900,123779220,0.011715481171548081,1.2398,1.3606500000000001,-0.1580779944289693
2022-02-08,1.206,1.209,1.137,1.166,137383164,159826003,-0.03556658395368084,1.23245,1.35545,-0.21109607577807854
2022-02-09,1.161,1.176,1.141,1.172,113078300,131298300,0.005145797598627766,1.2281,1.3501666666666667,-0.21289456010745478
2022-02-10,1.173,1.176,1.125,1.139,143563901,164157000,-0.028156996587030636,1.22185,1.3447166666666666,-0.22305593451568895
2022-02-11,1.128,1.146,1.111,1.114,118398100,133549333,-0.021949078138718048,1.2158,1.3388333333333333,-0.24062713019768234
2022-02-14,1.102,1.133,1.095,1.116,105183991,117665265,0.0017953321364452268,1.2102499999999998,1.3329333333333333,-0.24081632653061213
2022-02-15,1.12,1.164,1.117,1.163,163743090,187178453,0.04211469534050183,1.20775,1.3286499999999999,-0.18098591549295773
2022-02-16,1.18,1.18,1.156,1.161,92496200,107796147,-0.0017196904557179593,1.20275,1.3247333333333333,-0.16833810888252143
2022-02-17,1.154,1.204,1.153,1.193,155034500,183567001,0.027562446167097354,1.2004,1.3207666666666666,-0.16631726065688324
2022-02-18,1.179,1.191,1.173,1.182,94609900,111618440,-0.009220452640402499,1.1968,1.3166166666666668,-0.17400419287211744
2022-02-21,1.181,1.186,1.163,1.176,81403400,95497318,-0.005076142131979711,1.19205,1.3121,-0.1872840359364203
2022-02-22,1.17,1.19,1.161,1.185,96989400,114091977,0.007653061224489832,1.18805,1.3068666666666668,-0.20947298198799202
2022-02-23,1.183,1.226,1.183,1.225,116228300,141165598,0.03375527426160341,1.1879,1.3023833333333334,-0.18005354752342695
2022-02-24,1.212,1.247,1.198,1.219,136762900,167358900,-0.004897959183673528,1.1879000000000002,1.2983833333333334,-0.16449623029472238
2022-02-25,1.235,1.257,1.23,1.243,108584300,135077158,0.01968826907301069,1.189,1.29505,-0.13860013860013853
2022-02-28,1.246,1.27,1.239,1.269,151167700,189759365,0.02091713596138356,1.19,1.2918666666666667,-0.13082191780821917
2022-03-01,1.285,1.295,1.255,1.269,114552695,145888254,0.0,1.1923,1.2882666666666664,-0.14545454545454561
2022-03-02,1.263,1.263,1.23,1.253,123656200,153898724,-0.012608353033884967,1.1927999999999999,1.2843833333333334,-0.15679676985195157
2022-03-03,1.257,1.259,1.228,1.234,124325900,154170024,-0.015163607342378205,1.19415,1.2803833333333334,-0.16282225237449122
2022-03-04,1.21,1.236,1.203,1.212,127954100,155998008,-0.017828200972447306,1.195,1.2761166666666666,-0.17438692098092645
2022-03-07,1.2,1.2,1.167,1.171,141792166,167976226,-0.03382838283828382,1.1931,1.2711666666666666,-0.20231607629427784
2022-03-08,1.167,1.183,1.138,1.149,126729918,147352411,-0.018787361229718247,1.19225,1.2663666666666666,-0.20041753653444683
2022-03-09,1.155,1.162,1.094,1.148,121966880,139019588,-0.0008703220191471628,1.1910500000000002,1.262,-0.18581560283687948
2022-03-10,1.185,1.213,1.177,1.198,158912100,189889642,0.04355400696864109,1.1940000000000002,1.2580666666666669,-0.16457461645746163
2022-03-11,1.174,1.19,1.148,1.189,129665100,152137492,-0.0075125208681133815,1.19775,1.2540666666666667,-0.16794961511546536
2022-03-14,1.172,1.18,1.15,1.152,101274525,117850251,-0.031118587047939572,1.19955,1.2490666666666668,-0.20661157024793397
2022-03-15,1.135,1.175,1.123,1.13,113015305,129132752,-0.01909722222222221,1.1979000000000002,1.2437333333333334,-0.2206896551724138
2022-03-16,1.15,1.188,1.112,1.186,145215827,167526793,0.04955752212389375,1.19915,1.2396,-0.17294281729428174
2022-03-17,1.199,1.218,1.19,1.194,136920917,165002864,0.006745362563237878,1.1992,1.2357000000000002,-0.16386554621848737
2022-03-18,1.184,1.188,1.167,1.188,107987000,127133685,-0.005025125628140725,1.1995,1.2315833333333335,-0.17212543554006976
2022-03-21,1.189,1.214,1.184,1.199,95091300,114178342,0.0092592592592593,1.20065,1.2282333333333333,-0.14357142857142846
2022-03-22,1.192,1.201,1.173,1.181,109416404,129746594,-0.015012510425354453,1.2004499999999998,1.2256666666666667,-0.11535580524344569
2022-03-23,1.194,1.2,1.175,1.185,110006394,130640531,0.003386960203217715,1.19845,1.2230666666666667,-0.11633109619686799
2022-03-24,1.172,1.176,1.147,1.167,126855994,147247175,-0.015189873417721489,1.1958499999999999,1.2201333333333335,-0.13104988830975428
2022-03-25,1.166,1.17,1.132,1.134,121145600,139265045,-0.028277634961439757,1.1904,1.2165166666666667,-0.1606217616580311
2022-03-28,1.122,1.131,1.106,1.114,115763500,129112898,-0.017636684303350747,1.18265,1.2134166666666666,-0.143076923076923
2022-03-29,1.123,1.137,1.107,1.118,124968600,140143438,0.0035906642728904536,1.1751,1.2104333333333335,-0.1380107941403237
2022-03-30,1.125,1.16,1.121,1.159,144258000,165134151,0.03667262969588547,1.1704,1.2076166666666666,-0.12725903614457834
2022-03-31,1.159,1.159,1.116,1.123,140062000,158003577,-0.03106125970664364,1.16485,1.2042666666666666,-0.15181268882175236
2022-04-01,1.114,1.142,1.11,1.127,113145800,127569577,0.003561887800534347,1.1606,1.2009333333333332,-0.1507159005275056
2022-04-06,1.123,1.123,1.089,1.1,161235300,176847308,-0.02395740905057664,1.15705,1.1966500000000002,-0.18938835666912301
2022-04-07,1.088,1.097,1.075,1.081,131613200,142904558,-0.01727272727272744,1.15365,1.1927833333333333,-0.1766945925361767
2022-04-08,1.081,1.093,1.061,1.074,190599800,204965591,-0.006475485661424529,1.14995,1.1897,-0.14694201747418578
2022-04-11,1.06,1.06,1.011,1.012,155266500,159204417,-0.05772811918063314,1.14065,1.1855,-0.1993670886075949
2022-04-12,1.009,1.026,1.003,1.026,125486200,127466568,0.01383399209486158,1.1324999999999998,1.1820166666666667,-0.1692307692307693
2022-04-13,1.019,1.034,1.006,1.016,110824500,113110067,-0.00974658869395717,1.1257000000000001,1.1784999999999999,-0.17196414017929917
2022-04-14,1.03,1.032,0.996,1.007,152227000,153323611,-0.008858267716535528,1.1195499999999998,1.1750666666666667,-0.16982687551525155
2022-04-15,0.997,0.999,0.972,0.992,150023700,147432777,-0.014895729890764597,1.10985,1.1705833333333333,-0.2133227597145122
2022-04-18,0.98,1.014,0.97,1.013,137027632,136670520,0.02116935483870952,1.1008,1.1667999999999998,-0.1830645161290323
2022-04-19,1.013,1.034,1.008,1.014,112901900,115195411,0.000987166831194486,1.0921,1.1628,-0.19138755980861244
2022-04-20,1.002,1.003,0.971,0.973,141235600,138912661,-0.04043392504930965,1.0808,1.1578333333333333,-0.23446105428796216
2022-04-21,0.961,0.975,0.925,0.929,151059500,143616944,-0.045220966084275394,1.0682,1.1522333333333334,-0.2656126482213438
2022-04-22,0.921,0.933,0.913,0.921,119852600,110600231,-0.008611410118406937,1.055,1.1471166666666666,-0.25
2022-04-25,0.899,0.902,0.852,0.854,140272933,123649170,-0.07274701411509232,1.0393500000000002,1.1410333333333333,-0.2994257588187039
2022-04-26,0.854,0.864,0.833,0.835,150100400,127815642,-0.022248243559718994,1.0244,1.1346,-0.3161343161343162
2022-04-27,0.82,0.919,0.82,0.919,235673000,204789137,0.10059880239520957,1.01465,1.1291000000000002,-0.2642113690952762
2022-04-28,0.902,0.937,0.89,0.916,203730032,186929919,-0.0032644178454842576,1.0045499999999998,1.1239833333333331,-0.25102207686017985
2022-04-29,0.919,0.961,0.91,0.958,207334400,193290733,0.045851528384279305,0.9945,1.1192333333333333,-0.22928399034593738
2022-05-05,0.941,0.973,0.937,0.956,195358142,186376901,-0.0020876826722338038,0.9861500000000001,1.11505,-0.20795360397680207
2022-05-06,0.93,0.954,0.92,0.936,143778340,135453162,-0.020920502092050097,0.9766,1.1107333333333331,-0.21673640167364017
2022-05-09,0.928,0.954,0.928,0.947,109476300,103394106,0.01175213675213671,0.9689500000000001,1.1063666666666665,-0.2167080231596361
2022-05-10,0.928,0.982,0.925,0.973,139102390,133940781,0.02745512143611406,0.9635499999999999,1.1031499999999999,-0.16552315608919377
2022-05-11,0.977,1.04,0.974,1.013,227570700,231297773,0.041109969167522964,0.9605,1.1005,-0.13566552901023898
2022-05-12,1.004,1.015,0.997,1.009,135884300,136594544,-0.003948667324777944,0.96035,1.0983333333333334,-0.11413520632133456
2022-05-13,1.01,1.019,1.0,1.01,110614300,111341499,0.0009910802775026095,0.9595499999999999,1.0966,-0.09335727109515268
2022-05-16,1.014,1.033,0.998,1.0,116612500,117976488,-0.00990099009900991,0.9587499999999999,1.0946666666666667,-0.1039426523297492
2022-05-17,0.998,1.039,0.996,1.033,169694400,173333356,0.03299999999999992,0.9600500000000001,1.0925,-0.11177987962166824
2022-05-18,1.038,1.051,1.03,1.043,244719500,254630972,0.009680542110358292,0.9625999999999999,1.0905333333333334,-0.10163652024117154
2022-05-19,1.028,1.08,1.024,1.077,171439048,180696575,0.03259827420901251,0.9658000000000001,1.0886,-0.09723386420787938
2022-05-20,1.088,1.095,1.067,1.09,175136571,189787159,0.012070566388115322,0.9696,1.0870666666666666,-0.07783417935702186
2022-05-23,1.09,1.092,1.068,1.088,136803500,147852519,-0.0018348623853211565,0.9753499999999999,1.0856,-0.07482993197278898
2022-05-24,1.083,1.09,1.045,1.05,156669113,168103175,-0.03492647058823528,0.9814,1.08335,-0.11392405063291144
2022-05-25,1.043,1.059,1.035,1.055,145839100,152920912,0.004761904761904745,0.9881,1.0805166666666668,-0.13877551020408174
2022-05-26,1.056,1.072,1.036,1.057,134631200,142194006,0.0018957345971564177,0.99825,1.0778166666666666,-0.1328958162428221
2022-05-27,1.067,1.081,1.046,1.052,129663800,138070258,-0.00473036896877943,1.0091,1.0746333333333333,-0.15366049879324217
2022-05-30,1.058,1.068,1.052,1.066,148175200,157227523,0.013307984790874583,1.01645,1.07125,-0.15996847911741519
2022-05-31,1.072,1.09,1.058,1.088,160007300,171762615,0.02063789868667909,1.02505,1.0682333333333331,-0.14263199369582336
2022-06-01,1.087,1.1,1.071,1.092,146767700,159548577,0.003676470588235281,1.03175,1.06555,-0.12849162011173165
2022-06-02,1.088,1.123,1.082,1.12,182002368,202374045,0.025641025641025772,1.03995,1.06365,-0.09238249594813608
2022-06-06,1.121,1.191,1.121,1.179,225659500,262315236,0.05267857142857135,1.0520999999999998,1.0631,-0.02722772277227714
2022-06-07,1.188,1.198,1.167,1.179,153505400,181603409,0.0,1.0637,1.0632333333333333,0.0068317677198974636
2022-06-08,1.179,1.192,1.151,1.182,190186000,222939989,0.0025445292620864812,1.07415,1.0637833333333333,0.02872062663185382
2022-06-09,1.173,1.185,1.152,1.164,154283388,180746285,-0.015228426395939132,1.0817,1.0640500000000002,0.013937282229965264
2022-06-10,1.15,1.197,1.15,1.195,182580800,214756745,0.02663230240549841,1.091,1.064,-0.0025041736227043865
2022-06-13,1.184,1.219,1.181,1.207,181467512,217971849,0.010041841004184038,1.10085,1.0643,0.015138772077375906
2022-06-14,1.192,1.2,1.157,1.198,159664700,188536098,-0.0074565037282520175,1.11075,1.0650666666666668,0.03993055555555558
2022-06-15,1.203,1.218,1.172,1.188,184245000,219694516,-0.008347245409014992,1.1185,1.0660333333333332,0.05132743362831871
2022-06-16,1.189,1.218,1.189,1.204,156892082,189167843,0.013468013468013407,1.12655,1.0663333333333334,0.015177065767284947
2022-06-17,1.191,1.25,1.19,1.249,195694100,241577238,0.03737541528239219,1.1351499999999999,1.06725,0.04606365159129
2022-06-20,1.262,1.291,1.256,1.273,223250298,284781447,0.019215372297838096,1.1442999999999999,1.0686666666666667,0.07154882154882158
2022-06-21,1.274,1.275,1.238,1.254,195856100,245771766,-0.01492537313432829,1.1526,1.0695833333333333,0.04587155963302747
2022-06-22,1.253,1.289,1.253,1.264,199016000,252630528,0.00797448165869219,1.1633,1.0709666666666666,0.07027942421676547
2022-06-23,1.267,1.296,1.251,1.296,219921288,280683613,0.025316455696202445,1.1753500000000001,1.0728166666666668,0.09367088607594942
2022-06-24,1.301,1.328,1.297,1.324,184579900,241988714,0.021604938271605034,1.1887,1.0754333333333332,0.1345329905741217
2022-06-27,1.335,1.346,1.32,1.33,179394406,238896257,0.004531722054380571,1.2026,1.0787000000000002,0.1728395061728396
2022-06-28,1.328,1.355,1.312,1.354,166580900,221923791,0.018045112781954975,1.217,1.0827,0.215439856373429
2022-06-29,1.348,1.348,1.291,1.292,232816900,307733139,-0.04579025110782864,1.2272,1.0856,0.15563506261180682
2022-06-30,1.292,1.339,1.291,1.326,211247500,278188765,0.026315789473684292,1.2389000000000001,1.0883833333333333,0.14408973252804147
2022-07-01,1.325,1.339,1.315,1.321,172313400,228551295,-0.0037707390648568095,1.24895,1.0916833333333333,0.17631344612644706
2022-07-04,1.32,1.349,1.301,1.347,185815407,247602360,0.019682059046177258,1.2573500000000002,1.09535,0.1952085181898846
2022-07-05,1.353,1.368,1.335,1.359,146854133,198799992,0.008908685968819663,1.2663499999999999,1.0996666666666666,0.23545454545454536
2022-07-06,1.351,1.371,1.332,1.353,178194642,241699756,-0.004415011037527616,1.2749000000000001,1.1042,0.2516188714153562
2022-07-07,1.352,1.393,1.34,1.391,195864793,267763335,0.028085735402808565,1.28625,1.1094833333333332,0.2951582867783984
2022-07-08,1.399,1.405,1.35,1.351,204459685,281189335,-0.02875629043853345,1.29405,1.115133333333333,0.33498023715415015
2022-07-11,1.341,1.341,1.294,1.308,215008600,282256495,-0.031828275351591384,1.2991,1.1198333333333332,0.2748538011695907
2022-07-12,1.308,1.329,1.283,1.29,180239933,235335187,-0.013761467889908285,1.3037,1.1244,0.2696850393700787
2022-07-13,1.291,1.335,1.272,1.325,220725900,287912523,0.027131782945736482,1.3105499999999999,1.1297,0.3157894736842106
2022-07-14,1.322,1.371,1.315,1.362,186623357,251339877,0.027924528301886964,1.31845,1.1358666666666666,0.372983870967742
2022-07-15,1.356,1.377,1.342,1.343,184356700,251326424,-0.013950073421439169,1.32315,1.1413666666666666,0.3257650542941759
2022-07-18,1.345,1.356,1.314,1.35,142525800,190585809,0.005212211466865346,1.327,1.1469666666666667,0.33136094674556227
2022-07-19,1.35,1.35,1.314,1.319,159887600,212551932,-0.022962962962963074,1.33025,1.1527333333333334,0.355601233299075
2022-07-20,1.322,1.337,1.316,1.324,131661242,174518041,0.0037907505686127774,1.33325,1.1593166666666666,0.42518837459634007
2022-07-21,1.32,1.333,1.301,1.303,129989700,171300451,-0.015861027190332444,1.3336000000000001,1.1656833333333334,0.4147665580890336
2022-07-22,1.31,1.324,1.292,1.307,144291300,188950971,0.003069838833461347,1.3327499999999999,1.1732333333333334,0.5304449648711944
2022-07-25,1.3,1.306,1.277,1.282,158451800,204438875,-0.01912777352716133,1.33035,1.1806833333333333,0.5353293413173654
2022-07-26,1.28,1.315,1.277,1.296,143850225,186303991,0.010920436817472678,1.32745,1.1869666666666667,0.41022850924918397
2022-07-27,1.296,1.318,1.284,1.316,138604300,180852657,0.015432098765432167,1.32865,1.1936333333333333,0.4366812227074235
2022-07-28,1.324,1.329,1.299,1.305,131478600,172469950,-0.008358662613981882,1.3276,1.1994166666666668,0.36221294363256784
2022-07-29,1.306,1.323,1.293,1.299,129716900,169577980,-0.0045977011494252595,1.3265,1.2051333333333332,0.35878661087866104
2022-08-01,1.291,1.327,1.274,1.325,149734400,194264164,0.02001539645881456,1.3254,1.2116166666666668,0.41559829059829045
2022-08-02,1.315,1.318,1.279,1.293,168756000,219047829,-0.024150943396226476,1.3221,1.2173833333333335,0.36536430834213296
2022-08-03,1.294,1.316,1.247,1.255,170026279,218670719,-0.029389017788089777,1.3172000000000001,1.2220833333333334,0.2898252826310379
2022-08-04,1.258,1.269,1.235,1.255,144547300,180968416,0.0,1.3104,1.2261166666666665,0.23889437314906226
2022-08-05,1.256,1.268,1.242,1.264,135182400,169851727,0.007171314741035939,1.30605,1.2303666666666666,0.2527254707631319
2022-08-08,1.256,1.276,1.243,1.275,133228600,168025533,0.008702531645569556,1.3043999999999998,1.2347833333333331,0.2623762376237624
2022-08-09,1.275,1.313,1.266,1.301,160072045,207444634,0.020392156862745203,1.30495,1.2397999999999998,0.30099999999999993
2022-08-10,1.298,1.304,1.28,1.288,149633500,193149912,-0.009992313604919256,1.3031000000000001,1.24405,0.2468538238141338
2022-08-11,1.289,1.3,1.265,1.298,144376800,185235103,0.007763975155279601,1.2998999999999998,1.2483,0.24448705656759362
2022-08-12,1.293,1.304,1.28,1.281,109756100,141834826,-0.013097072419106404,1.2968,1.2517,0.18941504178272983
2022-08-15,1.281,1.332,1.281,1.32,176689403,232480496,0.030444964871194413,1.2953,1.2555333333333332,0.21100917431192667
2022-08-16,1.327,1.345,1.321,1.328,142189177,189633066,0.0060606060606061,1.29575,1.2595333333333334,0.22058823529411753
2022-08-17,1.329,1.34,1.32,1.335,150194500,200014330,0.005271084337349352,1.2963,1.2642833333333334,0.27142857142857135
2022-08-18,1.333,1.355,1.33,1.343,134012700,180515804,0.005992509363295984,1.2982999999999998,1.2690833333333333,0.2729857819905215
2022-08-19,1.342,1.344,1.302,1.304,179461500,236557353,-0.02903946388682055,1.2981500000000001,1.2731999999999999,0.23368022705771052
2022-08-22,1.295,1.327,1.282,1.326,170478605,222656713,0.016871165644171793,1.3003500000000001,1.277766666666667,0.2604562737642586
2022-08-23,1.32,1.348,1.318,1.336,138682900,185470147,0.007541478129713397,1.3023500000000001,1.2822666666666669,0.2532833020637899
2022-08-24,1.349,1.35,1.283,1.29,174569800,228744411,-0.034431137724550975,1.3010499999999998,1.2856333333333332,0.18566176470588225
2022-08-25,1.289,1.295,1.243,1.261,173973400,220034905,-0.022480620155038822,1.29885,1.28845,0.15476190476190466
2022-08-26,1.262,1.277,1.25,1.255,152145500,192037415,-0.004758128469468659,1.29665,1.2907000000000002,0.12053571428571419
2022-08-29,1.235,1.26,1.229,1.254,138639300,173252327,-0.0007968127490038945,1.2931000000000001,1.2919500000000002,0.06361323155216292
2022-08-30,1.253,1.258,1.235,1.238,123690237,154082065,-0.012759170653907526,1.29035,1.2929333333333335,0.05004240882103472
2022-08-31,1.235,1.24,1.18,1.186,187066000,225951132,-0.04200323101777059,1.2869,1.293,0.0033840947546530664
2022-09-01,1.183,1.197,1.172,1.175,132906100,157395618,-0.009274873524451888,1.2829,1.2931833333333331,0.00945017182130603
2022-09-02,1.179,1.182,1.153,1.164,136404500,158954126,-0.009361702127659632,1.2779,1.2926666666666666,-0.025941422594142338
2022-09-05,1.158,1.18,1.155,1.173,115503300,134976928,0.0077319587628867925,1.2728000000000002,1.2921,-0.028169014084507116
2022-09-06,1.176,1.209,1.153,1.205,184618400,217625847,0.027280477408354598,1.268,1.2922166666666668,0.005843071786310716
2022-09-07,1.198,1.235,1.194,1.224,145179000,177022315,0.015767634854771728,1.2648,1.2928166666666667,0.030303030303030276
2022-09-08,1.22,1.227,1.203,1.207,108020991,131460521,-0.01388888888888884,1.26025,1.2928666666666664,0.002491694352159568
2022-09-09,1.207,1.21,1.188,1.206,122227200,146572462,-0.0008285004142503105,1.2565,1.29215,-0.03442754203362697
2022-09-13,1.211,1.216,1.189,1.204,101247100,121573616,-0.0016583747927031434,1.2507000000000001,1.2910000000000001,-0.05420267085624508
2022-09-14,1.188,1.199,1.172,1.178,144155300,170645978,-0.021594684385382035,1.2431999999999999,1.2897333333333334,-0.06060606060606066
2022-09-15,1.181,1.187,1.107,1.12,205330700,234095558,-0.04923599320882843,1.23245,1.2873333333333334,-0.11392405063291133
2022-09-16,1.109,1.121,1.096,1.098,158749200,176116704,-0.019642857142857184,1.2202000000000002,1.2840333333333334,-0.1527777777777778
2022-09-19,1.09,1.113,1.089,1.096,130101000,143203451,-0.0018214936247723523,1.2098,1.2802333333333331,-0.17220543806646527
2022-09-20,1.106,1.145,1.104,1.128,155710000,175284957,0.029197080291970545,1.1999,1.2768666666666666,-0.1518796992481204
2022-09-21,1.12,1.132,1.109,1.121,141588200,158852738,-0.00620567375886516,1.1891500000000002,1.2729833333333334,-0.17208271787296903
2022-09-22,1.113,1.134,1.1,1.121,119439800,133753906,0.0,1.1807,1.2701333333333333,-0.13235294117647056
2022-09-23,1.117,1.133,1.094,1.109,129074000,143403459,-0.01070472792149868,1.1731,1.2665166666666667,-0.16365007541478138
2022-09-26,1.095,1.14,1.095,1.122,159824900,179037766,0.011722272317403082,1.16645,1.2631999999999999,-0.15064345193035567
2022-09-27,1.122,1.135,1.109,1.128,144847300,162350370,0.0053475935828875,1.1601500000000002,1.25955,-0.1625835189309578
2022-09-28,1.122,1.129,1.08,1.083,149813500,164727010,-0.039893617021276584,1.1523999999999999,1.2549500000000002,-0.20309050772626935
2022-09-29,1.09,1.108,1.08,1.098,148986668,162746824,0.013850415512465464,1.148,1.2507,-0.1884700665188469
2022-09-30,1.089,1.097,1.061,1.062,158069568,170451235,-0.032786885245901676,1.14235,1.2452166666666669,-0.23652048885693744
2022-10-10,1.057,1.073,1.034,1.038,125931600,132397003,-0.02259887005649719,1.13605,1.24,-0.231680236861584
2022-10-11,1.046,1.071,1.044,1.065,130842500,138844773,0.026011560693641522,1.1306500000000002,1.2359499999999999,-0.18577981651376152
2022-10-12,1.065,1.105,1.04,1.105,168903799,180081084,0.03755868544600949,1.12565,1.2328666666666666,-0.14341085271317833
2022-10-13,1.096,1.118,1.092,1.095,180421600,199482502,-0.009049773755656076,1.1192,1.2290333333333334,-0.17358490566037732
2022-10-14,1.11,1.142,1.09,1.132,180685000,200571465,0.03378995433789944,1.1154499999999998,1.2252,-0.16886930983847293
2022-10-17,1.12,1.126,1.098,1.12,159175105,176679894,-0.010600706713780772,1.1111499999999999,1.2214833333333333,-0.16604616530156358
2022-10-18,1.127,1.136,1.114,1.122,130219300,146423284,0.0017857142857142794,1.1070499999999999,1.2176833333333332,-0.16888888888888887
2022-10-19,1.118,1.139,1.112,1.112,129904905,146385254,-0.0089126559714795,1.1037500000000002,1.2142333333333333,-0.15693707354056097
2022-10-20,1.099,1.104,1.071,1.083,157621001,170951892,-0.026079136690647653,1.1019,1.2102166666666667,-0.1820241691842901
2022-10-21,1.08,1.097,1.074,1.079,119718999,130036392,-0.003693444136657398,1.1009499999999999,1.2064833333333334,-0.17191097467382965
2022-10-24,1.084,1.096,1.054,1.067,146424700,158133132,-0.011121408711770142,1.0995000000000001,1.2024833333333333,-0.18362662586074985
2022-10-25,1.06,1.095,1.05,1.085,143652300,154127719,0.016869728209934376,1.09735,1.1992,-0.15366614664586586
2022-10-26,1.09,1.108,1.076,1.098,156576700,170902703,0.011981566820276512,1.0962,1.1958999999999997,-0.1527777777777778
2022-10-27,1.11,1.127,1.084,1.09,139993800,155278210,-0.007285974499089298,1.0946500000000001,1.1921333333333335,-0.17173252279635254
2022-10-28,1.078,1.081,1.04,1.046,167108336,177226743,-0.04036697247706422,1.0915,1.1878166666666667,-0.19846743295019154
2022-10-31,1.036,1.056,1.029,1.036,135912900,141552757,-0.009560229445506718,1.0872,1.1834333333333333,-0.20246343341031559
2022-11-01,1.036,1.08,1.036,1.079,192752300,204138873,0.04150579150579148,1.08475,1.1793333333333333,-0.1856603773584906
2022-11-02,1.071,1.1,1.066,1.093,145230900,157118835,0.01297497683039861,1.08525,1.176,-0.15467904098994578
2022-11-03,1.083,1.111,1.083,1.096,166756500,183091936,0.0027447392497714773,1.08515,1.17335,-0.12669322709163333
2022-11-04,1.096,1.152,1.092,1.15,225904500,254855881,0.049270072992700475,1.08955,1.1716000000000002,-0.08366533864541836
2022-11-07,1.15,1.162,1.141,1.15,142071800,163797035,0.0,1.0951499999999998,1.1697,-0.09018987341772156
2022-11-08,1.148,1.158,1.131,1.146,102798400,117565002,-0.003478260869565264,1.0992,1.16755,-0.10117647058823531
2022-11-09,1.146,1.148,1.12,1.122,124411500,140675983,-0.02094240837696315,1.10005,1.1645666666666667,-0.13758647194465778
2022-11-10,1.117,1.117,1.089,1.095,155645017,171302456,-0.02406417112299475,1.10005,1.16135,-0.14984472049689446
2022-11-11,1.135,1.139,1.1,1.107,173868083,194006406,0.010958904109588996,1.0988000000000002,1.1581666666666668,-0.14714946070878276
2022-11-14,1.103,1.113,1.068,1.073,218033700,236996269,-0.030713640469738013,1.0964500000000001,1.1546999999999998,-0.16237314597970331
2022-11-15,1.072,1.099,1.068,1.098,192202700,207893851,0.02329916123019582,1.09525,1.151,-0.1681818181818182
2022-11-16,1.098,1.1,1.07,1.071,188858600,204391306,-0.024590163934426368,1.0932,1.1467166666666666,-0.19352409638554224
2022-11-17,1.065,1.069,1.043,1.056,203692200,214423118,-0.014005602240896309,1.09185,1.1420666666666668,-0.2089887640449437
2022-11-18,1.059,1.07,1.042,1.054,174671600,185126057,-0.0018939393939394478,1.0906,1.13725,-0.21518987341772144
2022-11-21,1.049,1.068,1.045,1.065,155122400,164100040,0.010436432637570991,1.0905,1.1332666666666669,-0.18328220858895716
2022-11-22,1.061,1.061,1.036,1.041,175443845,183358367,-0.022535211267605604,1.0882999999999998,1.1285166666666666,-0.2149321266968327
2022-11-23,1.038,1.063,1.03,1.061,184005645,192733482,0.019212295869356355,1.08645,1.1239333333333332,-0.20583832335329355
2022-11-24,1.063,1.072,1.054,1.06,168246000,178700038,-0.0009425070688029447,1.08495,1.1201,-0.17829457364341084
2022-11-25,1.055,1.055,1.033,1.035,169450100,176036579,-0.02358490566037752,1.0844,1.1163333333333332,-0.17922283901665348
2022-11-28,1.017,1.027,1.008,1.026,151629800,154280082,-0.008695652173912993,1.0839,1.1125166666666668,-0.18247011952191228
2022-11-29,1.024,1.036,1.018,1.029,195592800,201003400,0.0029239766081869956,1.0814,1.1087666666666667,-0.17942583732057427
2022-11-30,1.031,1.043,1.026,1.036,174828200,180675666,0.006802721088435382,1.07855,1.1054,-0.1631663974151858
2022-12-01,1.052,1.065,1.05,1.056,197936900,209501071,0.019305019305019266,1.07655,1.1032333333333333,-0.10961214165261379
2022-12-02,1.053,1.069,1.05,1.057,123719400,131323274,0.0009469696969695018,1.0718999999999999,1.1012666666666668,-0.10042553191489367
2022-12-05,1.059,1.06,1.035,1.041,201799100,210185841,-0.015137180700094621,1.0664500000000001,1.0992166666666667,-0.10567010309278346
2022-12-06,1.04,1.054,1.026,1.044,173757270,180511608,0.0028818443804035088,1.06135,1.0970666666666666,-0.10997442455242967
2022-12-07,1.038,1.069,1.036,1.057,201691586,213358608,0.01245210727969348,1.0581,1.0946,-0.1228215767634856
2022-12-08,1.055,1.073,1.047,1.06,138213000,146921261,0.0028382213812678803,1.05635,1.0918666666666668,-0.13398692810457513
2022-12-09,1.059,1.063,1.05,1.056,104372433,110165176,-0.0037735849056603765,1.0538,1.08935,-0.12510356255178123
2022-12-12,1.054,1.054,1.036,1.038,120329610,125377176,-0.017045454545454586,1.05205,1.08655,-0.1393034825870646
2022-12-13,1.037,1.044,1.018,1.02,172285210,176815936,-0.017341040462427793,1.0481500000000001,1.0834833333333334,-0.15282392026578073
2022-12-14,1.02,1.026,1.008,1.011,127537300,129413761,-0.008823529411764786,1.04515,1.0807,-0.1417657045840408
2022-12-15,1.009,1.033,1.005,1.032,145751491,148328643,0.02077151335311589,1.0439500000000002,1.0792333333333335,-0.07857142857142863
2022-12-16,1.023,1.028,1.003,1.006,139246300,140999857,-0.025193798449612448,1.04155,1.0777,-0.08378870673952643
2022-12-19,1.007,1.032,1.007,1.012,154902170,158028599,0.005964214711729587,1.0389000000000002,1.0763,-0.07664233576642343
2022-12-20,1.008,1.012,0.997,1.001,124261300,124468030,-0.010869565217391464,1.0369,1.0741833333333333,-0.11258865248226957
2022-12-21,1.004,1.005,0.981,0.986,127488600,126231138,-0.014985014985014922,1.03315,1.0719333333333334,-0.12042818911685993
2022-12-22,0.987,0.991,0.958,0.964,168275800,163489966,-0.022312373225152116,1.0283499999999999,1.0693166666666667,-0.14005352363960755
2022-12-23,0.955,0.961,0.942,0.948,118218100,112504229,-0.016597510373444035,1.0239999999999998,1.0666333333333333,-0.1451758340847611
2022-12-26,0.945,0.993,0.945,0.99,192351130,187448658,0.044303797468354444,1.0222,1.0644333333333333,-0.11764705882352955
2022-12-27,0.991,1.002,0.986,1.001,106433700,105929320,0.011111111111111072,1.0208,1.0623166666666666,-0.11258865248226957
2022-12-28,0.991,1.0,0.979,0.995,118053900,116877559,-0.005994005994005902,1.01875,1.06085,-0.08125577100646353
2022-12-29,0.985,1.004,0.985,0.992,84765100,84383784,-0.0030150753768843908,1.01555,1.0590833333333334,-0.09653916211293267
2022-12-30,0.998,1.004,0.985,0.987,92328393,91873798,-0.005040322580645129,1.01205,1.0578333333333334,-0.07062146892655374
2023-01-03,0.986,1.001,0.968,1.0,122228400,120365448,0.01317122593718345,1.01,1.0572000000000001,-0.036608863198458574
2023-01-04,0.994,0.995,0.972,0.978,139612266,137113199,-0.02200000000000002,1.0067,1.05575,-0.08169014084507042
2023-01-05,0.982,1.009,0.978,1.002,218324500,217449906,0.024539877300613577,1.0039500000000001,1.0540333333333334,-0.09321266968325792
2023-01-06,1.0,1.05,1.0,1.036,258502809,267378307,0.03393213572854292,1.00275,1.05305,-0.05388127853881275
2023-01-09,1.044,1.055,1.035,1.041,156030800,163077898,0.004826254826254761,1.002,1.0515333333333332,-0.08038869257950532
2023-01-10,1.042,1.053,1.032,1.046,130574478,136141473,0.004803073967339255,1.0024000000000002,1.0502999999999998,-0.06607142857142867
2023-01-11,1.047,1.053,1.033,1.035,113135378,117797894,-0.01051625239005749,1.00315,1.04885,-0.07754010695187186
2023-01-12,1.035,1.058,1.035,1.047,119826800,125725459,0.011594202898550732,1.00495,1.0477666666666667,-0.058453237410072134
2023-01-13,1.052,1.06,1.033,1.045,139059588,145263661,-0.0019102196752626144,1.0055999999999998,1.0471333333333332,-0.03508771929824561
2023-01-16,1.04,1.062,1.035,1.052,178976160,187983446,0.006698564593301537,1.0078999999999998,1.0466833333333332,-0.025023169601482764
2023-01-17,1.053,1.065,1.052,1.058,135374100,143329157,0.005703422053231932,1.0101999999999998,1.0465333333333333,-0.008434864104967077
2023-01-18,1.06,1.069,1.055,1.064,123320900,131073169,0.005671077504725952,1.01335,1.0461833333333332,-0.019354838709677358
2023-01-19,1.064,1.064,1.051,1.061,131712700,139126048,-0.0028195488721806106,1.0171,1.0455666666666668,-0.03369763205828791
2023-01-20,1.064,1.082,1.062,1.081,198978288,213701290,0.018850141376060447,1.02295,1.0454166666666667,-0.008256880733945038
2023-01-30,1.113,1.12,1.097,1.099,249211521,276776335,0.016651248843663202,1.0305,1.0463,0.05066921606118546
2023-01-31,1.097,1.111,1.095,1.102,135985294,150035727,0.0027297543221111997,1.0360999999999998,1.0474,0.06370656370656369
2023-02-01,1.106,1.116,1.094,1.112,157364412,174025383,0.00907441016333932,1.0416500000000002,1.04795,0.030583873957368057
2023-02-02,1.111,1.112,1.096,1.099,127538094,140806898,-0.011690647482014538,1.04685,1.0480500000000001,0.0054894784995425105
2023-02-03,1.095,1.099,1.067,1.08,171448081,185088587,-0.017288444040036266,1.05125,1.0477833333333333,-0.014598540145985384
2023-02-06,1.075,1.075,1.059,1.067,120463696,128581640,-0.01203703703703718,1.05525,1.0464,-0.0721739130434782
2023-02-07,1.068,1.076,1.059,1.068,90520804,96506687,0.0009372071227742307,1.05865,1.0450333333333333,-0.07130434782608686
2023-02-08,1.069,1.077,1.063,1.064,106444121,113794138,-0.0037453183520599342,1.06295,1.0436666666666665,-0.07155322862129132
2023-02-09,1.064,1.077,1.055,1.077,130657617,139730614,0.012218045112781795,1.0667,1.0429166666666667,-0.040106951871657914
2023-02-10,1.076,1.076,1.053,1.058,134878396,143299580,-0.01764159702878354,1.0677999999999999,1.0423,-0.03378995433789944
2023-02-13,1.057,1.068,1.054,1.062,97289193,103343067,0.003780718336483968,1.0688499999999999,1.04155,-0.04065040650406493
2023-02-14,1.062,1.067,1.052,1.057,101196653,106952971,-0.004708097928437072,1.0694,1.0412833333333333,-0.01491146318732528
2023-02-15,1.058,1.068,1.049,1.051,133811886,141311967,-0.0056764427625355385,1.0702,1.0405,-0.04280510018214945
2023-02-16,1.05,1.058,1.024,1.031,180145047,188056731,-0.01902949571836343,1.0694,1.0398333333333334,-0.03734827264239038
2023-02-17,1.028,1.034,1.005,1.007,217682916,221663343,-0.023278370514064006,1.0675000000000001,1.0390166666666667,-0.04640151515151525
2023-02-20,1.005,1.018,0.992,1.018,146449560,146933622,0.010923535253227534,1.0658,1.0384166666666668,-0.034155597722960174
2023-02-21,1.017,1.029,1.011,1.025,153528700,156529452,0.006876227897838705,1.0641500000000002,1.03775,-0.03755868544600938
2023-02-22,1.019,1.025,1.012,1.016,93712800,95363780,-0.008780487804877946,1.06175,1.0373333333333332,-0.02401536983669539
2023-02-23,1.015,1.031,1.013,1.029,154282084,157858783,0.012795275590551158,1.06015,1.0368,-0.03016022620169656
2023-02-24,1.031,1.032,1.01,1.012,122601200,124679654,-0.01652089407191437,1.0567,1.036,-0.04528301886792452
2023-02-27,1.008,1.024,1.004,1.011,137272300,139096338,-0.000988142292490224,1.0523,1.0355999999999999,-0.023188405797101463
2023-02-28,1.013,1.014,1.001,1.013,117562700,118432635,0.001978239366963397,1.04785,1.0353833333333333,-0.012670565302144388
2023-03-01,1.012,1.013,1.005,1.011,139798590,141054481,-0.001974333662388972,1.0428,1.0350833333333334,-0.017492711370262426
2023-03-02,1.01,1.012,0.993,0.995,192391973,192459304,-0.015825914935707175,1.0375999999999999,1.0344,-0.03957528957528966
2023-03-03,0.997,1.001,0.992,0.997,141136183,140597740,0.0020100502512563345,1.03345,1.0334166666666667,-0.055871212121212155
2023-03-06,0.997,1.016,0.983,1.014,318366906,319480409,0.01705115346038122,1.0308,1.0327,-0.04068117313150421
2023-03-07,1.011,1.014,1.001,1.003,171583600,172897035,-0.010848126232741784,1.02755,1.0320666666666667,-0.036503362151777186
2023-03-08,0.999,1.008,0.989,0.996,140087200,139582470,-0.00697906281156524,1.02415,1.0312666666666666,-0.04597701149425293
2023-03-09,0.997,1.0,0.989,0.991,118915000,118126231,-0.005020080321285092,1.0198500000000001,1.0301666666666667,-0.06244087038789026
2023-03-10,0.988,0.991,0.975,0.981,156018600,153145085,-0.010090817356205872,1.016,1.02885,-0.07452830188679249
2023-03-13,0.976,0.985,0.967,0.97,188251700,183015682,-0.011213047910295648,1.0113999999999999,1.0274166666666666,-0.08143939393939403
2023-03-14,0.969,0.97,0.938,0.959,275291300,262226569,-0.01134020618556697,1.0065,1.0261,-0.0761078998073218
2023-03-15,0.961,0.978,0.956,0.959,162819300,157183900,0.0,1.0019,1.0250833333333333,-0.05980392156862746
2023-03-16,0.95,0.955,0.925,0.928,280203301,263038510,-0.03232533889468192,0.9967499999999999,1.0237,-0.08209693372898108
2023-03-17,0.932,0.935,0.918,0.921,217248700,201004210,-0.007543103448275912,0.99245,1.02185,-0.10755813953488369
2023-03-20,0.917,0.938,0.907,0.927,291777100,269239868,0.006514657980456029,0.9879,1.0205333333333333,-0.07852882703777331
2023-03-21,0.927,0.942,0.921,0.941,238027901,221565315,0.015102481121898492,0.9837,1.01935,-0.07015810276679846
2023-03-22,0.944,0.959,0.939,0.944,228510200,216724160,0.0031880977683316214,0.9801,1.0184,-0.0569430569430569
2023-03-23,0.939,0.945,0.935,0.941,192663800,180804723,-0.0031779661016949623,0.9757,1.01765,-0.045638945233265726
2023-03-24,0.943,0.951,0.931,0.943,216883800,204123758,0.002125398512220933,0.9722500000000001,1.0173,-0.021784232365145262
2023-03-27,0.943,0.953,0.933,0.951,236773250,223572463,0.008483563096500557,0.96925,1.01735,0.0031645569620253333
2023-03-28,0.951,0.952,0.937,0.938,186524900,175835413,-0.013669821240799185,0.9654999999999999,1.0164833333333332,-0.05252525252525253
2023-03-29,0.94,0.952,0.936,0.943,240455600,227168802,0.005330490405117239,0.9621000000000001,1.0155166666666666,-0.05794205794205787
2023-03-30,0.943,0.949,0.935,0.949,197538700,186183926,0.006362672322375307,0.9597999999999999,1.01475,-0.04623115577889447
2023-03-31,0.95,0.966,0.949,0.953,267973100,256201468,0.004214963119072657,0.9576,1.0141,-0.03931451612903225
2023-04-03,0.954,0.964,0.946,0.958,356463691,340248787,0.005246589716684236,0.9548,1.0136166666666666,-0.029381965552178313
2023-04-04,0.958,0.958,0.928,0.936,432734709,405978447,-0.022964509394571953,0.95145,1.0125499999999998,-0.06399999999999995
2023-04-06,0.93,0.939,0.925,0.938,348395740,324744060,0.002136752136752129,0.94855,1.0118833333333332,-0.04089979550102252
2023-04-07,0.938,0.947,0.935,0.939,326921900,307384705,0.0010660980810235365,0.9459499999999998,1.0108333333333333,-0.0628742514970061
2023-04-10,0.947,0.958,0.938,0.958,529233500,501967927,0.020234291799787085,0.9448000000000001,1.0095333333333332,-0.07528957528957536
2023-04-11,0.958,0.962,0.949,0.956,401290900,382970300,-0.0020876826722338038,0.9441,1.0081166666666668,-0.08165225744476468
2023-04-12,0.954,0.955,0.936,0.939,446162300,420468162,-0.01778242677824271,0.9431,1.0063333333333333,-0.1022944550669217
2023-04-13,0.939,0.944,0.93,0.934,320555133,300037051,-0.005324813631522818,0.9418499999999999,1.00465,-0.09758454106280179
2023-04-14,0.934,0.955,0.929,0.947,620170300,586972206,0.013918629550321082,0.9428000000000001,1.0029833333333333,-0.09551098376313272
2023-04-17,0.947,0.961,0.945,0.956,474161000,452762204,0.009503695881731833,0.9445499999999999,1.0014999999999998,-0.08516746411483256
2023-04-18,0.959,0.969,0.956,0.961,516453600,497553818,0.0052301255230124966,0.9462499999999998,0.9999833333333333,-0.08650190114068446
2023-04-19,0.962,0.963,0.948,0.95,424001000,403968749,-0.01144640998959423,0.9466999999999999,0.9981833333333333,-0.10207939508506625
2023-04-20,0.951,0.952,0.921,0.924,674690400,626619033,-0.027368421052631486,0.9457000000000001,0.99585,-0.13157894736842102
2023-04-21,0.924,0.938,0.912,0.914,538414808,498582971,-0.010822510822510845,0.94435,0.9934,-0.1385485391140433
2023-04-24,0.914,0.916,0.889,0.895,477801400,429220678,-0.020787746170678356,0.94195,0.9903,-0.1720629047178538
2023-04-25,0.893,0.899,0.858,0.862,725379855,630869337,-0.036871508379888285,0.9375,0.98635,-0.2156505914467698
2023-04-26,0.862,0.922,0.857,0.908,948891528,853811648,0.05336426914153147,0.9359999999999999,0.9831166666666665,-0.17604355716878406
2023-04-27,0.907,0.917,0.899,0.912,544263535,494456843,0.004405286343612369,0.93445,0.9797833333333333,-0.17985611510791366
2023-04-28,0.912,0.919,0.9,0.907,354149678,321091665,-0.005482456140350922,0.9323500000000001,0.9765833333333334,-0.17470427661510457
2023-05-04,0.902,0.917,0.898,0.899,292092200,264299395,-0.008820286659316445,0.92965,0.9735666666666667,-0.16759259259259263
2023-05-05,0.898,0.899,0.876,0.887,504046176,446456324,-0.013348164627363768,0.9260999999999999,0.9705666666666667,-0.16869728209934387
2023-05-08,0.891,0.898,0.883,0.893,293565600,261552627,0.006764374295377573,0.9239499999999999,0.9676500000000001,-0.16385767790262173
2023-05-09,0.892,0.896,0.876,0.877,287083641,253395115,-0.017917133258678608,0.9208999999999999,0.9645333333333334,-0.17575187969924821
2023-05-10,0.877,0.901,0.869,0.894,373105700,330018497,0.019384264538198526,0.9186500000000001,0.9614833333333332,-0.16991643454038996
2023-05-11,0.895,0.915,0.89,0.905,374089100,337984064,0.01230425055928408,0.916,0.9589333333333332,-0.14461247637051045
2023-05-12,0.902,0.911,0.889,0.89,235615142,211595796,-0.016574585635359185,0.9126999999999998,0.9560666666666666,-0.16195856873822978
2023-05-15,0.893,0.925,0.893,0.924,493001497,451119986,0.038202247191011285,0.91195,0.9538499999999999,-0.1258278145695363
2023-05-16,0.927,0.932,0.918,0.922,315519557,291574356,-0.0021645021645021467,0.9113499999999999,0.9517000000000001,-0.12274024738344425
2023-05-17,0.924,0.931,0.913,0.921,262318477,240977501,-0.0010845986984815426,0.91005,0.9498666666666666,-0.10669253152279334
2023-05-18,0.922,0.923,0.899,0.906,386428520,350669728,-0.016286644951140072,0.90755,0.9481833333333333,-0.10029791459781512
2023-05-19,0.903,0.907,0.896,0.9,225308105,202908769,-0.0066225165562914245,0.9045,0.9462166666666666,-0.11591355599214148
2023-05-22,0.897,0.91,0.895,0.906,209940735,189535112,0.006666666666666599,0.9023000000000001,0.9442333333333333,-0.11609756097560964
2023-05-23,0.906,0.914,0.897,0.898,248865159,224938390,-0.008830022075055233,0.901,0.9422666666666667,-0.11614173228346458
2023-05-24,0.897,0.912,0.891,0.902,258207000,233044754,0.00445434298440972,0.9004000000000001,0.9401499999999999,-0.12342079689018459
2023-05-25,0.899,0.913,0.892,0.906,298302054,270146679,0.0044345898004434225,0.9009500000000001,0.9383833333333332,-0.10474308300395252
2023-05-26,0.904,0.904,0.876,0.886,419119700,370620876,-0.02207505518763797,0.90215,0.9363,-0.12363996043521253
2023-05-29,0.887,0.889,0.86,0.864,400398054,347550667,-0.02483069977426644,0.8999500000000001,0.9338166666666667,-0.1470878578479763
2023-05-30,0.86,0.873,0.851,0.863,337664897,290584487,-0.0011574074074074403,0.8975,0.93135,-0.1463897131552917
2023-05-31,0.864,0.865,0.849,0.851,242176900,206780728,-0.01390498261877171,0.8946999999999999,0.92895,-0.1447236180904523
2023-06-01,0.851,0.865,0.849,0.852,257218100,220411052,0.001175088131609936,0.8923500000000001,0.9265333333333334,-0.1454363089267804
2023-06-02,0.854,0.872,0.853,0.868,302339951,261379062,0.018779342723004744,0.8914000000000002,0.9240999999999999,-0.1439842209072979
2023-06-05,0.868,0.869,0.848,0.852,335501700,285988443,-0.018433179723502335,0.88935,0.9215833333333333,-0.15054835493519436
2023-06-06,0.848,0.851,0.838,0.841,302511500,255040535,-0.012910798122065748,0.8875500000000001,0.919,-0.1556224899598394
2023-06-07,0.842,0.844,0.821,0.827,401484483,332399536,-0.01664684898929847,0.8842000000000001,0.9162666666666667,-0.16548940464177597
2023-06-08,0.826,0.838,0.826,0.827,290758900,241695403,0.0,0.8802999999999999,0.9137,-0.15698267074413863
2023-06-09,0.829,0.837,0.824,0.834,228484700,189734688,0.00846432889963733,0.8775000000000001,0.9114333333333333,-0.14020618556701037
2023-06-12,0.83,0.842,0.824,0.836,238865820,198920207,0.0023980815347721673,0.8731,0.9093833333333333,-0.1282586027111574
2023-06-13,0.833,0.841,0.831,0.836,165990320,138635849,0.0,0.8688,0.9073333333333333,-0.1282586027111574
2023-06-14,0.837,0.839,0.825,0.826,270197800,224416955,-0.011961722488038284,0.86405,0.9056333333333334,-0.1099137931034484
2023-06-15,0.827,0.867,0.823,0.866,641206837,544082247,0.04842615012106544,0.86205,0.9047166666666667,-0.059717698154180265
2023-06-16,0.869,0.877,0.863,0.875,391057800,340495269,0.010392609699769073,0.8608,0.90385,-0.056094929881337685
2023-06-19,0.875,0.876,0.864,0.868,301811637,262447420,-0.008000000000000007,0.8588999999999999,0.9026333333333334,-0.07757704569606794
2023-06-20,0.868,0.877,0.862,0.867,301221000,261549068,-0.0011520737327188613,0.85735,0.90135,-0.08156779661016944
2023-06-21,0.87,0.877,0.855,0.856,242138000,209894651,-0.012687427912341454,0.85505,0.8999333333333334,-0.0903294367693942
2023-06-26,0.849,0.87,0.845,0.859,246810316,211200214,0.003504672897196359,0.8526999999999999,0.8985333333333333,-0.08907741251325552
2023-06-27,0.86,0.871,0.854,0.862,200917600,173108950,0.0034924330616996624,0.8515,0.89705,-0.09358569926393268
2023-06-28,0.859,0.87,0.858,0.867,292110700,252855082,0.0058004640371229765,0.8516499999999999,0.8958666666666667,-0.07569296375266521
2023-06-29,0.864,0.878,0.862,0.864,211313000,183752739,-0.0034602076124568004,0.8516999999999999,0.8945500000000001,-0.08377518557794272
2023-06-30,0.864,0.885,0.86,0.879,373933900,327503740,0.01736111111111116,0.8531000000000001,0.8933833333333332,-0.07376185458377238
2023-07-03,0.883,0.892,0.88,0.884,285353900,252670725,0.005688282138794021,0.8547,0.8922333333333333,-0.07240293809024134
2023-07-04,0.884,0.884,0.874,0.878,208386752,182963607,-0.006787330316742057,0.8552,0.8909,-0.08350730688935282
2023-07-05,0.877,0.88,0.867,0.869,169044600,147425071,-0.01025056947608205,0.8560500000000001,0.8897833333333334,-0.07158119658119666
2023-07-06,0.867,0.869,0.858,0.864,190038000,163853167,-0.005753739930955071,0.8572000000000001,0.8885500000000001,-0.0788912579957356
2023-07-07,0.86,0.861,0.849,0.85,247551100,211399709,-0.01620370370370372,0.85835,0.8870666666666668,-0.09478168264110753
2023-07-10,0.855,0.882,0.853,0.875,411424300,359017179,0.02941176470588247,0.86075,0.8856833333333334,-0.08663883089770352
2023-07-11,0.875,0.877,0.863,0.872,206503800,179346420,-0.0034285714285714475,0.86265,0.8842833333333334,-0.08786610878661083
2023-07-12,0.871,0.883,0.863,0.874,251892700,219875818,0.002293577981651307,0.86455,0.8832,-0.06922257720979763
2023-07-13,0.875,0.891,0.875,0.881,265908585,234534321,0.008009153318077722,0.8667999999999999,0.8823166666666666,-0.05674518201284806
2023-07-14,0.88,0.881,0.866,0.867,257438500,224382580,-0.01589103291713967,0.8688499999999999,0.8809833333333333,-0.08447729672650472
2023-07-17,0.866,0.867,0.856,0.861,190868600,164240947,-0.00692041522491349,0.8686,0.8794000000000001,-0.09937238493723843
2023-07-18,0.862,0.863,0.85,0.856,240979500,205792180,-0.005807200929152101,0.86765,0.8776499999999999,-0.10926118626430803
2023-07-19,0.856,0.856,0.841,0.844,326234600,275800974,-0.014018691588785104,0.86645,0.8758833333333335,-0.111578947368421
2023-07-20,0.844,0.855,0.843,0.843,233238400,198061689,-0.0011848341232227888,0.86525,0.8745333333333334,-0.08766233766233777
2023-07-21,0.842,0.843,0.832,0.836,238430600,199404844,-0.008303677342823224,0.86425,0.8732333333333333,-0.08533916849015322
2023-07-24,0.832,0.833,0.822,0.824,295467700,244139323,-0.014354066985645897,0.8625,0.87205,-0.07932960893854757
2023-07-25,0.832,0.842,0.831,0.842,267443100,223958220,0.02184466019417486,0.8614999999999998,0.8717166666666667,-0.023201856148491906
2023-07-26,0.841,0.848,0.838,0.844,149056300,125739387,0.002375296912114022,0.8603500000000001,0.87065,-0.07048458149779746
2023-07-27,0.846,0.85,0.836,0.838,209182100,176348778,-0.007109004739336511,0.8590500000000001,0.8694166666666666,-0.08114035087719307
2023-07-28,0.833,0.848,0.83,0.846,250416600,210448600,0.009546539379474916,0.8573999999999999,0.8684,-0.06725468577728777
2023-07-31,0.85,0.864,0.85,0.855,319453200,273951517,0.010638297872340496,0.85595,0.8676666666666666,-0.04894327030033374
2023-08-01,0.853,0.858,0.846,0.85,255492200,217514133,-0.005847953216374324,0.8545499999999999,0.86705,-0.04171364148816237
2023-08-02,0.85,0.854,0.845,0.845,163201000,138436965,-0.00588235294117645,0.85335,0.8662499999999999,-0.053751399776035935
2023-08-03,0.844,0.858,0.844,0.858,259967917,222111222,0.01538461538461533,0.8530499999999999,0.8659333333333333,-0.02166476624857472
2023-08-04,0.863,0.87,0.856,0.864,313437600,270658000,0.006993006993007089,0.85375,0.8654333333333334,-0.033557046979865834
2023-08-07,0.862,0.864,0.856,0.859,189524600,162642918,-0.0057870370370370905,0.8529500000000001,0.8646666666666667,-0.05082872928176796
2023-08-08,0.86,0.862,0.852,0.855,135523784,115952570,-0.00465657741559955,0.8521000000000001,0.8640833333333333,-0.0393258426966292
2023-08-09,0.852,0.855,0.849,0.852,129627800,110379251,-0.0035087719298245723,0.851,0.8628833333333333,-0.07792207792207795
2023-08-10,0.854,0.862,0.853,0.858,229761600,197073676,0.007042253521126751,0.84985,0.8618166666666666,-0.06941431670282006
2023-08-11,0.858,0.859,0.837,0.838,304193699,257644259,-0.023310023310023298,0.8484,0.8604333333333333,-0.0901194353963084
2023-08-14,0.832,0.832,0.818,0.828,290093600,239231611,-0.011933174224343701,0.8467499999999999,0.8591333333333334,-0.08609271523178819
2023-08-15,0.828,0.83,0.809,0.815,317050690,258818442,-0.01570048309178751,0.8446999999999999,0.8577166666666667,-0.09444444444444455
2023-08-16,0.809,0.82,0.805,0.806,219121635,177818258,-0.011042944785275899,0.8428000000000001,0.85605,-0.11037527593818985
2023-08-17,0.805,0.809,0.796,0.808,202270100,162252669,0.002481389578163684,0.8410500000000001,0.8545499999999999,-0.10022271714922049
2023-08-18,0.807,0.815,0.799,0.799,177535700,143437079,-0.011138613861386149,0.8392,0.8528333333333332,-0.11419068736141902
2023-08-21,0.799,0.799,0.782,0.783,231092183,182380057,-0.020025031289111372,0.8371500000000001,0.8507833333333333,-0.13576158940397354
2023-08-22,0.786,0.788,0.758,0.773,353276100,272244778,-0.012771392081736943,0.8337,0.8489,-0.1275395033860045
2023-08-23,0.767,0.769,0.749,0.75,265161583,201228422,-0.02975420439844767,0.8290000000000001,0.847,-0.13194444444444442
2023-08-24,0.752,0.766,0.748,0.759,232150800,175884327,0.01200000000000001,0.8250499999999998,0.8452666666666667,-0.12050984936268827
2023-08-25,0.755,0.761,0.749,0.755,210602700,158878583,-0.005270092226614009,0.8205,0.8436666666666667,-0.11280846063454752
2023-08-28,0.793,0.797,0.755,0.76,289942100,224597026,0.0066225165562914245,0.8157500000000001,0.8421333333333333,-0.107981220657277
2023-08-29,0.756,0.778,0.756,0.775,240667200,185178881,0.019736842105263275,0.8119999999999999,0.8405833333333333,-0.1071428571428571
2023-08-30,0.775,0.783,0.77,0.774,208649500,162072716,-0.001290322580645209,0.80845,0.8392833333333333,-0.09154929577464788
2023-08-31,0.772,0.772,0.761,0.765,255905300,195460189,-0.011627906976744207,0.8038000000000001,0.8380166666666666,-0.09036860879904873
2023-09-01,0.766,0.769,0.761,0.764,126916200,96945986,-0.0013071895424836555,0.7988,0.8369666666666666,-0.07617896009673508
2023-09-04,0.767,0.773,0.757,0.772,238381100,182779268,0.010471204188481575,0.7944500000000001,0.83605,-0.0665054413542926
2023-09-05,0.769,0.777,0.764,0.774,283904722,218981325,0.002590673575129543,0.7904,0.83505,-0.07194244604316535
2023-09-06,0.772,0.772,0.762,0.767,184359246,141185458,-0.009043927648578864,0.78615,0.8339,-0.08253588516746402
2023-09-07,0.764,0.765,0.747,0.748,274519300,206864196,-0.024771838331160367,0.78065,0.8324333333333332,-0.10526315789473684
2023-09-08,0.745,0.747,0.733,0.737,222146000,163823434,-0.014705882352941235,0.7756000000000001,0.83095,-0.10774818401937047
2023-09-11,0.738,0.747,0.732,0.743,204776270,151323132,0.008141112618724522,0.7713500000000001,0.8289000000000001,-0.14203233256351044
2023-09-12,0.74,0.751,0.739,0.744,195449900,145607957,0.0013458950201883368,0.7678,0.8267166666666667,-0.1497142857142857
2023-09-13,0.742,0.745,0.731,0.734,191300612,140825274,-0.013440860215053752,0.7642,0.8244833333333332,-0.15437788018433185
2023-09-14,0.73,0.734,0.724,0.727,164594280,119787549,-0.009536784741144388,0.7601500000000001,0.82215,-0.16147635524798154
2023-09-15,0.728,0.729,0.716,0.72,260960900,188242206,-0.009628610729023435,0.7562,0.8198833333333333,-0.15887850467289721
2023-09-18,0.717,0.734,0.714,0.728,266912300,193752416,0.011111111111111072,0.7534500000000001,0.8177,-0.1525029103608848
2023-09-19,0.727,0.727,0.716,0.719,145612900,104834154,-0.012362637362637319,0.75075,0.8153166666666667,-0.16589327146171695
2023-09-20,0.718,0.718,0.71,0.711,159074400,113445420,-0.011126564673157202,0.7488,0.8127166666666666,-0.17993079584775085
2023-09-21,0.709,0.712,0.702,0.703,173415400,122416431,-0.011251758087201136,0.746,0.8100333333333334,-0.18634259259259267
2023-09-22,0.702,0.716,0.7,0.715,288226630,203770277,0.017069701280227667,0.744,0.8073,-0.18657565415244604
2023-09-25,0.713,0.715,0.706,0.712,157304830,111680624,-0.004195804195804231,0.7415999999999999,0.8044333333333334,-0.19457013574660642
2023-09-26,0.71,0.713,0.703,0.704,146635617,103680674,-0.011235955056179803,0.73805,0.8015333333333333,-0.19817767653758545
2023-09-27,0.703,0.728,0.702,0.719,282477600,202727626,0.02130681818181812,0.7353,0.7990333333333334,-0.17261219792865368
2023-09-28,0.718,0.725,0.716,0.719,156821600,112972454,0.0,0.7329999999999999,0.7966166666666666,-0.16782407407407407
2023-10-09,0.719,0.719,0.707,0.712,177097800,125827576,-0.009735744089012566,0.7304,0.7943166666666667,-0.1623529411764706
2023-10-10,0.711,0.719,0.707,0.707,168716300,120139293,-0.0070224719101124045,0.72715,0.7915166666666666,-0.19200000000000006
2023-10-11,0.709,0.717,0.704,0.707,224897000,159844750,0.0,0.7238,0.7887666666666665,-0.1892201834862386
2023-10-12,0.71,0.725,0.708,0.725,375896028,269829591,0.02545968882602545,0.7217,0.7862833333333333,-0.17048054919908473
2023-10-13,0.72,0.72,0.706,0.71,312621200,222023092,-0.020689655172413834,0.7198,0.7834333333333333,-0.1940976163450625
2023-10-16,0.711,0.711,0.69,0.693,345211800,240806367,-0.023943661971830954,0.7176,0.7805333333333332,-0.20069204152249143
2023-10-17,0.695,0.704,0.692,0.699,237484824,166071912,0.008658008658008587,0.7154,0.7778333333333334,-0.18815331010452963
2023-10-18,0.698,0.698,0.685,0.687,216124581,149054923,-0.01716738197424883,0.71255,0.7750166666666666,-0.19742990654205594
2023-10-19,0.683,0.686,0.677,0.677,258174551,175716672,-0.01455604075691408,0.7097,0.7722333333333332,-0.19786729857819896
2023-10-20,0.674,0.693,0.672,0.686,288404421,197325696,0.013293943870014813,0.7076499999999999,0.7696166666666666,-0.18623962040332143
2023-10-23,0.682,0.684,0.66,0.664,361461707,241636893,-0.03206997084548102,0.7048500000000001,0.76675,-0.20574162679425834
2023-10-24,0.667,0.671,0.661,0.667,287537300,191572187,0.004518072289156683,0.7018,0.7641333333333333,-0.19053398058252413
2023-10-25,0.672,0.678,0.664,0.666,235173797,157750728,-0.0014992503748125774,0.6991499999999999,0.7612,-0.20902612826603317
2023-10-26,0.659,0.66,0.643,0.657,437549729,284528617,-0.013513513513513487,0.6964499999999999,0.7580833333333333,-0.22156398104265396
2023-10-27,0.656,0.687,0.652,0.684,522577937,351885183,0.041095890410958846,0.6955,0.7555166666666667,-0.18377088305489253
2023-10-30,0.681,0.693,0.68,0.692,342675400,235540658,0.011695906432748426,0.69435,0.75295,-0.182033096926714
2023-10-31,0.687,0.688,0.677,0.68,257548100,175425778,-0.01734104046242757,0.69275,0.7500333333333333,-0.20467836257309935
2023-11-01,0.684,0.684,0.671,0.676,219822800,148680539,-0.00588235294117645,0.69135,0.7471333333333334,-0.20470588235294107
2023-11-02,0.675,0.678,0.662,0.663,325977600,218194499,-0.019230769230769273,0.68855,0.7441,-0.21538461538461529
2023-11-03,0.662,0.674,0.662,0.671,242222100,162289980,0.012066365007541435,0.68615,0.7409833333333332,-0.21794871794871784
2023-11-06,0.676,0.695,0.674,0.694,413616700,284902127,0.03427719821162434,0.68525,0.73815,-0.1967592592592593
2023-11-07,0.69,0.692,0.684,0.689,256233900,176096095,-0.007204610951008661,0.68435,0.7353166666666666,-0.1979045401629803
2023-11-08,0.687,0.696,0.685,0.691,290902291,200938755,0.002902757619738683,0.68355,0.7325833333333335,-0.1918128654970761
2023-11-09,0.689,0.703,0.688,0.699,424082591,296257522,0.011577424023154759,0.68225,0.7300333333333333,-0.17957746478873238
2023-11-10,0.695,0.696,0.687,0.689,185180448,127666449,-0.014306151645207432,0.6812,0.7272166666666667,-0.19696969696969702
2023-11-13,0.692,0.697,0.687,0.692,218018200,150705133,0.004354136429608024,0.6811499999999999,0.7247833333333333,-0.17422434367541773
2023-11-14,0.692,0.696,0.684,0.689,268996178,185435340,-0.00433526011560692,0.68065,0.7224666666666667,-0.16787439613526567
2023-11-15,0.696,0.704,0.695,0.699,385058255,269359975,0.014513788098693858,0.68125,0.7205333333333334,-0.14233128834355824
2023-11-16,0.698,0.698,0.681,0.682,381614022,261930559,-0.024320457796852546,0.6815,0.7184666666666667,-0.15384615384615385
2023-11-17,0.679,0.683,0.677,0.682,212572100,144532385,0.0,0.6813,0.7163666666666667,-0.15594059405940597
2023-11-20,0.683,0.685,0.674,0.682,223230100,151585885,0.0,0.6821999999999999,0.7144166666666667,-0.14643304130162704
2023-11-21,0.683,0.688,0.677,0.678,235114841,160630022,-0.0058651026392961825,0.68275,0.7126666666666668,-0.13409961685823757
2023-11-22,0.675,0.676,0.662,0.662,290299894,194035373,-0.02359882005899705,0.6825500000000001,0.7108166666666667,-0.14359637774902978
2023-11-23,0.661,0.665,0.659,0.664,237568100,157292340,0.0030211480362538623,0.6829000000000001,0.7093833333333333,-0.11466666666666658
2023-11-24,0.663,0.664,0.654,0.655,256178700,168576685,-0.013554216867469937,0.68145,0.7076499999999999,-0.13702239789196313
2023-11-27,0.653,0.654,0.641,0.644,327328593,211209723,-0.016793893129770976,0.6790499999999999,0.7058000000000001,-0.1470198675496689
2023-11-28,0.643,0.647,0.639,0.647,203550193,130887411,0.004658385093167627,0.6774,0.7039166666666666,-0.14868421052631575
2023-11-29,0.645,0.646,0.635,0.636,237912600,151886131,-0.01700154559505407,0.6754,0.7015999999999999,-0.1793548387096774
2023-11-30,0.636,0.64,0.63,0.633,319726161,202694073,-0.004716981132075526,0.6738999999999999,0.6992499999999999,-0.1821705426356589
2023-12-01,0.632,0.633,0.623,0.629,260827300,163703978,-0.006319115323854652,0.6718,0.6969833333333333,-0.1777777777777778
2023-12-04,0.628,0.63,0.623,0.624,190137500,119145819,-0.007949125596184436,0.6683,0.69465,-0.18324607329842935
2023-12-05,0.622,0.631,0.616,0.617,248054000,154701959,-0.011217948717948678,0.6647,0.6920666666666667,-0.2007772020725389
2023-12-06,0.616,0.638,0.615,0.63,415134400,261832480,0.021069692058346856,0.6616500000000001,0.6896666666666668,-0.18604651162790697
2023-12-07,0.628,0.63,0.619,0.625,209782400,130758272,-0.007936507936507908,0.65795,0.6873,-0.18513689700130376
2023-12-08,0.629,0.631,0.622,0.623,175089200,109434071,-0.0031999999999999806,0.65465,0.6852166666666667,-0.16711229946524064
2023-12-11,0.618,0.625,0.609,0.624,318029300,195640040,0.0016051364365972098,0.65125,0.6833333333333333,-0.15332428765264583
2023-12-12,0.62,0.626,0.618,0.621,161412987,100309516,-0.004807692307692291,0.64785,0.6813,-0.16419919246298786
2023-12-13,0.62,0.621,0.603,0.604,306231141,186783771,-0.027375201288244777,0.6431,0.6789666666666666,-0.18817204301075274
2023-12-14,0.609,0.615,0.601,0.601,218565079,132746114,-0.004966887417218513,0.63905,0.6767500000000001,-0.18119891008174394
2023-12-15,0.604,0.614,0.602,0.604,271518500,165231600,0.004991680532445919,0.63515,0.6747,-0.1691884456671252
2023-12-18,0.6,0.604,0.588,0.589,265868421,158125282,-0.024834437086092787,0.6305000000000001,0.6725166666666667,-0.18194444444444446
2023-12-19,0.589,0.598,0.587,0.593,266508700,157941621,0.00679117147707986,0.62625,0.6702666666666667,-0.18543956043956045
2023-12-20,0.595,0.596,0.586,0.587,159848200,94502268,-0.010118043844856706,0.6224999999999999,0.6680666666666666,-0.18358831710709322
2023-12-21,0.583,0.607,0.582,0.604,419559900,251015850,0.028960817717206266,0.6194999999999999,0.6662833333333332,-0.15049226441631502
2023-12-22,0.6,0.621,0.594,0.612,486702353,295228896,0.013245033112582849,0.61735,0.6647666666666667,-0.12944523470839253
2023-12-25,0.611,0.618,0.608,0.615,230948900,141805378,0.004901960784313708,0.6159,0.6631,-0.1398601398601398
2023-12-26,0.614,0.615,0.61,0.613,210714000,129045783,-0.003252032520325243,0.6142,0.66145,-0.1390449438202247
2023-12-27,0.615,0.615,0.603,0.608,203230874,123275957,-0.00815660685154973,0.6128,0.65985,-0.13636363636363635
2023-12-28,0.607,0.65,0.605,0.65,740743483,470799929,0.06907894736842102,0.61365,0.6587,-0.09596662030598047
2023-12-29,0.648,0.65,0.642,0.645,362168174,233822900,-0.007692307692307665,0.6144499999999999,0.6574666666666666,-0.10292072322670365
2024-01-02,0.646,0.646,0.631,0.631,258668100,164538690,-0.02170542635658912,0.6148,0.6561166666666666,-0.1137640449438202
2024-01-03,0.63,0.637,0.629,0.634,255179600,161334046,0.004754358161648264,0.61565,0.6548999999999999,-0.10325318246110315
2024-01-04,0.633,0.633,0.618,0.621,249090300,155242788,-0.02050473186119872,0.6152,0.6534666666666668,-0.12164073550212162
2024-01-05,0.62,0.633,0.61,0.615,307017900,191199172,-0.009661835748792313,0.6147,0.6516333333333333,-0.15172413793103445
2024-01-08,0.612,0.622,0.606,0.606,245994900,151146024,-0.014634146341463428,0.61385,0.6499,-0.14647887323943665
2024-01-09,0.608,0.626,0.599,0.617,371651861,227633431,0.018151815181518094,0.6134999999999999,0.6486333333333334,-0.10966810966810958
2024-01-10,0.612,0.632,0.606,0.621,362135500,225381941,0.006482982171799101,0.6134999999999999,0.6473333333333333,-0.11158798283261795
2024-01-11,0.619,0.643,0.618,0.638,424153190,267986963,0.027375201288244888,0.6152,0.6465166666666666,-0.07132459970887928
2024-01-12,0.635,0.649,0.632,0.636,413203300,264541732,-0.0031347962382445305,0.6169499999999999,0.6458333333333334,-0.06056129985228953
2024-01-15,0.63,0.637,0.624,0.626,265184600,166908454,-0.01572327044025157,0.61805,0.6448333333333333,-0.08746355685131202
2024-01-16,0.625,0.64,0.621,0.636,324756200,205123340,0.015974440894568787,0.6204,0.6443666666666666,-0.04216867469879526
2024-01-17,0.634,0.634,0.613,0.614,313270012,195020307,-0.03459119496855345,0.6214500000000001,0.6434833333333333,-0.07946026986506749
2024-01-18,0.61,0.633,0.61,0.632,393819798,244392895,0.02931596091205213,0.6237,0.6429166666666667,-0.05105105105105112
2024-01-19,0.629,0.643,0.624,0.625,297167100,187801772,-0.011075949367088667,0.62475,0.6423833333333333,-0.0487062404870624
2024-01-22,0.616,0.624,0.6,0.605,435540700,266632168,-0.03200000000000003,0.6244000000000001,0.6410666666666667,-0.11549707602339188
2024-01-23,0.604,0.621,0.598,0.611,384593602,234995666,0.009917355371900749,0.6242,0.6397166666666667,-0.11705202312138718
2024-01-24,0.613,0.615,0.589,0.607,358964728,215726156,-0.006546644844517169,0.6239000000000001,0.6385000000000001,-0.10735294117647065
2024-01-25,0.604,0.617,0.596,0.617,388283098,235983684,0.016474464579901094,0.62435,0.6375166666666666,-0.0872781065088758
2024-01-26,0.612,0.618,0.604,0.605,351661928,214366188,-0.01944894651539708,0.6221,0.63655,-0.08748114630467574
2024-01-29,0.604,0.605,0.576,0.576,422957428,248332383,-0.04793388429752066,0.61865,0.6349666666666667,-0.14157973174366634
2024-01-30,0.57,0.581,0.561,0.562,277872425,158665133,-0.024305555555555358,0.6152,0.6327666666666667,-0.19020172910662814
2024-01-31,0.56,0.571,0.55,0.551,362333200,202867285,-0.019572953736654797,0.61105,0.6304666666666666,-0.20029027576197378
2024-02-01,0.548,0.565,0.546,0.553,290011468,161001497,0.003629764065335772,0.6076499999999999,0.6281666666666667,-0.19971056439942103
2024-02-02,0.553,0.555,0.518,0.534,354068499,191093829,-0.03435804701627487,0.6036,0.6254166666666666,-0.23605150214592263
2024-02-05,0.526,0.536,0.501,0.523,394671837,205722970,-0.02059925093632964,0.5994499999999999,0.62265,-0.24092888243831634
2024-02-06,0.521,0.556,0.519,0.555,427144000,231400996,0.06118546845124295,0.5963499999999999,0.6203666666666667,-0.19797687861271662
2024-02-07,0.554,0.572,0.554,0.567,337047900,190934617,0.0216216216216214,0.59365,0.6183333333333334,-0.17706821480406387
2024-02-08,0.574,0.587,0.571,0.58,285018232,165474407,0.022927689594356204,0.59075,0.6163500000000001,-0.1702432045779685
2024-02-19,0.585,0.585,0.573,0.577,185698614,107233191,-0.005172413793103403,0.5878,0.6145999999999999,-0.153958944281525
2024-02-20,0.577,0.577,0.568,0.575,170038032,97285270,-0.0034662045060658286,0.58525,0.6128166666666668,-0.1568914956011731
2024-02-21,0.572,0.595,0.568,0.583,288948700,168518962,0.013913043478260834,0.5826,0.6111666666666667,-0.14516129032258074
2024-02-22,0.582,0.591,0.58,0.587,175752800,102722694,0.006861063464836947,0.58125,0.60965,-0.13421828908554578
2024-02-23,0.587,0.595,0.585,0.593,196515300,116009571,0.010221465076660996,0.5793,0.6084999999999999,-0.10422960725075536
2024-02-26,0.593,0.595,0.583,0.587,213474400,125662977,-0.010118043844856706,0.5774,0.6072166666666666,-0.11596385542168686
2024-02-27,0.587,0.598,0.583,0.597,194337800,114609577,0.017035775127768327,0.577,0.60625,-0.08854961832061081
2024-02-28,0.599,0.62,0.588,0.588,540465099,327110127,-0.015075376884422176,0.57585,0.6053166666666666,-0.08695652173913049
2024-02-29,0.585,0.612,0.584,0.61,412289999,247665490,0.03741496598639449,0.576,0.6046999999999999,-0.057187017001545604
2024-03-01,0.611,0.618,0.605,0.614,357719432,218871424,0.006557377049180246,0.57585,0.6043333333333334,-0.03459119496855345
2024-03-04,0.614,0.622,0.611,0.616,268330100,165219204,0.0032573289902280145,0.5763999999999999,0.6040500000000001,-0.026856240126382325
2024-03-05,0.611,0.611,0.602,0.607,259909400,157473213,-0.01461038961038963,0.57795,0.6036833333333333,-0.03497615262321152
2024-03-06,0.605,0.626,0.602,0.618,298713150,183623756,0.01812191103789118,0.58075,0.6035833333333332,-0.009615384615384581
2024-03-07,0.618,0.619,0.602,0.603,257805700,157499013,-0.024271844660194164,0.58335,0.60335,-0.02269043760129663
2024-03-08,0.603,0.618,0.603,0.616,246077400,150659452,0.021558872305140975,0.5865,0.6031166666666666,-0.022222222222222254
2024-03-11,0.624,0.651,0.624,0.65,637038369,407456434,0.05519480519480524,0.5923,0.6035333333333333,0.040000000000000036
2024-03-12,0.655,0.658,0.646,0.65,380339789,247579970,0.0,0.59865,0.6039833333333334,0.043338683788122
2024-03-13,0.647,0.651,0.642,0.646,260549500,168267435,-0.006153846153846176,0.6032,0.60435,0.03525641025641035
2024-03-14,0.643,0.65,0.633,0.637,315009700,202141438,-0.01393188854489169,0.6067,0.6046166666666666,0.025764895330112836
2024-03-15,0.635,0.639,0.624,0.637,339515200,214267606,0.0,0.60955,0.6051666666666666,0.054635761589403975
2024-03-18,0.641,0.651,0.64,0.651,390218200,251725565,0.0219780219780219,0.6132500000000001,0.606,0.08319467554076554
2024-03-19,0.649,0.654,0.641,0.642,177651989,115031165,-0.01382488479262678,0.6165999999999999,0.6066333333333334,0.0629139072847682
2024-03-20,0.64,0.648,0.639,0.643,162369400,104363173,0.0015576323987538387,0.6196,0.6075333333333333,0.09168081494057723
2024-03-21,0.644,0.645,0.633,0.635,200973100,128104724,-0.01244167962674958,0.622,0.6082333333333333,0.07082630691399672
2024-03-22,0.633,0.635,0.617,0.618,258650000,161173819,-0.026771653543307128,0.62325,0.60875,0.052810902896081924
2024-03-25,0.617,0.622,0.608,0.608,295761200,181549990,-0.016181229773462813,0.6243,0.6088166666666667,0.0066225165562914245
2024-03-26,0.608,0.625,0.608,0.622,262271500,161570381,0.023026315789473673,0.6255499999999999,0.6089833333333333,0.016339869281045694
2024-03-27,0.621,0.621,0.601,0.602,227004119,138699627,-0.032154340836012874,0.62625,0.6087666666666666,-0.021138211382113803
2024-03-28,0.602,0.614,0.602,0.606,179123669,108872303,0.006644518272425293,0.62605,0.60865,-0.011419249592169667
2024-03-29,0.608,0.618,0.607,0.613,160318400,98186337,0.011551155115511635,0.626,0.6087333333333333,0.008223684210526327
2024-04-01,0.616,0.633,0.614,0.633,328819400,206652632,0.03262642740619914,0.62685,0.60845,-0.026153846153846194
2024-04-02,0.634,0.64,0.628,0.638,241917600,153357143,0.00789889415481837,0.6284,0.6083333333333333,-0.010852713178294615
2024-04-03,0.634,0.64,0.63,0.634,209721100,133042219,-0.006269592476489061,0.6292,0.6083833333333334,0.004754358161648264
2024-04-08,0.633,0.635,0.62,0.621,200021100,125402847,-0.02050473186119872,0.6301,0.6081666666666667,-0.02050473186119872
2024-04-09,0.62,0.635,0.619,0.635,251737019,158719310,0.02254428341384873,0.63105,0.6083999999999999,0.02254428341384873
2024-04-10,0.634,0.635,0.619,0.623,217845600,135944204,-0.018897637795275646,0.6296999999999999,0.6085333333333334,0.01300813008130075
2024-04-11,0.618,0.626,0.611,0.62,205871600,127414120,-0.0048154093097912964,0.6282,0.6087666666666667,0.02310231023102305
2024-04-12,0.62,0.622,0.603,0.604,247286100,150788042,-0.02580645161290329,0.6261,0.6085499999999999,-0.021069692058346856
2024-04-15,0.604,0.62,0.604,0.614,186599319,114416197,0.01655629139072845,0.62495,0.6084333333333334,-0.011272141706924366
2024-04-16,0.61,0.612,0.594,0.594,207161348,124501814,-0.032573289902280145,0.6228,0.6077,-0.06896551724137934
2024-04-17,0.594,0.608,0.594,0.608,191803500,115614863,0.023569023569023573,0.62065,0.6072333333333333,-0.04402515723270439
2024-04-18,0.604,0.612,0.597,0.606,148407200,89770581,-0.003289473684210509,0.61885,0.6069,-0.03194888178913746
2024-04-19,0.602,0.602,0.587,0.589,196260300,116299432,-0.028052805280528115,0.61615,0.6061166666666666,-0.07389937106918243
2024-04-22,0.589,0.599,0.587,0.587,128643700,76183895,-0.00339558573853993,0.6137499999999999,0.6056666666666667,-0.043973941368078195
2024-04-23,0.588,0.593,0.579,0.58,169109500,98528899,-0.011925042589437829,0.6118499999999999,0.6047999999999999,-0.08227848101265833
2024-04-24,0.578,0.581,0.568,0.575,222262200,127200734,-0.008620689655172376,0.6102000000000001,0.6039666666666667,-0.08000000000000007
2024-04-25,0.572,0.581,0.567,0.575,228571500,131122596,0.0,0.60785,0.6034666666666666,-0.04958677685950419
2024-04-26,0.573,0.587,0.572,0.586,233064900,135546613,0.019130434782608674,0.60705,0.6030499999999999,-0.04091653027823239
2024-04-29,0.587,0.617,0.587,0.613,372449300,225553567,0.04607508532423221,0.6073999999999999,0.60315,0.009884678747940745
2024-04-30,0.611,0.612,0.6,0.601,207107700,125038948,-0.019575856443719397,0.6068,0.6028833333333333,-0.025931928687196182
2024-05-06,0.612,0.617,0.61,0.612,205374100,125940707,0.01830282861896837,0.60575,0.603,0.011570247933884392
2024-05-07,0.612,0.615,0.606,0.615,155274300,94953409,0.004901960784313708,0.6046,0.60365,0.06770833333333348
2024-05-08,0.614,0.614,0.603,0.603,166715000,101158613,-0.019512195121951237,0.60305,0.6043333333333333,0.07295373665480409
2024-05-09,0.609,0.626,0.608,0.622,317977297,197157253,0.031509121061359835,0.6031,0.6055166666666667,0.12885662431941913
2024-05-10,0.621,0.622,0.61,0.615,237777700,145961309,-0.0112540192926045,0.6021,0.60655,0.11211573236889683
2024-05-13,0.607,0.614,0.601,0.608,261992760,159437482,-0.011382113821138184,0.6013499999999999,0.6077833333333333,0.13857677902621712
2024-05-14,0.608,0.612,0.603,0.606,152456212,92466801,-0.003289473684210509,0.6006499999999999,0.6091666666666666,0.158699808795411
2024-05-15,0.606,0.614,0.598,0.599,181127700,109382697,-0.011551155115511524,0.6003999999999999,0.6098999999999999,0.07927927927927914
2024-05-16,0.599,0.604,0.595,0.596,191058400,114401193,-0.005008347245408995,0.5994999999999999,0.6103833333333333,0.051146384479717755
2024-05-17,0.595,0.602,0.59,0.601,191462600,114013810,0.008389261744966348,0.59985,0.6107333333333334,0.036206896551724155
2024-05-20,0.602,0.608,0.601,0.604,150639800,91092085,0.004991680532445919,0.5996499999999999,0.6111833333333333,0.04679376083188913
2024-05-21,0.604,0.604,0.595,0.597,139677074,83528401,-0.011589403973509937,0.5992,0.6115499999999999,0.03826086956521735
2024-05-22,0.6,0.622,0.599,0.621,441238991,269849395,0.04020100502512558,0.6008,0.6121833333333334,0.065180102915952
2024-05-23,0.617,0.618,0.603,0.604,266705600,162162744,-0.027375201288244777,0.60165,0.6124666666666667,0.028960817717206266
2024-05-24,0.602,0.61,0.597,0.599,206252100,124474660,-0.008278145695364225,0.6026,0.6125666666666666,0.010118043844856706
2024-05-27,0.598,0.602,0.59,0.598,173311000,102993606,-0.0016694490818029983,0.60375,0.61275,0.01873935264054527
2024-05-28,0.598,0.602,0.593,0.594,175052900,104469967,-0.006688963210702337,0.6047,0.6127,-0.005025125628140725
2024-05-29,0.597,0.614,0.596,0.605,277164200,168744935,0.0185185185185186,0.60565,0.6129833333333334,0.028911564625850428
2024-05-30,0.609,0.613,0.603,0.605,198525700,120509838,0.0,0.6052500000000001,0.6129,-0.008196721311475419
2024-05-31,0.604,0.607,0.598,0.598,146357400,88116735,-0.011570247933884281,0.6051,0.6126333333333333,-0.026058631921824116
2024-06-03,0.598,0.598,0.591,0.598,177628500,105610811,0.0,0.6043999999999999,0.6123333333333333,-0.02922077922077926
2024-06-04,0.596,0.607,0.594,0.606,185119100,111240794,0.013377926421404673,0.60395,0.6123166666666666,-0.0016474464579900872
2024-06-05,0.604,0.61,0.6,0.6,162181800,98087282,-0.00990099009900991,0.6037999999999999,0.6120166666666668,-0.029126213592232997
2024-06-06,0.602,0.605,0.588,0.592,242911500,144776013,-0.013333333333333308,0.6023,0.6118333333333333,-0.018242122719734688
2024-06-07,0.591,0.591,0.572,0.581,283859238,164927814,-0.01858108108108114,0.6005999999999999,0.6112500000000001,-0.05681818181818188
2024-06-11,0.577,0.581,0.571,0.58,144089400,82864558,-0.0017211703958691649,0.5992,0.6100833333333334,-0.10769230769230775
2024-06-12,0.578,0.578,0.573,0.576,147282200,84804895,-0.006896551724137945,0.5977,0.60885,-0.11384615384615393
2024-06-13,0.576,0.581,0.574,0.575,164892500,95088422,-0.0017361111111111605,0.5965,0.6076666666666666,-0.1099071207430341
2024-06-14,0.575,0.576,0.568,0.574,161783900,92381562,-0.0017391304347825765,0.5953999999999999,0.6066166666666668,-0.098901098901099
2024-06-17,0.571,0.581,0.567,0.577,159650100,91744493,0.005226480836237002,0.5942,0.6056166666666667,-0.0941915227629514
2024-06-18,0.577,0.581,0.574,0.576,156235200,90116097,-0.0017331022530329143,0.5928,0.6043666666666667,-0.11520737327188946
2024-06-19,0.576,0.578,0.567,0.567,168644700,96064303,-0.015625,0.5913,0.6031166666666666,-0.11682242990654212
2024-06-20,0.567,0.568,0.554,0.555,247171700,138382958,-0.02116402116402094,0.588,0.60165,-0.1368584758942457
2024-06-21,0.555,0.56,0.549,0.553,164399700,90955141,-0.003603603603603567,0.58545,0.6002833333333333,-0.1291338582677165
2024-06-24,0.548,0.55,0.541,0.542,150920900,82321698,-0.019891500904159143,0.5826,0.5990166666666668,-0.12297734627831713
2024-06-25,0.542,0.545,0.53,0.534,164669800,88402108,-0.014760147601476037,0.5793999999999999,0.5977833333333333,-0.12171052631578938
2024-06-26,0.534,0.543,0.527,0.543,170327300,91098621,0.016853932584269593,0.5768500000000001,0.5964666666666666,-0.12700964630225076
2024-06-27,0.541,0.541,0.53,0.531,140455200,75128583,-0.02209944751381221,0.5731499999999999,0.5952833333333333,-0.11794019933554811
2024-06-28,0.531,0.536,0.525,0.526,179516400,95271435,-0.00941619585687381,0.5692,0.59395,-0.13201320132013195
2024-07-01,0.526,0.532,0.52,0.53,155828200,81923807,0.0076045627376426506,0.5658000000000001,0.5925666666666667,-0.13539967373572592
2024-07-02,0.53,0.53,0.522,0.522,165848200,87091446,-0.015094339622641506,0.562,0.5907166666666667,-0.17535545023696675
2024-07-03,0.522,0.527,0.518,0.523,175173500,91522171,0.0019157088122605526,0.55785,0.5887999999999999,-0.18025078369905956
2024-07-04,0.523,0.525,0.513,0.514,158178900,81979564,-0.017208413001912115,0.55355,0.5868,-0.18927444794952686
2024-07-05,0.514,0.517,0.511,0.516,162649600,83658091,0.0038910505836575737,0.54975,0.58505,-0.1690821256038647
2024-07-08,0.512,0.515,0.504,0.505,153237800,77893080,-0.02131782945736438,0.54595,0.5828833333333333,-0.20472440944881887
2024-07-09,0.503,0.511,0.497,0.508,164847100,82965503,0.005940594059405946,0.54235,0.5809666666666667,-0.1845906902086677
2024-07-10,0.505,0.519,0.502,0.508,165176200,84560421,0.0,0.53895,0.5791,-0.1806451612903226
2024-07-11,0.513,0.528,0.512,0.526,259125568,134962302,0.03543307086614167,0.5365,0.5778,-0.129139072847682
2024-07-12,0.526,0.532,0.522,0.527,175228400,92459049,0.0019011406844107182,0.53415,0.57635,-0.14169381107491852
2024-07-15,0.522,0.525,0.52,0.521,113230400,59149263,-0.011385199240986688,0.53135,0.5751333333333333,-0.12289562289562284
2024-07-16,0.52,0.532,0.52,0.531,176485500,93004793,0.019193857965451144,0.5291,0.5738500000000001,-0.1266447368421052
2024-07-17,0.532,0.535,0.529,0.531,130650300,69488150,0.0,0.5273,0.5726,-0.12376237623762365
2024-07-18,0.528,0.539,0.524,0.537,193384600,102672665,0.011299435028248705,0.5264,0.5717333333333333,-0.0882852292020373
2024-07-19,0.533,0.543,0.532,0.542,149363300,80353403,0.009310986964618184,0.52585,0.5709833333333333,-0.07666098807495725
2024-07-22,0.54,0.546,0.537,0.541,140471000,76165726,-0.0018450184501844769,0.5258,0.5703333333333334,-0.06724137931034468
2024-07-23,0.541,0.541,0.528,0.529,132688600,71111317,-0.022181146025878062,0.5255500000000001,0.5695666666666667,-0.07999999999999985
2024-07-24,0.527,0.532,0.523,0.525,139748000,73686066,-0.007561436672967825,0.5246500000000001,0.5687333333333334,-0.08695652173913038
2024-07-25,0.522,0.54,0.522,0.535,256932300,136995802,0.01904761904761898,0.52485,0.5678833333333332,-0.08703071672354934
2024-07-26,0.533,0.543,0.533,0.54,153406300,82736668,0.009345794392523477,0.52555,0.5666666666666667,-0.11908646003262635
2024-07-29,0.54,0.54,0.528,0.529,125380100,66521581,-0.020370370370370372,0.5255,0.5654666666666667,-0.11980033277870206
2024-07-30,0.529,0.531,0.523,0.526,117366450,61737740,-0.005671077504725952,0.5257,0.5640333333333334,-0.1405228758169934
2024-07-31,0.525,0.541,0.52,0.54,252541600,134536739,0.026615969581749166,0.5265500000000001,0.5627833333333334,-0.12195121951219501
2024-08-01,0.539,0.541,0.532,0.534,130666700,69969793,-0.011111111111111072,0.5275500000000001,0.5616333333333333,-0.11442786069651734
2024-08-02,0.531,0.534,0.524,0.525,144273600,76336926,-0.016853932584269704,0.528,0.5600166666666666,-0.15594855305466238
2024-08-05,0.523,0.535,0.52,0.52,176855597,93556485,-0.00952380952380949,0.52875,0.5584333333333333,-0.1544715447154471
2024-08-06,0.525,0.534,0.524,0.53,151787100,80430542,0.019230769230769162,0.52985,0.5571333333333333,-0.1282894736842105
2024-08-07,0.53,0.534,0.527,0.531,137469500,72926619,0.0018867924528302993,0.531,0.5558833333333334,-0.12376237623762365
2024-08-08,0.529,0.531,0.524,0.527,122282200,64436456,-0.007532956685499026,0.53105,0.5546833333333334,-0.12020033388981632
2024-08-09,0.529,0.531,0.52,0.521,145127000,76060902,-0.011385199240986688,0.53075,0.5534333333333332,-0.12583892617449655
2024-08-12,0.526,0.527,0.516,0.518,185537100,96361993,-0.0057581573896353655,0.5306,0.5520499999999999,-0.13810316139767054
2024-08-13,0.515,0.524,0.512,0.522,148668506,76891167,0.007722007722007707,0.53015,0.5506833333333334,-0.13576158940397343
2024-08-14,0.523,0.525,0.514,0.515,161626352,83586844,-0.013409961685823757,0.5293500000000001,0.5493166666666666,-0.13735343383584586
2024-08-15,0.512,0.524,0.512,0.519,121477800,62894792,0.007766990291262044,0.5284500000000001,0.5476166666666666,-0.16425120772946855
2024-08-16,0.519,0.52,0.513,0.514,100975700,52149320,-0.009633911368015391,0.52705,0.5461166666666666,-0.14900662251655628
2024-08-19,0.513,0.518,0.512,0.512,82176900,42293483,-0.0038910505836575737,0.5256000000000001,0.5446666666666666,-0.1452420701168614
2024-08-20,0.513,0.515,0.506,0.508,108345600,55230466,-0.0078125,0.52455,0.5431666666666667,-0.15050167224080258
2024-08-21,0.505,0.509,0.502,0.506,83532400,42219794,-0.003937007874015741,0.5236,0.5417000000000001,-0.14814814814814814
2024-08-22,0.507,0.509,0.501,0.502,99629000,50110744,-0.007905138339920903,0.52195,0.5399833333333334,-0.1702479338842975
2024-08-23,0.5,0.502,0.497,0.499,102466100,51133955,-0.005976095617529875,0.5199,0.5382166666666667,-0.17520661157024786
2024-08-26,0.499,0.513,0.499,0.506,127137700,64573179,0.014028056112224352,0.51875,0.5366833333333333,-0.15384615384615385
2024-08-27,0.505,0.506,0.497,0.502,119810289,60111368,-0.007905138339920903,0.5175500000000001,0.5350833333333334,-0.1605351170568562
2024-08-28,0.501,0.504,0.498,0.502,87955600,44091500,0.0,0.51565,0.53335,-0.17161716171617158
2024-08-29,0.5,0.517,0.499,0.512,149496300,76054292,0.019920318725099584,0.51455,0.5318833333333334,-0.1466666666666666
2024-08-30,0.51,0.526,0.509,0.52,178968700,92888967,0.015625,0.5143000000000001,0.5306833333333334,-0.1216216216216216
2024-09-02,0.517,0.52,0.507,0.507,143860100,73838147,-0.025000000000000022,0.5136499999999999,0.52945,-0.1273666092943201
2024-09-03,0.506,0.517,0.505,0.512,126318500,64585113,0.009861932938856066,0.51275,0.5283166666666667,-0.11724137931034473
2024-09-04,0.509,0.521,0.509,0.515,135531400,69883207,0.005859375,0.5119499999999999,0.5273,-0.10590277777777768
2024-09-05,0.513,0.521,0.513,0.516,108627900,56175665,0.001941747572815622,0.5114,0.5263166666666667,-0.10260869565217379
2024-09-06,0.515,0.515,0.504,0.505,149387834,75944323,-0.02131782945736438,0.5105999999999999,0.5251666666666667,-0.12020905923344938
2024-09-09,0.502,0.508,0.498,0.502,108610800,54644449,-0.005940594059405946,0.5098,0.5239166666666667,-0.12998266897746957
2024-09-10,0.502,0.504,0.493,0.5,145848700,72593160,-0.003984063745019917,0.5086999999999999,0.5226500000000001,-0.13194444444444442
2024-09-11,0.497,0.51,0.497,0.507,173630800,87838070,0.014000000000000012,0.5083,0.5216500000000001,-0.1058201058201057
2024-09-12,0.507,0.519,0.507,0.509,148421900,76213603,0.0039447731755424265,0.5077999999999999,0.5208833333333334,-0.08288288288288292
2024-09-13,0.508,0.509,0.496,0.497,153451800,76867946,-0.023575638506876273,0.50695,0.51995,-0.10126582278481022
2024-09-18,1.6,1.606,1.585,1.597,42803294,68286263,2.2132796780684103,0.5612,0.5375333333333334,1.9464944649446494
2024-09-19,1.6,1.634,1.587,1.614,52076794,83908232,0.01064495929868503,0.6165,0.5555333333333333,2.0224719101123596
2024-09-20,1.612,1.612,1.583,1.594,42299905,67273599,-0.012391573729863659,0.6709,0.5730500000000001,1.9355432780847144
2024-09-23,1.59,1.599,1.585,1.586,29237151,46482571,-0.005018820577164407,0.7251000000000001,0.5906333333333333,1.9868173258003767
2024-09-24,1.594,1.664,1.59,1.662,99710667,162749419,0.04791929382093296,0.78325,0.6095666666666666,2.159695817490494
2024-09-25,1.699,1.727,1.68,1.683,86225409,146952567,0.01263537906137202,0.8421000000000001,0.6287833333333332,2.1754716981132076
2024-09-26,1.681,1.737,1.668,1.737,79294824,134866024,0.03208556149732633,0.9038499999999999,0.6490333333333334,2.3275862068965516
2024-09-27,1.77,1.86,1.77,1.854,75316094,136175390,0.06735751295336789,0.9714499999999999,0.6712166666666667,2.5449330783938815
2024-09-30,1.959,2.039,1.936,2.039,225044897,450711952,0.09978425026968729,1.0478,0.6966333333333333,2.9669260700389106
2024-10-08,2.243,2.243,2.15,2.243,249973530,558460169,0.10004904364884726,1.13395,0.7254166666666667,3.346899224806201
2024-10-09,2.245,2.245,2.081,2.089,218464544,473380348,-0.0686580472581364,1.2130500000000002,0.7518166666666667,3.1366336633663368
2024-10-10,2.077,2.148,2.049,2.082,116597480,244921336,-0.00335088559119201,1.2915500000000002,0.77805,3.0984251968503935
2024-10-11,2.077,2.077,1.952,1.976,114388266,228597016,-0.050912584053794396,1.3646,0.8025166666666668,2.889763779527559
2024-10-14,1.999,2.02,1.958,2.01,74711772,148902125,0.01720647773279338,1.4392999999999998,0.8272499999999999,2.8212927756653987
2024-10-15,2.008,2.01,1.955,1.957,64401639,127698081,-0.026368159203979946,1.5119,0.8510833333333333,2.713472485768501
2024-10-16,1.936,1.942,1.902,1.915,65632000,126259088,-0.02146142054164535,1.58255,0.8743166666666666,2.6756238003838773
2024-10-17,1.92,1.934,1.888,1.889,57383957,109780956,-0.013577023498694496,1.652,0.89695,2.5574387947269304
2024-10-18,1.88,2.031,1.88,1.988,121103772,235807843,0.05240868184224445,1.72605,0.9212333333333333,2.743879472693032
2024-10-21,2.028,2.072,1.996,2.026,128426298,260889301,0.019114688128772483,1.8019000000000003,0.94605,2.772811918063314
2024-10-22,2.037,2.07,1.995,2.066,81917232,166298255,0.019743336623889496,1.88035,0.97145,2.81180811808118
2024-10-23,2.069,2.194,2.051,2.133,184269558,390531568,0.03242981606970008,1.9071500000000001,0.9979833333333334,2.942698706099815
2024-10-24,2.125,2.125,2.066,2.072,89411493,186638230,-0.028598218471636128,1.93005,1.0237,2.9168241965973536
2024-10-25,2.074,2.241,2.074,2.198,249488871,545434543,0.060810810810810745,1.9602500000000003,1.0515833333333333,3.1866666666666665
2024-10-28,2.202,2.202,2.15,2.192,95901611,208453151,-0.0027297543221108667,1.99055,1.0792000000000002,3.0971962616822433
2024-10-29,2.214,2.246,2.14,2.142,106191629,231225046,-0.022810218978102315,2.01455,1.1058999999999999,2.9666666666666663
2024-10-30,2.117,2.148,2.104,2.12,90856206,192810556,-0.010270774976657182,2.0364,1.1324166666666668,3.007561436672968
2024-10-31,2.145,2.189,2.13,2.164,129487788,280131273,0.020754716981132182,2.0577499999999995,1.1597166666666667,3.1140684410646386
2024-11-01,2.154,2.17,2.113,2.14,75385353,161537839,-0.011090573012939031,2.07205,1.1863833333333331,2.962962962962963
2024-11-04,2.13,2.167,2.124,2.156,54728449,117522332,0.007476635514018781,2.0779000000000005,1.2134166666666668,3.037453183520599
2024-11-05,2.157,2.219,2.139,2.217,118200461,259072297,0.028293135435992545,2.0766,1.2416166666666666,3.2228571428571424
2024-11-06,2.224,2.303,2.207,2.216,183965322,415278151,-0.0004510599909787194,2.0829500000000003,1.2698833333333335,3.2615384615384615
2024-11-07,2.198,2.235,2.161,2.232,121448160,267224700,0.0072202166064982976,2.09045,1.2982500000000001,3.211320754716981
2024-11-08,2.25,2.293,2.221,2.23,105636859,238482741,-0.0008960573476703981,2.1031500000000003,1.3265666666666667,3.199623352165725
2024-11-11,2.21,2.308,2.185,2.306,118213032,268695243,0.03408071748878916,2.1179499999999996,1.3562166666666664,3.375711574952562
2024-11-12,2.33,2.381,2.273,2.299,146614035,342457809,-0.0030355594102342565,2.13505,1.38585,3.412667946257198
2024-11-13,2.28,2.323,2.261,2.318,124694048,284669861,0.008264462809917328,2.1552,1.4158499999999998,3.474903474903475
2024-11-14,2.331,2.334,2.24,2.245,81029290,185615412,-0.03149266609145818,2.173,1.4445666666666668,3.3007662835249043
2024-11-15,2.236,2.24,2.166,2.168,77576553,171191710,-0.03429844097995549,2.182,1.4721166666666667,3.2097087378640783
2024-11-18,2.16,2.195,2.127,2.138,60898726,131547098,-0.013837638376383854,2.1876,1.4990999999999999,3.119460500963391
2024-11-19,2.141,2.218,2.121,2.216,67224804,145913947,0.036482694106641844,2.1951,1.5274666666666665,3.3112840466926077
2024-11-20,2.207,2.225,2.187,2.21,77823651,171645820,-0.0027075812274369726,2.19895,1.5557666666666667,3.31640625
2024-11-21,2.216,2.234,2.198,2.209,58734005,130152626,-0.0004524886877828038,2.2058,1.5841166666666668,3.3484251968503935
2024-11-22,2.207,2.209,2.128,2.13,54733772,118850683,-0.03576278859212323,2.2024,1.6111833333333334,3.2094861660079053
2024-11-25,2.131,2.172,2.126,2.152,54795710,117904147,0.010328638497652642,2.2003999999999997,1.6386833333333333,3.286852589641435
2024-11-26,2.156,2.16,2.109,2.112,58665947,124900346,-0.0185873605947956,2.1989,1.6655666666666666,3.2324649298597192
2024-11-27,2.101,2.157,2.077,2.153,61085873,129315560,0.019412878787878673,2.20055,1.6930166666666666,3.2549407114624502
2024-11-28,2.157,2.169,2.133,2.135,38763829,83413071,-0.00836042731072928,2.1991000000000005,1.7202333333333335,3.2529880478087643
2024-11-29,2.128,2.187,2.126,2.16,59339650,128135497,0.011709601873536535,2.2001,1.7478666666666667,3.3027888446215146
2024-12-02,2.152,2.177,2.123,2.176,45498772,98188995,0.007407407407407307,2.2011000000000003,1.7756,3.25
2024-12-03,2.18,2.185,2.155,2.174,41653609,90363919,-0.0009191176470588758,2.19895,1.8031666666666666,3.18076923076923
2024-12-04,2.172,2.172,2.12,2.129,48614283,104036701,-0.020699172033118662,2.1946,1.8302,3.1992110453648914
2024-12-05,2.129,2.13,2.112,2.128,31061755,65874456,-0.0004697040864255486,2.1894,1.8571333333333333,3.15625
2024-12-06,2.128,2.157,2.091,2.15,58592606,124681121,0.010338345864661536,2.1854,1.884383333333333,3.174757281553398
2024-12-09,2.145,2.15,2.12,2.134,35206462,75301601,-0.007441860465116301,2.1768,1.9113499999999999,3.1356589147286815
2024-12-10,2.201,2.205,2.125,2.132,89793745,194077173,-0.0009372071227740086,2.16845,1.9384666666666668,3.221782178217822
2024-12-11,2.132,2.136,2.116,2.122,35353367,75139006,-0.004690431519699945,2.15865,1.9654666666666667,3.2270916334661353
2024-12-12,2.121,2.147,2.109,2.14,46527099,99100411,0.008482563619227168,2.1534000000000004,1.9928,3.2800000000000002
2024-12-13,2.133,2.133,2.086,2.09,59832602,125864374,-0.02336448598130858,2.1495,2.0191833333333333,3.122287968441814
2024-12-16,2.09,2.094,2.049,2.055,46703643,96419761,-0.0167464114832534,2.1453499999999996,2.04495,3.0373280943025547
2024-12-17,2.063,2.08,2.05,2.052,35951493,74204883,-0.0014598540145985828,2.13715,2.070866666666667,3.1287726358148893
2024-12-18,2.052,2.06,2.042,2.046,30913679,63372592,-0.0029239766081872176,2.12895,2.07835,0.28115216030056356
2024-12-19,2.038,2.038,2.014,2.033,42499112,86024339,-0.006353861192570864,2.1201499999999998,2.0853333333333333,0.2596034696406442
2024-12-20,2.033,2.04,2.021,2.024,41530292,84283196,-0.0044269552385636235,2.1148499999999997,2.0925,0.2697616060225847
2024-12-23,2.043,2.048,2.014,2.018,57477258,116767883,-0.0029644268774704496,2.10815,2.0997,0.2723833543505674
2024-12-24,2.019,2.054,2.018,2.047,46701051,95316406,0.014370664023786173,2.1048999999999998,2.1061166666666664,0.23164861612515053
2024-12-25,2.053,2.056,2.017,2.027,44704143,90792056,-0.009770395701025891,2.0986000000000002,2.11185,0.20439691027926332
2024-12-26,2.03,2.032,2.012,2.017,38230440,77253213,-0.0049333991119883125,2.0927,2.1165166666666666,0.1611974668969487
2024-12-27,2.018,2.032,2.003,2.014,45148131,91083057,-0.0014873574615766882,2.0854,2.1191833333333334,0.08629989212513478
2024-12-30,2.012,2.024,2.004,2.018,38121777,76765398,0.0019860973187686426,2.0774999999999997,2.1188333333333333,-0.010299166257969783
2024-12-31,2.018,2.028,1.976,1.978,49404974,98737117,-0.019821605550049415,2.0677,2.1144166666666666,-0.11814534106107888
2025-01-02,1.98,1.981,1.911,1.92,87559753,169909098,-0.029322548028311468,2.0572500000000002,2.1116,-0.08089995213020584
2025-01-03,1.927,1.933,1.882,1.883,49679813,94977731,-0.019270833333333348,2.045,2.1082833333333335,-0.095581171950048
2025-01-06,1.883,1.906,1.873,1.888,36879233,69591295,0.0026553372278279586,2.0319000000000003,2.1068166666666666,-0.044534412955465674
2025-01-07,1.88,1.893,1.866,1.891,31873837,59926911,0.0015889830508475367,2.01975,2.1048333333333336,-0.05920398009950234
2025-01-08,1.89,1.896,1.85,1.879,45244577,84668484,-0.0063458487572712885,2.0071,2.103533333333333,-0.03985692386305573
2025-01-09,1.871,1.895,1.869,1.877,26968320,50729647,-0.001064395955295394,1.99485,2.1029,-0.01984334203655358
2025-01-10,1.876,1.88,1.831,1.833,51546922,95328050,-0.023441662226957982,1.9794999999999998,2.1019666666666668,-0.029645314981471715
2025-01-13,1.819,1.853,1.815,1.84,34039257,62485964,0.003818876159301654,1.967,2.0995000000000004,-0.07444668008048283
2025-01-14,1.841,1.904,1.838,1.899,54962810,103149349,0.0320652173913043,1.9591999999999998,2.097383333333333,-0.06268509378084886
2025-01-15,1.899,1.919,1.878,1.897,36998323,70118790,-0.0010531858873090716,1.9514500000000001,2.0945666666666667,-0.0818005808325265
2025-01-16,1.897,1.93,1.888,1.91,41691125,79476768,0.006852925672113708,1.94465,2.09085,-0.1045475855602438
2025-01-17,1.899,1.924,1.894,1.908,37307098,71176622,-0.0010471204188481353,1.9384000000000001,2.0881166666666666,-0.07915057915057921
2025-01-20,1.913,1.941,1.913,1.928,40012245,77295067,0.01048218029350112,1.9335999999999998,2.0836166666666665,-0.12283894449499544
2025-01-21,1.935,1.935,1.894,1.901,37097420,70607691,-0.014004149377593311,1.92775,2.0787666666666667,-0.13275547445255476
2025-01-22,1.901,1.901,1.866,1.874,34793916,65213125,-0.014203051025775904,1.9191000000000003,2.0743,-0.12511671335200736
2025-01-23,1.888,1.908,1.869,1.87,46108515,87140226,-0.002134471718249764,1.9112500000000001,2.070133333333333,-0.11792452830188682
2025-01-24,1.865,1.902,1.862,1.892,48163105,91019366,0.0117647058823529,1.9049999999999998,2.0656000000000003,-0.12569316081330884
2025-01-27,1.89,1.909,1.874,1.875,30243554,57047512,-0.008985200845665897,1.89805,2.0611833333333336,-0.12383177570093462
2025-02-05,1.892,1.892,1.857,1.866,38452171,71774362,-0.0047999999999999154,1.8904500000000002,2.05635,-0.13450834879406304
2025-02-06,1.869,1.909,1.851,1.908,70314722,132709888,0.022508038585209,1.88695,2.0512,-0.13937753721244928
2025-02-07,1.909,1.975,1.907,1.963,80885186,157649298,0.02882599580712797,1.8890999999999998,2.046983333333333,-0.11416967509025278
2025-02-10,1.969,1.971,1.926,1.95,78539259,152371318,-0.0066225165562914245,1.8924500000000002,2.0422833333333332,-0.1263440860215055
2025-02-11,1.951,1.951,1.905,1.913,65593863,125667547,-0.01897435897435895,1.8936999999999997,2.037,-0.14215246636771295
2025-02-12,1.912,1.938,1.903,1.937,62108454,119159236,0.012545739675901668,1.8960000000000001,2.03085,-0.1600173460537727
2025-02-13,1.937,1.953,1.928,1.931,79582505,154433445,-0.0030975735673722804,1.8986,2.024716666666667,-0.16006959547629396
2025-02-14,1.93,1.959,1.928,1.947,74909809,145730388,0.008285862247540132,1.9021000000000001,2.0185333333333335,-0.16005176876617777
2025-02-17,1.953,1.953,1.929,1.949,65548774,127198077,0.0010272213662043672,1.9079000000000002,2.0136,-0.1318485523385301
2025-02-18,1.955,1.979,1.931,1.938,91837562,180190176,-0.005643919958953414,1.9128,2.0097666666666667,-0.10608856088560892
2025-02-19,1.93,1.964,1.924,1.962,65764546,127936347,0.01238390092879249,1.91595,2.0068333333333332,-0.08231992516370434
2025-02-20,1.96,1.96,1.93,1.944,78365664,152062576,-0.00917431192660556,1.9183,2.0023,-0.12274368231046939
2025-02-21,1.939,1.965,1.939,1.963,81660852,159594767,0.00977366255144041,1.9209500000000002,1.9981833333333334,-0.11176470588235288
2025-02-24,1.964,1.978,1.949,1.971,69486403,136617199,0.004075394803871646,1.9241,1.9942166666666665,-0.10774105930285194
2025-02-25,1.962,1.98,1.95,1.969,63502132,125118975,-0.0010147133434804667,1.9261500000000003,1.9915333333333334,-0.07558685446009383
2025-02-26,1.97,2.012,1.97,2.011,99721364,198617928,0.021330624682579957,1.93165,1.9891833333333333,-0.0655204460966543
2025-02-27,2.012,2.018,1.989,2.011,78289253,156963414,0.0,1.9385,1.9875,-0.047821969696969724
2025-02-28,2.005,2.026,1.969,1.97,80093392,159979386,-0.020387866732968773,1.9434999999999998,1.9844499999999998,-0.0849976776590804
2025-03-03,1.979,2.052,1.976,2.02,123740996,250447756,0.025380710659898442,1.9499000000000002,1.9825333333333333,-0.05386416861826693
2025-03-04,2.011,2.011,1.971,1.993,73474764,145676981,-0.013366336633663378,1.9558000000000004,1.97975,-0.07731481481481484
2025-03-05,1.99,1.99,1.955,1.97,74190476,145977160,-0.011540391369794345,1.9609999999999999,1.9763166666666665,-0.09466911764705888
2025-03-06,1.973,1.999,1.964,1.998,72135777,143170007,0.014213197969543234,1.9655,1.9733833333333335,-0.08095676172953081
2025-03-07,1.988,1.995,1.971,1.98,57789071,114428060,-0.009009009009009028,1.9663500000000003,1.9709,-0.06998590887740719
2025-03-10,1.981,1.996,1.965,1.982,45238119,89445981,0.0010101010101009056,1.96795,1.9684666666666668,-0.06860902255639101
2025-03-11,1.969,1.986,1.962,1.985,44664058,88045232,0.0015136226034309086,1.9715500000000001,1.9657166666666668,-0.07674418604651156
2025-03-12,1.986,1.995,1.974,1.98,49327295,97832123,-0.0025188916876575096,1.9736999999999998,1.96315,-0.07216494845360821
2025-03-13,1.978,1.992,1.958,1.966,46906035,92499149,-0.007070707070707116,1.97545,1.9603833333333334,-0.07786116322701697
2025-03-14,1.973,2.005,1.963,2.002,81848176,163171666,0.01831129196337722,1.9782,1.9583833333333334,-0.05655042412818101
2025-03-17,2.01,2.021,2.0,2.005,51611130,103736830,0.0014985014985016143,1.9809999999999999,1.9561333333333333,-0.0630841121495328
2025-03-18,2.01,2.02,2.002,2.009,56959390,114459464,0.001995012468827939,1.9845499999999998,1.954783333333333,-0.03875598086124399
2025-03-19,2.007,2.022,1.99,2.007,56029662,112259782,-0.0009955201592831697,1.9868000000000001,1.9539833333333334,-0.023357664233576658
2025-03-20,2.003,2.007,1.988,1.991,45462880,90832125,-0.007972097658196287,1.98915,1.9529666666666665,-0.029727095516569157
2025-03-21,1.99,1.999,1.956,1.961,67404080,132850524,-0.015067805123053724,1.98905,1.9515500000000001,-0.04154447702834785
2025-03-24,1.961,1.969,1.93,1.953,59317836,115648707,-0.004079551249362545,1.9881499999999999,1.9502166666666667,-0.03935071323167727
2025-03-25,1.95,1.978,1.948,1.969,50985693,100314433,0.008192524321556593,1.9881499999999999,1.9493,-0.02717391304347827
2025-03-26,1.968,1.994,1.967,1.977,48537033,96173927,0.004062976130015272,1.98645,1.9486166666666667,-0.02031714568880061
2025-03-27,1.975,1.977,1.947,1.959,36752151,72048720,-0.009104704097116834,1.98385,1.9471500000000002,-0.04298974108451392
2025-03-28,1.96,1.971,1.94,1.942,31503007,61453028,-0.008677896886166492,1.98245,1.9457333333333333,-0.04193389245189949
2025-03-31,1.94,1.94,1.887,1.898,57384290,109559201,-0.022657054582904235,1.97635,1.94375,-0.058998512642538414
2025-04-01,1.898,1.919,1.892,1.906,39577041,75424089,0.004214963119072657,1.972,1.9419499999999998,-0.053624627606752684
2025-04-02,1.909,1.916,1.896,1.903,22717901,43316904,-0.0015739769150051597,1.9686499999999998,1.9400333333333333,-0.05698711595639239
2025-04-03,1.885,1.898,1.872,1.874,42627470,80178172,-0.015239096163951582,1.96245,1.9383000000000001,-0.05257836198179977
2025-04-07,1.827,1.828,1.687,1.687,87773114,150987385,-0.09978655282817506,1.9477999999999998,1.9344166666666667,-0.12135416666666665
2025-04-08,1.68,1.704,1.658,1.684,66036891,110440934,-0.001778304682869103,1.9328999999999996,1.9311,-0.10568242166755182
2025-04-09,1.665,1.692,1.617,1.687,71960828,119363242,0.0017814726840856832,1.918,1.92775,-0.10646186440677963
2025-04-10,1.721,1.747,1.714,1.721,54647128,94539782,0.020154119739181908,1.90505,1.9249166666666666,-0.08989952406134316
2025-04-11,1.704,1.741,1.702,1.732,35594943,61367166,0.006391632771644229,1.8933499999999999,1.9224666666666665,-0.07823310271420969
2025-04-14,1.749,1.757,1.741,1.745,30245624,52897031,0.007505773672055405,1.8805,1.9202666666666666,-0.07032498668087372
2025-04-15,1.752,1.753,1.737,1.744,36317159,63321119,-0.0005730659025788842,1.8674500000000003,1.9187833333333333,-0.04855428259683581
2025-04-16,1.741,1.741,1.706,1.727,43405667,74688366,-0.009747706422018276,1.85335,1.9168999999999998,-0.06141304347826082
2025-04-17,1.724,1.736,1.721,1.724,33992979,58764037,-0.0017371163867979655,1.8392000000000004,1.9139833333333336,-0.0921537651395472
2025-04-18,1.725,1.731,1.716,1.729,22100801,38077759,0.0029002320185615993,1.8260999999999998,1.9111833333333335,-0.088560885608856
2025-04-21,1.732,1.749,1.717,1.747,32897741,57241622,0.010410641989589298,1.8154,1.9084666666666668,-0.08534031413612553
2025-04-22,1.75,1.751,1.739,1.742,19050133,33235341,-0.0028620492272467546,1.80485,1.9057,-0.08700209643605872
2025-04-23,1.755,1.764,1.743,1.752,29023877,50895945,0.00574052812858783,1.794,1.902766666666667,-0.09128630705394192
2025-04-24,1.757,1.769,1.745,1.746,25696529,45136667,-0.003424657534246589,1.78245,1.9001833333333333,-0.08153603366649131
2025-04-25,1.748,1.762,1.744,1.755,25464276,44679429,0.005154639175257714,1.77225,1.8981999999999999,-0.06350053361792962
2025-04-28,1.758,1.765,1.75,1.751,21653051,38010648,-0.002279202279202308,1.7627000000000002,1.8962166666666667,-0.06363636363636371
2025-04-29,1.746,1.753,1.741,1.743,16621050,29023031,-0.004568817818389359,1.7549499999999998,1.8937333333333333,-0.07875264270613103
2025-04-30,1.74,1.754,1.739,1.745,25483364,44536563,0.0011474469305794432,1.7469000000000001,1.8915666666666666,-0.06933333333333325
2025-05-06,1.755,1.778,1.751,1.777,34693987,61328727,0.01833810888252141,1.7406,1.8900833333333333,-0.04769560557341923
2025-05-07,1.791,1.805,1.772,1.782,31398355,56129362,0.002813731007315745,1.736,1.8879833333333333,-0.06603773584905659
2025-05-08,1.779,1.818,1.776,1.812,54370279,98105975,0.01683501683501687,1.7422499999999999,1.8854666666666666,-0.07692307692307698
2025-05-09,1.815,1.815,1.788,1.799,28244042,50754755,-0.007174392935982432,1.748,1.8829500000000001,-0.0774358974358974
2025-05-12,1.813,1.845,1.813,1.844,60453530,110724622,0.02501389660922748,1.75585,1.8818,-0.03606900156821746
2025-05-13,1.86,1.883,1.85,1.856,50660447,94507223,0.006507592190889477,1.7626000000000002,1.88045,-0.041817243159525064
2025-05-14,1.851,1.865,1.84,1.86,40902102,75659483,0.0021551724137931494,1.7690000000000001,1.8792666666666666,-0.03676851372345935
2025-05-15,1.859,1.859,1.827,1.828,39196174,71975846,-0.017204301075268824,1.77315,1.8772833333333334,-0.06111967128916285
2025-05-16,1.826,1.838,1.824,1.829,22473013,41139399,0.000547045951859948,1.7774,1.8752833333333332,-0.061570035915854304
2025-05-19,1.83,1.838,1.81,1.828,27196729,49533948,-0.0005467468562054822,1.78245,1.8734499999999998,-0.056759545923632526
2025-05-20,1.833,1.84,1.819,1.835,23245470,42547439,0.003829321663019636,1.7879999999999998,1.8713333333333333,-0.06472986748216103
2025-05-21,1.835,1.867,1.835,1.853,44805851,83241879,0.009809264305177035,1.7942,1.8698166666666667,-0.04681069958847739
2025-05-22,1.854,1.855,1.83,1.83,34007650,62569401,-0.012412304371289706,1.79835,1.8676,-0.06775343861436578
2025-05-23,1.83,1.847,1.811,1.816,38345220,69968284,-0.007650273224043769,1.8020500000000002,1.8650166666666668,-0.07864028411973623
2025-05-26,1.811,1.817,1.794,1.801,29011859,52326663,-0.00825991189427322,1.8045000000000002,1.8622166666666666,-0.08532249873032005
2025-05-27,1.802,1.805,1.781,1.792,27244129,48774640,-0.0049972237645752315,1.8067999999999997,1.8585666666666667,-0.10890104425658875
2025-05-28,1.791,1.796,1.776,1.779,26393193,47072091,-0.007254464285714302,1.8080000000000003,1.8547000000000002,-0.11536548980606676
2025-05-29,1.78,1.793,1.774,1.791,24832742,44374228,0.006745362563237878,1.8099999999999998,1.851716666666667,-0.09086294416243657
2025-05-30,1.79,1.791,1.771,1.774,19250432,34185038,-0.009491903964265691,1.81155,1.8476166666666667,-0.12178217821782178
2025-06-03,1.773,1.779,1.766,1.774,27654780,48970720,0.0,1.813,1.8439666666666668,-0.10988459608630208
2025-06-04,1.775,1.798,1.775,1.792,30370292,54358971,0.01014656144306647,1.8137500000000002,1.8410000000000002,-0.09035532994923856
2025-06-05,1.794,1.797,1.782,1.796,22670070,40578189,0.0022321428571427937,1.8144500000000001,1.8376333333333332,-0.10110110110110104
2025-06-06,1.796,1.801,1.789,1.793,18115321,32493511,-0.0016703786191537562,1.8135000000000001,1.8345166666666666,-0.09444444444444444
2025-06-09,1.796,1.811,1.79,1.808,24908153,44955161,0.008365867261572957,1.8139500000000002,1.8316166666666664,-0.08779011099899092
2025-06-10,1.807,1.818,1.781,1.792,38698095,69660406,-0.008849557522123908,1.8113500000000002,1.8283999999999998,-0.09722921914357685
2025-06-11,1.792,1.825,1.792,1.818,45356998,82409683,0.014508928571428603,1.80945,1.8257,-0.08181818181818179
2025-06-12,1.81,1.814,1.802,1.809,22186475,40088721,-0.004950495049505066,1.8069,1.8230833333333332,-0.07985757884028488
2025-06-13,1.809,1.813,1.79,1.794,27754125,49877722,-0.008291873963515717,1.8052,1.8196166666666669,-0.10389610389610382
2025-06-16,1.791,1.801,1.788,1.795,29567575,53006902,0.0005574136008918984,1.8035,1.8161166666666668,-0.10473815461346636
2025-06-17,1.796,1.81,1.789,1.8,53682039,96532235,0.0027855153203342198,1.8021,1.8126333333333335,-0.10403185664509695
2025-06-18,1.799,1.808,1.795,1.806,24858453,44851942,0.0033333333333334103,1.8006499999999999,1.8092833333333334,-0.10014947683109121
2025-06-19,1.804,1.819,1.78,1.785,36465628,65497697,-0.011627906976744207,1.79725,1.80585,-0.10346559517830245
2025-06-20,1.787,1.811,1.777,1.78,29806023,53427693,-0.0028011204481792618,1.79475,1.8028333333333333,-0.09229984701682814
2025-06-23,1.776,1.803,1.774,1.802,28192805,50592993,0.012359550561797716,1.79405,1.8003166666666668,-0.07731694828469027
2025-06-24,1.802,1.844,1.802,1.844,58723938,107384882,0.023307436182020025,1.7962,1.7982333333333334,-0.06348400203148807
2025-06-25,1.845,1.874,1.845,1.869,93375441,173913415,0.013557483731019504,1.8000500000000001,1.7964333333333333,-0.05462822458270111
2025-06-26,1.869,1.885,1.857,1.858,43240744,80996404,-0.005885500267522659,1.8039999999999998,1.79475,-0.05155691679428276
2025-06-27,1.858,1.89,1.857,1.865,41416489,77606968,0.003767491926802924,1.8077,1.7934666666666668,-0.03964984552008233
2025-06-30,1.869,1.891,1.869,1.891,93719133,176361768,0.01394101876675613,1.81355,1.79335,-0.0036880927291885746
2025-07-01,1.891,1.891,1.867,1.885,43715657,82001760,-0.0031729243786356998,1.8191,1.793,-0.011017838405036673
2025-07-02,1.884,1.91,1.875,1.907,57427184,108643943,0.011671087533156488,1.82485,1.7930666666666668,0.0021019442984759884
2025-07-03,1.91,1.935,1.895,1.929,54165830,103827000,0.011536444677503921,1.8315000000000001,1.7939833333333335,0.02934898612593373
2025-07-04,1.929,1.937,1.907,1.913,46118557,88376670,-0.00829445308449972,1.8375,1.7977500000000002,0.13396561944279783
2025-07-07,1.908,1.919,1.899,1.905,33782480,64334836,-0.004181913225300593,1.8423500000000002,1.8014333333333334,0.13123515439429934
2025-07-08,1.902,1.973,1.902,1.967,85413725,166873008,0.032545931758530156,1.8511,1.8061,0.1659751037344399
2025-07-09,1.967,1.978,1.956,1.962,45439075,89477796,-0.00254194204372149,1.8583000000000003,1.8101166666666668,0.14003486345148164
2025-07-10,1.961,1.987,1.96,1.978,40722442,80432028,0.00815494393476035,1.8667500000000001,1.8142166666666668,0.14203233256351044
2025-07-11,1.978,1.987,1.965,1.97,46025092,90993552,-0.004044489383215333,1.8755499999999998,1.8179666666666667,0.1289398280802292
2025-07-14,1.97,1.992,1.967,1.974,37237435,73726015,0.0020304568527917954,1.8844999999999998,1.8218,0.13188073394495414
2025-07-15,1.969,1.98,1.94,1.952,40459817,79221327,-0.011144883485309065,1.8921,1.82555,0.13028372900984353
2025-07-16,1.949,1.951,1.938,1.948,28306388,55038735,-0.002049180327868827,1.8992,1.8292833333333332,0.1299303944315544
2025-07-17,1.952,1.969,1.948,1.968,33864684,66353948,0.010266940451745477,1.90835,1.8332666666666666,0.1382301908617698
2025-07-18,1.969,1.997,1.967,1.98,38088930,75487373,0.0060975609756097615,1.9183499999999998,1.83715,0.1333714939896966
2025-07-21,1.982,2.007,1.982,2.006,44960296,89880897,0.013131313131313105,1.92855,1.8415500000000002,0.15154994259471866
2025-07-22,2.006,2.054,2.002,2.051,81569599,165843463,0.022432701894317342,1.9388999999999998,1.8465333333333334,0.1706621004566211
2025-07-23,2.062,2.073,2.031,2.033,67176281,138038441,-0.008776206728425273,1.9471,1.8513166666666667,0.16437571592210753
2025-07-24,2.029,2.088,2.027,2.086,63928880,132127010,0.026069847515986178,1.9585000000000001,1.8568333333333336,0.18860398860398853
2025-07-25,2.09,2.092,2.07,2.077,47629425,99030348,-0.004314477468839839,1.9690999999999999,1.8622666666666667,0.18617932609937182
2025-07-28,2.073,2.08,2.049,2.07,48525959,100218455,-0.003370245546461259,1.97805,1.8677166666666667,0.18760757314974175
2025-07-29,2.07,2.088,2.06,2.088,34037945,70581796,0.008695652173913215,1.9882000000000002,1.8734333333333335,0.1965616045845271
2025-07-30,2.089,2.092,2.038,2.048,44369577,91494638,-0.019157088122605415,1.99525,1.87795,0.15250422059651103
2025-07-31,2.044,2.045,1.98,1.988,89360969,179530716,-0.029296875,1.9982,1.8813833333333334,0.1156004489337823
2025-08-01,1.987,2.02,1.985,2.0,50279601,100623708,0.006036217303822866,2.0025500000000003,1.8845166666666668,0.10375275938189832
2025-08-04,1.988,1.995,1.975,1.994,27716315,54963164,-0.0030000000000000027,2.007,1.8877666666666668,0.10839355197331857
2025-08-05,1.995,2.007,1.993,2.007,32109164,64226273,0.006519558676028048,2.009,1.8904833333333333,0.08839479392624727
2025-08-06,2.005,2.015,1.998,2.013,24207994,48583021,0.002989536621823552,2.0115499999999997,1.8931,0.08459051724137923
2025-08-07,2.018,2.019,1.988,2.003,33486392,67049444,-0.004967709885742577,2.0128,1.8954833333333334,0.07688172043010755
2025-08-08,2.0,2.043,1.999,2.024,50014394,101199024,0.010484273589615567,2.0155000000000003,1.89875,0.10722100656455136
2025-08-11,2.042,2.079,2.038,2.077,64394721,132790997,0.026185770750988047,2.02065,1.9028833333333333,0.13559322033898313
2025-08-12,2.077,2.077,2.043,2.069,45843343,94407460,-0.003851709195955677,2.0265,1.9069,0.13183807439824946
2025-08-13,2.071,2.097,2.065,2.092,71183714,148062897,0.011116481391976851,2.0337,1.9111833333333335,0.1400544959128065
2025-08-14,2.092,2.098,2.051,2.063,59068328,122780527,-0.013862332695984692,2.03845,1.9146833333333333,0.11332973556395043
2025-08-15,2.055,2.127,2.053,2.123,75294301,158474613,0.029083858458555545,2.0456,1.9195666666666666,0.1601092896174865
2025-08-18,2.14,2.167,2.131,2.146,63101396,135590846,0.010833725859632493,2.0526,1.9250666666666665,0.1817180616740086
2025-08-19,2.144,2.155,2.13,2.139,46876369,100495542,-0.0032618825722274813,2.057,1.9307000000000003,0.18767351471404758
2025-08-20,2.14,2.154,2.112,2.153,43871973,93613419,0.006545114539504571,2.0629999999999997,1.9367166666666666,0.2014508928571428
2025-08-21,2.155,2.163,2.135,2.143,153713939,330737828,-0.004644681839294118,2.06585,1.9427833333333333,0.2046093310848791
2025-08-22,2.142,2.194,2.138,2.192,91752971,199004270,0.02286514232384529,2.0716,1.9494666666666667,0.22389726409826927
2025-08-25,2.194,2.256,2.194,2.242,82201522,183141535,0.022810218978102093,2.0802,1.9572666666666665,0.26381059751972935
2025-08-26,2.238,2.245,2.208,2.232,61305190,136813418,-0.004460303300624302,2.0873999999999997,1.9648999999999999,0.25817361894024815
2025-08-27,2.228,2.259,2.181,2.184,86787198,193264621,-0.021505376344086002,2.0942,1.9714333333333334,0.21875
2025-08-28,2.183,2.228,2.166,2.227,74507985,164060238,0.01968864468864462,2.10615,1.9786166666666667,0.2399777282850779
2025-08-29,2.232,2.319,2.228,2.296,130006389,296918000,0.030983385720700474,2.1209499999999997,1.9869999999999999,0.2805354155047406
2025-09-01,2.3,2.319,2.279,2.319,144382079,331835097,0.010017421602787513,2.1372,1.9955166666666668,0.28263274336283173
2025-09-02,2.316,2.356,2.265,2.289,135440984,312870302,-0.012936610608020649,2.1513,2.0038,0.27734375
2025-09-03,2.287,2.341,2.287,2.33,141413387,328418283,0.017911751856706015,2.1671500000000004,2.0123333333333333,0.28162816281628156
2025-09-04,2.335,2.428,2.3,2.338,227857412,540991229,0.0034334763948498104,2.1839000000000004,2.02115,0.2924267551133224
2025-09-05,2.336,2.555,2.334,2.552,279830057,689284007,0.0915312232677501,2.2103,2.0337833333333335,0.42251950947603123
2025-09-08,2.579,2.593,2.522,2.567,284707299,728238860,0.0058777429467085085,2.2348000000000003,2.04665,0.43008356545961024
2025-09-09,2.549,2.576,2.511,2.532,158228522,402288606,-0.013634592910011789,2.25795,2.05885,0.40666666666666673
2025-09-10,2.503,2.509,2.455,2.49,160895698,399809275,-0.016587677725118377,2.27785,2.07025,0.37873754152823924
2025-09-11,2.472,2.547,2.46,2.546,130990683,328620866,0.02248995983935731,2.302,2.0829333333333335,0.4263305322128852
2025-09-12,2.549,2.56,2.511,2.528,131103812,332759711,-0.0070699135899449095,2.32225,2.0954,0.4202247191011237
2025-09-15,2.528,2.637,2.528,2.566,134874915,349929012,0.015031645569620222,2.3432500000000003,2.1081333333333334,0.4239733629300775
2025-09-16,2.571,2.591,2.51,2.567,113832671,290235303,0.000389711613406174,2.36465,2.1201833333333333,0.3920824295010845
2025-09-17,2.562,2.624,2.538,2.606,109270565,282538621,0.015192832099727216,2.3873,2.1324666666666667,0.39432851792402346
2025-09-18,2.604,2.616,2.526,2.569,135081779,348691226,-0.014198004604758174,2.4086,2.1443166666666666,0.38266953713670593
2025-09-19,2.562,2.61,2.555,2.57,92900535,239789057,0.0003892565200467324,2.4274999999999998,2.156066666666667,0.37801608579088475
2025-09-22,2.569,2.585,2.524,2.557,84388155,214808122,-0.005058365758754846,2.44325,2.1671666666666667,0.35219460602855635
2025-09-23,2.555,2.609,2.513,2.574,119258854,306392797,0.006648416112631894,2.46035,2.1786499999999998,0.3655172413793102
2025-09-24,2.564,2.665,2.552,2.664,126815062,331566771,0.034965034965035,2.48435,2.1912666666666665,0.3969585736759309
2025-09-25,2.666,2.74,2.661,2.709,97255561,262734914,0.016891891891891886,2.50845,2.204266666666667,0.4043545878693624
2025-09-26,2.694,2.746,2.677,2.69,94384531,255760013,-0.007013658176448945,2.52815,2.217216666666667,0.4061683220073182
2025-09-29,2.71,2.795,2.71,2.779,111973166,308809218,0.033085501858736155,2.55115,2.2317833333333335,0.4587926509186351
2025-09-30,2.79,2.849,2.776,2.841,86666632,244629851,0.022310183519251625,2.57875,2.24635,0.44433146924250133
2025-10-09,2.86,2.955,2.86,2.949,107546083,313421638,0.03801478352692711,2.6096999999999997,2.2628,0.5030581039755351
2025-10-10,2.93,2.93,2.751,2.77,199349049,562592343,-0.06069854187860291,2.6313,2.2760000000000002,0.4004044489383216
2025-10-13,2.651,2.796,2.638,2.789,214790131,587380161,0.006859205776173383,2.64315,2.28965,0.41573604060913705
2025-10-14,2.816,2.881,2.703,2.73,142768987,399998139,-0.021154535675869557,2.6513,2.3022500000000004,0.38297872340425543
2025-10-15,2.725,2.78,2.692,2.779,94315301,257371864,0.017948717948717885,2.66365,2.316033333333334,0.42366803278688514
2025-10-16,2.764,2.814,2.748,2.791,71173387,198195884,0.004318100035984207,2.6787,2.3300833333333335,0.43275154004106775
2025-10-17,2.78,2.804,2.65,2.658,107879830,291759522,-0.04765317090648513,2.6843,2.341583333333333,0.35060975609756095
2025-10-20,2.682,2.713,2.65,2.667,79191723,211993053,0.003386004514672747,2.69125,2.3530333333333333,0.34696969696969693
2025-10-21,2.682,2.723,2.659,2.711,83378372,225282772,0.0164979377577803,2.6985,2.3647833333333335,0.35144566301096725
2025-10-22,2.7,2.704,2.652,2.671,49872500,133269805,-0.014754703061600871,2.7037,2.3751166666666665,0.3022915650901996
2025-10-23,2.65,2.715,2.627,2.712,66225360,176706990,0.015350056158742076,2.709,2.3864333333333336,0.33398917855386134
2025-10-24,2.73,2.77,2.723,2.763,92724064,254926573,0.01880530973451311,2.7187,2.3977166666666667,0.3245445829338447
2025-10-27,2.793,2.809,2.754,2.789,72019735,200492357,0.009410061527325375,2.7296500000000004,2.4095833333333334,0.3428021184400578
2025-10-28,2.785,2.806,2.755,2.767,60091289,167086089,-0.007888131946934496,2.74015,2.4212,0.33671497584541066
2025-10-29,2.768,2.943,2.768,2.94,160040979,461909672,0.06252258764004348,2.75845,2.4354,0.40804597701149414
2025-10-30,2.945,3.006,2.936,2.966,132624756,393942711,0.008843537414966018,2.7735499999999997,2.4507,0.4482421875
2025-10-31,2.949,3.045,2.924,2.927,132499693,395898007,-0.0131490222521915,2.78445,2.46635,0.4723340040241448
2025-11-03,2.924,2.965,2.865,2.963,109686183,320730016,0.012299282541851753,2.7981,2.4823999999999997,0.48150000000000004
2025-11-04,2.972,2.973,2.86,2.877,81424593,237132726,-0.029024637192035185,2.803,2.4971166666666664,0.4428284854563691
2025-11-05,2.816,2.993,2.814,2.979,115611003,337090454,0.0354535974973933,2.8099,2.5133166666666664,0.4843049327354261
2025-11-06,2.981,3.06,2.981,3.027,113070890,341330101,0.01611278952668682,2.8138,2.530216666666667,0.5037257824143071
2025-11-07,3.019,3.103,2.993,3.083,109433957,335141132,0.01850016518004627,2.82945,2.548216666666667,0.5391912131802297
2025-11-10,3.11,3.135,3.034,3.063,149045406,459204012,-0.006487187804086969,2.84315,2.565533333333333,0.5133399209486167
2025-11-11,3.068,3.106,3.031,3.039,97552376,299361179,-0.007835455435847183,2.8586,2.581566666666667,0.46316803081367364
2025-11-12,3.011,3.019,2.914,2.961,141666891,419085660,-0.02566633761105641,2.8677,2.596433333333333,0.431126147897535
2025-11-13,2.954,3.128,2.954,3.099,162610307,498062987,0.046605876393110535,2.8830999999999998,2.6132166666666667,0.4813575525812619
2025-11-14,3.045,3.113,3.04,3.051,85948695,263988465,-0.015488867376573068,2.90275,2.6296833333333334,0.47891420261754725
2025-11-17,3.043,3.091,3.01,3.064,72695958,221726310,0.0042608980662077744,2.9226,2.6453666666666664,0.44324069712670733
2025-11-18,3.064,3.086,2.946,2.972,127788960,383366802,-0.030026109660574396,2.93565,2.6591333333333336,0.38490214352283325
2025-11-19,2.963,3.013,2.954,2.988,86138560,256781833,0.0053835800807537915,2.9515000000000002,2.673283333333333,0.3969144460028051
2025-11-20,3.002,3.035,2.934,2.941,102044801,305086574,-0.015729585006693525,2.96295,2.6864166666666667,0.3660009289363677
2025-11-21,2.881,2.883,2.756,2.76,113179990,317065439,-0.061543692621557344,2.9628,2.6967,0.28791413905739627
2025-11-24,2.773,2.777,2.703,2.73,83911060,229281028,-0.010869565217391242,2.95985,2.7056666666666667,0.24543795620437936
2025-11-25,2.764,2.807,2.732,2.783,92837926,257679596,0.019413919413919345,2.9606500000000002,2.7146833333333333,0.24130240856378227
2025-11-26,2.792,2.831,2.765,2.789,68467677,191474496,0.002155946819978549,2.9531,2.723966666666667,0.2495519713261649
2025-11-27,2.787,2.852,2.78,2.785,74917073,210828086,-0.0014342058085334841,2.94405,2.7339833333333337,0.2751831501831501
2025-11-28,2.769,2.84,2.769,2.829,68194417,191810696,0.01579892280071804,2.93915,2.7440166666666665,0.2703188145487203
2025-12-01,2.837,2.858,2.808,2.834,44492063,125987184,0.0017674089784376346,2.9327,2.7529833333333333,0.23432055749128944
2025-12-02,2.834,2.834,2.787,2.798,37573867,105241488,-0.012702893436838392,2.92875,2.7609666666666666,0.2065545493747305
2025-12-03,2.798,2.814,2.751,2.763,41477913,115252394,-0.012508934953538331,2.9179500000000003,2.768866666666667,0.20707732634338116
2025-12-04,2.753,2.773,2.738,2.766,37241204,102736448,0.0010857763300760048,2.9049,2.776133333333333,0.18712446351931322
2025-12-05,2.766,2.799,2.741,2.793,45941896,127614784,0.009761388286334105,2.8904,2.7837166666666664,0.1946107784431137
2025-12-08,2.79,2.858,2.79,2.844,64048498,181337007,0.018259935553168516,2.87945,2.7885833333333334,0.11442006269592464
2025-12-09,2.844,2.858,2.807,2.831,40026395,113190278,-0.00457102672292542,2.86905,2.7929833333333334,0.10284378652123083
2025-12-10,2.825,2.833,2.772,2.813,41124683,115085071,-0.006358177322500769,2.86165,2.7976666666666663,0.11097946287519744
2025-12-11,2.811,2.871,2.802,2.808,75343720,214174649,-0.001777461784571721,2.8471,2.802966666666667,0.12771084337349392
2025-12-12,2.817,2.826,2.765,2.815,74932328,209533511,0.002492877492877632,2.8353,2.8074500000000002,0.10565593087195602
2025-12-15,2.808,2.824,2.758,2.766,46988856,130745644,-0.01740674955595023,2.8204000000000002,2.8114166666666667,0.09414556962025311
2025-12-16,2.762,2.762,2.675,2.702,62068235,167769874,-0.02313810556760665,2.8068999999999997,2.813683333333333,0.053000779423226785
2025-12-17,2.709,2.78,2.708,2.777,80834183,222447355,0.02775721687638799,2.79635,2.817183333333333,0.08180755746007007
2025-12-18,2.758,2.772,2.721,2.722,37211905,102046492,-0.019805545552754822,2.7854,2.8191166666666665,0.044512663085187976
2025-12-19,2.73,2.759,2.714,2.744,42595160,116731635,0.008082292432035398,2.7846,2.822033333333333,0.0681198910081744
2025-12-22,2.751,2.793,2.751,2.785,78723106,218580853,0.014941690962099186,2.78735,2.825616666666667,0.08365758754863828
2025-12-23,2.795,2.854,2.786,2.831,67115430,189343124,0.016517055655296264,2.78975,2.8301833333333333,0.10715682440359808
2025-12-24,2.841,2.859,2.809,2.855,350840303,998689588,0.00847756976333458,2.79305,2.834866666666667,0.10916860916860927
2025-12-25,2.842,2.87,2.82,2.861,54014544,153558972,0.0021015761821365775,2.79685,2.8381499999999997,0.07394894894894888
2025-12-26,2.883,2.967,2.883,2.927,329934456,968047524,0.023068857042991997,2.80175,2.8417833333333333,0.08047249907715015
2025-12-29,2.926,2.935,2.878,2.881,175543996,508924031,-0.01571574991458835,2.8041,2.8449666666666666,0.07100371747211898
2025-12-30,2.85,2.903,2.849,2.888,86461790,249087342,0.002429711905588272,2.8085999999999998,2.846783333333333,0.039222741993522936
2025-12-31,2.889,2.899,2.846,2.859,70021291,200497330,-0.010041551246537384,2.8134,2.847083333333333,0.0063357972544877406
2026-01-05,2.866,2.921,2.866,2.917,134943284,391963915,0.020286813571178675,2.8209500000000003,2.84655,-0.010851135978297788
2026-01-06,2.925,2.978,2.924,2.966,106068423,313762575,0.016798080219403655,2.8296,2.849816666666667,0.07075812274368243
2026-01-07,2.975,3.014,2.954,2.984,65935407,196663265,0.006068779501011479,2.8366,2.8530666666666664,0.06991753316600935
2026-01-08,2.971,3.007,2.953,2.982,84836238,252768093,-0.0006702412868632157,2.84415,2.8572666666666664,0.09230769230769242
2026-01-09,2.978,3.035,2.966,2.999,102832070,308875469,0.0057008718980549045,2.85345,2.8609333333333336,0.07916516732637646
2026-01-12,2.98,3.036,2.97,3.021,109620459,329740861,0.007335778592864273,2.8641,2.8647666666666667,0.08240773916159072
2026-01-13,3.025,3.046,2.977,3.009,98100565,295559610,-0.003972194637537285,2.8738,2.8706166666666673,0.13205417607223469
2026-01-14,3.015,3.086,2.97,3.004,116874593,353437045,-0.0016616816218012476,2.8857,2.8762333333333334,0.12635920509936271
2026-01-15,2.988,3.051,2.983,3.027,74523340,225601255,0.007656458055925519,2.9019500000000003,2.8815,0.11656215418664706
2026-01-16,3.055,3.074,3.024,3.036,62077053,189289974,0.0029732408325073845,2.9149000000000003,2.887583333333333,0.13665293897416708
2026-01-19,3.018,3.074,3.005,3.06,56684154,172628765,0.007905138339920903,2.9318,2.893383333333333,0.12831858407079633
2026-01-20,3.07,3.073,2.969,2.992,73698292,221368737,-0.022222222222222254,2.9442,2.8972,0.08288092652913503
2026-01-21,2.962,3.045,2.962,3.019,67337250,203088879,0.009024064171123003,2.9559,2.901033333333333,0.08246683399067756
2026-01-22,3.018,3.056,2.998,3.015,64379630,194042044,-0.0013249420337859696,2.9651,2.9051666666666667,0.08962775569208548
2026-01-23,3.033,3.165,3.033,3.164,165939156,518771309,0.04941956882255383,2.98055,2.9089,0.07619047619047636
2026-01-26,3.209,3.209,3.119,3.123,107202095,338630990,-0.012958280657395682,2.9936499999999997,2.9115166666666665,0.052933243425488774
2026-01-27,3.107,3.13,3.02,3.11,93338712,286980208,-0.004162664105027303,3.0027999999999997,2.9145666666666665,0.06252135292107952
2026-01-28,3.09,3.098,3.037,3.083,78031337,239103010,-0.008681672025723342,3.0129,2.9165666666666668,0.04049949375632811
2026-01-29,3.056,3.084,3.024,3.028,50310505,153545145,-0.01783976646123908,3.0199000000000003,2.9190833333333335,0.052485227667709466
2026-01-30,3.017,3.017,2.893,2.97,98201581,290278307,-0.01915455746367234,3.02545,2.918933333333334,-0.0030211480362537513
2026-02-02,2.94,3.004,2.912,2.924,83632411,248111394,-0.015488215488215551,3.0258,2.9172166666666666,-0.03402708952758515
2026-02-03,2.93,3.028,2.93,3.026,103570065,308880884,0.03488372093023262,3.0288,2.9162666666666666,-0.018488485241647923
2026-02-04,3.027,3.088,3.008,3.084,87612799,266354525,0.019167217448777363,3.0338000000000003,2.916616666666667,0.006856023506366382
2026-02-05,3.06,3.06,2.941,2.958,94779450,282280958,-0.040856031128404635,3.0326,2.9152666666666667,-0.026653504442250675
2026-02-06,2.914,3.037,2.903,3.0,83983663,249961663,0.014198782961460488,3.03265,2.915916666666667,0.01317122593718345
2026-02-09,3.052,3.084,3.036,3.069,64688996,198008676,0.02299999999999991,3.03505,2.9154166666666663,-0.009680542110358292
2026-02-10,3.067,3.071,3.032,3.038,53395760,162896330,-0.010101010101010166,3.0364999999999998,2.9152,-0.0042608980662078855
2026-02-11,3.031,3.075,3.031,3.062,45926992,140572826,0.007899934167215239,3.0394,2.915166666666667,-0.0006527415143603443
2026-02-12,3.063,3.111,3.061,3.103,64583066,199555627,0.013389941214892342,3.0432,2.91735,0.04407806191117092
2026-02-13,3.075,3.083,3.037,3.038,57077808,174621026,-0.02094747019013865,3.0433,2.9181833333333334,0.016733601070950455
2026-02-24,3.064,3.096,3.064,3.079,47534153,146617535,0.013495720868992978,3.04425,2.9204833333333338,0.04692281536892229
2026-02-25,3.073,3.158,3.073,3.132,78616291,245669060,0.017213380967846748,3.05125,2.9266833333333335,0.13478260869565228
2026-02-26,3.143,3.143,3.083,3.093,74704316,231301362,-0.01245210727969348,3.0549500000000003,2.932733333333333,0.13296703296703294
2026-02-27,3.063,3.12,3.063,3.12,58758000,182352013,0.008729388942773975,3.0602,2.9383500000000002,0.12109234638878918
2026-03-02,3.118,3.152,3.08,3.117,72821388,226824549,-0.0009615384615384581,3.0578499999999997,2.9438166666666663,0.11760487629974903
2026-03-03,3.124,3.157,3.025,3.033,89083707,274140640,-0.02694898941289703,3.05335,2.9479499999999996,0.089048473967684
2026-03-04,2.987,3.07,2.982,3.024,78242089,237217521,-0.0029673590504450953,3.0490500000000003,2.9512,0.06892895015906664
2026-03-05,3.062,3.072,3.026,3.051,60264292,183993250,0.008928571428571397,3.04745,2.954816666666667,0.07657021877205361
2026-03-06,3.055,3.071,3.013,3.048,63356198,192834179,-0.000983284169124965,3.04845,2.9589833333333337,0.08934953538241608
2026-03-09,3.029,3.099,2.971,3.087,109563102,334109459,0.012795275590551158,3.0543,2.964383333333333,0.11726384364820852
2026-03-10,3.111,3.145,3.089,3.142,88344308,276154269,0.017816650469711703,3.0652,2.97065,0.13593637020968896
2026-03-11,3.162,3.258,3.133,3.229,118006196,379509546,0.02768936982813508,3.07535,2.9779166666666668,0.15610454708199062
2026-03-12,3.236,3.252,3.187,3.25,104017705,335091761,0.006503561474140662,3.08365,2.984683333333334,0.14275668073136427
2026-03-13,3.26,3.303,3.228,3.239,174292489,568665901,-0.0033846153846154303,3.0977,2.9914833333333335,0.14411868597668676
2026-03-16,3.274,3.285,3.174,3.188,174205724,556851805,-0.01574560049397955,3.1071,2.9977333333333336,0.1333096338428723
2026-03-17,3.183,3.226,3.113,3.116,153774401,485404928,-0.02258469259723972,3.10945,3.0028666666666672,0.10968660968660982
2026-03-18,3.107,3.124,3.05,3.102,125861389,388745345,-0.004492939666238871,3.11265,3.00765,0.10195381882770871
2026-03-19,3.059,3.102,3.02,3.037,90389857,276210708,-0.02095422308188266,3.1114,3.0121666666666664,0.0979754157628343
2026-03-20,3.036,3.202,3.036,3.114,124051127,387305047,0.02535396773131371,3.1119499999999998,3.0190333333333332,0.15247964470762398
2026-03-23,3.105,3.165,3.034,3.061,348676477,1073569431,-0.017019910083493905,3.1131,3.023766666666667,0.102268635217861
2026-03-24,3.108,3.108,2.946,3.082,196628495,598394545,0.0068605031035609,3.11325,3.0297666666666667,0.13225569434239515
2026-03-25,3.084,3.149,3.08,3.13,177089640,551931036,0.015574302401038409,3.11315,3.0362,0.14067055393585992
2026-03-26,3.133,3.18,3.09,3.112,171159847,535540127,-0.005750798722044648,3.1140999999999996,3.0416499999999997,0.11741472172351886
2026-03-27,3.068,3.19,3.066,3.168,114940811,361271252,0.01799485861182526,3.1165,3.0472666666666663,0.1190392087601555
2026-03-30,3.14,3.177,3.057,3.11,113069096,351620978,-0.018308080808080884,3.1161499999999998,3.0515166666666667,0.08931698774080554
2026-03-31,3.091,3.104,2.998,2.999,108697749,330531500,-0.03569131832797423,3.11445,3.053816666666667,0.048234882908074095
2026-04-01,3.009,3.025,2.954,2.988,132696710,396158560,-0.0036678892964321363,3.11265,3.0548333333333333,0.020840450973693248
2026-04-02,2.971,2.998,2.91,2.928,97030143,285961986,-0.02008032128514059,3.1065,3.0556166666666664,0.0163137799375217
2026-04-03,2.913,2.934,2.852,2.856,69394542,199574154,-0.024590163934426257,3.0968999999999998,3.0550833333333336,-0.011080332409972304
2026-04-07,2.846,2.9,2.844,2.865,56241136,161336538,0.0031512605042018915,3.0858,3.0551833333333334,0.0020986358866736943
2026-04-08,2.907,2.978,2.905,2.976,110310846,324660971,0.03874345549738201,3.0774999999999997,3.056166666666667,0.02022625985601656
2026-04-09,2.976,2.98,2.917,2.953,80503563,237197484,-0.00772849462365599,3.0637,3.05595,-0.004383007417397278
2026-04-10,2.96,3.082,2.96,3.051,107548201,327518493,0.03318658990856771,3.05375,3.0570666666666666,0.02245308310991967
2026-04-13,3.041,3.135,3.035,3.117,105066852,325567604,0.02163225172074723,3.04765,3.059316666666667,0.04527162977867194
2026-04-14,3.126,3.168,3.085,3.167,104297140,326107838,0.01604106512672443,3.0466,3.062116666666667,0.05601867289096352
2026-04-15,3.198,3.2,3.1,3.113,118755170,372245927,-0.017050836754025855,3.04645,3.0636500000000004,0.030453492221118816
2026-04-16,3.13,3.198,3.12,3.189,183555184,583595620,0.02441374879537417,3.0507999999999997,3.06665,0.05982053838484558
2026-04-17,3.182,3.219,3.175,3.194,82185733,262258300,0.0015678896205706394,3.0586499999999996,3.0698166666666666,0.06324900133155786
2026-04-20,3.185,3.213,3.155,3.201,91424965,291657413,0.002191609267376382,3.0629999999999997,3.0727166666666665,0.05748265609514358
2026-04-21,3.213,3.255,3.177,3.24,122425503,394568301,0.012183692596063667,3.07195,3.0761166666666666,0.06719367588932812
2026-04-22,3.209,3.262,3.209,3.245,76921818,248926134,0.0015432098765431057,3.0801,3.0792,0.06045751633986929
2026-04-23,3.255,3.256,3.171,3.197,111260014,356614668,-0.014791987673343665,3.08345,3.0826166666666666,0.06851604278074874
2026-04-24,3.189,3.256,3.176,3.236,83192149,267015954,0.012198936502971547,3.08965,3.0862333333333334,0.07187810533289163
2026-04-27,3.223,3.249,3.209,3.224,71815301,231341127,-0.003708281829419069,3.0924500000000004,3.089716666666667,0.06932006633499177
2026-04-28,3.2,3.208,3.16,3.171,65923596,209854627,-0.0164392059553351,3.0955000000000004,3.0898333333333334,0.0022123893805308104
2026-04-29,3.153,3.304,3.132,3.299,107360682,347786885,0.0403658152002524,3.1105,3.092766666666667,0.05635606788344538
2026-04-30,3.289,3.304,3.26,3.286,93828630,308049721,-0.003940588056986938,3.1254,3.0957000000000003,0.056591639871382604
2026-05-06,3.309,3.384,3.288,3.383,110323250,368598636,0.029519172245891623,3.14815,3.1007000000000002,0.09730781706130376
2026-05-07,3.39,3.39,3.326,3.359,76567883,257053936,-0.007094295004433926,3.1733000000000002,3.1062166666666666,0.10931307793923373
2026-05-08,3.335,3.373,3.293,3.299,98412488,327167013,-0.01786245906519801,3.195,3.1117,0.11077441077441064
2026-05-11,3.335,3.365,3.304,3.345,73895093,246325069,0.013943619278569352,3.2134500000000004,3.118716666666667,0.14398084815321477
2026-05-12,3.344,3.39,3.273,3.297,116241985,383056767,-0.014349775784753382,3.23065,3.1232333333333333,0.08955717118308004
2026-05-13,3.28,3.33,3.278,3.328,105117381,347992817,0.009402487109493318,3.2445,3.1273,0.07911802853437089
2026-05-14,3.343,3.349,3.222,3.223,92245310,302870940,-0.031550480769230727,3.2497999999999996,3.1317166666666667,0.08958755916159555
2026-05-15,3.221,3.264,3.151,3.199,114343397,365004088,-0.007446478436239579,3.2513999999999994,3.1350333333333333,0.06633333333333336
2026-05-18,3.157,3.228,3.148,3.196,143093509,456894709,-0.0009377930603312601,3.2555500000000004,3.13715,0.041381557510589806
2026-05-19,3.177,3.2,3.132,3.196,72823777,230965931,0.0,3.2558999999999996,3.1397833333333334,0.05200789993416732
2026-05-20,3.189,3.256,3.155,3.231,82452250,264111781,0.010951188986232596,3.25775,3.1426,0.05519268451992154
2026-05-21,3.246,3.28,3.14,3.146,89594381,289100559,-0.02630764469204583,3.2550000000000003,3.1433166666666668,0.013857557202706872
2026-05-22,3.149,3.201,3.146,3.196,105781993,335010656,0.015893197711379647,3.2527999999999997,3.14595,0.05200789993416732
2026-05-25,3.196,3.205,3.139,3.174,82221579,260328685,-0.006883604505632079,3.24925,3.147533333333333,0.03085417343293262
2026-05-26,3.159,3.202,3.125,3.18,72984302,230785055,0.001890359168241984,3.2484,3.1483333333333334,0.015325670498084198
2026-05-27,3.18,3.269,3.158,3.18,72923008,235012989,0.0,3.2456000000000005,3.149783333333333,0.02812803103782735
2026-05-28,3.183,3.206,3.126,3.201,69781972,221080404,0.006603773584905603,3.2444499999999996,3.151133333333333,0.02596153846153837
2026-05-29,3.201,3.207,3.097,3.117,100486257,315457208,-0.026241799437675795,3.2417499999999997,3.1511333333333336,0.0
