date,open,high,low,close,volume,amount,daily_return,ma20,ma60,momentum_60
2020-01-02,1.061,1.067,1.045,1.049,1395811390,1474289709,,,,
2020-01-03,1.047,1.057,1.04,1.045,1060671074,1111262359,-0.0038131553860819567,,,
2020-01-06,1.037,1.068,1.032,1.045,1328032835,1391825750,0.0,,,
2020-01-07,1.048,1.059,1.037,1.053,1099468288,1151244030,0.007655502392344582,,,
2020-01-08,1.043,1.043,1.017,1.021,1852387823,1910873885,-0.03038936372269707,,,
2020-01-09,1.036,1.044,1.03,1.036,1071229099,1110250800,0.014691478942213676,,,
2020-01-10,1.052,1.055,1.03,1.038,1119346534,1167206439,0.0019305019305020377,,,
2020-01-13,1.031,1.051,1.019,1.05,1627089539,1681039995,0.011560693641618602,,,
2020-01-14,1.051,1.054,1.035,1.036,1174246379,1228355471,-0.013333333333333308,,,
2020-01-15,1.033,1.04,1.028,1.031,850667929,878638296,-0.004826254826254983,,,
2020-01-16,1.034,1.034,1.025,1.026,671749447,691366396,-0.004849660523763233,,,
2020-01-17,1.03,1.046,1.029,1.031,1180433639,1223348986,0.004873294346978474,,,
2020-01-20,1.031,1.048,1.026,1.046,1071849303,1113824300,0.014548981571290032,,,
2020-01-21,1.04,1.047,1.026,1.028,1115706898,1155100122,-0.017208413001912115,,,
2020-01-22,1.02,1.042,1.003,1.035,1591216324,1625051351,0.006809338521400754,,,
2020-01-23,1.02,1.025,0.982,0.994,1767009605,1776972279,-0.03961352657004824,,,
2020-02-03,0.895,0.899,0.895,0.895,873652000,782087956,-0.0995975855130784,,,
2020-02-04,0.875,0.899,0.871,0.892,2764857798,2450376171,-0.003351955307262622,,,
2020-02-05,0.896,0.928,0.888,0.905,2083951097,1887759211,0.014573991031390232,,,
2020-02-06,0.902,0.935,0.895,0.928,1929203568,1767315174,0.02541436464088398,1.0092,,
2020-02-07,0.92,0.935,0.917,0.929,1453968657,1346519490,0.0010775862068965747,1.0032,,
2020-02-10,0.922,0.945,0.921,0.938,1371475760,1283555739,0.009687836383207582,0.9978499999999999,,
2020-02-11,0.945,0.959,0.936,0.937,1640557560,1550498946,-0.0010660980810233145,0.99245,,
2020-02-12,0.933,0.957,0.933,0.953,1331651293,1259504042,0.01707577374599767,0.9874499999999999,,
2020-02-13,0.95,0.957,0.933,0.937,1102893398,1039313776,-0.01678908709338922,0.98325,,
2020-02-14,0.934,0.965,0.933,0.954,1745827711,1660758938,0.018143009605122717,0.9791500000000001,,
2020-02-17,0.98,1.007,0.97,1.004,2256825685,2224697191,0.05241090146750538,0.9774499999999999,,
2020-02-18,1.003,1.007,0.988,0.997,1354257879,1349768722,-0.006972111553784854,0.9747999999999999,,
2020-02-19,0.996,1.02,0.993,0.999,1611729191,1625513594,0.0020060180541625616,0.97295,,
2020-02-20,1.0,1.069,1.0,1.068,2646199005,2729011598,0.06906906906906918,0.9747999999999999,,
2020-02-21,1.066,1.097,1.047,1.064,3265784774,3493794533,-0.0037453183520599342,0.9766999999999999,,
2020-02-24,1.058,1.079,1.047,1.065,2123327338,2256141905,0.0009398496240600185,0.9784,,
2020-02-25,1.048,1.076,1.021,1.073,2959501778,3113867280,0.007511737089201942,0.9797499999999999,,
2020-02-26,1.051,1.084,1.045,1.053,2254892741,2405857963,-0.018639328984156545,0.9810000000000001,,
2020-02-27,1.059,1.077,1.046,1.055,1964112331,2083164799,0.0018993352326686086,0.982,,
2020-02-28,1.025,1.032,0.982,0.987,2767060174,2786168053,-0.06445497630331753,0.9816499999999999,,
2020-03-02,1.001,1.045,0.991,1.036,2514581474,2567095422,0.049645390070921946,0.9887,,
2020-03-03,1.055,1.073,1.033,1.046,2119792138,2232646982,0.009652509652509744,0.9964000000000001,,
2020-03-04,1.04,1.076,1.037,1.075,2328516630,2461078052,0.027724665391969383,1.0049,,
2020-03-05,1.091,1.124,1.066,1.108,3314683934,3626344263,0.030697674418604715,1.0139,,
2020-03-06,1.088,1.093,1.066,1.067,2244218434,2418711723,-0.03700361010830333,1.0208,,
2020-03-09,1.044,1.058,1.022,1.034,2468008036,2571034975,-0.030927835051546282,1.0256,,
2020-03-10,1.038,1.073,1.023,1.068,2447777386,2572280686,0.03288201160541582,1.0321500000000001,,
2020-03-11,1.063,1.066,1.036,1.037,1489474588,1566761953,-0.029026217228464546,1.03635,,
2020-03-12,1.021,1.037,1.013,1.025,1568893726,1607243615,-0.011571841851494735,1.0407499999999998,,
2020-03-13,0.978,1.03,0.971,1.016,2422327525,2416869510,-0.008780487804877946,1.04385,,
2020-03-16,1.015,1.018,0.955,0.959,2332997007,2307577250,-0.05610236220472442,1.0416,,
2020-03-17,0.976,0.985,0.937,0.961,1622277122,1560814819,0.002085505735140769,1.0398,,
2020-03-18,0.964,0.975,0.929,0.93,1580257478,1511489078,-0.03225806451612889,1.03635,,
2020-03-19,0.932,0.953,0.913,0.942,2305305914,2153130480,0.012903225806451424,1.0300500000000001,,
2020-03-20,0.949,0.955,0.933,0.954,1328574592,1256608159,0.01273885350318471,1.02455,,
2020-03-23,0.922,0.937,0.911,0.912,1365918133,1261825944,-0.04402515723270428,1.0169000000000001,,
2020-03-24,0.931,0.937,0.909,0.936,1682349810,1555062081,0.026315789473684292,1.0100500000000001,,
2020-03-25,0.957,0.96,0.941,0.951,1951251658,1855620866,0.01602564102564097,1.0049499999999998,,
2020-03-26,0.943,0.948,0.933,0.934,953476718,897295176,-0.017875920084121866,0.9988999999999999,,
2020-03-27,0.945,0.958,0.938,0.941,1414177289,1339380290,0.007494646680942019,0.9966000000000002,,
2020-03-30,0.925,0.936,0.92,0.932,891627871,826049492,-0.009564293304994531,0.9914,,
2020-03-31,0.94,0.941,0.926,0.927,842917969,787476120,-0.005364806866952843,0.9854499999999999,,
2020-04-01,0.922,0.94,0.921,0.922,972639732,904759855,-0.005393743257820938,0.9778,,
2020-04-02,0.919,0.941,0.918,0.94,952760943,885461888,0.019522776572667988,0.9693999999999999,0.9975,
2020-04-03,0.934,0.936,0.923,0.926,699871976,650499614,-0.01489361702127645,0.96235,0.99545,-0.11725452812202086
2020-04-07,0.942,0.951,0.936,0.948,1615844533,1523455061,0.023758099352051643,0.9580500000000001,0.9938333333333332,-0.09282296650717703
2020-04-08,0.941,0.948,0.938,0.943,719548407,677583077,-0.0052742616033755185,0.9517999999999999,0.9921333333333333,-0.09760765550239237
2020-04-09,0.951,0.967,0.95,0.952,1543837561,1478626006,0.009544008483563182,0.94755,0.9904499999999999,-0.09591642924976251
2020-04-10,0.954,0.956,0.937,0.939,981249408,927458063,-0.013655462184874012,0.9432500000000001,0.9890833333333333,-0.08031341821743387
2020-04-13,0.931,0.934,0.924,0.929,926786247,861427952,-0.010649627263045636,0.9389,0.9873,-0.10328185328185324
2020-04-14,0.935,0.965,0.931,0.954,1510585547,1429156199,0.026910656620021456,0.93865,0.9859000000000001,-0.08092485549132955
2020-04-15,0.949,0.962,0.942,0.944,1063552988,1011927059,-0.010482180293501009,0.9377999999999999,0.9841333333333332,-0.10095238095238102
2020-04-16,0.938,0.963,0.937,0.952,1260409089,1201238109,0.008474576271186418,0.9389,0.9827333333333333,-0.08108108108108114
2020-04-17,0.959,0.961,0.949,0.95,1019803559,974978712,-0.0021008403361344463,0.9392999999999999,0.9813833333333334,-0.078564500484966
2020-04-20,0.953,0.954,0.948,0.954,588391832,559693658,0.004210526315789442,0.9393,0.9801833333333333,-0.07017543859649134
2020-04-21,0.949,0.949,0.931,0.936,851129227,798056073,-0.01886792452830177,0.9404999999999999,0.9786,-0.09214354995150331
2020-04-22,0.93,0.94,0.929,0.939,596631172,557488004,0.0032051282051281937,0.94065,0.9768166666666667,-0.1022944550669217
2020-04-23,0.939,0.94,0.93,0.931,573634837,535741111,-0.008519701810436486,0.9396500000000001,0.9752,-0.0943579766536965
2020-04-24,0.928,0.931,0.911,0.915,910533345,838012780,-0.017185821697099923,0.9387000000000001,0.9732,-0.1159420289855071
2020-04-27,0.915,0.923,0.911,0.913,679684510,623913317,-0.002185792349726823,0.9372999999999999,0.97185,-0.08148893360160958
2020-04-28,0.922,0.93,0.906,0.925,1211560098,1117234180,0.013143483023001057,0.9369500000000001,0.9723499999999999,0.033519553072625774
2020-04-29,0.918,0.931,0.917,0.926,776110407,718150783,0.00108108108108107,0.9369,0.9729166666666667,0.03811659192825112
2020-04-30,0.931,0.949,0.931,0.947,1428528411,1345201024,0.022678185745140356,0.9381499999999999,0.9736166666666667,0.04640883977900545
2020-05-06,0.931,0.95,0.93,0.95,1461013519,1370175587,0.0031678986272438703,0.9386500000000002,0.9739833333333333,0.023706896551723977
2020-05-07,0.947,0.955,0.941,0.943,1027533110,973411529,-0.00736842105263158,0.9395,0.9742166666666667,0.015069967707211918
2020-05-08,0.95,0.97,0.945,0.961,2015456970,1928812106,0.019088016967126142,0.94015,0.9746,0.024520255863539564
2020-05-11,0.963,0.966,0.947,0.954,1058147859,1013073934,-0.007284079084287187,0.9407,0.9748833333333333,0.018143009605122717
2020-05-12,0.957,0.959,0.943,0.951,767664445,729571903,-0.0031446540880503138,0.94065,0.97485,-0.0020986358866736943
2020-05-13,0.945,0.954,0.943,0.951,739240366,701368995,0.0,0.9412499999999999,0.9750833333333334,0.014941302027748016
2020-05-14,0.946,0.947,0.937,0.938,887031952,835855536,-0.013669821240799185,0.9417,0.9748166666666667,-0.016771488469601747
2020-05-15,0.944,0.947,0.939,0.94,753318335,710136139,0.002132196162046851,0.9410000000000001,0.97375,-0.06374501992031878
2020-05-18,0.939,0.944,0.932,0.936,772686839,725127591,-0.004255319148936065,0.9406000000000001,0.9727333333333334,-0.0611835506519558
2020-05-19,0.945,0.946,0.938,0.941,819509501,771786631,0.005341880341880323,0.9400499999999999,0.9717666666666667,-0.05805805805805808
2020-05-20,0.939,0.943,0.933,0.934,1009980393,946630506,-0.007438894792773487,0.93925,0.9695333333333332,-0.12546816479400746
2020-05-21,0.936,0.938,0.925,0.926,833233993,776419898,-0.008565310492505307,0.9378499999999999,0.9672333333333333,-0.12969924812030076
2020-05-22,0.925,0.926,0.903,0.905,1480161122,1351169867,-0.022678185745140356,0.9362999999999999,0.9645666666666666,-0.1502347417840375
2020-05-25,0.902,0.907,0.897,0.9,849744806,765743229,-0.0055248618784530246,0.93435,0.9616833333333333,-0.16123019571295427
2020-05-26,0.904,0.91,0.903,0.909,768498421,696974225,0.010000000000000009,0.9332499999999999,0.9592833333333333,-0.1367521367521367
2020-05-27,0.908,0.909,0.898,0.899,615587480,555789113,-0.011001100110010986,0.93245,0.9566833333333332,-0.14786729857819902
2020-05-28,0.9,0.923,0.9,0.911,1241020857,1131795303,0.013348164627363657,0.9323499999999999,0.9554166666666666,-0.07700101317122587
2020-05-29,0.905,0.91,0.904,0.907,555545507,503887879,-0.004390779363336983,0.9314499999999999,0.9532666666666667,-0.12451737451737455
2020-06-01,0.93,0.95,0.924,0.946,2208864732,2070539522,0.04299889746416752,0.93245,0.9516000000000001,-0.09560229445506696
2020-06-02,0.943,0.95,0.939,0.943,861550754,813101765,-0.003171247357293905,0.93225,0.9494,-0.12279069767441864
2020-06-03,0.946,0.95,0.932,0.934,984915204,927883114,-0.00954400848356296,0.9314499999999999,0.9465,-0.15703971119133575
2020-06-04,0.937,0.939,0.928,0.929,827289169,771419910,-0.005353319057815886,0.9307500000000001,0.9442,-0.1293345829428303
2020-06-05,0.93,0.94,0.924,0.939,1077597438,1004675947,0.010764262648008449,0.92965,0.9426166666666665,-0.0918762088974856
2020-06-08,0.943,0.943,0.933,0.934,783743685,735176268,-0.005324813631522818,0.92865,0.9403833333333333,-0.12546816479400746
2020-06-09,0.935,0.951,0.934,0.943,1195506390,1128223842,0.009635974304068373,0.92825,0.9388166666666666,-0.09064609450337513
2020-06-10,0.941,0.941,0.933,0.936,685912385,642376599,-0.007423117709437821,0.9275,0.9373333333333334,-0.08682926829268278
2020-06-11,0.936,0.949,0.93,0.93,1283265802,1203275353,-0.0064102564102563875,0.9271,0.9359000000000001,-0.08464566929133854
2020-06-12,0.916,0.933,0.914,0.929,939077316,868254599,-0.0010752688172043223,0.92655,0.9354,-0.031282586027111536
2020-06-15,0.93,0.948,0.926,0.927,1250434451,1172653440,-0.0021528525296017342,0.9261000000000001,0.9348333333333334,-0.03537981269510915
2020-06-16,0.935,0.94,0.931,0.936,813295989,760507111,0.009708737864077666,0.9258500000000002,0.9349333333333334,0.006451612903225712
2020-06-17,0.936,0.937,0.927,0.933,844916273,787087167,-0.0032051282051281937,0.9258000000000001,0.9347833333333334,-0.009554140127388422
2020-06-18,0.932,0.95,0.93,0.943,1234593240,1163027658,0.010718113612004254,0.9266500000000001,0.9346,-0.011530398322851187
2020-06-19,0.943,0.985,0.941,0.975,2720016391,2620407630,0.03393425238600223,0.93015,0.9356500000000001,0.06907894736842102
2020-06-22,0.976,1.035,0.975,1.002,2560719435,2579231466,0.027692307692307683,0.9352499999999999,0.9367500000000001,0.07051282051282048
2020-06-23,0.997,1.012,0.99,1.01,1646125143,1649072934,0.007984031936127733,0.9403,0.9377333333333334,0.062039957939011625
2020-06-24,1.014,1.029,1.003,1.011,1280620485,1297149738,0.000990099009900991,0.9459,0.9390166666666666,0.08244111349036376
2020-06-29,0.998,1.002,0.974,0.979,2100662197,2067763767,-0.03165182987141435,0.9493,0.9396500000000001,0.040382571732199724
2020-06-30,0.984,1.024,0.982,1.012,1908825652,1910686980,0.03370786516853941,0.95455,0.9409833333333334,0.0858369098712446
2020-07-01,1.01,1.032,1.005,1.031,1971459693,2008427029,0.018774703557312256,0.9587999999999999,0.9427166666666668,0.11218985976267515
2020-07-02,1.03,1.118,1.026,1.116,3600699936,3872691365,0.08244422890397685,0.96745,0.9459500000000001,0.21041214750542303
2020-07-03,1.128,1.228,1.115,1.228,4721688470,5455384112,0.10035842293906794,0.9821500000000001,0.95075,0.30638297872340425
2020-07-06,1.258,1.351,1.231,1.351,6394959542,8251578222,0.10016286644951133,1.00325,0.9578333333333334,0.4589632829373649
2020-07-07,1.355,1.357,1.251,1.28,6320843770,8195282220,-0.052553663952627616,1.0203,0.9633666666666667,0.3502109704641352
2020-07-08,1.271,1.394,1.267,1.353,5186884549,6865287391,0.05703124999999987,1.0412500000000002,0.9702,0.43478260869565233
2020-07-09,1.339,1.395,1.319,1.36,4499221912,6115415111,0.005173688100517548,1.0621,0.977,0.4285714285714288
2020-07-10,1.33,1.369,1.322,1.331,3199129393,4299294633,-0.021323529411764852,1.08185,0.9835333333333334,0.41746538871139505
2020-07-13,1.315,1.386,1.306,1.351,3930240896,5285610302,0.015026296018031626,1.1029,0.9905666666666666,0.45425188374596326
2020-07-14,1.333,1.368,1.322,1.356,3121793264,4196685492,0.0037009622501851247,1.1242500000000002,0.9972666666666666,0.42138364779874227
2020-07-15,1.371,1.384,1.31,1.315,2654490464,3565836849,-0.030235988200590036,1.1436499999999998,1.00345,0.3930084745762712
2020-07-16,1.313,1.346,1.241,1.246,2968407113,3858485864,-0.0524714828897338,1.15915,1.00835,0.3088235294117647
2020-07-17,1.258,1.268,1.188,1.207,3300846867,4037401639,-0.03130016051364359,1.17285,1.0126333333333333,0.2705263157894737
2020-07-20,1.231,1.293,1.224,1.276,2674731453,3357120393,0.05716652858326432,1.1895,1.018,0.33752620545073375
2020-07-21,1.275,1.281,1.243,1.254,1602875716,2017432326,-0.017241379310344862,1.20345,1.0233,0.33974358974358965
2020-07-22,1.258,1.316,1.25,1.265,2856735471,3670697670,0.00877192982456143,1.2166000000000001,1.0287333333333333,0.3471778487752928
2020-07-23,1.244,1.278,1.23,1.27,2614832868,3282170334,0.0039525691699606735,1.2296,1.0343833333333334,0.36412459720730395
2020-07-24,1.256,1.267,1.175,1.191,3051827106,3707800297,-0.0622047244094488,1.2386,1.0389833333333334,0.3016393442622951
2020-07-27,1.193,1.201,1.163,1.188,1764860754,2089739822,-0.0025188916876575096,1.24905,1.0435666666666665,0.3012048192771084
2020-07-28,1.202,1.206,1.174,1.188,1458475005,1732905535,0.0,1.25785,1.04795,0.2843243243243243
2020-07-29,1.183,1.242,1.179,1.236,2983875206,3647846056,0.04040404040404044,1.2681,1.0531166666666667,0.33477321814254846
2020-07-30,1.237,1.244,1.22,1.226,1518334664,1868512947,-0.008090614886731351,1.2736,1.0577666666666667,0.29461457233368527
2020-07-31,1.223,1.268,1.222,1.245,2294373835,2856561033,0.015497553017944643,1.27445,1.0626833333333334,0.31052631578947376
2020-08-03,1.267,1.274,1.245,1.272,2156572857,2718176207,0.02168674698795181,1.2705,1.0681666666666667,0.34888653234358435
2020-08-04,1.272,1.29,1.258,1.264,1872547134,2379678280,-0.0062893081761006275,1.2696999999999998,1.0732166666666667,0.3152965660770033
2020-08-05,1.259,1.268,1.242,1.258,1296944613,1626930866,-0.004746835443038,1.26495,1.0782833333333335,0.31865828092243187
2020-08-06,1.259,1.318,1.235,1.302,2692316312,3412767172,0.03497615262321152,1.26205,1.0841333333333334,0.36908517350157743
2020-08-07,1.27,1.302,1.23,1.257,3317998037,4190951744,-0.03456221198156695,1.2583499999999999,1.0892333333333333,0.3217665615141956
2020-08-10,1.242,1.299,1.237,1.271,3162122724,4023647335,0.011137629276054106,1.25435,1.0947833333333332,0.35501066098081013
2020-08-11,1.268,1.287,1.226,1.228,2124082988,2680755447,-0.03383162863886702,1.24795,1.0995833333333336,0.30638297872340425
2020-08-12,1.221,1.236,1.197,1.221,1909527654,2324228813,-0.005700325732898914,1.2432500000000002,1.1043333333333332,0.3044871794871795
2020-08-13,1.227,1.249,1.217,1.229,1347456607,1659217599,0.006552006552006606,1.2424,1.109133333333333,0.3060573857598301
2020-08-14,1.221,1.25,1.218,1.249,1592953198,1967844402,0.016273393002441017,1.2445,1.1143833333333333,0.3372591006423984
2020-08-17,1.279,1.345,1.268,1.311,4635742441,6021798580,0.049639711769415396,1.2462499999999999,1.1207999999999998,0.41576673866090696
2020-08-18,1.302,1.32,1.291,1.301,1821623336,2375620086,-0.0076277650648359785,1.2486000000000002,1.1274,0.43756906077348057
2020-08-19,1.297,1.311,1.272,1.276,1725670372,2233035504,-0.0192159877017678,1.24915,1.1336666666666666,0.4177777777777778
2020-08-20,1.265,1.272,1.25,1.253,1216911159,1532331632,-0.018025078369906078,1.2483,1.1393999999999997,0.3784378437843783
2020-08-21,1.264,1.283,1.256,1.275,1253501742,1590641699,0.01755786113328006,1.2525,1.1456666666666666,0.418242491657397
2020-08-24,1.279,1.285,1.263,1.266,1113150834,1413882525,-0.007058823529411673,1.2564,1.1515833333333334,0.38968166849615793
2020-08-25,1.27,1.286,1.256,1.261,1274817434,1621716537,-0.003949447077409296,1.2600500000000001,1.1574833333333332,0.3902976846747517
2020-08-26,1.256,1.264,1.226,1.229,1843869936,2287919306,-0.025376685170499402,1.2597,1.1622,0.29915433403805514
2020-08-27,1.228,1.242,1.22,1.233,1232631855,1517523500,0.0032546786004881145,1.2600500000000001,1.1670333333333334,0.3075291622481444
2020-08-28,1.231,1.273,1.228,1.269,1959036902,2454933640,0.029197080291970545,1.26125,1.1726166666666666,0.3586723768736615
2020-08-31,1.279,1.304,1.262,1.266,2205295224,2841107392,-0.0023640661938533203,1.26095,1.1782333333333335,0.3627556512378902
2020-09-01,1.258,1.273,1.253,1.272,935211590,1181153815,0.004739336492890933,1.26135,1.1837833333333334,0.354632587859425
2020-09-02,1.276,1.283,1.251,1.268,1544957742,1959985462,-0.0031446540880503138,1.26185,1.1893500000000001,0.35760171306209854
2020-09-03,1.266,1.288,1.255,1.258,1280200453,1625445542,-0.007886435331230346,1.25965,1.1946,0.3340402969247085
2020-09-04,1.237,1.251,1.234,1.246,1080437338,1344220319,-0.009538950715421324,1.2591,1.1997666666666666,0.33119658119658113
2020-09-07,1.244,1.248,1.205,1.208,1432938618,1758041796,-0.0304975922953451,1.25595,1.2044,0.2989247311827956
2020-09-08,1.211,1.241,1.202,1.231,1491494982,1821402177,0.019039735099337873,1.2561,1.2094333333333334,0.3250807319698601
2020-09-09,1.215,1.224,1.2,1.206,1267466015,1537395400,-0.020308692120227567,1.25535,1.2140833333333334,0.30097087378640763
2020-09-10,1.216,1.218,1.178,1.182,1584363762,1902161669,-0.01990049751243783,1.253,1.2181833333333332,0.2628205128205128
2020-09-11,1.176,1.186,1.166,1.181,1025753775,1208021403,-0.0008460236886631556,1.2496,1.2223166666666667,0.26580921757770626
2020-09-14,1.188,1.19,1.174,1.182,805212278,951598939,0.0008467400508043177,1.24315,1.2262999999999997,0.2534464475079534
2020-09-15,1.181,1.19,1.177,1.186,732331082,866977668,0.0033840947546530664,1.2373999999999998,1.2298166666666668,0.21641025641025635
2020-09-16,1.186,1.198,1.176,1.181,954584448,1134147475,-0.004215851602023535,1.23265,1.2328000000000001,0.17864271457085823
2020-09-17,1.179,1.185,1.16,1.17,1027704443,1203667146,-0.009314140558848494,1.2285,1.2354666666666667,0.15841584158415833
2020-09-18,1.169,1.238,1.167,1.234,2471359287,2978255158,0.05470085470085473,1.22645,1.2391833333333333,0.22057368941641942
2020-09-21,1.264,1.27,1.225,1.225,2160225746,2687063418,-0.007293354943273878,1.2244,1.2432833333333335,0.25127681307456595
2020-09-22,1.211,1.266,1.21,1.23,2058375365,2546657941,0.004081632653061051,1.22285,1.2469166666666667,0.21541501976284572
2020-09-23,1.228,1.235,1.216,1.218,994805002,1216067415,-0.009756097560975618,1.2223000000000002,1.2500333333333333,0.18137730358874893
2020-09-24,1.21,1.227,1.203,1.204,1093271608,1325209464,-0.011494252873563204,1.22085,1.2515,0.07885304659498193
2020-09-25,1.207,1.232,1.203,1.223,1678149332,2046925522,0.015780730897010153,1.21855,1.2514166666666668,-0.004071661237784907
2020-09-28,1.216,1.229,1.214,1.221,1143290756,1397391329,-0.0016353229762877675,1.2163,1.24925,-0.09622501850481113
2020-09-29,1.226,1.236,1.223,1.225,1134873484,1394310578,0.003276003276003303,1.21395,1.2483333333333335,-0.04296875
2020-09-30,1.227,1.229,1.2,1.208,1130222820,1373201386,-0.013877551020408219,1.21095,1.2459166666666666,-0.10716925351071693
2020-10-09,1.228,1.231,1.22,1.228,1028689972,1260997555,0.01655629139072845,1.20945,1.2437166666666666,-0.09705882352941186
2020-10-12,1.237,1.279,1.235,1.277,2320803226,2931925814,0.039902280130293066,1.2109999999999999,1.2428166666666667,-0.040570999248685236
2020-10-13,1.26,1.261,1.247,1.258,2074017650,2602227492,-0.014878621769772837,1.2135,1.2412666666666667,-0.06883789785344185
2020-10-14,1.256,1.257,1.238,1.243,1412581570,1759083258,-0.0119236883942766,1.2141,1.2393833333333333,-0.08333333333333337
2020-10-15,1.245,1.262,1.24,1.24,1156693382,1444906604,-0.002413515687852086,1.2158,1.2381333333333333,-0.057034220532319324
2020-10-16,1.244,1.252,1.239,1.247,1117103139,1391261989,0.0056451612903227755,1.21905,1.23815,0.0008025682182986049
2020-10-19,1.257,1.266,1.231,1.232,1621908290,2024964112,-0.012028869286287214,1.2216,1.2385666666666666,0.0207125103562551
2020-10-20,1.228,1.235,1.216,1.234,1005670064,1233010531,0.0016233766233766378,1.2242000000000002,1.2378666666666667,-0.0329153605015674
2020-10-21,1.233,1.236,1.22,1.226,968557522,1187702100,-0.00648298217179899,1.2262,1.2374,-0.022328548644338087
2020-10-22,1.222,1.246,1.219,1.235,1171951025,1441887185,0.007340946166394913,1.2288999999999999,1.2368999999999999,-0.02371541501976271
2020-10-23,1.233,1.242,1.214,1.215,1287847556,1585309238,-0.01619433198380571,1.23115,1.2359833333333334,-0.04330708661417315
2020-10-26,1.208,1.208,1.168,1.177,1888945813,2231791753,-0.03127572016460911,1.2283000000000002,1.23575,-0.011754827875734675
2020-10-27,1.172,1.177,1.164,1.174,1025011180,1200711419,-0.002548853016142827,1.2257500000000001,1.2355166666666666,-0.011784511784511786
2020-10-28,1.172,1.185,1.166,1.181,1020986601,1201213221,0.00596252129471897,1.2232999999999998,1.2354,-0.005892255892255838
2020-10-29,1.168,1.201,1.166,1.191,1656394267,1960638335,0.008467400508044065,1.22195,1.23465,-0.036407766990291246
2020-10-30,1.184,1.194,1.148,1.149,1585129643,1854581873,-0.035264483627204024,1.2192,1.2333666666666667,-0.06280587275693306
2020-11-02,1.15,1.174,1.13,1.146,1580824211,1820588522,-0.0026109660574413773,1.21535,1.2317166666666668,-0.07951807228915675
2020-11-03,1.149,1.187,1.147,1.174,1686656342,1973669855,0.024432809773123898,1.2129999999999999,1.2300833333333332,-0.07704402515723274
2020-11-04,1.173,1.178,1.157,1.168,1084007376,1265763536,-0.005110732538330498,1.21015,1.2284833333333334,-0.07594936708860767
2020-11-05,1.186,1.196,1.176,1.186,1649836969,1955591168,0.015410958904109595,1.20905,1.2272833333333333,-0.05723370429252783
2020-11-06,1.187,1.203,1.18,1.19,1637832188,1950758750,0.003372681281618828,1.20715,1.2254166666666666,-0.08602150537634412
2020-11-09,1.199,1.252,1.194,1.236,3063137660,3756280402,0.038655462184874034,1.2051,1.2250666666666667,-0.01670644391408105
2020-11-10,1.238,1.24,1.211,1.216,1584916021,1942670348,-0.016181229773462813,1.203,1.22415,-0.04327301337529499
2020-11-11,1.214,1.217,1.189,1.19,1215585667,1457998571,-0.021381578947368474,1.2003499999999998,1.2235166666666666,-0.030944625407166138
2020-11-12,1.19,1.199,1.182,1.184,889837375,1056291041,-0.005042016806722671,1.1975500000000001,1.2229,-0.030303030303030387
2020-11-13,1.18,1.18,1.163,1.172,1417435086,1658362216,-0.010135135135135198,1.1938,1.22195,-0.04637917005695702
2020-11-16,1.178,1.183,1.166,1.179,1058250008,1244367895,0.005972696245733822,1.19115,1.2207833333333333,-0.05604483586869502
2020-11-17,1.177,1.181,1.163,1.181,1104643356,1294234964,0.0016963528413909135,1.1885,1.2186166666666667,-0.09916094584286794
2020-11-18,1.182,1.201,1.18,1.187,1597316106,1903054403,0.00508044030482635,1.18655,1.2167166666666667,-0.08762490392006139
2020-11-19,1.177,1.193,1.161,1.188,1582945785,1863065742,0.0008424599831506896,1.1842000000000001,1.2152500000000002,-0.06896551724137934
2020-11-20,1.184,1.193,1.182,1.189,1249614805,1484247815,0.0008417508417508657,1.1829,1.2141833333333334,-0.051077414205905725
2020-11-23,1.185,1.232,1.178,1.212,3179759480,3842872322,0.019343986543313596,1.18465,1.2131333333333332,-0.049411764705882266
2020-11-24,1.206,1.217,1.198,1.202,1498033140,1808296329,-0.008250825082508295,1.18605,1.2120666666666664,-0.050552922590837324
2020-11-25,1.211,1.218,1.181,1.183,1701948222,2042975068,-0.0158069883527453,1.18615,1.2107666666666668,-0.061855670103092675
2020-11-26,1.18,1.194,1.176,1.188,1175563870,1391872069,0.004226542688080981,1.186,1.2100833333333334,-0.03336045565500423
2020-11-27,1.189,1.216,1.186,1.214,1903054212,2283288207,0.02188552188552184,1.18925,1.2097666666666667,-0.01540957015409583
2020-11-30,1.223,1.267,1.218,1.222,3904670428,4859629902,0.006589785831960571,1.19305,1.2089833333333333,-0.03703703703703698
2020-12-01,1.218,1.277,1.213,1.268,3210386870,4000212516,0.03764320785597386,1.19775,1.2090166666666666,0.0015797788309637184
2020-12-02,1.265,1.288,1.255,1.265,2474974970,3137928239,-0.0023659305993691815,1.2026,1.2088999999999999,-0.005503144654088188
2020-12-03,1.26,1.279,1.253,1.267,1730785520,2190507051,0.0015810276679841806,1.20665,1.208883333333333,-0.0007886435331231345
2020-12-04,1.26,1.26,1.237,1.248,1847915942,2301647633,-0.014996053670086718,1.20955,1.2087166666666667,-0.007949125596184436
2020-12-07,1.247,1.248,1.223,1.223,1528699293,1885709119,-0.02003205128205121,1.2089,1.2083333333333333,-0.018459069020866692
2020-12-08,1.224,1.237,1.221,1.226,1295767459,1592058578,0.002452984464431651,1.2094,1.2086333333333334,0.01490066225165565
2020-12-09,1.228,1.234,1.182,1.187,2278442171,2757443199,-0.03181076672104399,1.2092500000000002,1.2078999999999998,-0.035743298131600376
2020-12-10,1.181,1.19,1.171,1.181,1707153017,2017179126,-0.005054759898904804,1.2090999999999998,1.2074833333333335,-0.020729684908789348
2020-12-11,1.181,1.183,1.155,1.167,2067066192,2415174697,-0.011854360711261669,1.20885,1.2072333333333334,-0.01269035532994911
2020-12-14,1.168,1.17,1.156,1.166,1320139682,1535467599,-0.0008568980291345785,1.2082000000000002,1.2069833333333333,-0.012701100762066098
2020-12-15,1.163,1.173,1.156,1.169,1260410554,1466245565,0.002572898799313883,1.2076,1.2067666666666668,-0.010998307952622577
2020-12-16,1.17,1.171,1.155,1.156,1261148486,1465754432,-0.011120615911035192,1.2060499999999998,1.2062666666666668,-0.025295109612141653
2020-12-17,1.155,1.19,1.148,1.187,2723227548,3188213527,0.026816608996539815,1.206,1.2063666666666668,0.00508044030482635
2020-12-18,1.18,1.187,1.169,1.173,1316038425,1548762552,-0.011794439764111209,1.2052,1.2064166666666667,0.002564102564102555
2020-12-21,1.173,1.189,1.163,1.185,1721188916,2027072463,0.010230179028132946,1.20385,1.2056,-0.03970826580226894
2020-12-22,1.178,1.181,1.133,1.135,2648504440,3063397425,-0.04219409282700426,1.2005,1.2041,-0.07346938775510214
2020-12-23,1.138,1.152,1.131,1.144,1928682840,2200577864,0.007929515418502175,1.19855,1.2026666666666668,-0.0699186991869919
2020-12-24,1.142,1.154,1.13,1.133,1548858666,1764043040,-0.009615384615384581,1.1958,1.2012500000000002,-0.06978653530377665
2020-12-25,1.13,1.154,1.123,1.147,2112946204,2411150149,0.012356575463371655,1.19245,1.2003,-0.047342192691029905
2020-12-28,1.143,1.16,1.137,1.141,1770120509,2028391632,-0.005231037489102031,1.1884000000000001,1.1989333333333332,-0.06704824202780058
2020-12-29,1.145,1.168,1.143,1.147,2034598292,2349104686,0.005258545135845782,1.18235,1.1977000000000002,-0.06060606060606066
2020-12-30,1.142,1.17,1.14,1.169,2208461648,2555877582,0.019180470793374038,1.1775499999999999,1.1967666666666665,-0.04571428571428571
2020-12-31,1.18,1.232,1.18,1.222,4696784702,5690329374,0.04533789563729673,1.1753,1.1969999999999998,0.011589403973510048
2021-01-04,1.235,1.244,1.206,1.232,3081342309,3778916843,0.008183306055646433,1.1745,1.1970666666666667,0.0032573289902280145
2021-01-05,1.221,1.242,1.207,1.229,2725415646,3338472731,-0.0024350649350648457,1.1747999999999998,1.1962666666666668,-0.03758809710258404
2021-01-06,1.23,1.253,1.215,1.229,2423354642,2985447343,0.0,1.17495,1.1957833333333334,-0.0230524642289347
2021-01-07,1.232,1.242,1.205,1.241,2831725121,3475369371,0.009764035801464566,1.1776499999999999,1.19575,-0.0016090104585679832
2021-01-08,1.241,1.25,1.227,1.231,2478486774,3061578852,-0.008058017727639033,1.18015,1.1956,-0.007258064516128981
2021-01-11,1.237,1.243,1.201,1.202,2676947419,3271542471,-0.023558082859463925,1.1819000000000002,1.19485,-0.03608660785886142
2021-01-12,1.197,1.293,1.19,1.286,5416773171,6735155498,0.06988352745424309,1.1879,1.19575,0.043831168831168776
2021-01-13,1.28,1.29,1.245,1.253,3091178428,3918412773,-0.025660964230171168,1.1921,1.1960666666666666,0.015397082658022532
2021-01-14,1.246,1.249,1.221,1.222,2575705994,3174153957,-0.02474062250598552,1.1954,1.196,-0.0032626427406199365
2021-01-15,1.22,1.244,1.211,1.221,2179418209,2672655805,-0.0008183306055645767,1.1971,1.1957666666666666,-0.011336032388663986
2021-01-18,1.214,1.251,1.211,1.233,2378499800,2935220796,0.00982800982800991,1.2001000000000002,1.1960666666666666,0.014814814814814836
2021-01-19,1.23,1.255,1.223,1.231,2229012116,2756421035,-0.0016220600162205612,1.2024,1.1969666666666667,0.04587935429056933
2021-01-20,1.233,1.25,1.227,1.231,1942581404,2402153355,0.0,1.2072,1.1979166666666667,0.0485519591141399
2021-01-21,1.236,1.273,1.23,1.251,3087930983,3861601696,0.016246953696181787,1.2125499999999998,1.1990833333333333,0.05927180355630801
2021-01-22,1.245,1.248,1.219,1.224,2752955180,3385143881,-0.021582733812949617,1.2170999999999998,1.1996333333333333,0.027707808564231717
2021-01-25,1.225,1.236,1.211,1.215,2493263691,3045305528,-0.007352941176470451,1.2205,1.2007333333333332,0.05744125326370764
2021-01-26,1.208,1.216,1.17,1.171,2730856343,3250342649,-0.036213991769547316,1.222,1.2011499999999997,0.021815008726003615
2021-01-27,1.172,1.184,1.169,1.174,1489957790,1752824788,0.002561912894961438,1.2233500000000002,1.20115,0.0
2021-01-28,1.163,1.18,1.158,1.168,1977095944,2305440217,-0.005110732538330498,1.2233,1.2011499999999997,0.0
2021-01-29,1.174,1.177,1.138,1.156,1924930319,2228624799,-0.010273972602739767,1.22,1.20065,-0.025295109612141653
2021-02-01,1.162,1.167,1.148,1.151,1484350230,1715843213,-0.004325259515570834,1.2159499999999999,1.2,-0.03277310924369736
2021-02-02,1.152,1.154,1.138,1.153,2205787961,2527778725,0.0017376194613378804,1.21215,1.1986166666666667,-0.06715210355987056
2021-02-03,1.15,1.154,1.136,1.137,1847339137,2114109363,-0.013876843018213347,1.2075500000000001,1.1973,-0.06496710526315785
2021-02-04,1.132,1.132,1.097,1.109,2826605952,3150276570,-0.024626209322779258,1.2009500000000002,1.1959499999999998,-0.06806722689075628
2021-02-05,1.112,1.124,1.099,1.101,1880670383,2091163363,-0.007213706041478862,1.19445,1.1945666666666666,-0.07010135135135132
2021-02-08,1.104,1.113,1.087,1.102,1917088596,2110497803,0.0009082652134424496,1.18945,1.1934,-0.05972696245733777
2021-02-09,1.103,1.137,1.091,1.134,3081214332,3448025511,0.029038112522685955,1.18185,1.19265,-0.038167938931297885
2021-02-10,1.13,1.139,1.123,1.133,1786641478,2019944484,-0.0008818342151674097,1.17585,1.1918499999999999,-0.04064352243861136
2021-02-18,1.153,1.159,1.138,1.139,2196956708,2521484046,0.005295675198587757,1.1717,1.1910500000000002,-0.04043807919123843
2021-02-19,1.134,1.163,1.131,1.162,1820450442,2086356235,0.02019315188762061,1.16875,1.1906166666666667,-0.021885521885521952
2021-02-22,1.163,1.17,1.126,1.127,2552975602,2939421142,-0.030120481927710774,1.1634499999999999,1.1895833333333334,-0.052144659377628355
2021-02-23,1.123,1.14,1.116,1.123,1606562462,1812369114,-0.003549245785270605,1.15805,1.1881,-0.07343234323432346
2021-02-24,1.123,1.133,1.106,1.115,1801254287,2018709151,-0.007123775601068583,1.15225,1.1866500000000002,-0.07237936772046583
2021-02-25,1.12,1.132,1.11,1.116,1875486053,2104365209,0.0008968609865471766,1.1455,1.1855333333333333,-0.05663567202028741
2021-02-26,1.1,1.109,1.092,1.098,1827337071,2012423009,-0.016129032258064502,1.1392000000000002,1.1840333333333333,-0.07575757575757569
2021-03-01,1.099,1.1,1.081,1.09,1900106565,2064865509,-0.007285974499089298,1.1329500000000001,1.1819666666666666,-0.10214168039538707
2021-03-02,1.091,1.096,1.073,1.077,1665232428,1803906203,-0.01192660550458724,1.12825,1.17955,-0.11865793780687395
2021-03-03,1.075,1.097,1.073,1.097,2008929548,2185597588,0.01857010213556176,1.1244,1.1767,-0.1348580441640379
2021-03-04,1.088,1.091,1.069,1.071,1832150546,1975135516,-0.02370100273473108,1.1195499999999998,1.1734666666666667,-0.1533596837944664
2021-03-05,1.063,1.102,1.062,1.093,2584591601,2813655138,0.020541549953314586,1.1164,1.1705666666666668,-0.13733228097868977
2021-03-08,1.1,1.108,1.072,1.073,1835950190,2004935964,-0.018298261665141813,1.1125,1.1676499999999999,-0.14022435897435903
2021-03-09,1.073,1.077,1.037,1.045,1826401997,1930858107,-0.026095060577819185,1.1071,1.1646833333333333,-0.14554374488961586
2021-03-10,1.055,1.056,1.038,1.039,1171412848,1224092470,-0.005741626794258381,1.1022,1.1615666666666666,-0.15252854812398042
2021-03-11,1.04,1.057,1.039,1.056,1426259963,1497464518,0.016361886429258954,1.09955,1.1593833333333334,-0.11036225779275488
2021-03-12,1.054,1.068,1.038,1.056,1981006616,2084501938,0.0,1.0973000000000002,1.1572999999999998,-0.10584250635055037
2021-03-15,1.046,1.046,1.029,1.032,1442472935,1495015488,-0.022727272727272707,1.0938,1.1550500000000001,-0.11568123393316199
2021-03-16,1.034,1.039,1.027,1.037,1062890705,1099562953,0.004844961240309864,1.08895,1.1528999999999998,-0.11063464837049741
2021-03-17,1.034,1.045,1.032,1.039,1130361441,1173982329,0.0019286403085825299,1.0842500000000002,1.1507333333333334,-0.11120615911035081
2021-03-18,1.041,1.051,1.038,1.041,1048012951,1094127066,0.0019249278152069227,1.0793499999999998,1.1488166666666666,-0.09948096885813151
2021-03-19,1.031,1.035,1.026,1.03,1133604079,1168192243,-0.01056676272814594,1.0727499999999999,1.1461999999999999,-0.1322662173546757
2021-03-22,1.034,1.057,1.032,1.049,1459578674,1524607595,0.01844660194174752,1.0688499999999999,1.1441333333333332,-0.10571184995737437
2021-03-23,1.046,1.064,1.039,1.054,1616098393,1698546295,0.004766444232602529,1.0654,1.1419500000000002,-0.11054852320675101
2021-03-24,1.049,1.085,1.047,1.06,2136040371,2280818393,0.005692599620493288,1.06265,1.1407,-0.06607929515418498
2021-03-25,1.052,1.064,1.05,1.051,931242462,982796836,-0.008490566037736014,1.0594000000000001,1.1391499999999999,-0.08129370629370625
2021-03-26,1.052,1.061,1.048,1.057,1100542437,1161811245,0.0057088487155090295,1.05735,1.1378833333333334,-0.06707855251544581
2021-03-29,1.056,1.067,1.052,1.056,1025905772,1085407256,-0.000946073793755775,1.05565,1.1363666666666665,-0.07933740191804706
2021-03-30,1.053,1.058,1.05,1.052,930568723,980287327,-0.0037878787878787845,1.0544,1.1348833333333335,-0.07800175284837862
2021-03-31,1.051,1.052,1.036,1.037,1024516773,1066227103,-0.014258555133079942,1.0514,1.1330500000000001,-0.09590235396687019
2021-04-01,1.039,1.046,1.034,1.045,1557134635,1619624533,0.0077145612343298975,1.0501,1.1309833333333332,-0.10607356715141159
2021-04-02,1.047,1.054,1.043,1.048,1141039349,1195138791,0.002870813397129357,1.04785,1.1280833333333333,-0.14238952536824867
2021-04-06,1.054,1.056,1.046,1.046,976061464,1024950179,-0.001908396946564861,1.0465,1.1249833333333334,-0.15097402597402598
2021-04-07,1.045,1.049,1.038,1.043,1007469532,1050253057,-0.002868068833652093,1.0463999999999998,1.1218833333333331,-0.15134255492270154
2021-04-08,1.04,1.059,1.038,1.048,1868536616,1962728050,0.004793863854266611,1.04685,1.1188666666666665,-0.14727420667209112
2021-04-09,1.044,1.047,1.035,1.036,927299896,964138247,-0.011450381679389277,1.0458500000000002,1.1154499999999998,-0.1651893634165995
2021-04-12,1.034,1.037,1.014,1.015,1229334207,1263212814,-0.020270270270270396,1.0437999999999998,1.11185,-0.1754670999187654
2021-04-13,1.013,1.018,1.007,1.013,1076366448,1090380152,-0.0019704433497537144,1.04285,1.1087,-0.15723793677204667
2021-04-14,1.013,1.028,1.012,1.025,1070382690,1093744733,0.011846001974333609,1.04225,1.10435,-0.2029548989113531
2021-04-15,1.021,1.021,1.012,1.015,793303100,805364346,-0.009756097560975618,1.0410499999999998,1.1003833333333333,-0.1899441340782123
2021-04-16,1.017,1.027,1.014,1.022,889544624,907821167,0.006896551724137945,1.0401,1.09705,-0.16366612111292955
2021-04-19,1.019,1.052,1.017,1.049,1787944492,1855350937,0.02641878669275921,1.04105,1.0941833333333333,-0.14086814086814103
2021-04-20,1.045,1.055,1.038,1.039,911114547,952557083,-0.009532888465204947,1.04055,1.0909499999999999,-0.15733982157339832
2021-04-21,1.035,1.044,1.033,1.037,658965109,683667768,-0.0019249278152069227,1.0396999999999998,1.0877166666666667,-0.15759545085296522
2021-04-22,1.042,1.05,1.038,1.04,907704992,946779155,0.002892960462873795,1.0387,1.0845333333333331,-0.15515840779853785
2021-04-23,1.036,1.045,1.035,1.038,797559785,828563451,-0.0019230769230769162,1.03805,1.0809833333333332,-0.17026378896882488
2021-04-26,1.04,1.051,1.02,1.02,1290862154,1338399968,-0.017341040462427793,1.0362,1.0775833333333333,-0.16666666666666663
2021-04-27,1.017,1.023,1.005,1.014,1503969149,1522137418,-0.00588235294117645,1.0341,1.0742333333333332,-0.1654320987654322
2021-04-28,1.011,1.022,1.01,1.017,875188960,889584399,0.002958579881656709,1.0323499999999999,1.0716666666666665,-0.1315115286080274
2021-04-29,1.018,1.05,1.017,1.042,2202481363,2287667613,0.024582104228122015,1.0326,1.0694666666666666,-0.11243611584327073
2021-04-30,1.038,1.044,1.027,1.031,1343627998,1390274841,-0.010556621880998152,1.0318999999999998,1.0671833333333332,-0.1172945205479452
2021-05-06,1.04,1.045,1.021,1.022,1015853206,1047481682,-0.008729388942773864,1.0306,1.06495,-0.11591695501730093
2021-05-07,1.021,1.023,1.005,1.007,1456613045,1474271644,-0.014677103718199747,1.02865,1.0625499999999999,-0.12510860121633371
2021-05-10,1.007,1.007,0.992,0.998,1356928977,1353454701,-0.00893743793445867,1.0264000000000002,1.0599666666666667,-0.13443191673894195
2021-05-11,0.993,1.019,0.99,1.013,1479539941,1485504600,0.01503006012024044,1.0246499999999998,1.0578999999999998,-0.1090589270008796
2021-05-12,1.008,1.013,1.003,1.01,869181358,876127860,-0.0029615004935833467,1.02335,1.05625,-0.08926961226330021
2021-05-13,1.004,1.014,1.002,1.006,778747152,785282337,-0.003960396039603964,1.0229000000000001,1.0546666666666666,-0.08628519527702083
2021-05-14,1.01,1.087,1.01,1.081,4567532351,4804391524,0.07455268389662018,1.0263,1.0543166666666666,-0.01905626134301286
2021-05-17,1.063,1.076,1.056,1.066,2113672667,2252407737,-0.013876040703052595,1.02835,1.0531833333333334,-0.059964726631393184
2021-05-18,1.061,1.083,1.059,1.065,1514681881,1619904635,-0.0009380863039401,1.03085,1.05205,-0.060017652250662024
2021-05-19,1.06,1.079,1.06,1.064,1271052461,1357576846,-0.0009389671361501595,1.03295,1.0508,-0.06584723441615448
2021-05-20,1.063,1.092,1.063,1.079,1875845216,2020517118,0.014097744360902054,1.03445,1.0494166666666667,-0.0714285714285714
2021-05-21,1.079,1.081,1.058,1.06,1442142949,1538183308,-0.017608897126969336,1.0355,1.0483,-0.05944986690328302
2021-05-24,1.066,1.092,1.066,1.08,1966175672,2126126465,0.018867924528301883,1.03765,1.0475833333333333,-0.03829029385574345
2021-05-25,1.078,1.133,1.076,1.127,3616967616,4040635592,0.04351851851851851,1.042,1.0477833333333333,0.010762331838565009
2021-05-26,1.133,1.148,1.122,1.124,2452220170,2787495913,-0.002661934338952898,1.0463,1.0479166666666666,0.007168458781362075
2021-05-27,1.12,1.138,1.117,1.125,1425528617,1602782972,0.000889679715302405,1.05155,1.0483666666666667,0.024590163934426146
2021-05-28,1.125,1.162,1.121,1.142,2167460270,2469905284,0.015111111111111075,1.05795,1.0492333333333332,0.047706422018348515
2021-05-31,1.142,1.147,1.131,1.144,1274004907,1449849556,0.0017513134851139256,1.0643,1.0503500000000001,0.06220984215413172
2021-06-01,1.138,1.138,1.116,1.129,1568411840,1763974226,-0.013111888111888015,1.0686499999999999,1.0508833333333334,0.029170464904284543
2021-06-02,1.126,1.134,1.103,1.105,1621625076,1808567183,-0.021257750221434946,1.07235,1.05145,0.031746031746031855
2021-06-03,1.106,1.124,1.102,1.105,1309727186,1458951834,0.0,1.0765,1.05165,0.010978956999085021
2021-06-04,1.099,1.146,1.097,1.111,1931000273,2155242949,0.005429864253393646,1.0817,1.0522833333333332,0.03541472506989751
2021-06-07,1.111,1.132,1.107,1.12,1259354046,1409807498,0.00810081008100827,1.0878,1.0535333333333334,0.07177033492822993
2021-06-08,1.116,1.136,1.114,1.122,1333981541,1500778873,0.0017857142857142794,1.09325,1.0549166666666667,0.07988450433108785
2021-06-09,1.122,1.126,1.105,1.109,1133290771,1260505612,-0.011586452762923471,1.0981999999999998,1.0558,0.05018939393939381
2021-06-10,1.109,1.129,1.107,1.113,1219929778,1363471549,0.0036068530207393756,1.1035499999999998,1.05675,0.05397727272727271
2021-06-11,1.116,1.119,1.092,1.093,1408942998,1558165467,-0.017969451931716063,1.10415,1.0577666666666667,0.05910852713178283
2021-06-15,1.094,1.095,1.077,1.078,1144372925,1239179502,-0.013723696248856276,1.10475,1.05845,0.03953712632594031
2021-06-16,1.076,1.084,1.064,1.07,1265084532,1356353722,-0.007421150278293154,1.105,1.0589666666666668,0.029836381135707635
2021-06-17,1.071,1.08,1.068,1.074,1164625185,1250603869,0.0037383177570093906,1.1055,1.0595166666666667,0.03170028818443815
2021-06-18,1.073,1.09,1.07,1.085,1298921130,1404546982,0.01024208566107987,1.1058,1.0604333333333333,0.05339805825242716
2021-06-21,1.086,1.096,1.08,1.084,1098327079,1192539943,-0.0009216589861750224,1.107,1.0610166666666665,0.03336510962821748
2021-06-22,1.088,1.091,1.076,1.08,1067297247,1154695494,-0.0036900369003689537,1.107,1.06145,0.024667931688804545
2021-06-23,1.08,1.091,1.072,1.085,1307553735,1415815004,0.004629629629629539,1.1049,1.0618666666666667,0.023584905660377187
2021-06-24,1.086,1.101,1.083,1.089,1290951877,1408810944,0.0036866359447005337,1.1031499999999999,1.0625,0.03615604186489052
2021-06-25,1.092,1.134,1.087,1.123,2801578598,3126190115,0.031221303948576695,1.10305,1.0636,0.06244087038789026
2021-06-28,1.126,1.129,1.108,1.112,1488619059,1657433314,-0.009795191451469232,1.10155,1.0645333333333333,0.05303030303030298
2021-06-29,1.111,1.114,1.094,1.097,1329502283,1466534129,-0.013489208633093663,1.0992,1.0652833333333334,0.04277566539923949
2021-06-30,1.098,1.112,1.094,1.109,1386706030,1529390794,0.010938924339106704,1.0982,1.0664833333333332,0.06943105110896819
2021-07-01,1.125,1.131,1.075,1.077,1907631660,2099328035,-0.028854824165915227,1.0968,1.0670166666666667,0.030622009569378106
2021-07-02,1.073,1.073,1.045,1.046,1535304035,1622990469,-0.02878365831012064,1.09385,1.0669833333333332,-0.001908396946564861
2021-07-05,1.047,1.052,1.038,1.048,930519758,972641990,0.0019120458891013214,1.0907,1.0670166666666667,0.0019120458891013214
2021-07-06,1.049,1.056,1.042,1.054,961070297,1007629972,0.005725190839694694,1.0874,1.0672,0.010546500479386545
2021-07-07,1.048,1.061,1.046,1.057,1105445974,1167627390,0.002846299810246533,1.08415,1.06735,0.008587786259541819
2021-07-08,1.064,1.07,1.054,1.055,1107373216,1176688932,-0.0018921475875118832,1.08145,1.0676666666666668,0.01833976833976836
2021-07-09,1.049,1.064,1.048,1.06,1142756972,1207523507,0.004739336492891155,1.0788,1.0684166666666668,0.044334975369458185
2021-07-12,1.074,1.091,1.065,1.083,1934928922,2090064387,0.02169811320754711,1.0783,1.0695833333333333,0.06910167818361312
2021-07-13,1.078,1.085,1.071,1.077,915419711,985732158,-0.005540166204986208,1.0782500000000002,1.0704500000000001,0.050731707317073216
2021-07-14,1.075,1.078,1.062,1.064,1029459373,1100980190,-0.01207056638811499,1.07795,1.0712666666666666,0.048275862068965614
2021-07-15,1.062,1.082,1.061,1.08,1338591000,1437078466,0.015037593984962516,1.0782500000000002,1.0722333333333334,0.05675146771037176
2021-07-16,1.086,1.096,1.076,1.08,1783225902,1933758031,0.0,1.0779999999999998,1.0727499999999999,0.029551954242135414
2021-07-19,1.074,1.077,1.065,1.076,1114990851,1194211808,-0.0037037037037036535,1.0776,1.0733666666666666,0.0356111645813284
2021-07-20,1.067,1.079,1.066,1.071,884505597,947608142,-0.004646840148698983,1.07715,1.0739333333333332,0.032786885245901676
2021-07-21,1.074,1.099,1.073,1.088,1959305750,2133061512,0.01587301587301604,1.0773,1.0747333333333333,0.04615384615384621
2021-07-22,1.088,1.109,1.084,1.106,2125484766,2335833778,0.016544117647058876,1.0781500000000002,1.0758666666666667,0.06551059730250497
2021-07-23,1.107,1.143,1.095,1.111,2623444947,2930963702,0.004520795660036159,1.07755,1.0773833333333334,0.08921568627450971
2021-07-26,1.111,1.12,1.079,1.08,1948683670,2143096948,-0.027902790279027867,1.07595,1.0784833333333335,0.06508875739644981
2021-07-27,1.08,1.086,1.044,1.049,1813527493,1932416805,-0.028703703703703787,1.07355,1.0790166666666667,0.03146509341199599
2021-07-28,1.045,1.054,1.032,1.037,1324091198,1379023934,-0.011439466158245981,1.06995,1.0789333333333333,-0.004798464491362897
2021-07-29,1.048,1.06,1.042,1.051,1478399393,1551389221,0.013500482160077265,1.06865,1.0792666666666666,0.019398642095053376
2021-07-30,1.044,1.046,1.026,1.028,1430688264,1476924275,-0.021883920076117946,1.06775,1.0793666666666666,0.005870841487279899
2021-08-02,1.025,1.084,1.015,1.069,2486605081,2618296392,0.03988326848249013,1.0688,1.0804,0.061569016881827254
2021-08-03,1.06,1.096,1.057,1.07,1866997796,2007488819,0.00093545369504211,1.0696,1.0816000000000001,0.07214428857715438
2021-08-04,1.067,1.076,1.063,1.072,1157531619,1237710014,0.0018691588785046953,1.07035,1.0825833333333332,0.058242843040474
2021-08-05,1.067,1.077,1.05,1.053,1180027884,1252809847,-0.017723880597015018,1.0702500000000001,1.0833000000000002,0.04257425742574261
2021-08-06,1.053,1.064,1.051,1.057,1000155857,1057734903,0.003798670465337217,1.0701,1.0841500000000002,0.050695825049701826
2021-08-09,1.051,1.09,1.051,1.08,1882334714,2031465057,0.021759697256386046,1.06995,1.0841333333333334,-0.0009250693802034249
2021-08-10,1.077,1.097,1.07,1.096,1858556557,2016637173,0.014814814814814836,1.0709,1.0846333333333333,0.028142589118199002
2021-08-11,1.094,1.104,1.085,1.086,1331915661,1456132521,-0.009124087591240837,1.072,1.0849833333333334,0.019718309859155125
2021-08-12,1.083,1.09,1.077,1.079,891681262,964708417,-0.006445672191528695,1.07195,1.0852333333333335,0.014097744360902054
2021-08-13,1.077,1.089,1.072,1.079,929520052,1003080389,0.0,1.0719,1.0852333333333335,0.0
2021-08-16,1.083,1.105,1.082,1.089,1644140464,1801028641,0.009267840593141896,1.0725500000000001,1.0857166666666667,0.027358490566037563
2021-08-17,1.086,1.124,1.08,1.082,2260942699,2492528462,-0.00642791551882449,1.0731,1.08575,0.0018518518518517713
2021-08-18,1.078,1.159,1.077,1.157,4662187494,5270225865,0.06931608133086864,1.0765500000000001,1.08625,0.02661934338952965
2021-08-19,1.154,1.175,1.131,1.133,3121012206,3587032014,-0.02074330164217808,1.0779,1.0864,0.008007117437722311
2021-08-20,1.129,1.149,1.116,1.135,1903181598,2155381084,0.001765225066195919,1.0791,1.0865666666666665,0.008888888888888946
2021-08-23,1.142,1.154,1.129,1.139,1624459876,1851945357,0.0035242290748898064,1.0820500000000002,1.0865166666666668,-0.0026269702276706663
2021-08-24,1.138,1.175,1.129,1.161,2702676427,3119255580,0.019315188762071944,1.08765,1.0868000000000002,0.01486013986014001
2021-08-25,1.153,1.158,1.138,1.143,1699089230,1946060237,-0.015503875968992276,1.0929499999999999,1.0870333333333335,0.01240035429583708
2021-08-26,1.14,1.15,1.127,1.129,1630177026,1852677722,-0.012248468941382318,1.09685,1.0874333333333333,0.021719457013574583
2021-08-27,1.126,1.143,1.121,1.125,1616535900,1823644999,-0.003542958370239102,1.1017000000000001,1.0877666666666665,0.018099547511312153
2021-08-30,1.13,1.132,1.1,1.105,2264450329,2514663667,-0.01777777777777778,1.1035,1.0876666666666668,-0.005400540054005365
2021-08-31,1.102,1.14,1.095,1.13,3118745241,3481894655,0.02262443438914019,1.1065,1.0878333333333332,0.008928571428571175
2021-09-01,1.125,1.198,1.121,1.17,4495869172,5230316914,0.03539823008849563,1.1114,1.0886333333333333,0.04278074866310133
2021-09-02,1.17,1.196,1.164,1.191,3080116499,3650663167,0.017948717948718107,1.1183,1.09,0.07394048692515787
2021-09-03,1.24,1.244,1.177,1.178,3572125271,4311095744,-0.010915197313182357,1.12435,1.0910833333333334,0.05840071877807729
2021-09-06,1.179,1.227,1.178,1.215,2504603439,3034622449,0.03140916808149408,1.1311,1.0931166666666667,0.11161939615736505
2021-09-07,1.205,1.25,1.195,1.244,3012297507,3687195924,0.02386831275720147,1.1385,1.0958833333333333,0.15398886827458247
2021-09-08,1.239,1.277,1.234,1.243,2545687527,3190735445,-0.000803858520900258,1.14635,1.0987666666666667,0.16168224299065415
2021-09-09,1.226,1.239,1.217,1.233,1778570043,2183068069,-0.008045052292839916,1.15405,1.1014166666666667,0.14804469273743015
2021-09-10,1.24,1.289,1.236,1.249,2906473031,3660344926,0.012976480129764711,1.16255,1.10415,0.151152073732719
2021-09-13,1.247,1.274,1.244,1.253,1659640802,2084309326,0.0032025620496396456,1.17075,1.1069666666666664,0.15590405904059024
2021-09-14,1.253,1.257,1.211,1.215,2194060417,2696725312,-0.03032721468475641,1.1774,1.1092166666666665,0.125
2021-09-15,1.21,1.228,1.203,1.211,1520647240,1847482587,-0.003292181069958877,1.1801,1.1113166666666667,0.11612903225806459
2021-09-16,1.213,1.218,1.182,1.186,1900875279,2274756929,-0.0206440957886046,1.18275,1.1129333333333336,0.08907254361799821
2021-09-17,1.187,1.204,1.181,1.2,1569947672,1875189394,0.01180438448566612,1.1860000000000002,1.1142166666666666,0.06856634016028496
2021-09-22,1.188,1.199,1.181,1.191,1451857245,1725020003,-0.007499999999999951,1.1885999999999999,1.1155333333333333,0.07104316546762579
2021-09-23,1.2,1.219,1.192,1.206,1640754677,1977385237,0.012594458438287104,1.19085,1.1173499999999998,0.09936189608021873
2021-09-24,1.206,1.214,1.188,1.189,1503479096,1804080913,-0.014096185737976663,1.19315,1.1186833333333335,0.07213706041478818
2021-09-27,1.188,1.198,1.15,1.157,2112275469,2484495280,-0.02691337258200166,1.19455,1.1200166666666669,0.07428040854224705
2021-09-28,1.16,1.184,1.159,1.175,1261813787,1480766006,0.015557476231633505,1.19705,1.1221666666666665,0.12332695984703634
2021-09-29,1.166,1.168,1.143,1.159,1715589833,1985045469,-0.013617021276595809,1.1997499999999999,1.1240166666666667,0.10591603053435117
2021-09-30,1.163,1.164,1.149,1.157,1107449314,1280466217,-0.0017256255392580355,1.2010999999999998,1.1257333333333333,0.0977229601518026
2021-10-08,1.165,1.176,1.161,1.169,1079636983,1261655452,0.010371650821088929,1.20105,1.1276000000000002,0.10596026490066235
2021-10-11,1.171,1.178,1.159,1.162,1025189810,1198599749,-0.005988023952095856,1.1996,1.1293833333333334,0.10142180094786735
2021-10-12,1.156,1.156,1.112,1.125,2363846742,2675975701,-0.03184165232357994,1.1969500000000002,1.1304666666666667,0.061320754716981174
2021-10-13,1.124,1.137,1.115,1.131,1301051872,1466804826,0.005333333333333412,1.1927500000000002,1.1312666666666666,0.04432132963988922
2021-10-14,1.128,1.133,1.12,1.128,1082041958,1219862510,-0.0026525198938992522,1.18695,1.1321166666666669,0.0473537604456824
2021-10-15,1.121,1.136,1.121,1.129,1080050445,1219068250,0.0008865248226952449,1.18125,1.1331999999999998,0.06109022556390964
2021-10-18,1.13,1.133,1.123,1.13,797703022,900000939,0.0008857395925596645,1.1761,1.1340333333333334,0.04629629629629606
2021-10-19,1.127,1.146,1.127,1.136,1105585103,1257696755,0.005309734513274433,1.17045,1.1349666666666667,0.051851851851851594
2021-10-20,1.136,1.143,1.131,1.132,1172695663,1332889896,-0.0035211267605633756,1.1644,1.1359000000000001,0.052044609665427455
2021-10-21,1.133,1.147,1.126,1.135,1702101487,1933781616,0.0026501766784452485,1.1604,1.1369666666666667,0.05975723622782447
2021-10-22,1.137,1.145,1.13,1.137,1229629536,1398547355,0.0017621145374449032,1.1567,1.1377833333333334,0.04503676470588225
2021-10-25,1.136,1.157,1.126,1.152,1757520776,2002901940,0.01319261213720302,1.1549999999999998,1.13855,0.04159132007233257
2021-10-26,1.146,1.155,1.139,1.14,1242681200,1423945707,-0.01041666666666663,1.152,1.1390333333333333,0.026102610261026005
2021-10-27,1.135,1.137,1.108,1.11,1903258763,2128810839,-0.02631578947368407,1.14795,1.1395333333333333,0.0277777777777779
2021-10-28,1.107,1.115,1.099,1.102,1148508569,1271108901,-0.007207207207207245,1.14275,1.1404166666666666,0.050524308865586454
2021-10-29,1.1,1.118,1.085,1.11,2006829070,2209323661,0.007259528130671544,1.1388,1.1416333333333335,0.07039537126325968
2021-11-01,1.105,1.124,1.103,1.114,1299904744,1450055430,0.003603603603603567,1.13665,1.1426833333333335,0.05994291151284514
2021-11-02,1.113,1.118,1.084,1.091,1820431786,1999080666,-0.02064631956912044,1.13245,1.1437333333333333,0.06128404669260701
2021-11-03,1.092,1.102,1.09,1.095,900450831,986358899,0.0036663611365719273,1.12925,1.1441666666666668,0.024321796071094415
2021-11-04,1.102,1.109,1.094,1.096,956597576,1051648918,0.0009132420091324533,1.1262,1.1446,0.024299065420560817
2021-11-05,1.094,1.103,1.09,1.093,1082434471,1186665349,-0.0027372262773723843,1.1224,1.1449500000000001,0.019589552238805874
2021-11-08,1.091,1.111,1.09,1.104,1245758013,1371887368,0.010064043915828158,1.1195,1.1458000000000002,0.04843304843304863
2021-11-09,1.106,1.115,1.101,1.111,1269377597,1406314478,0.006340579710144789,1.1187999999999998,1.1466999999999998,0.0510879848628194
2021-11-10,1.108,1.114,1.099,1.109,1274151098,1408075690,-0.0018001800180017513,1.1177,1.1471833333333334,0.026851851851851682
2021-11-11,1.106,1.147,1.106,1.141,2803938584,3173481033,0.028854824165915227,1.11835,1.1479333333333333,0.04105839416058377
2021-11-12,1.141,1.143,1.129,1.135,1193089261,1353158747,-0.005258545135845782,1.1186500000000001,1.14875,0.045119705340699756
2021-11-15,1.137,1.142,1.127,1.131,1030828464,1167058099,-0.0035242290748899174,1.1187,1.1496166666666667,0.048192771084337505
2021-11-16,1.128,1.134,1.112,1.115,1799621799,2019104101,-0.014146772767462457,1.1176499999999998,1.1502166666666664,0.033364226135310426
2021-11-17,1.114,1.12,1.112,1.114,972241876,1083867674,-0.0008968609865469546,1.1167500000000001,1.1506333333333332,0.022956841138659367
2021-11-18,1.112,1.113,1.101,1.102,1205093200,1331730110,-0.010771992818671472,1.1151,1.1509666666666667,0.01848428835489835
2021-11-19,1.1,1.13,1.1,1.124,2101000603,2346383891,0.019963702359346636,1.11445,1.1504166666666669,-0.02852203975799472
2021-11-22,1.121,1.138,1.118,1.13,1711384436,1933742756,0.005338078291814652,1.11335,1.1503666666666665,-0.0026478375992939895
2021-11-23,1.127,1.148,1.127,1.133,1868546375,2129858416,0.0026548672566373277,1.113,1.1503333333333334,-0.0017621145374449032
2021-11-24,1.132,1.138,1.127,1.131,1080997729,1223782490,-0.001765225066195919,1.1140500000000002,1.1502000000000001,-0.0070237050043898686
2021-11-25,1.13,1.134,1.123,1.125,1108105301,1249158739,-0.0053050397877983935,1.1152000000000002,1.1496,-0.03100775193798455
2021-11-26,1.124,1.126,1.116,1.117,1257646638,1409238635,-0.007111111111111068,1.11555,1.1491666666666664,-0.022747156605424368
2021-11-29,1.108,1.112,1.103,1.107,1354556706,1499810022,-0.008952551477171,1.1152000000000002,1.1488,-0.019486271036315395
2021-11-30,1.11,1.119,1.104,1.108,988614807,1098689667,0.0009033423667570428,1.11605,1.1485166666666666,-0.015111111111111075
2021-12-01,1.106,1.126,1.105,1.123,1321344641,1478535197,0.013537906137184086,1.11745,1.1488166666666666,0.016289592760180938
2021-12-02,1.12,1.138,1.118,1.131,1478911886,1672737619,0.007123775601068472,1.1192,1.1488333333333334,0.0008849557522125906
2021-12-03,1.132,1.141,1.123,1.137,1370932692,1554260054,0.0053050397877985045,1.1214,1.1482833333333333,-0.028205128205128105
2021-12-06,1.145,1.187,1.144,1.153,3238563043,3779035746,0.014072119613016687,1.12385,1.1476499999999998,-0.031905961376994196
2021-12-07,1.167,1.17,1.149,1.158,1569321001,1818005190,0.004336513443191636,1.1262,1.1473166666666665,-0.01697792869269954
2021-12-08,1.159,1.174,1.15,1.174,1750676424,2039172692,0.013816925734024155,1.1294499999999998,1.1466333333333334,-0.033744855967078324
2021-12-09,1.17,1.215,1.168,1.193,2668946978,3182158290,0.016183986371379966,1.13205,1.1457833333333334,-0.04099678456591638
2021-12-10,1.183,1.187,1.175,1.178,1325816861,1564977052,-0.01257334450963965,1.1341999999999999,1.1447,-0.052292839903459454
2021-12-13,1.198,1.218,1.181,1.185,2523595270,3028097944,0.005942275042444933,1.1369,1.1439,-0.03892944038929447
2021-12-14,1.177,1.19,1.174,1.178,1071626156,1264616983,-0.005907172995780696,1.14005,1.1427166666666666,-0.05684547638110504
2021-12-15,1.179,1.197,1.178,1.185,993710166,1179626510,0.005942275042444933,1.1436,1.1415833333333334,-0.05426975259377487
2021-12-16,1.188,1.194,1.181,1.193,974534290,1157854173,0.006751054852320637,1.14815,1.1412166666666665,-0.018106995884773713
2021-12-17,1.193,1.201,1.18,1.181,1202559380,1431186998,-0.010058675607711676,1.151,1.1407166666666666,-0.024772914946325386
2021-12-20,1.176,1.186,1.159,1.161,1406750475,1646193551,-0.01693480101608813,1.1525500000000002,1.1402999999999999,-0.021079258010118007
2021-12-21,1.161,1.179,1.158,1.177,1185543268,1386537858,0.013781223083548566,1.15475,1.139916666666667,-0.019166666666666554
2021-12-22,1.177,1.177,1.165,1.167,757731710,886547995,-0.008496176720475757,1.15655,1.1395166666666667,-0.02015113350125941
2021-12-23,1.168,1.173,1.157,1.165,1126684906,1311717437,-0.001713796058269046,1.15855,1.1388333333333334,-0.033996683250414494
2021-12-24,1.165,1.174,1.156,1.158,909972551,1058789225,-0.006008583690987224,1.1606,1.1383166666666666,-0.026072329688814233
2021-12-27,1.158,1.165,1.155,1.16,684536926,793761643,0.0017271157167531026,1.1632500000000001,1.1383666666666665,0.0025929127052721768
2021-12-28,1.164,1.17,1.157,1.169,988945372,1150638941,0.007758620689655382,1.1663000000000001,1.1382666666666668,-0.005106382978723456
2021-12-29,1.169,1.169,1.154,1.155,1038465623,1205855288,-0.0119760479041916,1.1679,1.1382,-0.00345125107851596
2021-12-30,1.154,1.179,1.152,1.174,1369947579,1602484352,0.01645021645021627,1.17005,1.1384833333333333,0.014693171996542631
2021-12-31,1.177,1.182,1.17,1.176,996882889,1171842079,0.0017035775127769437,1.1720000000000002,1.1386,0.0059880239520957446
2022-01-04,1.176,1.177,1.161,1.17,873372950,1020139601,-0.005102040816326481,1.17285,1.1387333333333334,0.0068846815834768815
2022-01-05,1.169,1.173,1.157,1.16,1125338567,1309650630,-0.008547008547008517,1.17295,1.1393166666666665,0.03111111111111109
2022-01-06,1.154,1.156,1.134,1.137,1521866044,1737943086,-0.019827586206896508,1.1711,1.1394166666666665,0.0053050397877985045
2022-01-07,1.141,1.149,1.138,1.139,915499254,1046094270,0.0017590149516271136,1.1683999999999999,1.1396,0.009751773049645474
2022-01-10,1.141,1.146,1.135,1.138,880935691,1004140993,-0.0008779631255487752,1.1663999999999999,1.13975,0.00797165633303809
2022-01-11,1.138,1.15,1.135,1.139,1103452328,1260406764,0.0008787346221441616,1.1641,1.1399,0.007964601769911539
2022-01-12,1.141,1.145,1.134,1.143,1189656839,1355426516,0.0035118525021948788,1.16235,1.1400166666666667,0.0061619718309859906
2022-01-13,1.147,1.152,1.135,1.136,1257844725,1438847267,-0.006124234470691214,1.1599,1.1400833333333331,0.0035335689045936647
2022-01-14,1.127,1.127,1.104,1.105,1866995577,2082954870,-0.027288732394366133,1.1555,1.1395833333333334,-0.026431718061673992
2022-01-17,1.103,1.12,1.101,1.116,1052249502,1170873171,0.009954751131221906,1.15225,1.1392333333333333,-0.01846965699208436
2022-01-18,1.115,1.126,1.111,1.118,1133663347,1268253302,0.0017921146953405742,1.1501,1.1386666666666667,-0.02951388888888873
2022-01-19,1.12,1.133,1.117,1.122,1039995591,1170674905,0.003577817531305927,1.1473499999999999,1.1383666666666667,-0.015789473684210353
2022-01-20,1.122,1.149,1.118,1.141,1858633662,2112811543,0.01693404634581097,1.14605,1.1388833333333332,0.027927927927927865
2022-01-21,1.137,1.14,1.129,1.131,1186580426,1344515938,-0.00876424189307623,1.14435,1.1393666666666666,0.02631578947368407
2022-01-24,1.127,1.133,1.122,1.123,917478174,1033862590,-0.007073386383731228,1.1425999999999998,1.1395833333333334,0.011711711711711592
2022-01-25,1.119,1.122,1.092,1.093,1612905537,1788907740,-0.026714158504007157,1.13925,1.1392333333333333,-0.018850987432675215
2022-01-26,1.094,1.114,1.093,1.112,1336255740,1474307789,0.01738334858188484,1.1364,1.1395833333333334,0.019248395967002896
2022-01-27,1.106,1.111,1.085,1.087,1502371241,1647602602,-0.02248201438848929,1.133,1.13945,-0.007305936073059405
2022-01-28,1.094,1.108,1.075,1.076,1403786193,1530459664,-0.010119595216191213,1.1281,1.1391166666666666,-0.018248175182481785
2022-02-07,1.091,1.098,1.084,1.092,1290477509,1407062657,0.014869888475836479,1.1239,1.1390999999999998,-0.0009149130832569741
2022-02-08,1.09,1.108,1.084,1.107,1208642999,1324856634,0.013736263736263687,1.12075,1.1391499999999999,0.0027173913043476716
2022-02-09,1.106,1.113,1.102,1.11,890136698,986307333,0.0027100271002711285,1.1182500000000002,1.1391333333333333,-0.0009000900090008201
2022-02-10,1.11,1.114,1.102,1.11,810517825,898466580,0.0,1.1169,1.1391499999999999,0.0009017132551849549
2022-02-11,1.108,1.127,1.106,1.111,1362071769,1521403880,0.0009009009009008917,1.1155000000000002,1.13865,-0.0262927256792288
2022-02-14,1.102,1.103,1.055,1.06,2506117146,2692414700,-0.045904590459045824,1.1116,1.1374,-0.06607929515418498
2022-02-15,1.058,1.063,1.055,1.062,1033921370,1094916115,0.0018867924528302993,1.10775,1.13625,-0.06100795755968169
2022-02-16,1.067,1.073,1.061,1.064,762543231,813034056,0.0018832391713747842,1.1038000000000001,1.1354000000000002,-0.04573991031390123
2022-02-17,1.062,1.066,1.055,1.056,940749499,996609494,-0.007518796992481258,1.0997999999999999,1.1344333333333334,-0.05206463195691202
2022-02-18,1.05,1.061,1.049,1.058,957948435,1010472423,0.0018939393939394478,1.0974499999999998,1.1337,-0.03992740471869327
2022-02-21,1.06,1.061,1.051,1.057,935778913,986683586,-0.000945179584121103,1.0945,1.1325833333333333,-0.05960854092526702
2022-02-22,1.049,1.05,1.032,1.036,1327870745,1381497521,-0.01986754966887405,1.0904,1.1310166666666668,-0.08318584070796453
2022-02-23,1.039,1.05,1.036,1.05,1078102503,1126570942,0.013513513513513598,1.0868,1.1296333333333333,-0.07325684024713153
2022-02-24,1.043,1.049,1.011,1.02,1712464488,1760823087,-0.02857142857142858,1.0807499999999999,1.1277833333333334,-0.09814323607427056
2022-02-25,1.029,1.036,1.019,1.022,974682394,1000962687,0.0019607843137254832,1.0753,1.1260666666666665,-0.0915555555555555
2022-02-28,1.02,1.024,1.01,1.019,968434727,983587947,-0.0029354207436400603,1.0701,1.1244333333333334,-0.0877350044762758
2022-03-01,1.023,1.03,1.02,1.028,1049137521,1075341561,0.00883218842001976,1.06685,1.1231166666666668,-0.07136404697380305
2022-03-02,1.023,1.027,1.021,1.024,616435248,631206325,-0.0038910505836575737,1.06245,1.1217166666666667,-0.07581227436823113
2022-03-03,1.029,1.032,1.022,1.024,734942726,754208285,0.0,1.0593,1.1200666666666665,-0.08815672306322353
2022-03-04,1.018,1.019,1.007,1.01,1117357132,1131613064,-0.013671875,1.056,1.11805,-0.10698496905393462
2022-03-07,1.005,1.006,0.981,0.985,1393117288,1384815051,-0.024752475247524774,1.05065,1.1155166666666667,-0.13368513632365875
2022-03-08,0.985,0.993,0.955,0.96,1624020977,1586146206,-0.025380710659898553,1.0433000000000001,1.1123,-0.1673894189071986
2022-03-09,0.968,0.97,0.902,0.937,2378183167,2231637928,-0.023958333333333193,1.0346499999999998,1.1086166666666668,-0.19084628670120884
2022-03-10,0.955,0.958,0.934,0.935,1622637735,1533973454,-0.002134471718249764,1.0259,1.1046333333333331,-0.20357751277683123
2022-03-11,0.921,0.963,0.907,0.956,2041006873,1904799940,0.022459893048128343,1.0181499999999999,1.1006833333333332,-0.1986588432523052
2022-03-14,0.939,0.96,0.937,0.94,1181126151,1120101935,-0.01673640167364021,1.0121499999999999,1.0967166666666666,-0.20203735144312396
2022-03-15,0.932,0.952,0.906,0.909,1755543317,1633095189,-0.03297872340425523,1.0045,1.0921166666666666,-0.2329113924050633
2022-03-16,0.919,0.972,0.905,0.967,2681215926,2519700233,0.06380638063806376,0.9996499999999999,1.0886,-0.1791171477079796
2022-03-17,0.974,0.986,0.959,0.963,2123918777,2059454573,-0.004136504653567741,0.9950000000000001,1.0849,-0.18734177215189884
2022-03-18,0.96,0.975,0.955,0.972,1352564535,1306477278,0.009345794392523477,0.9906999999999998,1.0812166666666667,-0.18524727577535627
2022-03-21,0.965,0.967,0.951,0.955,1164900962,1116573671,-0.017489711934156382,0.9856,1.0774499999999998,-0.19136325148179512
2022-03-22,0.951,0.967,0.95,0.956,1192485150,1141731334,0.0010471204188482464,0.9816,1.0740333333333332,-0.17657192075796735
2022-03-23,0.959,0.961,0.953,0.957,747612806,715651149,0.0010460251046024993,0.9769500000000001,1.0703666666666665,-0.1869158878504673
2022-03-24,0.95,0.954,0.943,0.946,846515051,803011206,-0.011494252873563204,0.97325,1.0666833333333334,-0.18937446443873185
2022-03-25,0.947,0.955,0.934,0.935,1001334786,945214091,-0.011627906976744096,0.9689,1.06285,-0.19742489270386265
2022-03-28,0.927,0.945,0.92,0.936,980277790,914530636,0.0010695187165774556,0.9647500000000001,1.05915,-0.1917098445595854
2022-03-29,0.94,0.942,0.926,0.93,711101935,663992520,-0.0064102564102563875,0.95985,1.0553166666666667,-0.1982758620689654
2022-03-30,0.936,0.967,0.935,0.965,1903247527,1818089481,0.037634408602150504,0.9569000000000001,1.0519166666666666,-0.174508126603935
2022-03-31,0.96,0.965,0.955,0.957,818081126,784395015,-0.00829015544041456,0.9535500000000001,1.0486166666666668,-0.17142857142857149
2022-04-01,0.951,0.974,0.95,0.97,1416166041,1366689512,0.013584117032392928,0.9515499999999999,1.0452166666666667,-0.17376490630323682
2022-04-06,0.962,0.973,0.962,0.971,843640761,816534091,0.0010309278350515427,0.95085,1.0417999999999998,-0.17431972789115646
2022-04-07,0.968,0.977,0.95,0.951,1004104443,967398232,-0.02059732234809475,0.9503999999999999,1.03815,-0.18717948717948718
2022-04-08,0.952,0.971,0.945,0.966,1110741586,1065417904,0.015772870662460692,0.9518500000000001,1.0349166666666667,-0.16724137931034477
2022-04-11,0.96,0.961,0.933,0.936,1190281435,1124455212,-0.03105590062111796,0.9519,1.0315666666666667,-0.17678100263852237
2022-04-12,0.936,0.977,0.933,0.967,1543573529,1476797922,0.033119658119658,0.95245,1.0287,-0.15100965759438112
2022-04-13,0.958,0.973,0.953,0.958,1088098395,1046277530,-0.009307135470527417,0.95335,1.0257,-0.15817223198594021
2022-04-14,0.965,0.98,0.96,0.972,1594747565,1551332403,0.014613778705636848,0.9564999999999999,1.0229166666666667,-0.14661984196663747
2022-04-15,0.965,0.98,0.961,0.966,1111686682,1077647367,-0.006172839506172867,0.95645,1.0199666666666667,-0.1548556430446194
2022-04-18,0.953,0.953,0.933,0.94,1324503647,1246371102,-0.026915113871635588,0.9552999999999999,1.0167,-0.17253521126760563
2022-04-19,0.938,0.944,0.931,0.933,885247950,829216257,-0.00744680851063817,0.95335,1.0138333333333334,-0.15565610859728496
2022-04-20,0.933,0.937,0.916,0.918,1170100591,1082875722,-0.016077170418006492,0.9515,1.0105333333333335,-0.17741935483870974
2022-04-21,0.913,0.934,0.911,0.916,1353256239,1245909698,-0.002178649237472796,0.9494999999999999,1.0071666666666668,-0.1806797853309482
2022-04-22,0.91,0.924,0.909,0.917,1168994370,1073475493,0.0010917030567685337,0.9475,1.00375,-0.1827094474153298
2022-04-25,0.901,0.92,0.885,0.889,1962002133,1772067190,-0.03053435114503822,0.94465,0.99955,-0.22085889570552142
2022-04-26,0.888,0.89,0.842,0.849,2143505435,1851784598,-0.044994375703037215,0.9403499999999999,0.99485,-0.24933687002652527
2022-04-27,0.834,0.866,0.831,0.86,1970229663,1671171217,0.012956419316843437,0.9365499999999999,0.9904666666666666,-0.23419412288512909
2022-04-28,0.851,0.855,0.832,0.844,1452120314,1225464143,-0.018604651162790753,0.93225,0.9863166666666667,-0.22781335773101552
2022-04-29,0.862,0.888,0.849,0.879,2603612073,2265379143,0.041469194312796276,0.92795,0.9824333333333333,-0.20953237410071945
2022-05-05,0.867,0.873,0.862,0.867,1045474845,906987701,-0.013651877133105783,0.9234499999999999,0.9787666666666667,-0.20239190432382703
2022-05-06,0.852,0.856,0.842,0.844,1207396715,1025623770,-0.026528258362168433,0.91715,0.9749,-0.21561338289962828
2022-05-09,0.84,0.851,0.839,0.845,699548770,591312236,0.0011848341232227888,0.9108499999999999,0.9707833333333333,-0.22619047619047628
2022-05-10,0.838,0.862,0.836,0.858,1345989633,1147226981,0.01538461538461533,0.9061999999999999,0.9666333333333333,-0.22493224932249323
2022-05-11,0.857,0.882,0.855,0.863,1997957430,1738132042,0.005827505827505908,0.9010499999999999,0.9625166666666666,-0.22252252252252258
2022-05-12,0.858,0.874,0.857,0.865,1053980140,910227355,0.002317497103128563,0.8975,0.9584333333333334,-0.2207207207207208
2022-05-13,0.869,0.875,0.862,0.87,995383169,863971361,0.005780346820809301,0.8926499999999999,0.9544166666666667,-0.21692169216921686
2022-05-16,0.877,0.879,0.86,0.86,848174749,734512224,-0.011494252873563204,0.8877500000000002,0.9510833333333333,-0.18867924528301894
2022-05-17,0.861,0.87,0.856,0.866,1051138949,906767999,0.006976744186046435,0.8824500000000001,0.9478166666666666,-0.18455743879472697
2022-05-18,0.869,0.876,0.864,0.868,1182770102,1029048137,0.002309468822170979,0.8775499999999999,0.94455,-0.1842105263157895
2022-05-19,0.857,0.867,0.855,0.867,949664186,818128622,-0.0011520737327188613,0.8739000000000001,0.9413999999999999,-0.17897727272727282
2022-05-20,0.872,0.885,0.87,0.884,1772656151,1559158633,0.019607843137254832,0.8714500000000001,0.9384999999999999,-0.16446124763705106
2022-05-23,0.88,0.888,0.874,0.885,1006767088,886828406,0.0011312217194570096,0.8697999999999999,0.9356333333333334,-0.16272469252601696
2022-05-24,0.883,0.889,0.86,0.861,1160129400,1014428350,-0.027118644067796627,0.8670500000000001,0.9327166666666666,-0.16891891891891897
2022-05-25,0.86,0.865,0.859,0.864,833889385,719308286,0.0034843205574912606,0.8644000000000001,0.9296166666666665,-0.17714285714285716
2022-05-26,0.865,0.888,0.857,0.878,1487561475,1300965993,0.01620370370370372,0.86385,0.92725,-0.13921568627450986
2022-05-27,0.883,0.887,0.871,0.877,1251808177,1102471116,-0.001138952164009166,0.86525,0.9248333333333334,-0.14187866927592951
2022-05-30,0.878,0.881,0.869,0.873,867403580,758236369,-0.004561003420752607,0.8659000000000001,0.9223999999999999,-0.14327772325809607
2022-05-31,0.872,0.886,0.869,0.884,1389865885,1221688875,0.012600229095074411,0.8679,0.9199999999999999,-0.1400778210116732
2022-06-01,0.883,0.887,0.875,0.88,968909948,853824669,-0.004524886877828038,0.8679499999999999,0.9176,-0.140625
2022-06-02,0.877,0.89,0.872,0.886,1158145055,1021770327,0.006818181818181834,0.8689,0.9153,-0.134765625
2022-06-06,0.883,0.907,0.881,0.906,1878735878,1686970343,0.02257336343115135,0.8720000000000001,0.9135666666666666,-0.10297029702970295
2022-06-07,0.903,0.923,0.901,0.908,1654504047,1509828664,0.002207505518763808,0.87515,0.9122833333333333,-0.07817258883248723
2022-06-08,0.908,0.926,0.905,0.922,2249363877,2059913566,0.01541850220264318,0.87835,0.91165,-0.039583333333333304
2022-06-09,0.924,0.945,0.918,0.922,2140310435,1991005879,0.0,0.8813000000000001,0.9114,-0.016008537886873064
2022-06-10,0.915,0.949,0.911,0.945,1988865132,1850481136,0.024945770065075923,0.8853,0.9115666666666666,0.010695187165775222
2022-06-13,0.933,0.945,0.923,0.932,1525091245,1424331778,-0.013756613756613634,0.8884000000000001,0.9111666666666667,-0.025104602510460206
2022-06-14,0.92,0.987,0.911,0.985,2459355807,2328256712,0.05686695278969944,0.8946499999999998,0.9119166666666666,0.0478723404255319
2022-06-15,0.99,1.052,0.99,1.015,4623178313,4725762243,0.030456852791878042,0.9020999999999999,0.9136833333333333,0.11661166116611654
2022-06-16,1.011,1.012,0.967,0.969,3237659258,3198018860,-0.045320197044334876,0.90715,0.9137166666666666,0.0020682523267838704
2022-06-17,0.96,0.982,0.946,0.966,2360908948,2272733092,-0.003095975232198178,0.9121,0.9137666666666667,0.0031152647975078995
2022-06-20,0.962,0.978,0.956,0.96,1656464261,1597140536,-0.006211180124223614,0.9158999999999999,0.9135666666666666,-0.012345679012345734
2022-06-21,0.961,0.967,0.951,0.959,1784795657,1712826322,-0.0010416666666667185,0.9196,0.9136333333333333,0.004188481675392763
2022-06-22,0.958,0.967,0.942,0.943,1587946232,1515929297,-0.016684045881126153,0.9237,0.9134166666666667,-0.013598326359832602
2022-06-23,0.942,0.985,0.941,0.977,2289993657,2212772134,0.036055143160127257,0.92935,0.9137500000000001,0.020898641588296796
2022-06-24,0.98,0.985,0.968,0.979,1682811887,1643796677,0.0020470829068577334,0.9343999999999999,0.9143,0.03488372093023262
2022-06-27,0.983,0.992,0.977,0.98,1811479015,1781121304,0.0010214504596526286,0.93955,0.9150500000000001,0.048128342245989275
2022-06-28,0.977,0.997,0.966,0.987,1862938335,1820491763,0.0071428571428571175,0.94525,0.9159,0.054487179487179516
2022-06-29,0.981,0.994,0.965,0.967,1797413269,1765233426,-0.020263424518743633,0.9494,0.9165166666666666,0.03978494623655915
2022-06-30,0.968,0.986,0.968,0.976,1753683411,1715070582,0.009307135470527417,0.9541999999999999,0.9167000000000001,0.011398963730570033
2022-07-01,0.977,0.978,0.96,0.963,1286669579,1246412587,-0.013319672131147597,0.9580500000000001,0.9168,0.006269592476489061
2022-07-04,0.962,0.968,0.95,0.967,1200628060,1152609854,0.004153686396677125,0.9610999999999998,0.9167500000000001,-0.003092783505154628
2022-07-05,0.968,0.973,0.948,0.954,1504889804,1440497324,-0.013443640124095158,0.9634,0.9164666666666667,-0.01750772399588052
2022-07-06,0.953,0.956,0.941,0.943,1459544722,1383487883,-0.011530398322851187,0.96445,0.9163333333333334,-0.008412197686645695
2022-07-07,0.942,0.952,0.94,0.941,1078970109,1019266458,-0.0021208907741251393,0.9654,0.9159166666666666,-0.025879917184265078
2022-07-08,0.946,0.951,0.934,0.935,1208444986,1137714882,-0.006376195536663021,0.9648999999999999,0.9159,-0.0010683760683760646
2022-07-11,0.932,0.934,0.923,0.924,1322846083,1227417429,-0.0117647058823529,0.9644999999999999,0.9151833333333333,-0.0444674250258531
2022-07-12,0.927,0.941,0.923,0.929,1330149315,1238092704,0.005411255411255311,0.9617000000000001,0.9147,-0.030271398747390266
2022-07-13,0.928,0.934,0.924,0.927,957509826,889391273,-0.0021528525296017342,0.9573,0.91395,-0.04629629629629628
2022-07-14,0.924,0.929,0.918,0.92,1112000818,1026131059,-0.007551240560949357,0.9548499999999999,0.9131833333333333,-0.04761904761904756
2022-07-15,0.917,0.921,0.894,0.896,1492427569,1357225602,-0.026086956521739202,0.9513499999999999,0.91245,-0.04680851063829783
2022-07-18,0.9,0.92,0.899,0.915,1253449278,1142203543,0.021205357142857206,0.9490999999999999,0.91215,-0.019292604501607746
2022-07-19,0.914,0.927,0.911,0.923,1030199983,946828444,0.008743169398907069,0.9473,0.9122333333333332,0.005446623093681824
2022-07-20,0.926,0.929,0.92,0.923,764907979,706909329,0.0,0.9463000000000001,0.91235,0.007641921397379958
2022-07-21,0.92,0.924,0.913,0.914,821900530,754838727,-0.009750812567713929,0.9431499999999999,0.9123,-0.0032715376226826187
2022-07-22,0.917,0.926,0.909,0.916,1038816296,953469227,0.002188183807439792,0.9400000000000001,0.9127500000000001,0.030371203599550034
2022-07-25,0.915,0.916,0.905,0.905,830253700,754325247,-0.012008733624454204,0.93625,0.9136833333333333,0.06595995288574796
2022-07-26,0.906,0.915,0.904,0.911,763991253,695110592,0.006629834254143763,0.9324499999999999,0.9145333333333333,0.059302325581395365
2022-07-27,0.908,0.912,0.905,0.908,663845686,603046893,-0.003293084522502765,0.9295,0.9156,0.07582938388625604
2022-07-28,0.914,0.926,0.913,0.915,1254694602,1153684571,0.007709251101321701,0.92645,0.9162,0.04095563139931735
2022-07-29,0.916,0.922,0.906,0.907,1002941421,915272013,-0.008743169398907069,0.92365,0.9168666666666667,0.046136101499423265
2022-08-01,0.904,0.905,0.894,0.9,931438620,836550703,-0.007717750826901848,0.9203000000000001,0.9178000000000001,0.06635071090047395
2022-08-02,0.89,0.891,0.861,0.871,1651011388,1442562413,-0.03222222222222226,0.91615,0.9182333333333332,0.030769230769230882
2022-08-03,0.872,0.881,0.865,0.866,1082049977,944780975,-0.00574052812858783,0.9122999999999999,0.9183666666666668,0.00932400932400923
2022-08-04,0.872,0.879,0.868,0.874,1013114212,884147136,0.009237875288683695,0.9089499999999999,0.91855,0.012746234067207318
2022-08-05,0.875,0.896,0.873,0.895,1653777619,1463424133,0.024027459954233388,0.9069500000000001,0.91905,0.034682080924855585
2022-08-08,0.892,0.898,0.889,0.895,686324532,613949958,0.0,0.9055000000000002,0.9194666666666667,0.028735632183908066
2022-08-09,0.893,0.899,0.89,0.892,710532200,635406215,-0.003351955307262622,0.9036500000000001,0.92,0.037209302325581506
2022-08-10,0.89,0.901,0.887,0.889,789520934,705304290,-0.0033632286995515237,0.90175,0.9203833333333334,0.026558891454965483
2022-08-11,0.896,0.938,0.893,0.938,2771200603,2552633485,0.055118110236220375,0.9026500000000001,0.92155,0.08064516129032251
2022-08-12,0.929,0.942,0.926,0.935,1259344126,1177608145,-0.0031982942430702765,0.9046000000000001,0.9226833333333334,0.07843137254901977
2022-08-15,0.929,0.938,0.924,0.927,931384206,866117869,-0.00855614973262031,0.9052,0.9234000000000001,0.04864253393665163
2022-08-16,0.93,0.935,0.924,0.925,838774652,778933951,-0.0021574973031284195,0.9053000000000001,0.9240666666666666,0.04519774011299438
2022-08-17,0.927,0.949,0.922,0.944,1675447532,1574279736,0.02054054054054033,0.90635,0.92545,0.09639953542392554
2022-08-18,0.94,0.945,0.934,0.936,933866584,876379466,-0.008474576271186307,0.9074500000000001,0.9266500000000001,0.08333333333333348
2022-08-19,0.935,0.944,0.93,0.931,943927846,884654280,-0.005341880341880323,0.9082000000000001,0.9275333333333333,0.06036446469248302
2022-08-22,0.93,0.934,0.926,0.929,976167700,907045266,-0.002148227712137518,0.9094,0.9284,0.05929304446978345
2022-08-23,0.927,0.945,0.923,0.931,1161939644,1083436599,0.0021528525296017342,0.9104000000000001,0.9293666666666667,0.06643757159221075
2022-08-24,0.929,0.952,0.917,0.919,1606928552,1501981692,-0.012889366272824887,0.91095,0.92995,0.039592760180995556
2022-08-25,0.92,0.941,0.92,0.937,1505323396,1398482930,0.019586507072905324,0.91205,0.9309,0.06477272727272743
2022-08-26,0.936,0.939,0.925,0.927,882926568,821694140,-0.01067235859124871,0.9130500000000001,0.9315833333333333,0.046275395033860134
2022-08-29,0.918,0.924,0.914,0.922,861187805,791600669,-0.005393743257820938,0.9141499999999999,0.9318500000000001,0.017660044150110465
2022-08-30,0.921,0.931,0.914,0.923,1048613525,965295410,0.0010845986984815426,0.9167500000000001,0.9320999999999999,0.016519823788546217
2022-08-31,0.919,0.938,0.918,0.929,1277659525,1184509600,0.00650054171180936,0.9198999999999999,0.9322166666666667,0.00759219088937102
2022-09-01,0.926,0.929,0.915,0.917,960642404,885940268,-0.012917115177610294,0.9220500000000001,0.9321333333333334,-0.005422993492407824
2022-09-02,0.916,0.924,0.909,0.913,929128806,850224390,-0.004362050163576936,0.9229499999999999,0.9316,-0.033862433862433816
2022-09-05,0.912,0.921,0.909,0.92,832145000,761839680,0.00766703176341732,0.9241999999999999,0.9314,-0.012875536480686733
2022-09-06,0.924,0.932,0.921,0.931,1047003661,970559609,0.011956521739130421,0.92615,0.9305000000000001,-0.0548223350253807
2022-09-07,0.927,0.929,0.923,0.925,737141218,681836021,-0.0064446831364124435,0.92795,0.929,-0.08866995073891615
2022-09-08,0.927,0.931,0.922,0.922,745538193,690378606,-0.00324324324324321,0.9271500000000001,0.9282166666666666,-0.0485036119711042
2022-09-09,0.923,0.943,0.922,0.939,1369123151,1280119526,0.018438177874186445,0.92735,0.9277666666666666,-0.02795031055900621
2022-09-13,0.94,0.949,0.936,0.937,795209459,748587372,-0.0021299254526090383,0.92785,0.9273833333333333,-0.023958333333333193
2022-09-14,0.925,0.93,0.921,0.923,1117717408,1034482210,-0.014941302027748127,0.92775,0.9267833333333333,-0.037539103232533844
2022-09-15,0.927,0.934,0.916,0.922,1103037421,1022357067,-0.0010834236186348933,0.9266500000000001,0.9264333333333333,-0.022269353128313796
2022-09-16,0.918,0.919,0.866,0.869,2467400702,2172365332,-0.057483731019522866,0.9233,0.9246333333333333,-0.11054247697031727
2022-09-19,0.867,0.868,0.856,0.859,965976730,832011668,-0.011507479861910253,0.9197,0.9226333333333334,-0.12257405515832487
2022-09-20,0.863,0.866,0.857,0.859,714573730,615450757,0.0,0.9162000000000001,0.9206166666666665,-0.12346938775510208
2022-09-21,0.856,0.863,0.846,0.86,937831656,801075816,0.0011641443538998875,0.91265,0.9185,-0.12867274569402232
2022-09-22,0.853,0.862,0.851,0.855,705134053,604127104,-0.005813953488372103,0.90945,0.9166333333333334,-0.11582213029989663
2022-09-23,0.855,0.865,0.85,0.856,842650008,722930015,0.0011695906432749315,0.9054,0.9146333333333333,-0.12295081967213117
2022-09-26,0.851,0.854,0.836,0.838,919206788,776826159,-0.0210280373831776,0.9009499999999999,0.9125500000000001,-0.1298026998961579
2022-09-27,0.841,0.846,0.836,0.845,815525347,685924958,0.00835322195704058,0.8971,0.9105166666666666,-0.12616339193381587
2022-09-28,0.842,0.844,0.83,0.831,867432567,726032434,-0.016568047337278125,0.8925000000000001,0.9084666666666668,-0.12893081761006286
2022-09-29,0.836,0.837,0.815,0.82,1090329229,901053920,-0.013237063778580027,0.88705,0.9064166666666666,-0.13043478260869568
2022-09-30,0.819,0.827,0.816,0.816,809551913,665031095,-0.004878048780487809,0.882,0.9043333333333334,-0.13283740701381508
2022-10-10,0.816,0.823,0.807,0.808,823540211,671331596,-0.009803921568627305,0.87675,0.9022166666666667,-0.13582887700534763
2022-10-11,0.811,0.826,0.807,0.816,787531444,642186015,0.009900990099009688,0.87155,0.9004166666666668,-0.11688311688311703
2022-10-12,0.815,0.835,0.812,0.835,1051556564,865166507,0.023284313725490113,0.86675,0.8988499999999999,-0.10118406889128106
2022-10-13,0.83,0.836,0.827,0.83,661395162,549313016,-0.005988023952095856,0.8619999999999999,0.8972333333333334,-0.10463861920172612
2022-10-14,0.838,0.85,0.835,0.845,1062448284,895809937,0.01807228915662651,0.85815,0.8959833333333334,-0.08152173913043481
2022-10-17,0.84,0.85,0.838,0.849,638884948,540503684,0.004733727810650956,0.85365,0.8951999999999999,-0.052455357142857206
2022-10-18,0.853,0.854,0.844,0.845,714180624,605135041,-0.004711425206124886,0.8490500000000001,0.8940333333333332,-0.07650273224043724
2022-10-19,0.844,0.847,0.836,0.837,606577620,509810088,-0.009467455621301801,0.84475,0.8926,-0.09317443120260027
2022-10-20,0.833,0.852,0.832,0.84,920151937,773165659,0.0035842293906809264,0.8406499999999999,0.8912166666666667,-0.08992416034669559
2022-10-21,0.859,0.863,0.841,0.844,1191301560,1014729901,0.004761904761904745,0.8394,0.89005,-0.07658643326039394
2022-10-24,0.844,0.863,0.823,0.826,1376716425,1163988639,-0.021327014218009532,0.83775,0.88855,-0.09825327510917037
2022-10-25,0.826,0.828,0.801,0.811,1210089463,983594513,-0.018159806295399372,0.83535,0.8869833333333333,-0.10386740331491706
2022-10-26,0.812,0.829,0.811,0.818,1045802570,856861951,0.008631319358816114,0.8332499999999999,0.8854333333333334,-0.10208562019758516
2022-10-27,0.818,0.833,0.817,0.822,856523373,705988920,0.004889975550122161,0.8315999999999999,0.884,-0.09471365638766527
2022-10-28,0.818,0.824,0.8,0.804,1182687977,961252590,-0.021897810218977964,0.829,0.88215,-0.121311475409836
2022-10-31,0.799,0.815,0.797,0.805,999567293,804573544,0.0012437810945273853,0.82735,0.88045,-0.11245865490628448
2022-11-01,0.806,0.83,0.805,0.83,1284965410,1053684816,0.03105590062111796,0.8266,0.8792833333333333,-0.07777777777777783
2022-11-02,0.825,0.837,0.823,0.832,1147477639,951722434,0.002409638554216942,0.8266500000000001,0.8786333333333333,-0.04477611940298509
2022-11-03,0.826,0.83,0.822,0.827,720328341,594888083,-0.006009615384615419,0.827,0.8779833333333332,-0.04503464203233265
2022-11-04,0.827,0.857,0.826,0.85,1946907463,1643582131,0.027811366384522307,0.8287000000000001,0.8775833333333334,-0.027459954233409634
2022-11-07,0.844,0.854,0.843,0.848,964085715,817906038,-0.0023529411764705577,0.8306999999999999,0.8767999999999999,-0.05251396648044693
2022-11-08,0.849,0.852,0.841,0.845,721902374,609799800,-0.003537735849056589,0.8321500000000001,0.8759666666666667,-0.05586592178770955
2022-11-09,0.845,0.849,0.841,0.842,607757300,513004728,-0.0035502958579881616,0.8324999999999999,0.8751333333333334,-0.056053811659192876
2022-11-10,0.839,0.852,0.836,0.848,904788640,764601011,0.0071258907363420665,0.8333999999999999,0.87445,-0.04611923509561311
2022-11-11,0.874,0.883,0.858,0.869,2102561206,1825902489,0.024764150943396235,0.8346,0.8733000000000001,-0.07356076759061825
2022-11-14,0.872,0.893,0.87,0.876,1899258893,1672646738,0.008055235903337232,0.8359500000000001,0.8723166666666666,-0.06310160427807487
2022-11-15,0.87,0.918,0.87,0.908,2353525979,2117510927,0.0365296803652968,0.8391,0.872,-0.02049622437971954
2022-11-16,0.902,0.907,0.89,0.892,1019371982,915190885,-0.017621145374449365,0.84185,0.87145,-0.035675675675675755
2022-11-17,0.888,0.897,0.885,0.896,1064924279,949042162,0.004484304932735439,0.84465,0.8706499999999999,-0.05084745762711862
2022-11-18,0.896,0.897,0.883,0.884,1058537069,941395632,-0.013392857142857206,0.84665,0.8697833333333332,-0.05555555555555558
2022-11-21,0.879,0.879,0.863,0.869,989172318,859068975,-0.016968325791855254,0.8488000000000001,0.86875,-0.06659505907626218
2022-11-22,0.868,0.88,0.865,0.87,961461519,838636491,0.0011507479861909697,0.8517499999999998,0.8677666666666667,-0.06350914962325083
2022-11-23,0.869,0.879,0.867,0.871,756276497,659575009,0.0011494252873562871,0.8544,0.8667666666666667,-0.06444683136412466
2022-11-24,0.878,0.882,0.866,0.867,740046220,645576408,-0.004592422502870286,0.8566500000000001,0.8659,-0.05658324265505987
2022-11-25,0.865,0.882,0.864,0.876,973335983,850842277,0.01038062283737018,0.86025,0.8648833333333333,-0.06510138740661686
2022-11-28,0.861,0.863,0.849,0.862,1059822149,907811740,-0.01598173515981738,0.8631,0.8638,-0.07011866235167208
2022-11-29,0.863,0.9,0.863,0.894,2310091377,2045633379,0.037122969837587005,0.8663000000000001,0.8633333333333333,-0.030368763557483747
2022-11-30,0.89,0.906,0.89,0.894,1052720251,944474085,0.0,0.8694000000000001,0.86285,-0.031419284940411685
2022-12-01,0.91,0.929,0.897,0.897,2049969723,1872255874,0.003355704697986628,0.8728999999999999,0.8623166666666667,-0.03444564047362764
2022-12-02,0.898,0.905,0.89,0.894,695986796,623824350,-0.0033444816053511683,0.8751000000000001,0.8619333333333333,-0.025081788440567077
2022-12-05,0.905,0.927,0.903,0.926,1781840351,1634692917,0.03579418344519025,0.8790000000000001,0.86215,0.014238773274917849
2022-12-06,0.92,0.933,0.918,0.921,905794791,837325197,-0.005399568034557212,0.8827999999999999,0.8621666666666667,0.0010869565217390686
2022-12-07,0.918,0.926,0.906,0.912,1420671951,1297846599,-0.009771986970684043,0.8863,0.86185,-0.020408163265306145
2022-12-08,0.912,0.915,0.906,0.91,688836690,626946367,-0.002192982456140302,0.8894,0.8615999999999999,-0.016216216216216273
2022-12-09,0.912,0.923,0.903,0.918,1084556706,989498279,0.00879120879120876,0.8918500000000001,0.8615333333333334,-0.004338394793926281
2022-12-12,0.912,0.912,0.895,0.896,1162491971,1047878183,-0.023965141612200425,0.8928499999999999,0.8608166666666667,-0.04579339723109688
2022-12-13,0.897,0.902,0.894,0.897,605010228,542934965,0.0011160714285713969,0.8923,0.8601499999999999,-0.04268943436499473
2022-12-14,0.899,0.908,0.894,0.903,781712106,704352849,0.006688963210702337,0.8928499999999999,0.8598166666666668,-0.021668472372697756
2022-12-15,0.9,0.904,0.894,0.896,709984042,636675301,-0.007751937984496138,0.8928499999999999,0.8593833333333334,-0.02819956616052066
2022-12-16,0.891,0.9,0.89,0.893,862209465,770017548,-0.0033482142857143016,0.8933,0.8597833333333332,0.027617951668584606
2022-12-19,0.895,0.9,0.864,0.868,1227348300,1078471895,-0.027995520716685318,0.8932499999999999,0.8599333333333333,0.010477299185098987
2022-12-20,0.865,0.872,0.86,0.863,777196079,672973714,-0.005760368663594528,0.8929,0.86,0.00465657741559955
2022-12-21,0.866,0.87,0.859,0.863,592140800,511735860,0.0,0.8924999999999998,0.8600499999999999,0.0034883720930232176
2022-12-22,0.869,0.875,0.858,0.862,813254116,705272547,-0.0011587485515642815,0.89225,0.8601666666666666,0.008187134502924076
2022-12-23,0.857,0.869,0.856,0.865,587945343,507584694,0.0034802784222738303,0.8916999999999999,0.8603166666666666,0.010514018691588856
2022-12-26,0.865,0.866,0.856,0.862,696891500,600074220,-0.003468208092485603,0.8916999999999999,0.8607166666666666,0.02863961813842475
2022-12-27,0.867,0.876,0.863,0.873,930863218,810938867,0.012761020881670637,0.8906500000000002,0.8611833333333333,0.03313609467455625
2022-12-28,0.869,0.873,0.865,0.867,638243662,554107141,-0.0068728522336769515,0.8892999999999999,0.8617833333333333,0.04332129963898912
2022-12-29,0.863,0.868,0.858,0.865,996228800,859915438,-0.0023068050749711633,0.8877,0.8625333333333334,0.054878048780487854
2022-12-30,0.867,0.873,0.866,0.869,559267490,486002834,0.0046242774566473965,0.88645,0.8634166666666666,0.06495098039215685
2023-01-03,0.861,0.866,0.842,0.864,1616058299,1377505857,-0.005753739930955071,0.8833500000000001,0.86435,0.06930693069306915
2023-01-04,0.861,0.871,0.861,0.866,1044310557,905089795,0.0023148148148148806,0.8806,0.8651833333333332,0.06127450980392157
2023-01-05,0.871,0.888,0.871,0.883,1399841904,1230910632,0.019630484988452768,0.8791500000000001,0.8659833333333334,0.057485029940119725
2023-01-06,0.881,0.891,0.879,0.884,1175190060,1039780129,0.0011325028312569874,0.8778500000000001,0.8668833333333333,0.06506024096385543
2023-01-09,0.887,0.909,0.887,0.899,1435572367,1290592668,0.016968325791855143,0.8769,0.8677833333333334,0.06390532544378713
2023-01-10,0.9,0.912,0.896,0.898,1013645437,915545430,-0.0011123470522803602,0.8770000000000001,0.8686,0.05771495877502941
2023-01-11,0.9,0.903,0.89,0.892,905159539,810683531,-0.006681514476614692,0.87675,0.8693833333333334,0.0556213017751479
2023-01-12,0.894,0.9,0.888,0.9,796100449,712167876,0.008968609865470878,0.8766,0.8704333333333333,0.07526881720430123
2023-01-13,0.903,0.918,0.897,0.918,1298242509,1179206356,0.020000000000000018,0.8776999999999999,0.8717333333333334,0.09285714285714297
2023-01-16,0.921,0.968,0.918,0.947,2559788288,2426676738,0.031590413943354934,0.8804000000000001,0.8734500000000001,0.12203791469194303
2023-01-17,0.942,0.96,0.94,0.959,1747080889,1662339368,0.012671594508975703,0.8849500000000001,0.8756666666666667,0.1610169491525424
2023-01-18,0.957,0.965,0.954,0.955,851952902,815777268,-0.004171011470281538,0.8895500000000001,0.8780666666666668,0.17755856966707761
2023-01-19,0.951,0.976,0.95,0.975,1193783146,1151367559,0.020942408376963373,0.8951500000000001,0.8806833333333333,0.1919315403422983
2023-01-20,0.977,0.977,0.96,0.969,1187010300,1147974610,-0.006153846153846176,0.9004999999999999,0.8831333333333333,0.17883211678832112
2023-01-30,0.985,0.99,0.96,0.961,1801777263,1747317535,-0.008255933952528438,0.9053000000000001,0.8857499999999999,0.19527363184079594
2023-01-31,0.96,0.968,0.949,0.956,1223459270,1169925808,-0.005202913631633721,0.9099999999999999,0.8882666666666666,0.18757763975155273
2023-02-01,0.957,0.982,0.954,0.981,1447500309,1397044432,0.026150627615062705,0.9154,0.8907833333333334,0.18192771084337345
2023-02-02,0.995,0.997,0.959,0.961,2098964700,2034991984,-0.020387359836901098,0.9201,0.8929333333333334,0.15504807692307687
2023-02-03,0.951,0.96,0.943,0.953,1416054937,1347737713,-0.008324661810613976,0.9244999999999999,0.8950333333333335,0.1523579201934704
2023-02-06,0.945,0.946,0.934,0.935,1047521626,983236825,-0.018887722980062915,0.9277999999999998,0.89645,0.10000000000000009
2023-02-07,0.939,0.942,0.933,0.938,727506240,682297473,0.0032085561497325887,0.9315,0.89795,0.10613207547169812
2023-02-08,0.94,0.941,0.928,0.929,773704100,722581441,-0.00959488272921094,0.9346499999999999,0.8993500000000001,0.09940828402366875
2023-02-09,0.929,0.945,0.927,0.944,1103352747,1036049835,0.016146393972012785,0.9376999999999999,0.9010499999999999,0.12114014251781469
2023-02-10,0.941,0.944,0.933,0.936,796006728,746472039,-0.008474576271186307,0.9402999999999999,0.9025166666666666,0.10377358490566047
2023-02-13,0.933,0.943,0.93,0.942,1001439061,939608810,0.0064102564102563875,0.9424499999999998,0.9037333333333333,0.08400460299194479
2023-02-14,0.943,0.944,0.934,0.94,688287415,646023592,-0.002123142250530785,0.9445499999999999,0.9048,0.0730593607305936
2023-02-15,0.938,0.94,0.93,0.931,742413134,692819621,-0.009574468085106314,0.9465,0.9051833333333333,0.025330396475770955
2023-02-16,0.932,0.949,0.918,0.926,1753862401,1645101983,-0.00537056928034374,0.9478,0.90575,0.03811659192825112
2023-02-17,0.923,0.927,0.908,0.909,1097116405,1005797961,-0.018358531317494653,0.9473500000000001,0.9059666666666667,0.014508928571428603
2023-02-20,0.919,0.947,0.915,0.946,1914229412,1783400373,0.040704070407040716,0.9472999999999999,0.907,0.07013574660633481
2023-02-21,0.942,0.95,0.939,0.948,1046492453,988721297,0.0021141649048626032,0.94675,0.9083166666666667,0.09090909090909083
2023-02-22,0.943,0.951,0.936,0.939,988541161,932085010,-0.009493670886076,0.9459500000000001,0.9094666666666666,0.07931034482758625
2023-02-23,0.939,0.956,0.939,0.947,1167253099,1107327187,0.008519701810436597,0.9445499999999999,0.9107333333333334,0.08725602755453488
2023-02-24,0.946,0.947,0.928,0.931,1017531498,950923832,-0.0168954593453009,0.9426500000000001,0.9117999999999999,0.07381776239907745
2023-02-27,0.923,0.926,0.917,0.919,709777887,653805415,-0.012889366272824887,0.94055,0.9125166666666666,0.04908675799086759
2023-02-28,0.923,0.928,0.917,0.927,711950130,657300869,0.008705114254624613,0.9391,0.9136,0.0754060324825987
2023-03-01,0.927,0.943,0.924,0.94,1145874040,1072633378,0.014023732470334282,0.9370499999999999,0.9143666666666667,0.05145413870246074
2023-03-02,0.938,0.942,0.935,0.937,679492104,637081856,-0.0031914893617019935,0.93585,0.9150833333333334,0.04809843400447433
2023-03-03,0.94,0.947,0.933,0.944,981929187,924055917,0.007470651013874008,0.9354000000000001,0.9158666666666666,0.0523968784838349
2023-03-06,0.944,0.945,0.929,0.93,1023339721,956341521,-0.01483050847457612,0.9351500000000001,0.9164666666666667,0.04026845637583887
2023-03-07,0.928,0.938,0.913,0.914,1285440832,1190548749,-0.017204301075268824,0.93395,0.9162666666666668,-0.01295896328293733
2023-03-08,0.911,0.913,0.908,0.913,715500465,651602104,-0.001094091903719896,0.93315,0.9161333333333332,-0.008686210640608039
2023-03-09,0.913,0.915,0.906,0.908,627760536,571258099,-0.005476451259583848,0.9313500000000001,0.9160666666666667,-0.004385964912280715
2023-03-10,0.903,0.906,0.896,0.896,876795703,789163109,-0.013215859030836996,0.9293500000000001,0.9158333333333334,-0.015384615384615441
2023-03-13,0.896,0.903,0.892,0.9,667695460,599366104,0.0044642857142858094,0.9272500000000001,0.9155333333333334,-0.019607843137254943
2023-03-14,0.898,0.899,0.882,0.891,846805983,754253173,-0.010000000000000009,0.9248000000000001,0.91545,-0.005580357142857095
2023-03-15,0.898,0.903,0.895,0.896,723572018,650828171,0.0056116722783390305,0.9230499999999999,0.9154333333333333,-0.0011148272017836858
2023-03-16,0.891,0.897,0.888,0.89,628145928,560586073,-0.006696428571428603,0.92125,0.9152166666666666,-0.01439645625692143
2023-03-17,0.897,0.914,0.897,0.905,1214100519,1099166292,0.016853932584269593,0.9210499999999999,0.9153666666666667,0.010044642857142794
2023-03-20,0.904,0.911,0.894,0.895,884988292,797930249,-0.011049723756906049,0.9185000000000001,0.9154,0.002239641657334923
2023-03-21,0.899,0.905,0.896,0.903,727875612,655820159,0.00893854748603351,0.91625,0.9159833333333334,0.040322580645161255
2023-03-22,0.904,0.907,0.893,0.898,1029323290,925423514,-0.0055370985603543366,0.9141999999999999,0.9165666666666666,0.04055619930475096
2023-03-23,0.893,0.909,0.892,0.909,1066543794,962398506,0.012249443207126953,0.9123000000000001,0.9173333333333333,0.05330243337195828
2023-03-24,0.909,0.916,0.906,0.911,875191182,797572910,0.002200220022002153,0.9113,0.91815,0.05684454756380508
2023-03-27,0.911,0.919,0.906,0.916,996996928,910337011,0.005488474204171201,0.9111499999999999,0.919,0.05895953757225447
2023-03-28,0.913,0.916,0.905,0.906,700750379,636479210,-0.01091703056768556,0.9101000000000001,0.9197333333333334,0.051044083526682105
2023-03-29,0.909,0.91,0.897,0.901,806940882,727788915,-0.0055187637969095205,0.90815,0.9201999999999999,0.032073310423825996
2023-03-30,0.901,0.909,0.89,0.906,1091217590,981833007,0.005549389567147678,0.9066000000000001,0.9208500000000001,0.04498269896193774
2023-03-31,0.905,0.909,0.902,0.905,809667550,732869592,-0.001103752759381904,0.90465,0.9215166666666667,0.046242774566473965
2023-04-03,0.905,0.943,0.903,0.942,2762542877,2565941760,0.040883977900552315,0.90525,0.9227333333333333,0.08400460299194479
2023-04-04,0.942,0.951,0.94,0.946,1426538205,1349156951,0.00424628450106157,0.90685,0.9241,0.09490740740740744
2023-04-06,0.943,0.946,0.934,0.939,998302270,937697099,-0.007399577167019,0.90815,0.9253166666666668,0.08429561200923774
2023-04-07,0.94,0.953,0.936,0.949,1420166427,1344020526,0.010649627263045858,0.9102,0.9264166666666667,0.07474518686296716
2023-04-10,0.958,0.962,0.938,0.939,1643681575,1561792842,-0.010537407797681753,0.91235,0.9273333333333333,0.06221719457013575
2023-04-11,0.946,0.964,0.945,0.949,1367594844,1303748815,0.010649627263045858,0.9148,0.9281666666666666,0.05561735261401557
2023-04-12,0.95,0.959,0.945,0.952,977063600,929219520,0.0031612223393044925,0.9178500000000002,0.9290666666666667,0.060133630289532114
2023-04-13,0.947,0.948,0.937,0.94,1135243963,1069821864,-0.012605042016806789,0.92005,0.9298666666666667,0.053811659192825045
2023-04-14,0.942,0.945,0.934,0.941,1099862800,1033636156,0.0010638297872340718,0.9226000000000001,0.93055,0.04555555555555557
2023-04-17,0.941,0.968,0.94,0.967,2007313915,1925078992,0.02763018065887346,0.9257,0.9313666666666667,0.05337690631808267
2023-04-18,0.966,0.974,0.958,0.962,1297764977,1251135727,-0.005170630816959676,0.9290499999999999,0.9316166666666666,0.015839493136219573
2023-04-19,0.959,0.96,0.945,0.947,1288328687,1226462949,-0.015592515592515621,0.93125,0.9314166666666668,-0.012513034410844615
2023-04-20,0.945,0.951,0.94,0.951,1035947843,979319764,0.004223864836325308,0.9339000000000001,0.93135,-0.004188481675392652
2023-04-21,0.95,0.951,0.913,0.916,1662877480,1546439220,-0.03680336487907454,0.9342499999999999,0.9303666666666667,-0.060512820512820475
2023-04-24,0.911,0.916,0.895,0.9,1307676120,1183193470,-0.017467248908296984,0.9337,0.9292166666666667,-0.07120743034055721
2023-04-25,0.902,0.91,0.894,0.904,1171930044,1056005945,0.004444444444444473,0.9330999999999999,0.9282666666666668,-0.059313215400624286
2023-04-26,0.9,0.905,0.896,0.902,778171054,700825202,-0.0022123893805309214,0.9328999999999998,0.9273666666666667,-0.05648535564853552
2023-04-27,0.9,0.911,0.896,0.908,1142665949,1032665864,0.006651884700665134,0.9332499999999999,0.9261499999999999,-0.07441386340468903
2023-04-28,0.912,0.935,0.907,0.928,1586630049,1465368779,0.022026431718061623,0.93435,0.9256,-0.03433922996878247
2023-05-04,0.922,0.941,0.918,0.939,1127464938,1051274128,0.011853448275861878,0.93605,0.9253666666666667,-0.014690451206715638
2023-05-05,0.939,0.972,0.939,0.953,2187057971,2099344296,0.014909478168264156,0.9366,0.9256666666666666,0.019251336898395532
2023-05-08,0.951,0.983,0.944,0.972,1871699487,1808500222,0.019937040923399874,0.9379,0.9262333333333334,0.03624733475479758
2023-05-09,0.976,1.027,0.971,0.983,3578252751,3581015793,0.011316872427983515,0.9400999999999999,0.9271333333333334,0.05812701829924638
2023-05-10,0.973,0.981,0.952,0.955,1423378682,1372328799,-0.028484231943031513,0.9404,0.9273166666666667,0.01165254237288127
2023-05-11,0.958,0.966,0.953,0.954,789265513,756727335,-0.0010471204188481353,0.9411499999999998,0.9276166666666668,0.019230769230769162
2023-05-12,0.954,0.958,0.94,0.941,841745853,797699952,-0.013626834381551323,0.9407500000000001,0.9276,-0.0010615711252653925
2023-05-15,0.941,0.958,0.922,0.955,1501704122,1407256226,0.014877789585547196,0.9408999999999998,0.92785,0.015957446808510634
2023-05-16,0.954,0.965,0.944,0.946,969923701,925253803,-0.009424083769633551,0.9412,0.9281,0.01611170784103111
2023-05-17,0.945,0.952,0.941,0.944,673011725,635980825,-0.0021141649048626032,0.9413499999999999,0.9283999999999999,0.01943844492440605
2023-05-18,0.946,0.952,0.938,0.941,795893935,751716964,-0.0031779661016949623,0.9400499999999999,0.9289333333333333,0.03520352035203511
2023-05-19,0.938,0.939,0.926,0.928,942732498,876872732,-0.013815090329436619,0.93835,0.9286333333333334,-0.019027484143763096
2023-05-22,0.926,0.931,0.922,0.926,762234800,705398024,-0.0021551724137931494,0.9373000000000001,0.9282666666666667,-0.02320675105485226
2023-05-23,0.927,0.928,0.912,0.913,1069780509,982423025,-0.01403887688984884,0.9353999999999999,0.9278333333333334,-0.02768903088391894
2023-05-24,0.91,0.911,0.898,0.899,1480520378,1339027035,-0.01533406352683464,0.93455,0.9270333333333334,-0.05068637803590281
2023-05-25,0.896,0.901,0.889,0.901,1309142473,1172521244,0.0022246941045607205,0.9346,0.9265333333333333,-0.03222341568206233
2023-05-26,0.898,0.905,0.894,0.903,986888865,887579667,0.002219755826859071,0.9345500000000001,0.9262666666666667,-0.017410228509249226
2023-05-29,0.905,0.905,0.893,0.894,922203135,828375618,-0.009966777408637828,0.93415,0.9257166666666667,-0.035598705501618144
2023-05-30,0.894,0.898,0.885,0.897,1078740961,961882985,0.003355704697986628,0.9336,0.925,-0.04574468085106376
2023-05-31,0.895,0.896,0.888,0.891,841392336,750564030,-0.006688963210702337,0.9317499999999999,0.9242333333333334,-0.04909284951974391
2023-06-01,0.891,0.902,0.888,0.893,988285588,885247559,0.002244668911335568,0.9294499999999999,0.9233833333333333,-0.05402542372881347
2023-06-02,0.896,0.9,0.894,0.899,1045360818,938832196,0.006718924972004547,0.92675,0.9228666666666666,-0.033333333333333326
2023-06-05,0.899,0.901,0.892,0.894,770015922,689967275,-0.005561735261401579,0.9228500000000001,0.9225333333333333,-0.021881838074398252
2023-06-06,0.893,0.899,0.881,0.882,1169297361,1041109440,-0.01342281879194629,0.9178000000000001,0.9220166666666666,-0.033953997809419545
2023-06-07,0.882,0.891,0.881,0.883,771774698,683026943,0.0011337868480725266,0.9141999999999999,0.9216,-0.02753303964757714
2023-06-08,0.883,0.897,0.878,0.894,1200865305,1066817340,0.012457531143827971,0.9112,0.9215666666666666,-0.0022321428571429047
2023-06-09,0.893,0.894,0.888,0.892,788709065,702725497,-0.0022371364653244186,0.9087500000000001,0.9214333333333333,-0.008888888888888946
2023-06-12,0.889,0.89,0.88,0.883,908524593,802719964,-0.010089686098654682,0.9051500000000001,0.9213,-0.008978675645342271
2023-06-13,0.882,0.888,0.881,0.888,785519095,695612303,0.005662514156285381,0.9022499999999999,0.9211666666666667,-0.008928571428571397
2023-06-14,0.889,0.9,0.888,0.889,950295865,848751505,0.0011261261261261701,0.8995000000000001,0.92115,-0.0011235955056180247
2023-06-15,0.89,0.903,0.888,0.902,1470018183,1318405245,0.01462317210348707,0.8975500000000001,0.9210999999999999,-0.0033149171270718814
2023-06-16,0.903,0.908,0.898,0.906,1339853763,1210309458,0.0044345898004434225,0.8964500000000001,0.9212833333333333,0.012290502793296021
2023-06-19,0.905,0.905,0.897,0.898,856879428,771069617,-0.008830022075055233,0.89505,0.9212,-0.0055370985603543366
2023-06-20,0.897,0.901,0.895,0.895,861243000,772905432,-0.0033407572383074013,0.8941500000000001,0.92115,-0.0033407572383074013
2023-06-21,0.894,0.896,0.878,0.879,1195762595,1059379297,-0.01787709497206702,0.89315,0.9206500000000001,-0.03300330033003307
2023-06-26,0.872,0.873,0.858,0.858,1238433775,1070012116,-0.023890784982935176,0.891,0.9197666666666666,-0.05817782656421522
2023-06-27,0.86,0.868,0.859,0.866,660524368,570703596,0.00932400932400923,0.8891499999999999,0.9189333333333333,-0.05458515283842802
2023-06-28,0.865,0.868,0.859,0.866,725824078,626826817,0.0,0.8877499999999999,0.9182666666666666,-0.04415011037527594
2023-06-29,0.864,0.869,0.861,0.863,741305976,640544019,-0.0034642032332563577,0.88605,0.9176333333333333,-0.04217536071032191
2023-06-30,0.862,0.882,0.862,0.879,1084345044,948483264,0.018539976825028948,0.88545,0.9171833333333335,-0.0298013245033113
2023-07-03,0.879,0.895,0.879,0.891,1002928321,890177496,0.013651877133105783,0.8853500000000001,0.91695,-0.015469613259668558
2023-07-04,0.89,0.895,0.886,0.891,644760400,574167946,0.0,0.8849499999999999,0.9161,-0.05414012738853502
2023-07-05,0.89,0.892,0.885,0.885,478063874,424321881,-0.006734006734006703,0.8845000000000001,0.9150833333333332,-0.06448202959830862
2023-07-06,0.884,0.89,0.881,0.885,553995422,490094319,0.0,0.8846499999999999,0.9141833333333333,-0.057507987220447254
2023-07-07,0.881,0.894,0.88,0.89,829462624,736490547,0.005649717514124353,0.885,0.9132,-0.06217070600632235
2023-07-10,0.894,0.897,0.887,0.89,653796800,583107304,0.0,0.8848,0.9123833333333333,-0.052183173588924325
2023-07-11,0.893,0.896,0.89,0.895,609351477,544343956,0.00561797752808979,0.8849499999999999,0.9114833333333333,-0.05690200210748153
2023-07-12,0.895,0.899,0.886,0.889,683955835,610140933,-0.006703910614525133,0.8852499999999999,0.9104333333333334,-0.06617647058823528
2023-07-13,0.892,0.905,0.892,0.903,1214906927,1095335318,0.015748031496062964,0.8860000000000001,0.9098166666666666,-0.03936170212765955
2023-07-14,0.904,0.905,0.9,0.901,577349975,520865215,-0.0022148394241418012,0.8865999999999999,0.90915,-0.04250797024442077
2023-07-17,0.9,0.9,0.893,0.896,622394590,557610643,-0.005549389567147567,0.8863000000000001,0.9079666666666667,-0.07342295760082729
2023-07-18,0.898,0.902,0.895,0.899,495462600,445243556,0.0033482142857141906,0.8859499999999999,0.9069166666666667,-0.06548856548856541
2023-07-19,0.897,0.905,0.896,0.904,910388745,820200414,0.005561735261401468,0.8862499999999999,0.9062,-0.04540654699049618
2023-07-20,0.907,0.909,0.896,0.896,760201624,686970025,-0.008849557522123908,0.8863,0.9052833333333333,-0.05783385909568872
2023-07-21,0.894,0.904,0.894,0.899,683463062,614686575,0.0033482142857141906,0.8873000000000001,0.9049999999999999,-0.018558951965065518
2023-07-24,0.895,0.903,0.893,0.898,620159493,556926716,-0.0011123470522803602,0.8893000000000001,0.9049666666666667,-0.0022222222222222365
2023-07-25,0.929,0.952,0.922,0.949,3341923923,3125045902,0.056792873051224824,0.89345,0.9057166666666666,0.0497787610619469
2023-07-26,0.942,0.949,0.935,0.946,1280376161,1206936556,-0.0031612223393044925,0.8974500000000001,0.90645,0.04878048780487787
2023-07-27,0.944,0.95,0.935,0.936,1026796195,966883731,-0.010570824524312794,0.9010999999999999,0.9069166666666668,0.03083700440528636
2023-07-28,0.933,1.018,0.932,1.017,4196440441,4133506835,0.08653846153846145,0.908,0.9084,0.09590517241379293
2023-07-31,1.026,1.045,1.011,1.013,3426204826,3523649483,-0.003933136676499527,0.9141,0.9096333333333333,0.07880724174653886
2023-08-01,1.001,1.032,1.001,1.011,2317738670,2353033750,-0.001974333662388972,0.9201,0.9106000000000001,0.060860440713536246
2023-08-02,1.006,1.039,1.005,1.018,1811517262,1852062624,0.006923837784372111,0.92675,0.9113666666666667,0.0473251028806585
2023-08-03,1.027,1.059,1.008,1.054,2800412096,2907133770,0.035363457760314354,0.9352,0.91255,0.07222787385554441
2023-08-04,1.08,1.113,1.059,1.063,4402229960,4764738037,0.008538899430740043,0.9438500000000001,0.91435,0.11308900523560217
2023-08-07,1.041,1.067,1.04,1.066,1888443674,1991189742,0.002822201317027373,0.95265,0.9162166666666667,0.11740041928721179
2023-08-08,1.056,1.081,1.027,1.059,2149621941,2267948212,-0.0065666041275798115,0.96085,0.9181833333333334,0.12539851222104148
2023-08-09,1.047,1.066,1.047,1.053,1278363319,1349670499,-0.005665722379603388,0.96905,0.9198166666666666,0.10261780104712037
2023-08-10,1.053,1.075,1.05,1.074,1858348624,1973236817,0.019943019943020168,0.9776,0.92195,0.13530655391120527
2023-08-11,1.066,1.066,1.026,1.027,2964014615,3090182916,-0.043761638733705865,0.9838999999999999,0.9233333333333335,0.08792372881355925
2023-08-14,1.006,1.033,1.005,1.017,1819832754,1852987834,-0.009737098344693274,0.98995,0.9246,0.08076514346439945
2023-08-15,1.011,1.037,1.011,1.036,1772864698,1818754759,0.01868239921337289,0.9968,0.9263999999999999,0.11637931034482762
2023-08-16,1.024,1.064,1.013,1.038,1967295406,2046001727,0.0019305019305020377,1.0035,0.9282666666666668,0.12095032397408212
2023-08-17,1.028,1.045,1.019,1.038,1595241199,1646860233,0.0,1.0106,0.93035,0.13691128148959475
2023-08-18,1.038,1.053,1.02,1.021,1248198441,1292544737,-0.016377649325626353,1.0167,0.9323833333333333,0.13570634037819795
2023-08-21,1.01,1.019,0.984,0.985,1879141259,1876326590,-0.03525954946131238,1.02105,0.9337833333333333,0.09322974472807988
2023-08-22,0.989,1.01,0.983,1.004,2044527164,2033985773,0.019289340101522834,1.0238,0.9354666666666667,0.11184939091915824
2023-08-23,0.995,0.996,0.976,0.977,1095454352,1080360527,-0.02689243027888444,1.02535,0.93685,0.09284116331096182
2023-08-24,0.983,1.009,0.983,0.992,1683396364,1672052091,0.01535312180143289,1.02815,0.9384333333333333,0.10590858416945381
2023-08-25,0.988,1.006,0.987,0.998,1329669937,1327355157,0.006048387096774244,1.0272000000000001,0.9402166666666666,0.12008978675645343
2023-08-28,1.098,1.098,1.018,1.023,4283547691,4563548260,0.02505010020040066,1.0276999999999998,0.9423833333333334,0.14557670772676357
2023-08-29,1.011,1.025,0.987,1.016,2890584770,2910176323,-0.006842619745845435,1.02795,0.9443333333333332,0.13014460511679649
2023-08-30,1.008,1.008,0.985,0.987,1874502769,1865023964,-0.028543307086614234,1.0264,0.9458833333333333,0.10402684563758391
2023-08-31,0.986,0.991,0.966,0.968,1415041508,1380494209,-0.019250253292806496,1.0221,0.9473166666666667,0.0975056689342404
2023-09-01,0.975,0.98,0.966,0.969,1162483440,1130188786,0.0010330578512396382,1.0173999999999999,0.94875,0.09739524348810868
2023-09-04,0.973,0.981,0.965,0.976,1144676277,1115838900,0.007223942208462342,1.0129,0.9501166666666666,0.09172259507829983
2023-09-05,0.973,0.974,0.963,0.967,926958155,896221364,-0.009221311475409832,1.0082999999999998,0.9513666666666667,0.0840807174887892
2023-09-06,0.962,0.967,0.957,0.964,928280616,892537521,-0.0031023784901758056,1.0038500000000001,0.9527166666666668,0.0917327293318233
2023-09-07,0.963,0.97,0.956,0.959,1198943112,1154161790,-0.005186721991701226,0.9981,0.9538999999999999,0.07995495495495497
2023-09-08,0.956,0.967,0.95,0.964,1071008900,1026706261,0.005213764337852034,0.99495,0.95515,0.08436445444319451
2023-09-11,0.964,0.985,0.958,0.979,1474030359,1434172438,0.01556016597510368,0.9930499999999999,0.9564333333333334,0.08536585365853644
2023-09-12,0.973,0.977,0.967,0.968,800318178,777476432,-0.011235955056179803,0.9896499999999999,0.9574666666666667,0.06843267108167761
2023-09-13,0.966,0.969,0.953,0.957,894402548,857847376,-0.011363636363636354,0.9856,0.9584499999999999,0.06570155902004449
2023-09-14,0.958,0.965,0.955,0.961,775274106,743670634,0.004179728317659448,0.9817499999999999,0.95955,0.07374301675977657
2023-09-15,0.965,0.967,0.951,0.957,885431563,848961546,-0.004162330905306932,0.9785499999999999,0.96085,0.0887372013651877
2023-09-18,0.951,0.958,0.946,0.955,660794519,630007039,-0.002089864158829724,0.97705,0.9624666666666666,0.11305361305361306
2023-09-19,0.955,0.961,0.952,0.956,869401900,831443568,0.0010471204188482464,0.9746499999999999,0.9639666666666666,0.10392609699769051
2023-09-20,0.954,0.959,0.95,0.952,508825800,486108758,-0.004184100418409997,0.9733999999999998,0.9654,0.09930715935334877
2023-09-21,0.951,0.959,0.945,0.945,740754500,704115276,-0.007352941176470562,0.97105,0.9667666666666667,0.09501738122827352
2023-09-22,0.943,0.975,0.942,0.974,1537081758,1479129260,0.030687830687830653,0.9698499999999999,0.9683499999999999,0.1080773606370875
2023-09-25,0.969,0.969,0.95,0.95,1046712155,999412358,-0.024640657084188944,0.9662,0.9693333333333333,0.06621773288439958
2023-09-26,0.949,0.956,0.948,0.952,496006093,472467408,0.002105263157894832,0.9630000000000001,0.9703499999999999,0.06846240179573515
2023-09-27,0.951,0.956,0.949,0.953,777109274,740733614,0.0010504201680672232,0.9612999999999999,0.9714833333333334,0.07683615819209044
2023-09-28,0.955,0.957,0.945,0.947,823115900,779883296,-0.006295907660020972,0.9602499999999999,0.9725166666666667,0.07005649717514117
2023-10-09,0.941,0.941,0.925,0.935,979731615,913680617,-0.012671594508975592,0.95855,0.9732666666666666,0.050561797752809
2023-10-10,0.939,0.943,0.932,0.932,523690256,490510775,-0.0032085561497325887,0.9563499999999999,0.9739666666666665,0.04719101123595504
2023-10-11,0.936,0.94,0.928,0.93,703777907,657177330,-0.0021459227467811592,0.9545,0.97455,0.03910614525139677
2023-10-12,0.944,0.946,0.937,0.941,777418664,731441741,0.011827956989247213,0.9533499999999998,0.9754166666666666,0.05849268841394828
2023-10-13,0.932,0.935,0.929,0.931,610988988,569286608,-0.010626992561105109,0.9519499999999999,0.9758833333333333,0.03100775193798455
2023-10-16,0.93,0.935,0.924,0.929,755258358,701900085,-0.002148227712137518,0.9502,0.97635,0.031076581576026774
2023-10-17,0.931,0.95,0.927,0.942,1098576722,1032843899,0.01399354144241105,0.9483500000000001,0.9771166666666667,0.05133928571428559
2023-10-18,0.938,0.946,0.936,0.941,712756925,671248790,-0.0010615711252653925,0.9470000000000001,0.9778166666666667,0.04671857619577291
2023-10-19,0.936,0.951,0.934,0.935,1117495723,1052097658,-0.006376195536663021,0.9459,0.9783333333333333,0.034292035398230114
2023-10-20,0.93,0.943,0.929,0.938,983334175,921433033,0.0032085561497325887,0.9447500000000002,0.9790333333333333,0.046875
2023-10-23,0.934,0.934,0.911,0.914,1249764295,1148746459,-0.025586353944562767,0.9426,0.9792833333333334,0.016685205784204626
2023-10-24,0.919,0.948,0.917,0.945,1487259922,1388155061,0.03391684901531722,0.9420999999999999,0.9800666666666668,0.0523385300668151
2023-10-25,0.958,0.958,0.942,0.944,1504462642,1426270861,-0.0010582010582010914,0.9414999999999999,0.9799833333333333,-0.005268703898840932
2023-10-26,0.935,0.945,0.933,0.943,859970333,808103540,-0.0010593220338983578,0.94105,0.9799333333333332,-0.003171247357293905
2023-10-27,0.939,0.951,0.933,0.947,1345772511,1268552667,0.0042417815482502785,0.94115,0.9801166666666666,0.01175213675213671
2023-10-30,0.942,0.945,0.934,0.943,1368022447,1285460816,-0.004223864836325197,0.9396000000000001,0.9788833333333333,-0.07276302851524086
2023-10-31,0.941,0.949,0.939,0.945,1037012409,978953891,0.0021208907741250282,0.9393500000000001,0.97775,-0.06712734452122404
2023-11-01,0.951,0.953,0.941,0.942,904173286,854485233,-0.0031746031746031633,0.9388500000000001,0.9765999999999999,-0.0682492581602373
2023-11-02,0.943,0.949,0.934,0.935,921727087,867502170,-0.007430997876857637,0.9379500000000001,0.9752166666666666,-0.08153241650294696
2023-11-03,0.937,0.949,0.935,0.946,999800100,943225713,0.0117647058823529,0.9379,0.9734166666666666,-0.10246679316888052
2023-11-06,0.972,0.987,0.962,0.984,2544390774,2481472896,0.04016913319238902,0.9403499999999999,0.9721,-0.07431796801505175
2023-11-07,0.978,0.992,0.975,0.987,1437376813,1418646039,0.0030487804878049918,0.9430999999999999,0.9707833333333333,-0.07410881801125713
2023-11-08,0.984,0.99,0.97,0.979,1202052419,1176450326,-0.008105369807497431,0.9455500000000001,0.96945,-0.07554296506137859
2023-11-09,0.975,0.979,0.97,0.975,986793264,961231599,-0.0040858018386108474,0.94725,0.96815,-0.07407407407407407
2023-11-10,0.968,0.98,0.968,0.975,1191586033,1162521579,0.0,0.94945,0.9664999999999999,-0.09217877094972071
2023-11-13,0.975,0.976,0.966,0.97,886132406,858562516,-0.00512820512820511,0.9514999999999999,0.96555,-0.05550146056475169
2023-11-14,0.97,0.997,0.969,0.983,1798221558,1767687327,0.013402061855670055,0.9535499999999999,0.9649833333333333,-0.0334316617502457
2023-11-15,0.993,0.998,0.982,0.984,1376419802,1360955805,0.0010172939979653517,0.9556999999999999,0.9641166666666667,-0.050193050193050204
2023-11-16,0.982,0.989,0.974,0.975,836113318,820641685,-0.009146341463414642,0.9577,0.9630666666666666,-0.06069364161849711
2023-11-17,0.973,0.981,0.972,0.979,770890510,752614040,0.004102564102564044,0.95975,0.9620833333333334,-0.05684007707129102
2023-11-20,0.979,0.979,0.963,0.975,983224870,953955165,-0.0040858018386108474,0.9628,0.9613166666666666,-0.045053868756121385
2023-11-21,0.977,0.991,0.972,0.973,1167710518,1146142750,-0.002051282051282022,0.9642,0.9611166666666667,-0.012182741116751328
2023-11-22,0.97,0.975,0.963,0.964,767766287,743463846,-0.009249743062692661,0.9652000000000001,0.96045,-0.03984063745019928
2023-11-23,0.964,0.967,0.957,0.967,802311734,772068409,0.003112033195020736,0.9663999999999999,0.9602833333333333,-0.010235414534288667
2023-11-24,0.965,0.965,0.954,0.957,697518813,668571615,-0.010341261633919352,0.9669000000000001,0.9597,-0.035282258064516125
2023-11-27,0.952,0.953,0.941,0.946,876962313,828608799,-0.011494252873563204,0.9670499999999999,0.9588333333333333,-0.05210420841683372
2023-11-28,0.946,0.949,0.94,0.945,595392855,562496129,-0.0010570824524313016,0.9670499999999999,0.9575333333333333,-0.07624633431085037
2023-11-29,0.946,0.947,0.933,0.936,783014578,734869661,-0.009523809523809379,0.96675,0.9562,-0.07874015748031493
2023-11-30,0.936,0.942,0.934,0.938,789764815,740927435,0.002136752136752129,0.9668999999999999,0.9553833333333334,-0.04964539007092206
2023-12-01,0.938,0.945,0.935,0.945,898429400,844874212,0.00746268656716409,0.96685,0.9550000000000001,-0.023760330578512456
2023-12-04,0.944,0.949,0.941,0.942,823647967,778022229,-0.0031746031746031633,0.9647499999999999,0.95455,-0.02786377708978327
2023-12-05,0.94,0.944,0.929,0.93,995002573,932032180,-0.0127388535031846,0.9619,0.9537833333333334,-0.047131147540983576
2023-12-06,0.929,0.933,0.925,0.927,810621079,752812793,-0.003225806451612856,0.9593,0.9531166666666666,-0.0413650465356773
2023-12-07,0.925,0.934,0.922,0.932,795958428,739633360,0.005393743257820827,0.9571500000000001,0.9525833333333332,-0.03319502074688785
2023-12-08,0.931,0.934,0.925,0.925,1214358857,1128253792,-0.007510729613733891,0.95465,0.9520166666666667,-0.035453597497393075
2023-12-11,0.921,0.943,0.911,0.94,1438700853,1333203868,0.01621621621621605,0.9531499999999999,0.9516166666666666,-0.024896265560165998
2023-12-12,0.936,0.941,0.934,0.936,721085659,675578043,-0.004255319148936065,0.9507999999999999,0.9509,-0.04392236976506636
2023-12-13,0.936,0.936,0.924,0.925,721429682,670719151,-0.01175213675213671,0.9478500000000001,0.9501833333333334,-0.044421487603305665
2023-12-14,0.931,0.932,0.92,0.921,770391150,713159887,-0.00432432432432428,0.9451499999999999,0.9495833333333333,-0.037617554858934144
2023-12-15,0.925,0.933,0.919,0.921,940462344,869726776,0.0,0.9422500000000001,0.9489166666666667,-0.04162330905306966
2023-12-18,0.921,0.929,0.916,0.92,858792500,791894114,-0.0010857763300760048,0.9395,0.9483,-0.03866248693834895
2023-12-19,0.919,0.923,0.91,0.918,1002877391,920012368,-0.0021739130434782483,0.93675,0.9476833333333334,-0.03874345549738212
2023-12-20,0.917,0.918,0.892,0.893,1476755217,1332833794,-0.027233115468409563,0.9331999999999999,0.9466333333333333,-0.06589958158995812
2023-12-21,0.889,0.897,0.885,0.893,945147446,842653526,0.0,0.9295,0.94565,-0.06197478991596628
2023-12-22,0.892,0.897,0.885,0.89,940553344,837703462,-0.0033594624860022737,0.92615,0.9447333333333333,-0.05820105820105814
2023-12-25,0.889,0.89,0.882,0.885,557469220,493414589,-0.005617977528089901,0.9231,0.94325,-0.09137577002053388
2023-12-26,0.885,0.885,0.872,0.874,760346200,666743114,-0.01242937853107351,0.9195500000000001,0.9419833333333333,-0.07999999999999996
2023-12-27,0.875,0.887,0.866,0.882,1123960756,986214983,0.009153318077803174,0.9168499999999999,0.9408166666666667,-0.07352941176470584
2023-12-28,0.878,0.906,0.877,0.902,1511627000,1352515770,0.0226757369614512,0.9150500000000001,0.9399666666666667,-0.053515215110178316
2023-12-29,0.9,0.906,0.898,0.902,957496281,863488999,0.0,0.9129000000000002,0.9392166666666666,-0.04751847940865883
2024-01-02,0.901,0.902,0.89,0.891,702092212,628027345,-0.012195121951219523,0.91035,0.9384833333333334,-0.04705882352941182
2024-01-03,0.889,0.896,0.887,0.892,770960909,687244285,0.001122334455667895,0.90845,0.9378166666666666,-0.04291845493562241
2024-01-04,0.891,0.891,0.877,0.884,1030382955,909063930,-0.008968609865470878,0.9062999999999999,0.9370499999999999,-0.04946236559139794
2024-01-05,0.882,0.891,0.872,0.877,912306000,805473867,-0.007918552036199067,0.9035500000000001,0.9359833333333333,-0.0680127523910733
2024-01-08,0.873,0.876,0.86,0.86,833301900,721630284,-0.019384264538198415,0.9003,0.9348,-0.07626208378088084
2024-01-09,0.862,0.866,0.852,0.858,758185379,652016817,-0.0023255813953488857,0.8962000000000001,0.9336166666666667,-0.07642626480086123
2024-01-10,0.855,0.863,0.849,0.854,693530300,593389992,-0.004662004662004615,0.8921000000000001,0.9321499999999999,-0.09341825902335454
2024-01-11,0.853,0.865,0.851,0.862,773119448,663825690,0.00936768149882905,0.88895,0.9308333333333334,-0.08395324123273107
2024-01-12,0.859,0.866,0.853,0.853,678807511,583351597,-0.01044083526682138,0.8855500000000001,0.9294666666666667,-0.08770053475935835
2024-01-15,0.849,0.861,0.847,0.852,618658550,527870414,-0.0011723329425556983,0.8821,0.9280333333333333,-0.09168443496801704
2024-01-16,0.85,0.864,0.846,0.863,996475266,851511369,0.012910798122065748,0.8792500000000001,0.9271833333333332,-0.05579868708971558
2024-01-17,0.859,0.859,0.846,0.847,914090033,780706532,-0.018539976825028948,0.8757000000000001,0.9255499999999999,-0.10370370370370363
2024-01-18,0.841,0.857,0.827,0.855,1608589278,1348863496,0.009445100354191327,0.8737999999999999,0.9240666666666667,-0.09427966101694918
2024-01-19,0.849,0.852,0.843,0.846,962390421,815880411,-0.010526315789473717,0.87145,0.92245,-0.10286320254506887
2024-01-22,0.845,0.852,0.821,0.828,1247477640,1050574463,-0.021276595744680882,0.8683500000000001,0.9204666666666667,-0.12565997888067582
2024-01-23,0.826,0.853,0.82,0.845,1449817810,1216343438,0.020531400966183666,0.8663500000000001,0.9188333333333334,-0.10392364793213149
2024-01-24,0.849,0.889,0.837,0.887,2217446262,1909663392,0.04970414201183426,0.867,0.9178666666666667,-0.061375661375661306
2024-01-25,0.873,0.899,0.87,0.89,2125625575,1880441233,0.0033821871476888976,0.8674000000000002,0.917,-0.05520169851380041
2024-01-26,0.884,0.901,0.881,0.89,1451936192,1291647520,0.0,0.8667999999999999,0.91625,-0.048128342245989386
2024-01-29,0.888,0.892,0.873,0.875,1094274466,965849871,-0.016853932584269704,0.8654499999999998,0.9150666666666667,-0.07505285412262153
2024-01-30,0.869,0.881,0.863,0.864,1027136300,896220120,-0.012571428571428567,0.8641,0.9130666666666667,-0.12195121951219512
2024-01-31,0.86,0.869,0.85,0.855,1338180850,1149959748,-0.01041666666666663,0.8622500000000001,0.9108666666666667,-0.13373860182370823
2024-02-01,0.849,0.866,0.844,0.852,1127966318,963719658,-0.0035087719298245723,0.86065,0.90875,-0.12972420837589382
2024-02-02,0.852,0.855,0.809,0.833,1666468450,1389016461,-0.02230046948356812,0.8584499999999998,0.9063833333333332,-0.14564102564102566
2024-02-05,0.824,0.837,0.8,0.815,1662056814,1361064224,-0.021608643457383003,0.8562,0.9037166666666667,-0.16410256410256419
2024-02-06,0.808,0.868,0.806,0.863,1710286397,1438263158,0.0588957055214725,0.8564499999999999,0.9019333333333334,-0.1103092783505154
2024-02-07,0.858,0.878,0.857,0.873,1384915402,1204470493,0.011587485515643037,0.8573999999999999,0.9001,-0.11190233977619535
2024-02-08,0.883,0.895,0.876,0.881,1168265202,1034916497,0.009163802978235935,0.8583500000000001,0.8983833333333333,-0.10467479674796742
2024-02-19,0.878,0.878,0.86,0.871,1116676513,969061546,-0.011350737797956922,0.85925,0.89665,-0.10666666666666669
2024-02-20,0.868,0.889,0.864,0.882,1369501069,1202733737,0.012629161882893314,0.86075,0.8950333333333333,-0.09908069458631252
2024-02-21,0.875,0.911,0.871,0.891,1945200329,1739203893,0.010204081632652962,0.86215,0.8936333333333334,-0.08615384615384614
2024-02-22,0.886,0.905,0.884,0.901,1374109745,1230385113,0.011223344556677839,0.8648499999999999,0.8924333333333333,-0.07399794450154162
2024-02-23,0.901,0.906,0.894,0.902,1300495584,1171402690,0.0011098779134295356,0.8672000000000001,0.8914000000000001,-0.06431535269709543
2024-02-26,0.9,0.903,0.894,0.895,980914291,881102470,-0.0077605321507761005,0.86965,0.8902,-0.07445708376421922
2024-02-27,0.893,0.91,0.893,0.909,1112880483,1003054811,0.015642458100558754,0.8736999999999998,0.8894,-0.050156739811912154
2024-02-28,0.916,0.931,0.894,0.895,2158753354,1981063318,-0.015401540154015403,0.8762000000000001,0.8885500000000001,-0.053911205073995716
2024-02-29,0.892,0.914,0.891,0.913,1486759894,1343828592,0.02011173184357551,0.8775000000000001,0.8880166666666667,-0.033862433862433816
2024-03-01,0.911,0.924,0.907,0.92,1382945523,1264946108,0.00766703176341732,0.8789999999999999,0.88775,-0.017094017094017144
2024-03-04,0.918,0.918,0.904,0.908,1169098526,1061965622,-0.013043478260869601,0.8799000000000001,0.88725,-0.03198294243070354
2024-03-05,0.902,0.908,0.898,0.901,1161370388,1047341232,-0.00770925110132159,0.8812000000000001,0.8865166666666666,-0.04656084656084647
2024-03-06,0.901,0.913,0.895,0.902,1121828183,1013545115,0.0011098779134295356,0.8831,0.8858499999999999,-0.04246284501061559
2024-03-07,0.899,0.907,0.887,0.89,1333512934,1195504002,-0.013303769401330379,0.8848499999999999,0.8851833333333333,-0.043010752688172116
2024-03-08,0.89,0.895,0.887,0.892,788686812,702706572,0.0022471910112360494,0.8868500000000001,0.8846,-0.037756202804746564
2024-03-11,0.893,0.906,0.892,0.906,1311208110,1179841187,0.015695067264573925,0.8905000000000001,0.8841666666666668,-0.027896995708154515
2024-03-12,0.909,0.915,0.902,0.912,1602269410,1456009555,0.0066225165562914245,0.89535,0.88395,-0.014054054054054022
2024-03-13,0.911,0.911,0.897,0.898,1158804853,1045015838,-0.015350877192982448,0.8971,0.8832500000000001,-0.044680851063829685
2024-03-14,0.896,0.902,0.886,0.891,1080596808,965186255,-0.007795100222717122,0.898,0.8825000000000001,-0.04807692307692313
2024-03-15,0.888,0.898,0.884,0.896,1114943401,992889593,0.0056116722783390305,0.89875,0.8820166666666667,-0.031351351351351364
2024-03-18,0.901,0.923,0.899,0.917,1964528480,1792480546,0.0234375,0.90105,0.88195,-0.004343105320304019
2024-03-19,0.913,0.913,0.899,0.9,1172652771,1061630196,-0.018538713195201728,0.9019499999999999,0.8816,-0.0228013029315961
2024-03-20,0.898,0.906,0.896,0.902,1085634403,977897156,0.0022222222222221255,0.9025000000000001,0.8813,-0.019565217391304346
2024-03-21,0.905,0.915,0.903,0.906,1208153983,1097703067,0.0044345898004434225,0.9027500000000002,0.8811,-0.013071895424836666
2024-03-22,0.904,0.906,0.888,0.89,1450622935,1297543607,-0.017660044150110354,0.90215,0.88105,-0.0033594624860022737
2024-03-25,0.881,0.882,0.863,0.864,1602884632,1398481473,-0.02921348314606742,0.9006000000000001,0.8805666666666667,-0.03247480403135505
2024-03-26,0.864,0.869,0.86,0.866,823282635,711509645,0.0023148148148148806,0.8984500000000001,0.8801666666666667,-0.026966292134831482
2024-03-27,0.864,0.865,0.85,0.851,912523708,782895376,-0.01732101616628179,0.8962499999999999,0.8795999999999999,-0.03841807909604522
2024-03-28,0.852,0.863,0.85,0.853,1021046444,873335208,0.00235017626321965,0.8932499999999999,0.8792500000000001,-0.024027459954233388
2024-03-29,0.852,0.857,0.846,0.856,986538716,840507607,0.003516998827667095,0.8900500000000001,0.8788166666666667,-0.02947845804988669
2024-04-01,0.867,0.87,0.864,0.869,1008260071,874934068,0.015186915887850372,0.8881,0.8782666666666666,-0.03658536585365857
2024-04-02,0.869,0.873,0.861,0.863,747274989,647027659,-0.0069044879171461515,0.8862,0.8776166666666667,-0.043237250554323814
2024-04-03,0.861,0.866,0.856,0.856,636786586,546980803,-0.008111239860950192,0.8839,0.8770333333333333,-0.03928170594837266
2024-04-08,0.85,0.852,0.841,0.842,874644990,739461576,-0.016355140186915862,0.8815000000000002,0.8762000000000001,-0.056053811659192876
2024-04-09,0.843,0.847,0.841,0.845,565051605,476902042,0.0035629453681709222,0.8791499999999999,0.87555,-0.044117647058823595
2024-04-10,0.844,0.844,0.824,0.829,1170524991,974878814,-0.018934911242603603,0.8753,0.87475,-0.054732041049030844
2024-04-11,0.824,0.833,0.824,0.826,797752252,661073410,-0.003618817852834799,0.8710000000000001,0.8741833333333333,-0.03953488372093028
2024-04-12,0.826,0.828,0.809,0.811,1020210600,833222747,-0.018159806295399372,0.8666500000000001,0.8734000000000001,-0.054778554778554644
2024-04-15,0.806,0.833,0.8,0.824,1498203745,1224974185,0.01602959309494434,0.8633,0.8729,-0.03512880562060894
2024-04-16,0.818,0.826,0.808,0.809,1050346896,859017238,-0.018203883495145567,0.8589499999999999,0.8720166666666667,-0.061484918793503374
2024-04-17,0.81,0.827,0.806,0.825,1336243644,1092886147,0.019777503090234738,0.8543499999999999,0.8715499999999999,-0.03282532239155922
2024-04-18,0.823,0.844,0.821,0.832,1537378756,1282143403,0.00848484848484854,0.8509500000000001,0.8712166666666668,-0.023474178403755874
2024-04-19,0.828,0.835,0.825,0.827,848030447,703538339,-0.006009615384615419,0.8472,0.8706166666666667,-0.04171494785631524
2024-04-22,0.825,0.838,0.824,0.829,828738154,687716432,0.002418379685610539,0.8433499999999998,0.8703166666666667,-0.02125147579693032
2024-04-23,0.831,0.833,0.824,0.827,748447200,620108488,-0.0024125452352231624,0.8402,0.8698499999999999,-0.03274853801169597
2024-04-24,0.828,0.83,0.822,0.828,805285537,665708775,0.0012091898428052694,0.8384,0.86955,-0.021276595744680882
2024-04-25,0.825,0.831,0.821,0.827,830156300,685743269,-0.0012077294685990392,0.8364499999999999,0.8695333333333333,-0.0012077294685990392
2024-04-26,0.846,0.879,0.838,0.878,2926420888,2508240990,0.061668681983071405,0.8378,0.8700833333333333,0.03905325443786989
2024-04-29,0.877,0.897,0.874,0.889,2395407682,2123549457,0.01252847380410027,0.8396000000000001,0.8701166666666666,0.0022547914317925244
2024-04-30,0.884,0.886,0.871,0.873,1273929132,1117969036,-0.017997750281214864,0.84045,0.8698333333333333,-0.019101123595505642
2024-05-06,0.884,0.892,0.874,0.878,1398386400,1234143725,0.00572737686139746,0.8409000000000001,0.8696333333333333,-0.013483146067415741
2024-05-07,0.876,0.88,0.87,0.875,1027053566,898461099,-0.003416856492027387,0.8414999999999999,0.8696333333333333,0.0
2024-05-08,0.872,0.873,0.861,0.862,1027053766,889127167,-0.014857142857142902,0.8417999999999999,0.8696,-0.0023148148148147696
2024-05-09,0.863,0.875,0.863,0.87,1307203984,1135703477,0.009280742459396807,0.8432000000000001,0.8698499999999999,0.01754385964912286
2024-05-10,0.87,0.879,0.866,0.876,1408469782,1228811515,0.006896551724137945,0.8447500000000001,0.8702500000000001,0.028169014084507005
2024-05-13,0.872,0.885,0.864,0.878,1217929107,1065758916,0.0022831050228311334,0.8472,0.871,0.05402160864345751
2024-05-14,0.877,0.883,0.87,0.883,1229080502,1076962547,0.005694760820045497,0.8500500000000001,0.8721333333333333,0.08343558282208607
2024-05-15,0.888,0.889,0.859,0.859,1705966646,1483355772,-0.027180067950169917,0.8524499999999999,0.8720666666666667,-0.004634994206257237
2024-05-16,0.861,0.87,0.857,0.858,1051463523,907244001,-0.0011641443538998875,0.85415,0.8718166666666666,-0.01718213058419249
2024-05-17,0.858,0.872,0.855,0.871,1087104476,939067439,0.015151515151515138,0.85725,0.87165,-0.011350737797956922
2024-05-20,0.869,0.882,0.868,0.872,1425762280,1248666298,0.0011481056257176547,0.8595999999999998,0.8716666666666666,0.0011481056257176547
2024-05-21,0.87,0.874,0.864,0.866,855712350,742912453,-0.006880733944954143,0.8613000000000002,0.8714,-0.01814058956916098
2024-05-22,0.866,0.873,0.863,0.869,935272990,811786261,0.0034642032332563577,0.8634000000000001,0.8710333333333333,-0.024691358024691357
2024-05-23,0.866,0.867,0.85,0.851,1200727999,1028345993,-0.020713463751438455,0.8644999999999999,0.8702,-0.05549389567147622
2024-05-24,0.849,0.853,0.839,0.84,962787100,814167863,-0.01292596944770863,0.8651500000000001,0.8691666666666666,-0.06873614190687372
2024-05-27,0.843,0.849,0.838,0.848,794755035,670246074,0.00952380952380949,0.86615,0.8683833333333334,-0.05251396648044693
2024-05-28,0.846,0.85,0.839,0.84,812874100,684727199,-0.009433962264150941,0.8667999999999999,0.8672333333333333,-0.07590759075907594
2024-05-29,0.839,0.849,0.838,0.841,707168500,596646621,0.0011904761904761862,0.86495,0.8663333333333333,-0.060335195530726304
2024-05-30,0.838,0.843,0.835,0.84,708065699,593815123,-0.0011890606420927874,0.8625,0.8651166666666668,-0.07995618838992335
2024-05-31,0.842,0.847,0.838,0.839,803143800,675716623,-0.0011904761904761862,0.8607999999999999,0.8637666666666667,-0.08804347826086967
2024-06-03,0.836,0.836,0.824,0.828,1147682114,951771818,-0.013110846245530383,0.8582999999999998,0.8624333333333333,-0.08810572687224683
2024-06-04,0.828,0.836,0.827,0.834,948551909,789554212,0.007246376811594235,0.85625,0.8613166666666667,-0.0743618201997781
2024-06-05,0.833,0.838,0.83,0.831,856698545,714012944,-0.003597122302158251,0.8547,0.8601333333333334,-0.07871396895787142
2024-06-06,0.832,0.834,0.818,0.82,1352996600,1115561202,-0.013237063778580027,0.8522000000000001,0.8589666666666668,-0.07865168539325851
2024-06-07,0.822,0.825,0.804,0.815,1474242802,1200864467,-0.0060975609756097615,0.8491499999999998,0.8576833333333334,-0.08632286995515703
2024-06-11,0.813,0.822,0.81,0.816,919310310,750425327,0.0012269938650306678,0.84605,0.8561833333333333,-0.09933774834437092
2024-06-12,0.815,0.818,0.813,0.816,713403700,581946313,0.0,0.8427,0.8545833333333334,-0.10526315789473695
2024-06-13,0.817,0.819,0.812,0.815,921256698,750699779,-0.001225490196078427,0.8404999999999999,0.8531999999999998,-0.09242761692650348
2024-06-14,0.814,0.84,0.812,0.833,2080461326,1717560546,0.022085889570552242,0.83925,0.8522333333333333,-0.0650953984287318
2024-06-17,0.824,0.834,0.821,0.832,1003034600,831213763,-0.0012004801920768582,0.8372999999999999,0.8511666666666666,-0.07142857142857151
2024-06-18,0.832,0.844,0.831,0.838,1237413500,1037467476,0.007211538461538547,0.8356,0.8498499999999999,-0.08615049073064351
2024-06-19,0.839,0.84,0.826,0.827,1026244500,853257531,-0.013126491646778038,0.8336499999999999,0.8486333333333334,-0.08111111111111113
2024-06-20,0.826,0.829,0.818,0.82,959510029,789077681,-0.008464328899637219,0.8311999999999999,0.8472666666666666,-0.09090909090909094
2024-06-21,0.822,0.826,0.818,0.821,984993000,809576668,0.0012195121951219523,0.8296999999999999,0.84585,-0.0938189845474614
2024-06-24,0.818,0.821,0.812,0.813,950437200,775760328,-0.00974421437271622,0.82835,0.8445666666666667,-0.08651685393258435
2024-06-25,0.812,0.814,0.795,0.799,1753772500,1409235603,-0.017220172201721895,0.8259000000000001,0.8434833333333334,-0.0752314814814814
2024-06-26,0.797,0.811,0.797,0.81,1315684129,1057778041,0.013767209011264159,0.8244,0.8425499999999999,-0.0646651270207852
2024-06-27,0.807,0.807,0.801,0.801,779594800,626576951,-0.011111111111111072,0.8224,0.8417166666666667,-0.05875440658049347
2024-06-28,0.8,0.808,0.781,0.783,1738892681,1381172737,-0.022471910112359605,0.8195499999999999,0.84055,-0.082063305978898
2024-07-01,0.78,0.787,0.773,0.784,1107079446,863989650,0.0012771392081736277,0.8168,0.8393499999999999,-0.08411214953271018
2024-07-02,0.783,0.79,0.779,0.782,884047499,693744813,-0.0025510204081632404,0.8145,0.8379,-0.10011507479861903
2024-07-03,0.781,0.786,0.776,0.782,754347700,589250262,0.0,0.8119,0.83655,-0.09385863267670913
2024-07-04,0.783,0.785,0.767,0.767,1040071700,805180828,-0.019181585677749413,0.8087,0.8350666666666666,-0.1039719626168224
2024-07-05,0.767,0.775,0.763,0.768,963182550,739740937,0.0013037809647979959,0.8061,0.8338333333333333,-0.08788598574821849
2024-07-08,0.766,0.766,0.746,0.748,1094598972,826092128,-0.02604166666666674,0.80275,0.8322166666666667,-0.11479289940828397
2024-07-09,0.749,0.766,0.743,0.763,1294004300,976822269,0.020053475935828846,0.8000999999999999,0.8311166666666666,-0.07961399276236425
2024-07-10,0.758,0.776,0.757,0.764,1074016700,823448855,0.001310615989515096,0.7975,0.8300833333333333,-0.07506053268765123
2024-07-11,0.772,0.781,0.769,0.776,1005914300,780045465,0.015706806282722585,0.79555,0.8294999999999999,-0.04315659679408146
2024-07-12,0.775,0.778,0.77,0.775,623909700,482808619,-0.0012886597938144284,0.79265,0.8286833333333333,-0.059466019417475646
2024-07-15,0.772,0.777,0.77,0.773,539155654,416895662,-0.002580645161290307,0.7897000000000001,0.8280833333333334,-0.044499381953028494
2024-07-16,0.774,0.783,0.771,0.78,818401099,637682154,0.009055627425614388,0.7867999999999999,0.8273333333333334,-0.05454545454545445
2024-07-17,0.78,0.788,0.779,0.786,813569000,638384550,0.007692307692307665,0.7847500000000001,0.8265666666666667,-0.05528846153846145
2024-07-18,0.784,0.79,0.776,0.79,918417800,719896023,0.0050890585241729624,0.78325,0.8259500000000001,-0.044740024183796745
2024-07-19,0.787,0.801,0.787,0.799,1087116653,864896784,0.0113924050632912,0.78215,0.82545,-0.036188178528347326
2024-07-22,0.809,0.813,0.795,0.805,1106549300,889496579,0.007509386733416834,0.7817500000000001,0.8250833333333334,-0.026602176541716926
2024-07-23,0.801,0.806,0.786,0.786,924167700,736037408,-0.023602484472049712,0.7811,0.8243833333333334,-0.05072463768115931
2024-07-24,0.784,0.787,0.776,0.777,782409732,611170087,-0.011450381679389277,0.77945,0.8235500000000001,-0.060459492140265914
2024-07-25,0.776,0.792,0.776,0.787,898580105,706160424,0.01287001287001277,0.77875,0.8220333333333334,-0.10364464692482911
2024-07-26,0.788,0.807,0.785,0.801,935207375,747042895,0.017789072426937835,0.77965,0.8205666666666666,-0.09898762654668158
2024-07-29,0.797,0.803,0.793,0.793,600066900,478498583,-0.009987515605493158,0.7801,0.8192333333333334,-0.09163802978235969
2024-07-30,0.792,0.799,0.789,0.797,720033600,572835643,0.0050441361916770955,0.78085,0.8178833333333333,-0.092255125284738
2024-07-31,0.798,0.849,0.798,0.841,2520496500,2089873845,0.05520702634880803,0.7838,0.8173166666666667,-0.03885714285714292
2024-08-01,0.834,0.841,0.831,0.835,1056769600,883241683,-0.007134363852556502,0.7872,0.8168666666666666,-0.03132250580046403
2024-08-02,0.83,0.838,0.816,0.819,994995400,821213783,-0.01916167664670665,0.78975,0.8160166666666666,-0.05862068965517242
2024-08-05,0.814,0.83,0.812,0.812,989822500,812208812,-0.008547008547008406,0.79295,0.81495,-0.07305936073059349
2024-08-06,0.821,0.824,0.806,0.815,852436225,692698776,0.003694581280788034,0.79555,0.8139000000000001,-0.07175398633257413
2024-08-07,0.814,0.819,0.808,0.81,737484125,598808751,-0.006134969325153228,0.7978500000000001,0.8126833333333334,-0.08267270668176663
2024-08-08,0.809,0.825,0.807,0.813,883062694,719905167,0.0037037037037035425,0.7997,0.8119166666666666,-0.05355064027939471
2024-08-09,0.818,0.821,0.806,0.806,775197125,630194569,-0.008610086100860892,0.8012499999999999,0.81105,-0.06060606060606055
2024-08-12,0.803,0.808,0.8,0.804,583122800,468579678,-0.002481389578163795,0.8028000000000001,0.8099333333333333,-0.07692307692307687
2024-08-13,0.805,0.816,0.8,0.815,803976327,649606142,0.013681592039800794,0.8045500000000001,0.8089833333333334,-0.06536697247706424
2024-08-14,0.812,0.816,0.807,0.808,617813148,501006560,-0.008588957055214563,0.80565,0.8080166666666667,-0.06697459584295606
2024-08-15,0.806,0.825,0.805,0.817,1050200081,858168268,0.011138613861386037,0.807,0.80715,-0.05983889528193331
2024-08-16,0.815,0.818,0.81,0.812,611693100,497703550,-0.006119951040391536,0.8076500000000001,0.8065,-0.04582843713278484
2024-08-19,0.81,0.818,0.808,0.811,489251100,397692159,-0.0012315270935960854,0.80795,0.8060166666666666,-0.0345238095238094
2024-08-20,0.813,0.813,0.802,0.805,683630685,551049014,-0.007398273736128225,0.8089000000000001,0.8053,-0.050707547169811185
2024-08-21,0.803,0.807,0.799,0.8,457257846,366943475,-0.006211180124223614,0.81005,0.8046333333333334,-0.04761904761904756
2024-08-22,0.804,0.806,0.786,0.788,757233000,601290071,-0.015000000000000013,0.8101,0.8037500000000001,-0.06302021403091551
2024-08-23,0.786,0.801,0.786,0.795,700760351,555711196,0.008883248730964466,0.8098000000000001,0.803,-0.05357142857142849
2024-08-26,0.795,0.801,0.791,0.795,499370654,397515978,0.0,0.8099000000000001,0.8022666666666667,-0.05244338498212153
2024-08-27,0.794,0.795,0.785,0.788,384205700,302842781,-0.008805031446540879,0.80945,0.8016000000000001,-0.048309178743961234
2024-08-28,0.787,0.792,0.785,0.789,408671600,322335335,0.0012690355329949554,0.8068500000000001,0.8008500000000001,-0.05395683453237399
2024-08-29,0.787,0.8,0.786,0.794,660723290,525427148,0.006337135614702172,0.8048,0.8002333333333332,-0.044524669073405465
2024-08-30,0.792,0.821,0.791,0.814,1331769889,1081251524,0.025188916876574208,0.8045500000000001,0.8001333333333333,-0.007317073170731714
2024-09-02,0.809,0.811,0.792,0.793,877858625,702102692,-0.025798525798525707,0.8036,0.7997666666666666,-0.02699386503067469
2024-09-03,0.792,0.803,0.791,0.799,566959700,452257947,0.007566204287515754,0.8028000000000001,0.7994833333333333,-0.02083333333333326
2024-09-04,0.794,0.805,0.794,0.798,510213500,408106140,-0.0012515644555695093,0.8022,0.7991833333333334,-0.022058823529411686
2024-09-05,0.798,0.806,0.797,0.806,634400008,508951601,0.010025062656641603,0.8018500000000002,0.7990333333333335,-0.011042944785275899
2024-09-06,0.822,0.826,0.808,0.809,1468354745,1199549688,0.003722084367245637,0.8019999999999999,0.7986333333333333,-0.02881152460984382
2024-09-09,0.801,0.817,0.8,0.808,855589750,692680194,-0.0012360939431397266,0.8022,0.7982333333333334,-0.028846153846153744
2024-09-10,0.809,0.81,0.795,0.805,743841294,596609778,-0.003712871287128716,0.8017,0.7976833333333334,-0.039379474940334
2024-09-11,0.804,0.809,0.801,0.804,522843829,420623145,-0.001242236024844745,0.8015000000000001,0.7973,-0.027811366384522307
2024-09-12,0.805,0.809,0.801,0.803,581256460,467954924,-0.0012437810945273853,0.8008000000000001,0.7970166666666666,-0.020731707317073078
2024-09-13,0.804,0.813,0.803,0.805,648685837,523822283,0.00249066002490661,0.80045,0.79675,-0.01948842874543233
2024-09-18,0.803,0.808,0.797,0.806,639377071,513007965,0.001242236024844745,0.8002,0.7966333333333334,-0.008610086100860892
2024-09-19,0.809,0.825,0.804,0.816,1099486622,896773102,0.012406947890818643,0.8007500000000001,0.7969166666666666,0.02127659574468077
2024-09-20,0.813,0.816,0.809,0.816,595942188,484399827,0.0,0.8015500000000001,0.7970166666666667,0.007407407407407307
2024-09-23,0.816,0.82,0.812,0.816,642035900,523852272,0.0,0.80295,0.7972666666666667,0.01872659176029945
2024-09-24,0.825,0.867,0.818,0.866,3128328771,2642177599,0.06127450980392157,0.8065000000000001,0.79865,0.1060025542784162
2024-09-25,0.884,0.905,0.878,0.882,3083614523,2746062952,0.018475750577367167,0.8108500000000001,0.8002833333333333,0.125
2024-09-26,0.875,0.94,0.874,0.938,3403000968,3089546335,0.06349206349206349,0.81835,0.8028833333333333,0.19948849104859323
2024-09-27,0.966,1.008,0.948,1.006,2547927862,2477682110,0.07249466950959493,0.8291999999999999,0.8066166666666666,0.28644501278772383
2024-09-30,1.1,1.107,1.076,1.107,4557521809,5015074842,0.1003976143141152,0.8448500000000001,0.8122833333333334,0.4432855280312906
2024-10-08,1.218,1.218,1.218,1.218,1496078629,1822223770,0.10027100271002709,0.8650500000000001,0.8197833333333333,0.5859375
2024-10-09,1.217,1.297,1.14,1.179,9228539842,11375262032,-0.03201970443349744,0.8843500000000001,0.8269666666666667,0.5762032085561497
2024-10-10,1.2,1.2,1.098,1.113,5359103648,6074938829,-0.055979643765903364,0.90005,0.8328000000000001,0.45871559633027514
2024-10-11,1.095,1.145,1.093,1.116,3624426364,4036513622,0.0026954177897575704,0.9159499999999999,0.8386666666666667,0.46073298429319376
2024-10-14,1.127,1.135,1.063,1.124,3713624671,4087779888,0.007168458781362075,0.9318500000000001,0.8444666666666668,0.44845360824742286
2024-10-15,1.103,1.126,1.086,1.087,1997321366,2214938402,-0.032918149466192315,0.9457500000000001,0.8496666666666667,0.40258064516129033
2024-10-16,1.067,1.122,1.065,1.094,1996428569,2184560509,0.0064397424103037615,0.9600500000000001,0.8550166666666666,0.4152652005174644
2024-10-17,1.097,1.123,1.086,1.088,1488213654,1643842345,-0.005484460694698323,0.9742000000000001,0.8601500000000001,0.394871794871795
2024-10-18,1.083,1.197,1.076,1.169,3691042441,4203983466,0.07444852941176472,0.99245,0.8665333333333333,0.48727735368956737
2024-10-21,1.145,1.153,1.127,1.137,2509201896,2860041779,-0.027373823781009388,1.00915,0.8723166666666666,0.4392405063291138
2024-10-22,1.134,1.156,1.131,1.146,1772848742,2024813412,0.0079155672823219,1.0262,0.8781,0.4342928660826031
2024-10-23,1.148,1.172,1.134,1.14,2175377100,2509842451,-0.005235602094240788,1.0429,0.8836833333333334,0.41614906832298115
2024-10-24,1.132,1.145,1.125,1.138,1578480468,1793811567,-0.0017543859649122862,1.059,0.88955,0.44783715012722625
2024-10-25,1.14,1.164,1.134,1.147,1770097582,2032447279,0.00790861159929701,1.07555,0.8957166666666666,0.4761904761904763
2024-10-28,1.146,1.155,1.14,1.149,1183706058,1357180903,0.0017436791630340842,1.0922,0.9017499999999999,0.4599745870393901
2024-10-29,1.155,1.168,1.133,1.136,1646758538,1890111021,-0.011314186248912228,1.1057000000000001,0.9073333333333334,0.41822721598002466
2024-10-30,1.131,1.146,1.12,1.133,1278310115,1448231854,-0.002640845070422393,1.1182500000000002,0.913,0.4287515762925598
2024-10-31,1.129,1.194,1.125,1.166,2806969848,3279074205,0.029126213592232997,1.12965,0.91915,0.4629861982434127
2024-11-01,1.16,1.188,1.15,1.153,1599155365,1866009495,-0.011149228130360123,1.137,0.92435,0.370986920332937
2024-11-04,1.159,1.199,1.157,1.198,1877823183,2213493905,0.03902862098872495,1.14155,0.9304,0.43473053892215563
2024-11-05,1.2,1.277,1.182,1.265,3542451198,4399340435,0.055926544240400666,1.1439,0.9378333333333334,0.5445665445665446
2024-11-06,1.275,1.325,1.246,1.257,3773809557,4832009649,-0.006324110671936722,1.1478,0.9452499999999999,0.548029556650246
2024-11-07,1.236,1.374,1.231,1.364,4239026985,5552459819,0.08512330946698499,1.16035,0.9544,0.6736196319018408
2024-11-08,1.393,1.397,1.314,1.32,3392838944,4575118388,-0.032258064516129004,1.17055,0.9629,0.6296296296296295
2024-11-11,1.3,1.331,1.288,1.321,2349442017,3082586305,0.0007575757575757347,1.1804,0.9713666666666667,0.6248462484624846
2024-11-12,1.323,1.332,1.272,1.289,2187001300,2848769138,-0.024224072672218044,1.1905,0.9794166666666667,0.5992555831265507
2024-11-13,1.277,1.3,1.262,1.286,1707118500,2185299785,-0.002327385570209395,1.2001000000000002,0.9874500000000002,0.599502487562189
2024-11-14,1.282,1.301,1.264,1.265,1615748784,2076010388,-0.016329704510108956,1.20895,0.9949499999999999,0.5521472392638036
2024-11-15,1.266,1.276,1.214,1.215,1834061454,2279364689,-0.039525691699604626,1.21125,1.0017333333333334,0.5037128712871286
2024-11-18,1.215,1.23,1.189,1.199,1728934670,2085945570,-0.013168724279835398,1.21435,1.0081,0.4675642594859244
2024-11-19,1.205,1.227,1.189,1.225,1673832685,2021163728,0.021684737281067568,1.2183,1.0149833333333333,0.5086206896551724
2024-11-20,1.216,1.236,1.207,1.225,1572614900,1921106504,0.0,1.22255,1.0218833333333335,0.5104808877928484
2024-11-21,1.223,1.248,1.217,1.237,1812504337,2233968111,0.009795918367347056,1.2275,1.0290833333333333,0.5366459627329192
2024-11-22,1.233,1.237,1.176,1.178,1721445600,2081482924,-0.047696038803557106,1.2290500000000002,1.0353833333333333,0.4724999999999999
2024-11-25,1.177,1.182,1.148,1.167,1416774700,1649092706,-0.009337860780984641,1.22995,1.0417,0.4809644670050761
2024-11-26,1.164,1.191,1.163,1.167,1016141800,1195319644,0.0,1.2315,1.0479,0.4679245283018867
2024-11-27,1.165,1.197,1.16,1.196,1519708337,1791791312,0.024850042844901443,1.2346499999999998,1.0545833333333332,0.5044025157232703
2024-11-28,1.196,1.2,1.181,1.184,1128001400,1343246293,-0.010033444816053505,1.2355500000000001,1.0611833333333334,0.5025380710659897
2024-11-29,1.183,1.253,1.179,1.216,2531494204,3081136360,0.027027027027026973,1.2387000000000001,1.0683,0.541191381495564
2024-12-02,1.208,1.237,1.2,1.23,1493375215,1830947934,0.011513157894736947,1.2403,1.0755666666666668,0.5491183879093198
2024-12-03,1.228,1.24,1.213,1.229,1484765794,1819071829,-0.0008130081300812275,1.2385,1.0824833333333332,0.5098280098280101
2024-12-04,1.223,1.237,1.208,1.214,1054519369,1289236614,-0.012205044751830818,1.23635,1.0895,0.5308953341740226
2024-12-05,1.212,1.238,1.211,1.228,1277257090,1567565281,0.011532125205930832,1.2295500000000001,1.0966500000000001,0.5369211514392991
2024-12-06,1.226,1.259,1.219,1.244,2087953800,2597186520,0.013029315960912058,1.2257500000000001,1.1040833333333333,0.5588972431077692
2024-12-09,1.24,1.248,1.219,1.232,1232670600,1520748827,-0.009646302250803873,1.2213,1.1111833333333334,0.5285359801488834
2024-12-10,1.302,1.309,1.241,1.244,2590997749,3299411806,0.009740259740259827,1.21905,1.1184333333333334,0.53770086526576
2024-12-11,1.24,1.252,1.232,1.241,1015630148,1261254812,-0.002411575562700885,1.2167999999999999,1.12565,0.5358910891089108
2024-12-12,1.241,1.27,1.235,1.259,1678302640,2102311515,0.014504431909750037,1.2165000000000001,1.1332166666666668,0.5639751552795029
2024-12-13,1.247,1.247,1.218,1.219,1578647440,1943649621,-0.0317712470214454,1.2167000000000001,1.1401333333333334,0.5161691542288558
2024-12-16,1.218,1.218,1.196,1.201,901975241,1086618077,-0.014766201804757961,1.2167999999999999,1.1467666666666667,0.49564134495641343
2024-12-17,1.2,1.214,1.196,1.203,949246400,1143338205,0.0016652789342215257,1.2157,1.1534000000000002,0.49440993788819876
2024-12-18,1.206,1.209,1.197,1.202,812921300,977573738,-0.0008312551953451042,1.21455,1.1600000000000001,0.49131513647642655
2024-12-19,1.188,1.201,1.185,1.198,982696929,1172801877,-0.0033277870216306127,1.2126,1.1663666666666666,0.4681372549019609
2024-12-20,1.195,1.213,1.195,1.203,1033574389,1244857139,0.004173622704507718,1.2138499999999999,1.1728166666666666,0.47426470588235303
2024-12-23,1.201,1.212,1.186,1.188,1077512810,1290854021,-0.012468827930174675,1.2149,1.1790166666666666,0.4558823529411764
2024-12-24,1.187,1.211,1.187,1.209,1373772214,1649993115,0.017676767676767735,1.217,1.1847333333333334,0.3960739030023095
2024-12-25,1.209,1.211,1.191,1.201,1270223900,1524961250,-0.006617038875103343,1.2172500000000002,1.19005,0.36167800453514753
2024-12-26,1.2,1.208,1.198,1.204,917425700,1103730390,0.0024979184013320666,1.2182499999999998,1.1944833333333333,0.28358208955223874
2024-12-27,1.204,1.233,1.202,1.213,1883148245,2291249818,0.007475083056478482,1.2181,1.1979333333333335,0.205765407554672
2024-12-30,1.209,1.226,1.207,1.225,1497954758,1824302400,0.009892827699917506,1.21785,1.1999,0.10659439927732617
2024-12-31,1.225,1.225,1.167,1.17,1969973479,2354513225,-0.044897959183673564,1.2148999999999999,1.1991,-0.039408866995073955
2025-01-02,1.163,1.166,1.095,1.106,2068158296,2334990992,-0.05470085470085462,1.2095,1.1978833333333334,-0.06191687871077178
2025-01-03,1.106,1.11,1.075,1.076,1554134100,1692733949,-0.027124773960217063,1.2019,1.1972666666666667,-0.033243486073674666
2025-01-06,1.069,1.081,1.066,1.077,1066197100,1145180951,0.0009293680297397522,1.1935499999999999,1.1966166666666667,-0.034946236559139865
2025-01-07,1.079,1.09,1.071,1.089,1019333200,1101444829,0.011142061281337101,1.1864000000000001,1.1960333333333333,-0.031138790035587283
2025-01-08,1.085,1.089,1.054,1.077,1305711900,1397272764,-0.011019283746556474,1.17805,1.1958666666666666,-0.009199632014719406
2025-01-09,1.073,1.085,1.07,1.073,695869400,749380134,-0.00371402042711233,1.16965,1.1955166666666668,-0.01919561243144441
2025-01-10,1.072,1.081,1.054,1.054,915198200,977482939,-0.017707362534948645,1.1594,1.19495,-0.03125
2025-01-13,1.041,1.062,1.04,1.057,824909900,868944467,0.002846299810246533,1.1513,1.1930833333333335,-0.09580838323353302
2025-01-14,1.062,1.104,1.061,1.103,1816547079,1975227957,0.04351939451277209,1.1464,1.1925166666666667,-0.029903254177660488
2025-01-15,1.095,1.099,1.089,1.09,890370100,973175904,-0.011786038077969074,1.14075,1.1915833333333334,-0.048865619546247685
2025-01-16,1.097,1.11,1.081,1.092,1108659400,1213517057,0.0018348623853210455,1.13525,1.1907833333333333,-0.042105263157894535
2025-01-17,1.086,1.101,1.084,1.094,939882074,1028252488,0.001831501831501825,1.13005,1.1900499999999998,-0.03866432337434078
2025-01-20,1.107,1.114,1.096,1.099,1042354274,1151141422,0.004570383912248621,1.12485,1.1892500000000001,-0.041848299912816134
2025-01-21,1.108,1.109,1.091,1.103,908375043,999324962,0.0036396724294813776,1.1206,1.1884833333333333,-0.040034812880765935
2025-01-22,1.1,1.103,1.09,1.097,858229335,939787230,-0.005439709882139598,1.115,1.1878333333333335,-0.034330985915492884
2025-01-23,1.119,1.141,1.1,1.101,1962403123,2200067040,0.003646308113035568,1.1099999999999999,1.1873,-0.028243601059135037
2025-01-24,1.098,1.121,1.095,1.114,1248864400,1387580204,0.01180744777475029,1.1055000000000001,1.1864333333333335,-0.04459691252144071
2025-01-27,1.118,1.118,1.085,1.086,1083168599,1189833454,-0.025134649910233398,1.09915,1.1853166666666666,-0.05810928013876837
2025-02-05,1.095,1.097,1.082,1.086,787664500,857462673,0.0,1.0922,1.1834500000000001,-0.09348914858096813
2025-02-06,1.086,1.106,1.082,1.104,1347781576,1477151200,0.016574585635359185,1.0889000000000002,1.1807666666666667,-0.1272727272727271
2025-02-07,1.103,1.145,1.1,1.128,2664633406,2994857733,0.021739130434782483,1.09,1.1786166666666666,-0.10262529832935563
2025-02-10,1.128,1.135,1.121,1.13,1335906000,1506889343,0.0017730496453900457,1.0927,1.1747166666666666,-0.17155425219941367
2025-02-11,1.129,1.129,1.112,1.12,1293487716,1446702806,-0.008849557522123686,1.09485,1.1713833333333334,-0.1515151515151515
2025-02-12,1.117,1.14,1.116,1.139,1494964000,1685189965,0.016964285714285543,1.09735,1.16835,-0.13777441332323992
2025-02-13,1.135,1.15,1.127,1.131,1892210700,2151004201,-0.0070237050043898686,1.10005,1.1657166666666667,-0.12257564003103172
2025-02-14,1.127,1.139,1.124,1.133,1355438700,1534011837,0.0017683465959328348,1.10305,1.1631666666666665,-0.11897356143079318
2025-02-17,1.145,1.149,1.131,1.139,1474930300,1683667027,0.005295675198587757,1.1073,1.1610666666666667,-0.09960474308300382
2025-02-18,1.134,1.137,1.104,1.108,1719403100,1929024308,-0.027216856892010477,1.10985,1.1592833333333334,-0.08806584362139913
2025-02-19,1.107,1.126,1.105,1.122,1627082720,1820538365,0.012635379061371799,1.1108,1.158,-0.06422018348623848
2025-02-20,1.12,1.125,1.112,1.119,1244442500,1392780475,-0.002673796791443972,1.11225,1.1562333333333332,-0.086530612244898
2025-02-21,1.122,1.147,1.112,1.141,3168155443,3592798652,0.01966041108132255,1.1147,1.1548333333333334,-0.06857142857142862
2025-02-24,1.14,1.146,1.127,1.135,1787612653,2034333123,-0.005258545135845782,1.1167500000000001,1.1531333333333333,-0.0824575586095393
2025-02-25,1.124,1.13,1.115,1.117,1435733588,1611921448,-0.015859030837004462,1.11765,1.1521166666666667,-0.051782682512733436
2025-02-26,1.119,1.15,1.116,1.149,2813381588,3185619570,0.0286481647269472,1.11995,1.1518166666666665,-0.015424164524421635
2025-02-27,1.138,1.152,1.122,1.144,3325501068,3779746755,-0.004351610095735481,1.1222999999999999,1.1514333333333333,-0.019708654670094417
2025-02-28,1.136,1.153,1.106,1.109,2318332185,2618025436,-0.030594405594405516,1.1227,1.1499833333333334,-0.07274247491638797
2025-03-03,1.111,1.12,1.099,1.105,3077785664,3419970110,-0.0036068530207393756,1.12225,1.1486666666666667,-0.06672297297297292
2025-03-04,1.101,1.116,1.1,1.112,1212845651,1347703334,0.0063348416289594756,1.12355,1.1469333333333331,-0.08552631578947356
2025-03-05,1.113,1.118,1.102,1.112,1460417750,1621688742,0.0,1.12485,1.1449666666666667,-0.0959349593495934
2025-03-06,1.119,1.143,1.118,1.14,2596869986,2943362402,0.025179856115107757,1.12665,1.1434833333333334,-0.0724165988608626
2025-03-07,1.133,1.133,1.117,1.12,1749354400,1969187782,-0.01754385964912264,1.12625,1.1419166666666667,-0.07742998352553532
2025-03-10,1.119,1.12,1.106,1.111,1204791300,1338085454,-0.008035714285714368,1.1253,1.1399666666666666,-0.09527687296416942
2025-03-11,1.102,1.115,1.1,1.114,1135112689,1257354563,0.0027002700270029045,1.125,1.1378,-0.10450160771704176
2025-03-12,1.117,1.139,1.113,1.121,1871018153,2104484334,0.006283662477558183,1.1240999999999999,1.13595,-0.09009740259740262
2025-03-13,1.12,1.13,1.108,1.114,1266406200,1414642505,-0.006244424620874156,1.12325,1.1337833333333334,-0.10450160771704176
2025-03-14,1.116,1.165,1.115,1.152,3571387743,4086409647,0.03411131059245953,1.1242,1.1323,-0.07171635777598728
2025-03-17,1.154,1.155,1.138,1.139,1911100776,2182443499,-0.011284722222222099,1.1242,1.1302999999999999,-0.09531374106433665
2025-03-18,1.144,1.146,1.136,1.14,1301709200,1483838928,0.0008779631255486642,1.1258000000000001,1.1289833333333334,-0.0648072190319936
2025-03-19,1.139,1.147,1.136,1.139,1218309271,1388928720,-0.0008771929824560321,1.1266500000000002,1.1279499999999998,-0.051623646960865965
2025-03-20,1.138,1.139,1.128,1.13,1166612500,1322263622,-0.007901668129938644,1.1272,1.1267333333333334,-0.060681629260183056
2025-03-21,1.128,1.134,1.108,1.111,1555053200,1740025324,-0.016814159292035336,1.1257,1.1252166666666665,-0.07570715474209644
2025-03-24,1.111,1.112,1.1,1.11,1211765099,1341233330,-0.0009000900090008201,1.12445,1.12375,-0.07345575959933215
2025-03-25,1.11,1.112,1.103,1.107,870745393,963535150,-0.002702702702702786,1.12395,1.12215,-0.07980049875311723
2025-03-26,1.106,1.111,1.105,1.106,777146000,860546963,-0.0009033423667569318,1.1218,1.1207833333333332,-0.06902356902356888
2025-03-27,1.105,1.116,1.098,1.107,1136707251,1259252187,0.0009041591320071429,1.11995,1.1190833333333332,-0.08436724565756826
2025-03-28,1.108,1.112,1.103,1.107,1052663000,1165750933,0.0,1.11985,1.1175166666666667,-0.07826810990840971
2025-03-31,1.104,1.108,1.081,1.085,1395817334,1524712976,-0.019873532068654054,1.11885,1.1155333333333333,-0.09883720930232553
2025-04-01,1.088,1.094,1.081,1.083,1195935835,1298829882,-0.0018433179723502668,1.1174,1.1133666666666666,-0.10717230008244027
2025-04-02,1.083,1.093,1.081,1.088,864201700,940980920,0.004616805170821969,1.1161999999999999,1.1110833333333334,-0.11183673469387756
2025-04-03,1.081,1.094,1.08,1.088,902953594,982486813,0.0,1.1136000000000001,1.1097166666666667,-0.07008547008546995
2025-04-07,1.04,1.05,0.979,0.979,2512060000,2518613268,-0.1001838235294118,1.10655,1.1076,-0.1148282097649187
2025-04-08,0.985,0.999,0.981,0.993,1652802991,1635594750,0.01430030643513791,1.1006500000000001,1.1062166666666668,-0.07713754646840154
2025-04-09,0.982,1.023,0.972,1.014,2016643248,2020005149,0.02114803625377637,1.09565,1.1051666666666666,-0.058495821727019504
2025-04-10,1.029,1.04,1.018,1.027,1535521761,1583468622,0.012820512820512775,1.0909499999999999,1.1041333333333334,-0.05693296602387521
2025-04-11,1.023,1.04,1.022,1.031,1284736390,1322881830,0.003894839337877265,1.0868,1.1033666666666668,-0.04271123491179207
2025-04-14,1.035,1.037,1.028,1.031,916687071,946179432,0.0,1.0807499999999999,1.1026666666666667,-0.03914259086672889
2025-04-15,1.03,1.031,1.022,1.026,748050817,766457690,-0.004849660523763233,1.0751,1.1021999999999998,-0.026565464895635715
2025-04-16,1.024,1.026,1.01,1.024,984666600,1002529626,-0.0019493177387914784,1.0693,1.1016499999999998,-0.031220435193945018
2025-04-17,1.019,1.03,1.016,1.024,801872567,821585734,0.0,1.06355,1.1003333333333332,-0.07162284678150499
2025-04-18,1.022,1.035,1.021,1.031,1004460400,1032676099,0.0068359375,1.0586,1.09935,-0.05412844036697262
2025-04-21,1.027,1.039,1.025,1.037,802908491,831013172,0.005819592628516057,1.0549,1.0984333333333332,-0.05036630036630052
2025-04-22,1.034,1.042,1.033,1.035,846194637,877613822,-0.0019286403085824189,1.05115,1.09745,-0.053930530164533974
2025-04-23,1.04,1.042,1.033,1.036,895600000,929057758,0.0009661835748793202,1.0476,1.0964,-0.0573248407643312
2025-04-24,1.036,1.04,1.029,1.032,865472001,895347413,-0.0038610038610038533,1.0439,1.0952166666666667,-0.06436990027198541
2025-04-25,1.034,1.045,1.034,1.041,1121271889,1166166457,0.008720930232557933,1.0406,1.0942833333333333,-0.05104831358249773
2025-04-28,1.039,1.039,1.028,1.033,683352766,705509322,-0.007684918347742542,1.0369,1.09315,-0.061762034514078135
2025-04-29,1.032,1.038,1.029,1.03,653594944,674835843,-0.0029041626331073322,1.03415,1.09175,-0.07540394973070019
2025-04-30,1.032,1.041,1.031,1.033,690924776,715552712,0.002912621359223211,1.0316500000000002,1.0908666666666667,-0.048802946593001995
2025-05-06,1.038,1.049,1.036,1.048,1044355219,1091357397,0.014520813165537438,1.02965,1.0902333333333334,-0.03499079189686927
2025-05-07,1.078,1.086,1.05,1.055,1782928514,1899411828,0.006679389312977069,1.028,1.0894166666666665,-0.044384057971014634
2025-05-08,1.049,1.062,1.048,1.059,917032977,969718917,0.0037914691943128354,1.032,1.0882666666666665,-0.061170212765957355
2025-05-09,1.057,1.057,1.043,1.046,864397650,905808145,-0.01227573182247399,1.0346499999999998,1.0868666666666666,-0.07433628318584062
2025-05-12,1.051,1.074,1.048,1.07,1697249996,1799273127,0.02294455066921608,1.03745,1.0860333333333332,-0.044642857142857206
2025-05-13,1.076,1.079,1.06,1.062,1302818758,1390041460,-0.00747663551401867,1.0392000000000001,1.08475,-0.06760316066725192
2025-05-14,1.063,1.119,1.058,1.099,3494595175,3807905666,0.034839924670433176,1.0426,1.0842166666666666,-0.028293545534924913
2025-05-15,1.089,1.096,1.078,1.079,1124474552,1219426176,-0.018198362147406777,1.045,1.0833166666666665,-0.04766107678729037
2025-05-16,1.076,1.079,1.064,1.067,1048300848,1119774634,-0.011121408711770142,1.04705,1.0821166666666668,-0.06321334503950837
2025-05-19,1.066,1.071,1.06,1.068,582704082,620611569,0.0009372071227742307,1.04925,1.08145,-0.036101083032491044
2025-05-20,1.068,1.073,1.064,1.068,810926695,866309000,0.0,1.05145,1.08055,-0.048128342245989386
2025-05-21,1.068,1.071,1.064,1.065,720329395,768643378,-0.002808988764045006,1.05315,1.07965,-0.04825737265415553
2025-05-22,1.062,1.064,1.055,1.057,712199600,754410447,-0.007511737089201831,1.0541500000000001,1.0782500000000002,-0.07361963190184051
2025-05-23,1.056,1.063,1.042,1.043,1052853900,1108204451,-0.013245033112582849,1.05455,1.0767166666666668,-0.08105726872246699
2025-05-26,1.042,1.046,1.038,1.042,565638107,589255232,-0.0009587727708532112,1.0548499999999998,1.0754666666666666,-0.06714413607878245
2025-05-27,1.042,1.043,1.036,1.042,579890600,603255095,0.0,1.05535,1.073683333333333,-0.09312445604873798
2025-05-28,1.042,1.043,1.035,1.036,553036200,574182763,-0.0057581573896353655,1.0551,1.0718833333333333,-0.09440559440559426
2025-05-29,1.037,1.051,1.036,1.049,1139486143,1192649964,0.012548262548262468,1.0559,1.0708833333333334,-0.05410279531109108
2025-05-30,1.045,1.046,1.037,1.043,720722900,750613068,-0.0057197330791229906,1.05655,1.06985,-0.056108597285067896
2025-06-03,1.038,1.058,1.037,1.052,983665270,1033148950,0.0086289549376799,1.0574999999999999,1.06885,-0.0539568345323741
2025-06-04,1.049,1.07,1.049,1.065,1316949384,1400539407,0.012357414448669113,1.0583500000000001,1.0680666666666667,-0.042266187050359894
2025-06-05,1.066,1.081,1.064,1.075,1479836203,1585870102,0.009389671361502261,1.05935,1.0669833333333334,-0.05701754385964908
2025-06-06,1.075,1.079,1.066,1.068,712244400,762194851,-0.00651162790697668,1.0597999999999999,1.0661166666666666,-0.046428571428571486
2025-06-09,1.074,1.09,1.073,1.084,1445693956,1567834381,0.014981273408239737,1.0617,1.0656666666666665,-0.024302430243024253
2025-06-10,1.084,1.084,1.062,1.07,1205496371,1294795577,-0.01291512915129156,1.0616999999999999,1.0649333333333333,-0.03949730700179532
2025-06-11,1.071,1.103,1.071,1.089,1764271624,1924321803,0.017757009345794383,1.06305,1.0644,-0.028545941123996443
2025-06-12,1.083,1.1,1.081,1.087,1038635700,1131806381,-0.0018365472910927272,1.06245,1.06395,-0.024236983842010895
2025-06-13,1.082,1.087,1.073,1.076,1022606200,1103171760,-0.010119595216191213,1.0623,1.0626833333333332,-0.0659722222222221
2025-06-16,1.073,1.093,1.072,1.092,1276252133,1385980590,0.014869888475836479,1.06355,1.0619,-0.0412642669007901
2025-06-17,1.09,1.096,1.087,1.095,1030272977,1125735648,0.0027472527472527375,1.0649,1.06115,-0.039473684210526216
2025-06-18,1.094,1.094,1.076,1.082,1334157290,1443136521,-0.011872146118721338,1.0655999999999999,1.0601999999999998,-0.05004389815627741
2025-06-19,1.079,1.081,1.06,1.061,1370952800,1462680693,-0.019408502772643388,1.0654,1.05905,-0.06106194690265487
2025-06-20,1.062,1.067,1.059,1.059,567637200,602905707,-0.0018850141376060003,1.0655,1.0581833333333333,-0.046804680468046866
2025-06-23,1.053,1.076,1.052,1.072,1060115152,1129547272,0.012275731822474212,1.0669499999999998,1.05755,-0.03423423423423422
2025-06-24,1.073,1.108,1.073,1.099,2090669566,2291565382,0.025186567164179108,1.0698,1.0574166666666667,-0.0072267389340560095
2025-06-25,1.102,1.166,1.102,1.158,4268190000,4844540783,0.05368516833484982,1.0756000000000001,1.0582833333333332,0.04701627486437587
2025-06-26,1.159,1.159,1.136,1.138,2302416162,2640309914,-0.01727115716753025,1.0806999999999998,1.0588,0.028003613369466995
2025-06-27,1.14,1.176,1.137,1.138,2451842831,2830523591,0.0,1.08515,1.0593166666666667,0.028003613369466995
2025-06-30,1.139,1.141,1.125,1.136,1664068074,1886118012,-0.0017574692442882123,1.0897999999999999,1.0601666666666667,0.047004608294930916
2025-07-01,1.137,1.137,1.121,1.13,1185723821,1337006050,-0.005281690140845119,1.0937,1.0609499999999998,0.04339796860572487
2025-07-02,1.129,1.132,1.121,1.124,1038879723,1169506972,-0.0053097345132741,1.09665,1.06155,0.03308823529411775
2025-07-03,1.126,1.135,1.125,1.131,1088154239,1229794953,0.006227758007117279,1.0994499999999998,1.0622666666666667,0.03952205882352944
2025-07-04,1.13,1.152,1.121,1.131,1926628920,2187076180,0.0,1.1026,1.0648,0.15526046986721154
2025-07-07,1.127,1.137,1.125,1.132,933173996,1056884302,0.0008841732979663064,1.105,1.0671166666666667,0.13997985901309162
2025-07-08,1.132,1.148,1.131,1.146,1576162141,1800398657,0.012367491166077826,1.1088,1.0693166666666667,0.1301775147928994
2025-07-09,1.146,1.156,1.138,1.141,1711589092,1963016322,-0.004363001745200656,1.1114,1.0712166666666667,0.1110029211295036
2025-07-10,1.138,1.161,1.137,1.155,1675271078,1929070231,0.012269938650306678,1.1148,1.0732833333333334,0.12027158098933088
2025-07-11,1.159,1.206,1.155,1.181,3677984123,4360841728,0.022510822510822592,1.12005,1.0757833333333333,0.14548981571290032
2025-07-14,1.186,1.188,1.168,1.17,1683814544,1978247858,-0.009314140558848494,1.12395,1.0781833333333333,0.14035087719298245
2025-07-15,1.172,1.18,1.158,1.164,1716963800,2002375115,-0.00512820512820511,1.1274000000000002,1.0805166666666668,0.13671875
2025-07-16,1.162,1.169,1.152,1.16,1289744700,1495512262,-0.0034364261168384758,1.1313,1.0827833333333332,0.1328125
2025-07-17,1.16,1.168,1.156,1.166,1581106090,1836861570,0.005172413793103514,1.1365500000000002,1.0850333333333333,0.13094083414161006
2025-07-18,1.167,1.174,1.164,1.171,1404323834,1641528552,0.004288164665523286,1.14215,1.0872666666666668,0.12921890067502417
2025-07-21,1.169,1.19,1.165,1.187,2045147886,2414330346,0.01366353543979515,1.1479,1.0897999999999999,0.14685990338164268
2025-07-22,1.186,1.193,1.173,1.189,1891723309,2237733156,0.0016849199663016012,1.1523999999999999,1.09235,0.14768339768339778
2025-07-23,1.192,1.222,1.192,1.199,3275874610,3945593247,0.008410428931875602,1.15445,1.0951333333333333,0.16182170542635665
2025-07-24,1.194,1.235,1.192,1.232,2884331435,3526718586,0.02752293577981635,1.15915,1.0983166666666666,0.18347742555235347
2025-07-25,1.233,1.24,1.224,1.227,1922325464,2365317384,-0.0040584415584414835,1.1636,1.10155,0.18780251694094896
2025-07-28,1.227,1.254,1.221,1.238,1835462399,2272824772,0.008964955175223999,1.1686999999999999,1.1050166666666668,0.20194174757281558
2025-07-29,1.233,1.244,1.213,1.243,2173684692,2669901497,0.0040387722132473325,1.17435,1.1085166666666666,0.20329138431752192
2025-07-30,1.239,1.243,1.215,1.225,1926994510,2374194204,-0.014481094127111849,1.1793999999999998,1.1114666666666664,0.16889312977099236
2025-07-31,1.218,1.231,1.192,1.198,2256878512,2734022539,-0.022040816326530766,1.18275,1.11385,0.13554502369668242
2025-08-01,1.197,1.206,1.186,1.191,1686848285,2014661749,-0.005843071786310383,1.18575,1.1160500000000002,0.12464589235127499
2025-08-04,1.186,1.194,1.184,1.193,1381573518,1642411621,0.0016792611251048584,1.1888,1.1185,0.14053537284894846
2025-08-05,1.196,1.209,1.194,1.205,1791504876,2151252651,0.010058675607711676,1.19175,1.1207500000000001,0.12616822429906538
2025-08-06,1.204,1.212,1.2,1.21,1610921652,1943163023,0.004149377593360981,1.1952,1.1232166666666665,0.13935969868173248
2025-08-07,1.21,1.222,1.203,1.209,1688038496,2045713163,-0.0008264462809915996,1.1979,1.12505,0.1000909918107371
2025-08-08,1.207,1.208,1.196,1.199,1354539380,1627619165,-0.008271298593879206,1.1987999999999999,1.1270499999999999,0.11121408711770164
2025-08-11,1.198,1.221,1.197,1.215,1906282600,2314334071,0.01334445371142623,1.20105,1.1295166666666667,0.13870665417057193
2025-08-12,1.216,1.222,1.211,1.221,1636432041,1992544852,0.004938271604938205,1.2039,1.1320666666666668,0.1432584269662922
2025-08-13,1.226,1.254,1.216,1.242,3180926730,3934486703,0.017199017199017064,1.208,1.1349666666666667,0.16292134831460658
2025-08-14,1.243,1.268,1.238,1.241,2850282778,3566859398,-0.0008051529790659151,1.2117499999999999,1.1379,0.1652582159624414
2025-08-15,1.236,1.313,1.236,1.3,4083998919,5239395363,0.04754230459307007,1.2182,1.14195,0.22989593188268698
2025-08-18,1.309,1.34,1.286,1.317,3640979263,4784817712,0.013076923076922986,1.2247000000000001,1.1465166666666666,0.2627037392138063
2025-08-19,1.307,1.317,1.289,1.291,2360422191,3071948997,-0.019741837509491322,1.2298000000000002,1.1506666666666667,0.2389635316698655
2025-08-20,1.284,1.304,1.271,1.303,2655956146,3423331204,0.009295120061967532,1.2349999999999999,1.1550166666666668,0.25047984644913623
2025-08-21,1.315,1.318,1.287,1.293,2343499894,3052625458,-0.007674597083653145,1.23805,1.1592999999999998,0.24806949806949796
2025-08-22,1.288,1.34,1.287,1.338,3889650050,5125079068,0.03480278422273786,1.2436,1.164116666666667,0.27550047664442334
2025-08-25,1.355,1.37,1.331,1.352,5015109371,6760891476,0.010463378176382765,1.2493,1.1692666666666665,0.29626078619367235
2025-08-26,1.343,1.351,1.332,1.335,2478037089,3325763929,-0.012573964497041512,1.2539,1.1739833333333334,0.2690114068441063
2025-08-27,1.332,1.35,1.299,1.3,4085087662,5427564925,-0.02621722846441943,1.2576500000000002,1.1779,0.22065727699530524
2025-08-28,1.3,1.327,1.288,1.326,3264593845,4264959201,0.020000000000000018,1.2640500000000001,1.1820833333333336,0.23348837209302342
2025-08-29,1.331,1.345,1.32,1.328,3703068906,4928544780,0.0015082956259426794,1.2709000000000001,1.1864166666666667,0.24344569288389506
2025-09-01,1.331,1.334,1.308,1.314,2543071428,3348303077,-0.010542168674698815,1.27695,1.19025,0.2121771217712176
2025-09-02,1.313,1.315,1.289,1.296,3507171682,4557034100,-0.013698630136986356,1.2814999999999999,1.1940166666666665,0.2112149532710279
2025-09-03,1.303,1.305,1.242,1.25,3609472633,4584986158,-0.035493827160493874,1.2835,1.1966999999999999,0.14784205693296615
2025-09-04,1.25,1.261,1.232,1.248,3234905391,4038285140,-0.0016000000000000458,1.28545,1.1993833333333332,0.14811407543698252
2025-09-05,1.25,1.26,1.236,1.257,2975882493,3715674437,0.007211538461538325,1.2883499999999999,1.2024000000000001,0.16821561338289936
2025-09-08,1.254,1.257,1.242,1.248,2071264074,2586810376,-0.007159904534606132,1.29,1.2049999999999998,0.1428571428571428
2025-09-09,1.248,1.261,1.244,1.247,2689459112,3363117155,-0.0008012820512819374,1.2913000000000001,1.2075333333333333,0.13881278538812802
2025-09-10,1.248,1.255,1.24,1.245,1738675380,2168659157,-0.001603849238171584,1.29145,1.2102499999999998,0.15064695009242146
2025-09-11,1.241,1.285,1.238,1.284,4209790061,5334840542,0.031325301204819134,1.2936,1.2139666666666669,0.21017907634307265
2025-09-12,1.282,1.288,1.262,1.266,2711873072,3458111919,-0.014018691588785104,1.2919,1.2174166666666666,0.1954674220963173
2025-09-15,1.266,1.275,1.257,1.262,2252819946,2853327538,-0.003159557661927326,1.28915,1.2205833333333334,0.1772388059701493
2025-09-16,1.265,1.275,1.251,1.263,2669438680,3369172115,0.0007923930269413404,1.28775,1.2233166666666666,0.14922656960873515
2025-09-17,1.263,1.28,1.26,1.269,3084986990,3915676711,0.004750593824228044,1.28605,1.2251666666666665,0.09585492227979264
2025-09-18,1.267,1.267,1.221,1.232,5423767180,6759573790,-0.029156816390858875,1.283,1.2267333333333335,0.08260105448154675
2025-09-19,1.226,1.232,1.218,1.221,2519449038,3085110222,-0.008928571428571397,1.2771500000000002,1.2281166666666665,0.07293497363796142
2025-09-22,1.223,1.234,1.218,1.234,2126453933,2607596966,0.010647010647010458,1.27125,1.2297500000000001,0.08626760563380298
2025-09-23,1.226,1.227,1.2,1.212,3046000877,3689773040,-0.017828200972447306,1.2651,1.2311166666666664,0.072566371681416
2025-09-24,1.206,1.233,1.205,1.224,2809468291,3424415490,0.00990099009900991,1.2612999999999999,1.2327833333333333,0.08896797153024893
2025-09-25,1.222,1.233,1.22,1.224,2119086382,2599998440,0.0,1.2562,1.2343333333333333,0.08222811671087538
2025-09-26,1.221,1.231,1.218,1.219,2004987251,2454590928,-0.004084967320261312,1.25075,1.2358,0.0778072502210434
2025-09-29,1.216,1.309,1.215,1.28,6240516641,7891888990,0.05004101722723542,1.24905,1.2382666666666666,0.1307420494699647
2025-09-30,1.273,1.281,1.259,1.263,2942175854,3726644802,-0.013281250000000133,1.2474,1.2402166666666665,0.10209424083769636
2025-10-09,1.258,1.276,1.244,1.267,3641087593,4590388782,0.003167062549485289,1.24825,1.2423166666666667,0.11042944785276054
2025-10-10,1.26,1.294,1.258,1.27,3329035559,4253964648,0.0023677979479086453,1.24935,1.2442333333333333,0.09956709956709964
2025-10-13,1.241,1.258,1.24,1.254,3110521454,3881825653,-0.012598425196850394,1.2492,1.2454500000000002,0.06181202370872141
2025-10-14,1.257,1.278,1.243,1.248,2821021789,3552663190,-0.004784688995215336,1.2492,1.24675,0.06666666666666665
2025-10-15,1.252,1.265,1.238,1.265,3087127726,3866818336,0.013621794871794712,1.2501,1.2484333333333335,0.08676975945017174
2025-10-16,1.259,1.27,1.253,1.259,2499107984,3149885547,-0.004743083003952542,1.2508,1.2500833333333334,0.08534482758620698
2025-10-17,1.259,1.269,1.231,1.233,3004188334,3754794699,-0.02065131056393943,1.24825,1.2511999999999999,0.05746140651801035
2025-10-20,1.243,1.247,1.23,1.235,2031873398,2515499437,0.0016220600162206722,1.2467,1.2522666666666666,0.05465414175918015
2025-10-21,1.237,1.263,1.236,1.246,3241904321,4047641681,0.008906882591092957,1.2459,1.2532500000000002,0.049705139005897125
2025-10-22,1.241,1.241,1.23,1.234,1698351258,2096095601,-0.009630818619582704,1.24445,1.254,0.037846930193439876
2025-10-23,1.234,1.246,1.221,1.245,2360978974,2909074339,0.008914100486223653,1.2432500000000002,1.2547666666666666,0.038365304420350244
2025-10-24,1.247,1.258,1.242,1.257,2588219917,3235565121,0.009638554216867323,1.2445,1.2551833333333333,0.02029220779220764
2025-10-27,1.27,1.279,1.262,1.272,3833471894,4872389284,0.011933174224343812,1.24705,1.2559333333333333,0.03667481662591676
2025-10-28,1.268,1.276,1.261,1.264,2349115462,2975580534,-0.0062893081761006275,1.24855,1.2563666666666664,0.02100161550888524
2025-10-29,1.263,1.297,1.262,1.292,4032398920,5174660601,0.022151898734177333,1.25255,1.2571833333333333,0.039420756234915366
2025-10-30,1.287,1.288,1.266,1.267,3691574085,4717239566,-0.019349845201238502,1.2547000000000001,1.2578833333333335,0.03428571428571403
2025-10-31,1.272,1.274,1.254,1.254,2735295877,3449455246,-0.010260457774269871,1.2562,1.2588166666666667,0.046744574290484175
2025-11-03,1.251,1.252,1.235,1.249,2483907085,3087754121,-0.003987240829345984,1.2577,1.2597833333333335,0.04869857262804378
2025-11-04,1.245,1.25,1.237,1.243,2598076599,3230601911,-0.0048038430744595795,1.2558500000000001,1.2606166666666667,0.04191114836546528
2025-11-05,1.236,1.245,1.234,1.24,1807016366,2242872478,-0.002413515687852086,1.2547000000000001,1.2611999999999999,0.029045643153526868
2025-11-06,1.242,1.262,1.242,1.254,2312382175,2897924203,0.011290322580645107,1.2540499999999999,1.2619333333333336,0.036363636363636376
2025-11-07,1.25,1.252,1.243,1.244,1824266241,2273793236,-0.00797448165869219,1.25275,1.2625166666666667,0.028949545078577277
2025-11-10,1.243,1.265,1.24,1.26,2875732170,3601909743,0.012861736334405238,1.25305,1.2635333333333336,0.05087572977481236
2025-11-11,1.26,1.263,1.244,1.245,1755176979,2193258125,-0.011904761904761862,1.2529000000000001,1.2640333333333333,0.024691358024691468
2025-11-12,1.245,1.246,1.231,1.238,1728731130,2141379198,-0.005622489959839494,1.2515500000000002,1.2643166666666665,0.01392301392301376
2025-11-13,1.235,1.249,1.233,1.248,2106230368,2616441070,0.008077544426494443,1.251,1.2644166666666665,0.004830917874396157
2025-11-14,1.24,1.245,1.232,1.232,1523031801,1887136590,-0.012820512820512886,1.25095,1.2642666666666666,-0.007252215954875241
2025-11-17,1.23,1.231,1.216,1.218,2090480791,2553181562,-0.011363636363636354,1.2501000000000002,1.2629,-0.06307692307692314
2025-11-18,1.218,1.229,1.217,1.22,1496824649,1829062723,0.0016420361247948545,1.2488,1.2612833333333335,-0.07365223993925585
2025-11-19,1.22,1.23,1.215,1.221,1572459022,1922002540,0.0008196721311475308,1.24815,1.2601166666666666,-0.05422153369481009
2025-11-20,1.243,1.247,1.216,1.217,4384711833,5396038309,-0.003276003276003303,1.24675,1.2586833333333334,-0.06600153491941663
2025-11-21,1.206,1.212,1.172,1.173,3098961406,3687336346,-0.03615447822514384,1.24255,1.2566833333333336,-0.0928074245939674
2025-11-24,1.178,1.182,1.169,1.175,1556749048,1829998549,0.0017050298380221207,1.2377,1.2539666666666667,-0.12182361733931246
2025-11-25,1.178,1.186,1.176,1.179,1518386323,1792576054,0.0034042553191488967,1.23345,1.2510833333333335,-0.12795857988165682
2025-11-26,1.179,1.182,1.173,1.176,1416594932,1668110290,-0.0025445292620865922,1.22765,1.2484333333333335,-0.11910112359550562
2025-11-27,1.176,1.184,1.172,1.175,1487800743,1752794870,-0.0008503401360543394,1.22305,1.24635,-0.09615384615384615
2025-11-28,1.173,1.181,1.168,1.18,1750585658,2058513909,0.004255319148936065,1.21935,1.2439166666666666,-0.11010558069381604
2025-12-01,1.176,1.186,1.175,1.183,1639845259,1936857216,0.0025423728813560587,1.2160499999999999,1.2415,-0.10918674698795183
2025-12-02,1.181,1.183,1.171,1.172,1136875401,1335450547,-0.009298393913778624,1.2125,1.2391333333333334,-0.10806697108066976
2025-12-03,1.175,1.178,1.159,1.161,1455245970,1697594174,-0.009385665529010101,1.20855,1.2368833333333336,-0.10416666666666663
2025-12-04,1.161,1.171,1.157,1.164,1126846206,1311804836,0.0025839793281652312,1.20405,1.2354500000000002,-0.06880000000000008
2025-12-05,1.164,1.203,1.163,1.194,2998874996,3554658694,0.02577319587628879,1.2015500000000001,1.23455,-0.04326923076923084
2025-12-08,1.21,1.236,1.21,1.217,4152395130,5084128597,0.01926298157453954,1.1994,1.2338833333333334,-0.03182179793158302
2025-12-09,1.209,1.215,1.199,1.201,1418826609,1710795753,-0.013147082990961345,1.1972,1.2331,-0.03766025641025639
2025-12-10,1.199,1.209,1.191,1.206,1600304076,1920248238,0.004163197335553592,1.1956,1.2324166666666667,-0.03287890938251814
2025-12-11,1.206,1.208,1.188,1.19,1354072022,1620036820,-0.013266998341625258,1.1927,1.2315,-0.04417670682730934
2025-12-12,1.191,1.205,1.185,1.196,1584940840,1893536053,0.005042016806722671,1.1908999999999998,1.2300333333333333,-0.06853582554517135
2025-12-15,1.19,1.217,1.189,1.202,1692564547,2039824741,0.0050167224080268635,1.1901,1.2289666666666668,-0.050552922590837324
2025-12-16,1.2,1.206,1.192,1.193,1441690356,1725808872,-0.0074875207986687675,1.18875,1.2278166666666666,-0.05467511885895404
2025-12-17,1.193,1.229,1.188,1.218,2321874390,2803687760,0.020955574182732528,1.1885999999999999,1.2270666666666665,-0.03562945368171011
2025-12-18,1.217,1.217,1.204,1.206,1463828151,1769475198,-0.009852216748768461,1.18805,1.2260166666666668,-0.049645390070921946
2025-12-19,1.205,1.219,1.201,1.211,1384723957,1677256100,0.004145936981758025,1.18995,1.2256666666666665,-0.017045454545454475
2025-12-22,1.209,1.215,1.206,1.211,1203512759,1457919230,0.0,1.1917499999999999,1.2255,-0.008190008190008147
2025-12-23,1.211,1.218,1.205,1.207,1273788784,1542732392,-0.003303055326176696,1.19315,1.22505,-0.021880064829821633
2025-12-24,1.205,1.219,1.204,1.218,1538170880,1866236652,0.009113504556752083,1.19525,1.22515,0.004950495049504955
2025-12-25,1.216,1.225,1.214,1.221,1458868823,1780834566,0.0024630541871921707,1.1975500000000001,1.2251,-0.002450980392156743
2025-12-26,1.219,1.242,1.219,1.229,2066264130,2544238417,0.006552006552006606,1.2,1.2251833333333333,0.004084967320261423
2025-12-29,1.227,1.23,1.218,1.222,1407141154,1722097797,-0.005695687550854478,1.20195,1.2252333333333334,0.0024610336341261974
2025-12-30,1.218,1.227,1.215,1.216,1458722329,1777374081,-0.004909983633387904,1.20415,1.2241666666666666,-0.050000000000000044
2025-12-31,1.218,1.228,1.211,1.211,1472740621,1794838136,-0.004111842105263053,1.20665,1.2232999999999998,-0.04117181314330942
2026-01-05,1.215,1.235,1.214,1.235,2372722500,2912131061,0.019818331957060398,1.2102,1.2227666666666666,-0.02525651144435659
2026-01-06,1.235,1.288,1.233,1.286,4886009770,6201135595,0.04129554655870438,1.2147999999999999,1.2230333333333334,0.012598425196850505
2026-01-07,1.287,1.287,1.258,1.267,2769776086,3521136669,-0.014774494556765272,1.2173,1.22325,0.010366826156299691
2026-01-08,1.258,1.258,1.229,1.233,3914711544,4849043909,-0.026835043409628945,1.2189,1.2229999999999999,-0.012019230769230727
2026-01-09,1.233,1.243,1.228,1.237,2578785208,3185247544,0.0032441200324411223,1.22045,1.2225333333333335,-0.02213438735177853
2026-01-12,1.236,1.255,1.23,1.254,3265140568,4059436730,0.013742926434923142,1.22365,1.2224499999999998,-0.003971405877680634
2026-01-13,1.259,1.272,1.241,1.246,2408005492,3025200443,-0.006379585326953707,1.22615,1.2226666666666668,0.010543390105433925
2026-01-14,1.244,1.275,1.23,1.237,3745812236,4694708202,-0.007223113964686889,1.2279,1.2227000000000001,0.0016194331983805377
2026-01-15,1.231,1.239,1.214,1.218,2779154313,3401085771,-0.015359741309620145,1.2291500000000002,1.2222333333333333,-0.022471910112359605
2026-01-16,1.224,1.228,1.205,1.208,2093877308,2541254299,-0.008210180623973717,1.22865,1.2218000000000002,-0.021069692058346856
2026-01-19,1.205,1.208,1.198,1.203,1935889990,2326263634,-0.0041390728476820016,1.2285,1.2211,-0.03373493975903619
2026-01-20,1.202,1.21,1.2,1.207,1831061010,2207463316,0.0033250207813799726,1.2283,1.2202666666666668,-0.039777247414478745
2026-01-21,1.204,1.209,1.198,1.201,1705334696,2050937669,-0.004971002485501197,1.2278,1.2190833333333333,-0.0558176100628931
2026-01-22,1.202,1.212,1.2,1.203,1554791484,1871610743,0.0016652789342215257,1.2276,1.2180666666666666,-0.048259493670886
2026-01-23,1.205,1.208,1.197,1.2,1808281951,2173364060,-0.0024937655860349794,1.2267000000000001,1.2165333333333335,-0.07120743034055732
2026-01-26,1.2,1.225,1.198,1.211,2750051483,3332134828,0.009166666666666767,1.2262,1.2155999999999998,-0.044198895027624197
2026-01-27,1.209,1.209,1.189,1.197,1897201968,2272880201,-0.011560693641618491,1.2246000000000001,1.21465,-0.045454545454545414
2026-01-28,1.199,1.206,1.195,1.197,1684893572,2022013726,0.0,1.2233500000000002,1.2137833333333332,-0.04163330664531628
2026-01-29,1.194,1.214,1.182,1.212,2628319323,3143989238,0.012531328320801949,1.22315,1.2132666666666667,-0.02493966210780385
2026-01-30,1.207,1.211,1.19,1.194,1910400492,2289540707,-0.014851485148514865,1.2223000000000002,1.2125,-0.0370967741935484
2026-02-02,1.192,1.207,1.175,1.178,2130048681,2536826014,-0.01340033500837523,1.2194500000000001,1.2112333333333334,-0.06060606060606066
2026-02-03,1.185,1.186,1.163,1.174,2032244777,2381236498,-0.00339558573853993,1.21385,1.2100666666666666,-0.05627009646302261
2026-02-04,1.171,1.193,1.17,1.191,2023635583,2393347827,0.014480408858603244,1.21005,1.2089166666666666,-0.05476190476190468
2026-02-05,1.185,1.2,1.182,1.193,1609912566,1917192584,0.0016792611251048584,1.20805,1.20805,-0.0417670682730924
2026-02-06,1.186,1.195,1.183,1.186,1178919563,1401587307,-0.005867560771165237,1.2055,1.2071833333333335,-0.04200323101777059
2026-02-09,1.192,1.198,1.189,1.197,1241763316,1484224562,0.00927487352445211,1.20265,1.2063333333333333,-0.04086538461538458
2026-02-10,1.198,1.2,1.194,1.196,848931272,1016271526,-0.0008354218880535225,1.2001500000000003,1.2057333333333335,-0.02922077922077926
2026-02-11,1.196,1.198,1.19,1.194,856631891,1022721283,-0.0016722408026755842,1.198,1.2053333333333331,-0.019704433497536922
2026-02-12,1.193,1.194,1.184,1.185,988356605,1173270355,-0.007537688442210921,1.19635,1.20475,-0.02868852459016391
2026-02-13,1.186,1.191,1.173,1.174,1275963881,1507505844,-0.009282700421941015,1.19465,1.2039666666666666,-0.038493038493038645
2026-02-24,1.178,1.18,1.171,1.172,907896678,1065768107,-0.0017035775127768327,1.1930999999999998,1.2032166666666666,-0.036976170912079054
2026-02-25,1.173,1.189,1.172,1.179,1818547504,2149859482,0.005972696245733822,1.1917000000000002,1.2033166666666666,0.005115089514066584
2026-02-26,1.178,1.179,1.163,1.166,1679406811,1962662123,-0.011026293469041715,1.18995,1.2031666666666667,-0.007659574468085184
2026-02-27,1.165,1.172,1.161,1.169,1276414797,1488485142,0.002572898799313883,1.1882499999999998,1.2029999999999998,-0.008481764206955011
2026-03-02,1.16,1.162,1.145,1.154,1772643597,2045465816,-0.01283147989734823,1.1859499999999998,1.2026333333333332,-0.018707482993197244
2026-03-03,1.155,1.165,1.141,1.144,1956086721,2254801455,-0.008665511265164683,1.1826,1.2021166666666665,-0.026382978723404338
2026-03-04,1.137,1.137,1.114,1.115,2115301452,2376903704,-0.02534965034965031,1.1785,1.2010333333333334,-0.05508474576271183
2026-03-05,1.125,1.127,1.114,1.117,1310727433,1468057562,0.0017937219730941312,1.1744999999999999,1.1999333333333333,-0.05579036348267119
2026-03-06,1.114,1.135,1.113,1.131,1397200158,1573379272,0.012533572068039511,1.17045,1.19925,-0.03498293515358353
2026-03-09,1.115,1.117,1.105,1.112,1555897796,1728872781,-0.016799292661361598,1.16635,1.1984333333333332,-0.042204995693367775
2026-03-10,1.118,1.126,1.116,1.12,1102632438,1234941869,0.007194244604316502,1.1634499999999999,1.1977,-0.03780068728522323
2026-03-11,1.121,1.126,1.115,1.123,1100389093,1233913351,0.002678571428571308,1.1609,1.1965166666666667,-0.05946398659966501
2026-03-12,1.119,1.126,1.116,1.121,890337037,997930427,-0.0017809439002671734,1.1574,1.1949166666666666,-0.07888249794576829
2026-03-13,1.117,1.125,1.111,1.112,1327370127,1482433329,-0.008028545941123899,1.15335,1.1934333333333336,-0.0741049125728559
2026-03-16,1.11,1.112,1.1,1.106,1504926475,1662033766,-0.0053956834532373765,1.1493499999999999,1.1917666666666666,-0.08291873963515739
2026-03-17,1.107,1.14,1.107,1.118,2572628300,2896485813,0.010849909584086825,1.1454,1.1905666666666666,-0.060504201680672165
2026-03-18,1.116,1.118,1.108,1.114,1382438936,1536868608,-0.003577817531305927,1.1413,1.1892,-0.06856187290969884
2026-03-19,1.105,1.11,1.097,1.101,1786515187,1970709398,-0.011669658886894196,1.13665,1.1875166666666668,-0.08402662229617308
2026-03-20,1.102,1.104,1.081,1.083,1635380378,1784450197,-0.016348773841961872,1.13155,1.1856833333333334,-0.09220452640402355
2026-03-23,1.069,1.069,1.031,1.036,2543259649,2669918668,-0.04339796860572476,1.1246500000000001,1.18265,-0.14942528735632177
2026-03-24,1.045,1.055,1.033,1.047,1538565934,1607215270,0.01061776061776043,1.1184,1.18,-0.1318407960199005
2026-03-25,1.051,1.067,1.048,1.059,1527308146,1614004003,0.011461318051575908,1.1123999999999998,1.1774666666666667,-0.12551610239471522
2026-03-26,1.055,1.058,1.033,1.035,1367989300,1426105505,-0.022662889518413665,1.10585,1.1745333333333334,-0.1453344343517755
2026-03-27,1.029,1.047,1.027,1.041,1139388704,1183988544,0.005797101449275477,1.09945,1.1717666666666666,-0.13753106876553445
2026-03-30,1.029,1.039,1.025,1.037,1116913868,1154199948,-0.003842459173871271,1.0936,1.16875,-0.14860426929392456
2026-03-31,1.037,1.049,1.027,1.029,1396964216,1447753677,-0.0077145612343297865,1.08785,1.16555,-0.15724815724815733
2026-04-01,1.04,1.046,1.035,1.045,1309417270,1364398682,0.01554907677356665,1.0843500000000001,1.1624833333333335,-0.14971521562245738
2026-04-02,1.041,1.041,1.022,1.025,1240146700,1277492968,-0.019138755980861233,1.07975,1.1591999999999998,-0.1612111292962357
2026-04-03,1.028,1.031,1.016,1.016,1034509548,1057174276,-0.008780487804877946,1.074,1.1558666666666668,-0.16447368421052633
2026-04-07,1.016,1.021,1.01,1.015,817692066,830074551,-0.0009842519685040463,1.06915,1.1526,-0.1618497109826591
2026-04-08,1.032,1.056,1.031,1.054,2392383840,2498756095,0.03842364532019715,1.06585,1.1495833333333334,-0.14655870445344132
2026-04-09,1.044,1.045,1.029,1.031,1424506978,1475119051,-0.021821631878558012,1.0612499999999998,1.1453333333333333,-0.19828926905132205
2026-04-10,1.043,1.091,1.043,1.068,4059279419,4357001779,0.035887487875848834,1.0586,1.1420166666666667,-0.15706393054459344
2026-04-13,1.06,1.084,1.058,1.075,1691118557,1817034647,0.006554307116104718,1.0567499999999999,1.1393833333333334,-0.12814274128142755
2026-04-14,1.083,1.086,1.067,1.081,1440783162,1550549952,0.005581395348837281,1.0554999999999999,1.1367833333333335,-0.12611156022635417
2026-04-15,1.084,1.086,1.072,1.073,1171114299,1261625410,-0.007400555041628176,1.0532499999999998,1.1337666666666666,-0.14433811802232854
2026-04-16,1.077,1.089,1.075,1.081,1569104794,1696207779,0.007455731593662529,1.0516,1.1310166666666668,-0.1324237560192617
2026-04-17,1.078,1.081,1.07,1.076,1083969087,1164918020,-0.0046253469010174575,1.05035,1.1283333333333334,-0.13015359741309618
2026-04-20,1.078,1.08,1.072,1.075,1115646039,1200542488,-0.0009293680297398632,1.04995,1.1259499999999998,-0.11740558292282433
2026-04-21,1.072,1.073,1.064,1.066,1077791620,1150286825,-0.0083720930232557,1.05145,1.1235833333333332,-0.11754966887417206
2026-04-22,1.062,1.085,1.062,1.075,1712578726,1840994766,0.008442776735459567,1.0528499999999998,1.1214499999999998,-0.10640066500415635
2026-04-23,1.073,1.078,1.062,1.066,1383705848,1478372420,-0.0083720930232557,1.0532,1.1191,-0.11681855840927924
2026-04-24,1.063,1.064,1.05,1.056,1207591956,1273891705,-0.009380863039399667,1.0542500000000001,1.1166833333333335,-0.1207327227310575
2026-04-27,1.057,1.07,1.055,1.057,1478365490,1568147013,0.0009469696969695018,1.05505,1.11425,-0.12136325852036589
2026-04-28,1.058,1.082,1.058,1.07,1964160991,2105828179,0.012298959318826963,1.0567,1.1120833333333333,-0.10833333333333328
2026-04-29,1.067,1.077,1.065,1.076,1351580409,1447058496,0.005607476635514086,1.05905,1.1098333333333334,-0.11147811725846413
2026-04-30,1.074,1.095,1.074,1.078,1972446204,2134179756,0.0018587360594795044,1.0607,1.10785,-0.09941520467836251
2026-05-06,1.08,1.1,1.08,1.094,2248811412,2454774563,0.014842300556586308,1.0641500000000002,1.1061333333333332,-0.08604845446950704
2026-05-07,1.1,1.101,1.082,1.089,2096449485,2278904683,-0.004570383912248732,1.0677999999999999,1.104083333333333,-0.10148514851485146
2026-05-08,1.084,1.089,1.076,1.08,1332152865,1440539648,-0.008264462809917217,1.07105,1.1021833333333333,-0.09547738693467323
2026-05-11,1.077,1.104,1.073,1.097,3058299784,3334951982,0.01574074074074061,1.0732,1.1008333333333333,-0.06876061120543286
2026-05-12,1.097,1.111,1.09,1.102,2625639736,2891713808,0.004557885141294626,1.07675,1.0996333333333332,-0.061328790459965754
2026-05-13,1.097,1.102,1.084,1.095,1865663096,2034955285,-0.006352087114337657,1.0781,1.0980333333333334,-0.08060453400503786
2026-05-14,1.096,1.098,1.071,1.071,2003356063,2173890535,-0.021917808219178103,1.0779,1.096,-0.10226320201173522
2026-05-15,1.07,1.072,1.044,1.048,2234819180,2363821021,-0.02147525676937434,1.0762500000000002,1.0937,-0.11635750421585156
2026-05-18,1.045,1.055,1.041,1.047,1456350957,1525665819,-0.000954198473282597,1.07495,1.0912000000000002,-0.12531328320802015
2026-05-19,1.047,1.059,1.039,1.056,1580041757,1657412200,0.008595988538682153,1.0737,1.0888666666666666,-0.11705685618729089
2026-05-20,1.05,1.057,1.046,1.049,1165004202,1224156374,-0.006628787878787956,1.07235,1.08645,-0.12144053601340032
2026-05-21,1.056,1.092,1.052,1.054,3651656595,3931361091,0.004766444232602529,1.0713000000000001,1.0842666666666667,-0.11054852320675101
2026-05-22,1.055,1.06,1.034,1.037,2198977426,2286674222,-0.016129032258064613,1.06985,1.0819833333333333,-0.11669505962521298
2026-05-25,1.041,1.052,1.034,1.045,1621501656,1689914741,0.0077145612343298975,1.0683500000000001,1.0798666666666668,-0.1083617747440273
2026-05-26,1.043,1.067,1.039,1.056,2350140597,2478195656,0.010526315789473717,1.06785,1.0778166666666666,-0.10432569974554706
2026-05-27,1.051,1.065,1.037,1.043,2016245819,2113670911,-0.012310606060606188,1.0672000000000001,1.0757666666666668,-0.10548885077186965
2026-05-28,1.041,1.043,1.015,1.021,2431996901,2491566922,-0.021093000958772756,1.0654,1.0733,-0.1266039349871686
2026-05-29,1.023,1.048,1.022,1.033,2744345380,2846651872,0.011753183153770719,1.06355,1.0712833333333334,-0.1048526863084922
