date,open,high,low,close,volume,amount,daily_return,ma20,ma60,momentum_60
2020-01-02,5.758,5.829,5.723,5.813,235580946,1364273246,,,,
2020-01-03,5.813,5.846,5.8,5.824,154494095,899177189,0.0018923103388956974,,,
2020-01-06,5.808,5.948,5.795,5.89,222249582,1307521802,0.011332417582417653,,,
2020-01-07,5.888,5.968,5.888,5.966,212656332,1260248672,0.012903225806451646,,,
2020-01-08,5.928,5.962,5.865,5.883,252513668,1493383829,-0.01391216895742542,,,
2020-01-09,5.928,5.958,5.907,5.957,234513632,1392247755,0.012578616352201255,,,
2020-01-10,5.97,5.98,5.901,5.932,203424198,1206982366,-0.00419674332717801,,,
2020-01-13,5.935,6.035,5.892,6.031,203544158,1214042241,0.0166891436277814,,,
2020-01-14,6.036,6.055,5.999,6.005,188056821,1133293950,-0.004311059525783367,,,
2020-01-15,5.997,6.008,5.946,5.987,175765410,1051323131,-0.0029975020815986575,,,
2020-01-16,5.99,6.015,5.971,5.995,194691753,1166818467,0.0013362284950726444,,,
2020-01-17,6.002,6.019,5.945,5.961,259836027,1555189615,-0.00567139282735607,,,
2020-01-20,5.97,6.063,5.951,6.061,169553372,1019522729,0.01677570877369572,,,
2020-01-21,6.04,6.044,5.964,5.99,294904487,1769694739,-0.011714238574492608,,,
2020-01-22,5.96,6.074,5.885,6.036,273195453,1629372732,0.007679465776293748,,,
2020-01-23,5.977,6.013,5.764,5.811,413019100,2437769704,-0.03727634194831009,,,
2020-02-03,5.345,5.383,5.3,5.339,658579876,3514496248,-0.08122526243331607,,,
2020-02-04,5.339,5.448,5.284,5.429,538783507,2888335988,0.01685708934257346,,,
2020-02-05,5.432,5.6,5.42,5.546,315353183,1740890473,0.021550930189721873,,,
2020-02-06,5.56,5.738,5.507,5.711,294271997,1663316614,0.02975117201586719,5.85835,,
2020-02-07,5.705,5.769,5.664,5.766,225738702,1290381152,0.009630537559096375,5.856,,
2020-02-10,5.746,5.824,5.721,5.822,279428915,1613834079,0.009712105445716324,5.8559,,
2020-02-11,5.82,5.837,5.761,5.796,207675711,1203818558,-0.004465819306080365,5.8512,,
2020-02-12,5.786,5.915,5.775,5.914,192313456,1125374751,0.020358868184955137,5.8486,,
2020-02-13,5.905,5.925,5.845,5.861,205385234,1207034639,-0.00896178559350691,5.847499999999999,,
2020-02-14,5.84,5.925,5.822,5.868,212284489,1247143624,0.0011943354376386939,5.84305,,
2020-02-17,5.894,6.07,5.894,6.067,392756054,2350608365,0.03391274710293102,5.8498,,
2020-02-18,6.07,6.12,6.029,6.116,406552117,2472829238,0.008076479314323315,5.85405,,
2020-02-19,6.114,6.135,6.056,6.067,272591808,1661627541,-0.008011772400261519,5.85715,,
2020-02-20,6.069,6.195,6.041,6.181,269701609,1650190834,0.018790176363935984,5.86685,,
2020-02-21,6.165,6.312,6.162,6.279,300260500,1873835181,0.015855039637599155,5.88105,,
2020-02-24,6.256,6.366,6.218,6.337,306151706,1929619663,0.00923713967192219,5.89985,,
2020-02-25,6.237,6.395,6.114,6.379,309840665,1942785465,0.006627741833675316,5.915750000000001,,
2020-02-26,6.298,6.356,6.201,6.217,285042733,1794776126,-0.025395830067408642,5.9271,,
2020-02-27,6.225,6.297,6.166,6.215,255470796,1592163916,-0.00032169856844133093,5.93605,,
2020-02-28,6.061,6.103,5.898,5.906,545497528,3263750655,-0.049718423169750614,5.9408,,
2020-03-02,5.955,6.153,5.955,6.122,381856987,2318785971,0.03657297663393155,5.9799500000000005,,
2020-03-03,6.22,6.301,6.11,6.164,384821186,2394565855,0.0068605031035609,6.0167,,
2020-03-04,6.122,6.19,6.061,6.184,185403286,1135715329,0.0032446463335498166,6.0485999999999995,,
2020-03-05,6.27,6.282,6.199,6.263,142731645,891089941,0.012774902975420499,6.0762,,
2020-03-06,6.191,6.283,6.19,6.227,127934958,798692208,-0.005748044068337843,6.09925,,
2020-03-09,6.13,6.16,5.99,5.997,183693381,1113141861,-0.036935924201059955,6.108,,
2020-03-10,5.94,6.135,5.873,6.13,321857462,1937136165,0.022177755544438904,6.1247,,
2020-03-11,6.147,6.166,6.038,6.04,320678902,1962834818,-0.014681892332789492,6.130999999999999,,
2020-03-12,5.968,6.012,5.902,5.962,162425397,966955105,-0.012913907284768267,6.136049999999999,,
2020-03-13,5.702,5.967,5.66,5.919,360606036,2095119617,-0.007212344850721308,6.138599999999999,,
2020-03-16,5.928,5.93,5.615,5.632,269151344,1555769826,-0.048487920256800154,6.11685,,
2020-03-17,5.699,5.768,5.482,5.643,367579385,2061951657,0.001953125,6.0932,,
2020-03-18,5.669,5.77,5.543,5.558,274965429,1559854848,-0.015062909799751889,6.067749999999999,,
2020-03-19,5.56,5.62,5.427,5.608,366553988,2028128816,0.008996041741633709,6.0390999999999995,,
2020-03-20,5.637,5.658,5.555,5.649,218906088,1229620295,0.007310984308131374,6.0076,,
2020-03-23,5.5,5.552,5.395,5.423,355027699,1942301572,-0.04000708089927418,5.9619,,
2020-03-24,5.517,5.546,5.375,5.5,312137091,1709773486,0.014198782961460488,5.917949999999999,,
2020-03-25,5.611,5.652,5.574,5.633,278112397,1561302530,0.024181818181818082,5.88875,,
2020-03-26,5.6,5.646,5.577,5.579,181738606,1018544987,-0.009586366057163231,5.85695,,
2020-03-27,5.64,5.655,5.551,5.555,148102724,830497874,-0.004301846208997984,5.8393999999999995,,
2020-03-30,5.5,5.5,5.389,5.448,273437238,1487838727,-0.019261926192619128,5.8057,,
2020-03-31,5.495,5.505,5.437,5.448,219647858,1201437442,0.0,5.7699,,
2020-04-01,5.435,5.529,5.423,5.428,180707148,989224821,-0.0036710719530104186,5.7321,,
2020-04-02,5.416,5.593,5.409,5.589,238759529,1310764276,0.029661016949152685,5.6983999999999995,5.87765,
2020-04-03,5.554,5.576,5.497,5.522,200825900,1111978430,-0.01198783324387187,5.66315,5.8728,-0.05006020987441928
2020-04-07,5.619,5.703,5.618,5.686,232462227,1317190158,0.02969938428105756,5.6476,5.870500000000001,-0.023695054945054972
2020-04-08,5.665,5.724,5.655,5.703,154870671,880702252,0.0029897995075625072,5.62625,5.867383333333334,-0.03174872665534789
2020-04-09,5.729,5.775,5.721,5.756,150588450,865392167,0.009293354374890317,5.61205,5.863883333333334,-0.03519946362722093
2020-04-10,5.75,5.75,5.625,5.652,238116465,1352123773,-0.018068102849200796,5.59655,5.860033333333334,-0.03926568077511472
2020-04-13,5.611,5.626,5.568,5.594,179363900,1003718062,-0.010261854210898758,5.5803,5.853983333333333,-0.060936713110626095
2020-04-14,5.618,5.721,5.617,5.714,169009514,958503961,0.02145155523775477,5.5844000000000005,5.850350000000001,-0.036749831422791646
2020-04-15,5.715,5.754,5.697,5.703,159437530,913076510,-0.0019250962548127415,5.587400000000001,5.844883333333333,-0.05438567401757577
2020-04-16,5.685,5.774,5.675,5.748,160913500,920836624,0.007890583903208848,5.5969,5.8406,-0.04279766860949208
2020-04-17,5.782,5.824,5.737,5.755,219937352,1273829901,0.0012178148921362375,5.60425,5.836733333333333,-0.03875062635710713
2020-04-20,5.755,5.819,5.746,5.817,156233879,904599459,0.010773240660295391,5.61265,5.8337666666666665,-0.02969140950792326
2020-04-21,5.792,5.792,5.713,5.78,232796686,1339252609,-0.006360667010486543,5.6305,5.83075,-0.030364032880389247
2020-04-22,5.73,5.839,5.728,5.834,177294404,1023852890,0.009342560553633028,5.6472,5.826966666666666,-0.037452565583237174
2020-04-23,5.835,5.846,5.794,5.804,103852078,604044358,-0.005142269454919357,5.65575,5.823866666666666,-0.031051752921535836
2020-04-24,5.782,5.8,5.698,5.718,185429332,1063652965,-0.014817367332873976,5.662699999999999,5.818566666666666,-0.05268389662027828
2020-04-27,5.717,5.751,5.687,5.698,144975905,828822939,-0.0034977264777893424,5.66985,5.816683333333333,-0.0194458785062811
2020-04-28,5.698,5.699,5.531,5.654,248550600,1397520688,-0.007722007722007818,5.680149999999999,5.821933333333334,0.058999812699007226
2020-04-29,5.65,5.7,5.637,5.665,151913947,861679840,0.0019455252918287869,5.691000000000001,5.825866666666666,0.04347025234849866
2020-04-30,5.688,5.823,5.688,5.807,224323705,1296370740,0.025066195939982494,5.709950000000001,5.830216666666667,0.04706094482509915
2020-05-06,5.77,5.913,5.756,5.897,218484888,1276805844,0.015498536249354267,5.725350000000001,5.833316666666667,0.03256872701803526
2020-05-07,5.897,5.917,5.866,5.89,219270842,1292809706,-0.001187044259793213,5.74375,5.835383333333334,0.021505376344086002
2020-05-08,5.922,5.991,5.913,5.965,201498100,1199908790,0.012733446519524572,5.7577,5.837766666666667,0.024562006183442175
2020-05-11,5.969,6.015,5.917,5.942,242520903,1443541553,-0.003855825649622724,5.76965,5.8402,0.025189786059351293
2020-05-12,5.935,5.966,5.896,5.957,296580700,1762368393,0.0025244025580613005,5.7797,5.840916666666668,0.007270882651335908
2020-05-13,5.949,5.998,5.925,5.988,181636818,1082256570,0.005203961725700923,5.7965,5.8430333333333335,0.021668657225729415
2020-05-14,5.969,5.987,5.943,5.957,105288532,627387121,-0.005177020708082902,5.814649999999999,5.844516666666666,0.015167007498295693
2020-05-15,5.958,6.013,5.95,5.968,206094940,1232788477,0.0018465670639584708,5.82735,5.842866666666667,-0.016317784737102436
2020-05-18,5.974,5.992,5.916,5.937,136333749,812392046,-0.005194369973190338,5.839049999999999,5.839883333333333,-0.029267495094833174
2020-05-19,5.97,6.007,5.963,6.004,111359004,667168959,0.011285160855650789,5.851850000000001,5.838833333333333,-0.010384044832701611
2020-05-20,5.996,6.004,5.938,5.957,167472999,1001109307,-0.007828114590273105,5.861949999999999,5.8351,-0.03624009060022648
2020-05-21,5.961,5.975,5.878,5.886,128992674,764079130,-0.011918751049185827,5.8654,5.828550000000001,-0.06258958432871475
2020-05-22,5.864,5.885,5.766,5.785,217581298,1265098960,-0.01715936119605843,5.8656500000000005,5.81935,-0.08710746409973169
2020-05-25,5.782,5.801,5.743,5.761,140951624,813513242,-0.004148660328435638,5.862,5.80905,-0.09688038877567007
2020-05-26,5.795,5.875,5.783,5.869,211395210,1235166129,0.01874674535670895,5.86525,5.80325,-0.055975550908798466
2020-05-27,5.874,5.875,5.808,5.832,230830742,1349046069,-0.006304310785482992,5.87095,5.7968666666666655,-0.06162510056315362
2020-05-28,5.827,5.856,5.75,5.816,147257950,853939577,-0.002743484224965731,5.87685,5.795366666666666,-0.015238740264138184
2020-05-29,5.792,5.871,5.791,5.864,144381000,844224302,0.008253094910591452,5.88735,5.791066666666667,-0.04214309049330289
2020-06-01,5.901,6.064,5.901,6.061,184966412,1112886814,0.03359481582537516,5.90715,5.789350000000001,-0.016709928617780645
2020-06-02,6.08,6.085,6.023,6.055,109653300,663192008,-0.0009899356541824833,5.919549999999999,5.7872,-0.020860284605433432
2020-06-03,6.07,6.099,6.042,6.045,156634119,950843621,-0.0016515276630882925,5.92695,5.783566666666667,-0.03480760019160145
2020-06-04,6.062,6.073,6.023,6.056,135571300,820577679,0.0018196856906533831,5.93525,5.780716666666667,-0.027461056688614094
2020-06-05,6.056,6.075,6.023,6.07,85836800,519510104,0.002311756935270859,5.9405,5.781933333333333,0.012172753043188322
2020-06-08,6.095,6.12,6.047,6.057,105238481,639725340,-0.002141680395387091,5.94625,5.780716666666666,-0.01190864600326258
2020-06-09,6.058,6.11,6.042,6.093,116606228,709228873,0.005943536404160454,5.953049999999999,5.7816,0.008774834437086154
2020-06-10,6.093,6.105,6.063,6.101,102457427,623669244,0.00131298211061881,5.9587,5.783916666666666,0.02331432405233147
2020-06-11,6.101,6.18,6.05,6.09,143250031,875566640,-0.0018029831175216948,5.96535,5.786766666666667,0.028890015205271125
2020-06-12,5.99,6.127,5.984,6.091,191241804,1159598155,0.00016420361247959647,5.971500000000001,5.794416666666666,0.08149857954545459
2020-06-15,6.085,6.158,6.078,6.084,235523000,1441441584,-0.0011492365785585879,5.9788499999999996,5.8017666666666665,0.07814992025518341
2020-06-16,6.127,6.197,6.127,6.194,143456389,884799088,0.01808021038790275,5.98835,5.812366666666667,0.11442965095358049
2020-06-17,6.209,6.255,6.191,6.244,166932900,1037742866,0.008072328059412381,6.0027,5.822966666666668,0.11340941512125546
2020-06-18,6.243,6.268,6.222,6.26,181171800,1131866392,0.002562459961563013,6.0214,5.833150000000001,0.10816073641352442
2020-06-19,6.26,6.33,6.251,6.306,207345754,1305633076,0.007348242811501704,6.0474499999999995,5.8478666666666665,0.16282500460999438
2020-06-22,6.303,6.349,6.294,6.302,203239017,1284381650,-0.0006343165239455217,6.0745000000000005,5.861233333333334,0.14581818181818185
2020-06-23,6.302,6.334,6.271,6.33,199014515,1255652302,0.004443033957473919,6.09755,5.87285,0.12373513225634647
2020-06-24,6.331,6.352,6.3,6.331,135311755,855357846,0.00015797788309646066,6.1225,5.885383333333334,0.13479118121527178
2020-06-29,6.325,6.325,6.271,6.303,164061309,1033405086,-0.004422682040751913,6.14685,5.897850000000001,0.13465346534653477
2020-06-30,6.313,6.428,6.313,6.396,228522400,1459730004,0.0147548786292242,6.173450000000001,5.91365,0.17400881057268713
2020-07-01,6.414,6.429,6.358,6.424,225911200,1447028704,0.004377736085053208,6.191599999999999,5.929916666666667,0.17914831130690168
2020-07-02,6.422,6.554,6.403,6.539,232724398,1510582613,0.017901618929015983,6.2158,5.948433333333333,0.20467943994104631
2020-07-03,6.544,6.629,6.524,6.626,306299839,2015783587,0.013304786664627644,6.2448500000000005,5.965716666666666,0.18554303095365898
2020-07-06,6.675,6.99,6.675,6.941,546028000,3737277481,0.04753999396317532,6.2891,5.989366666666667,0.25697211155378485
2020-07-07,7.012,7.126,6.925,7.01,446169618,3138788323,0.009940930701628048,6.3361,6.011433333333333,0.23285262047133304
2020-07-08,6.994,7.171,6.97,7.15,262289837,1855994997,0.019971469329529423,6.39075,6.03555,0.25372610906540416
2020-07-09,7.143,7.354,7.13,7.341,259071352,1881929209,0.026713286713286655,6.453150000000001,6.061966666666666,0.2753648366921473
2020-07-10,7.304,7.404,7.281,7.33,259532341,1906840646,-0.0014984334559324797,6.5146,6.089933333333334,0.29688605803255474
2020-07-13,7.337,7.567,7.337,7.563,222480782,1664028079,0.03178717598908598,6.58825,6.12275,0.3519842688594923
2020-07-14,7.558,7.558,7.315,7.463,333273985,2482453360,-0.013222266296443186,6.65685,6.1518999999999995,0.3060903045152257
2020-07-15,7.462,7.512,7.238,7.307,357515198,2629471627,-0.020903122068873015,6.718000000000001,6.178633333333334,0.2812554795721549
2020-07-16,7.296,7.376,6.909,6.942,391618121,2803376722,-0.04995210072533185,6.7554,6.198533333333333,0.20772442588726503
2020-07-17,6.942,7.062,6.889,6.947,314846950,2192963478,0.0007202535292423207,6.790549999999999,6.2184,0.20712423979148564
2020-07-20,7.02,7.156,6.95,7.151,369576426,2607215320,0.029365193608752005,6.8351,6.240633333333333,0.22932783221591868
2020-07-21,7.168,7.228,7.129,7.191,196781114,1412182082,0.0055936232694728805,6.87935,6.26415,0.24411764705882355
2020-07-22,7.183,7.365,7.157,7.261,227122377,1652651744,0.009734390209984678,6.9273,6.287933333333333,0.24460061707233471
2020-07-23,7.2,7.278,7.051,7.253,230264721,1654684322,-0.0011017766147913832,6.9734500000000015,6.312083333333334,0.24965541006202607
2020-07-24,7.231,7.239,6.881,6.909,299099197,2113165760,-0.04742865021370468,7.00235,6.331933333333334,0.20828961175236094
2020-07-27,6.92,6.964,6.841,6.905,211283502,1461561199,-0.0005789549862497134,7.03245,6.35205,0.21182871182871188
2020-07-28,6.955,7.009,6.916,6.976,204811400,1426108279,0.010282404055032446,7.061450000000001,6.374083333333333,0.23381676689069697
2020-07-29,6.936,7.184,6.93,7.174,214342518,1517267342,0.028383027522935755,7.09895,6.399233333333333,0.2663724624889674
2020-07-30,7.178,7.214,7.128,7.149,210045925,1504661423,-0.0034848062447728756,7.12945,6.4216,0.23110039607370414
2020-07-31,7.147,7.28,7.085,7.224,272478144,1964297124,0.010490977759127107,7.159350000000001,6.443716666666666,0.2250296761064947
2020-08-03,7.268,7.399,7.249,7.398,236460959,1735424617,0.02408637873754138,7.1822,6.468850000000001,0.25602716468590825
2020-08-04,7.401,7.417,7.321,7.354,177469888,1308986808,-0.005947553392808835,7.1994,6.492,0.2328583403185247
2020-08-05,7.355,7.449,7.294,7.424,166667303,1229841961,0.009518629317378346,7.2131,6.516699999999999,0.2494109727364524
2020-08-06,7.425,7.46,7.305,7.443,139651040,1033603689,0.002559267241379226,7.2182,6.5414666666666665,0.2494544233674667
2020-08-07,7.421,7.425,7.227,7.35,144752058,1061566894,-0.01249496170898834,7.219199999999999,6.564166666666666,0.22745490981963923
2020-08-10,7.31,7.437,7.29,7.385,121800225,896082494,0.004761904761904745,7.210300000000001,6.587966666666667,0.23971797884841362
2020-08-11,7.366,7.425,7.237,7.252,116414373,856207679,-0.018009478672985746,7.19975,6.6093666666666655,0.2151474530831099
2020-08-12,7.22,7.24,7.029,7.16,203621518,1449372357,-0.012686155543298328,7.192399999999999,6.6297500000000005,0.20599629442479372
2020-08-13,7.179,7.23,7.15,7.193,152941400,1100033630,0.004608938547485897,7.204950000000001,6.649566666666667,0.1980346435709528
2020-08-14,7.194,7.299,7.153,7.295,237864703,1721408220,0.014180453218406885,7.2223500000000005,6.671866666666667,0.22460970287057247
2020-08-17,7.293,7.412,7.261,7.399,231784333,1705692756,0.014256339958875985,7.23475,6.6970833333333335,0.2570506286102616
2020-08-18,7.396,7.483,7.395,7.452,175601741,1307371061,0.007163130152723296,7.2478,6.724866666666667,0.28815903197925663
2020-08-19,7.451,7.452,7.321,7.326,144387054,1066404121,-0.01690821256038655,7.251050000000001,6.7509500000000005,0.2716542266967539
2020-08-20,7.331,7.335,7.23,7.254,157090254,1142722453,-0.009828009828009798,7.251099999999999,6.774033333333334,0.2359856875106492
2020-08-21,7.265,7.354,7.241,7.297,142654200,1043092794,0.005927763992280122,7.2705,6.798450000000001,0.2512002743484225
2020-08-24,7.32,7.355,7.233,7.336,148708000,1088905637,0.005344662189941118,7.292050000000001,6.823783333333334,0.2613480055020634
2020-08-25,7.35,7.403,7.282,7.299,136988050,1003981922,-0.005043620501635759,7.308199999999999,6.847700000000001,0.24471350613915432
2020-08-26,7.291,7.316,7.141,7.176,199363500,1438663102,-0.016851623510069857,7.3083,6.866283333333333,0.18396304240224381
2020-08-27,7.176,7.244,7.137,7.24,164500889,1183726303,0.008918617614269708,7.312849999999999,6.886033333333333,0.19570602807597037
2020-08-28,7.228,7.372,7.192,7.363,276657892,2020957854,0.01698895027624303,7.319799999999999,6.908,0.21803143093465693
2020-08-31,7.387,7.44,7.323,7.326,233102129,1722977544,-0.005025125628140836,7.3162,6.929166666666666,0.20970937912813725
2020-09-01,7.31,7.38,7.301,7.378,146722814,1076599882,0.00709800709800712,7.317399999999999,6.950966666666667,0.21548599670510704
2020-09-02,7.382,7.405,7.295,7.373,296361358,2179588403,-0.0006776904310110687,7.314850000000002,6.9729,0.21726927521875505
2020-09-03,7.369,7.403,7.308,7.333,138537536,1019448125,-0.005425200054251955,7.30935,6.993566666666667,0.2035122271459051
2020-09-04,7.252,7.299,7.207,7.283,182195378,1318613075,-0.006818491749625011,7.306,7.0132666666666665,0.19373873135551545
2020-09-07,7.264,7.339,7.101,7.131,212880331,1538526940,-0.020870520389949188,7.2933,7.030616666666666,0.17093596059113314
2020-09-08,7.139,7.204,7.085,7.176,166566703,1188749977,0.006310475389145864,7.289499999999999,7.0487,0.178131669676572
2020-09-09,7.103,7.125,6.951,6.997,218144664,1535280897,-0.0249442586399109,7.281350000000001,7.0639166666666675,0.15006574621959246
2020-09-10,7.033,7.052,6.842,6.877,277807225,1931492475,-0.01715020723167071,7.26555,7.0753,0.11026800129157244
2020-09-11,6.837,6.95,6.829,6.935,225017650,1552965334,0.008433910135233313,7.247550000000001,7.0868166666666665,0.11066623959000643
2020-09-14,6.977,7.007,6.92,6.988,237733600,1657352544,0.007642393655371338,7.227000000000001,7.09895,0.11629392971246011
2020-09-15,6.972,7.03,6.957,7.016,139830700,977202069,0.00400686891814539,7.2052000000000005,7.110783333333333,0.11259118300031723
2020-09-16,7.017,7.017,6.96,6.994,126420200,883850999,-0.003135689851767376,7.188599999999999,7.122316666666666,0.10980641066328145
2020-09-17,6.97,7.064,6.927,7.009,186641100,1304144544,0.002144695453245804,7.176349999999999,7.133633333333333,0.10726698262243284
2020-09-18,7.0,7.139,6.99,7.136,204693300,1447599138,0.018119560564987758,7.1683,7.147049999999999,0.12715210867161586
2020-09-21,7.13,7.162,7.073,7.085,275273900,1956675126,-0.007146860986547154,7.15575,7.160083333333333,0.12406790417261626
2020-09-22,7.045,7.121,6.967,6.997,187729200,1322935303,-0.01242060691601976,7.140650000000001,7.170100000000001,0.09396497811131965
2020-09-23,7.001,7.052,6.99,7.031,123994982,870583869,0.004859225382306764,7.1334,7.1802166666666665,0.09448941469489403
2020-09-24,6.985,6.995,6.868,6.895,262511363,1815568811,-0.019342909970132327,7.11615,7.18615,0.05444257531732677
2020-09-25,6.896,6.924,6.838,6.874,179343023,1233346006,-0.003045685279187804,7.0917,7.190283333333334,0.037428312707515676
2020-09-28,6.89,6.9,6.793,6.81,163228352,1115266209,-0.009310445155659042,7.065899999999999,7.1881,-0.018873361187148885
2020-09-29,6.83,6.922,6.814,6.86,228557372,1571791929,0.007342143906020615,7.040000000000001,7.1856,-0.021398002853066922
2020-09-30,6.865,6.901,6.764,6.813,231523438,1581858318,-0.006851311953352868,7.0120000000000005,7.179983333333334,-0.04713286713286724
2020-10-09,6.918,7.02,6.918,6.99,194360600,1358413820,0.025979744605900468,6.99485,7.174133333333334,-0.04781364936657129
2020-10-12,7.04,7.208,7.038,7.204,172304955,1230501431,0.030615164520743754,6.990900000000001,7.172033333333333,-0.01718963165075038
2020-10-13,7.185,7.216,7.132,7.206,195127200,1399063847,0.00027762354247640175,6.99465,7.166083333333333,-0.04720349067830221
2020-10-14,7.196,7.2,7.156,7.174,143471830,1029655874,-0.004440743824590587,6.994550000000001,7.161266666666667,-0.038724373576309756
2020-10-15,7.164,7.19,7.117,7.12,152188557,1086076633,-0.007527181488709234,7.0007,7.158150000000001,-0.025591898179827655
2020-10-16,7.131,7.138,7.028,7.081,149833963,1061850533,-0.005477528089887551,7.0108999999999995,7.160466666666666,0.02002304811293576
2020-10-19,7.12,7.149,6.985,7.012,298790681,2103726156,-0.009744386386103754,7.014749999999999,7.16155,0.009356556787102344
2020-10-20,6.996,7.077,6.968,7.07,145243730,1018458003,0.008271534512264811,7.018849999999999,7.1602,-0.011327087120682311
2020-10-21,7.06,7.078,6.963,7.012,166724193,1168546457,-0.008203677510608354,7.018649999999999,7.157216666666667,-0.024892226394103822
2020-10-22,6.99,6.999,6.901,6.968,157866672,1097041370,-0.006274957216200749,7.01735,7.152333333333333,-0.0403525685167333
2020-10-23,6.952,7.019,6.841,6.854,184918927,1279311200,-0.016360505166475248,7.009600000000001,7.145683333333333,-0.05501171928857029
2020-10-26,6.848,6.881,6.752,6.848,187374910,1279165215,-0.0008754012255617338,6.9952,7.144666666666667,-0.008829063540309767
2020-10-27,6.814,6.865,6.803,6.846,116466578,796052370,-0.00029205607476634476,6.983250000000001,7.143683333333333,-0.008544532947139749
2020-10-28,6.846,6.892,6.791,6.886,131240500,898423576,0.005842827928717487,6.9777000000000005,7.1421833333333336,-0.01290137614678899
2020-10-29,6.818,6.933,6.805,6.896,168306098,1157715882,0.001452221899506112,6.970949999999999,7.13755,-0.038751045441873466
2020-10-30,6.895,6.939,6.731,6.74,213661569,1457014653,-0.022621809744779564,6.9632000000000005,7.130733333333334,-0.05721079871310675
2020-11-02,6.745,6.799,6.73,6.764,142314000,962896618,0.0035608308605341588,6.9577,7.123066666666667,-0.06367663344407526
2020-11-03,6.791,6.886,6.773,6.87,150107660,1027347211,0.015671200473092783,6.9607,7.1142666666666665,-0.07137064071370636
2020-11-04,6.87,6.896,6.803,6.869,195165900,1337465863,-0.00014556040756918964,6.961149999999999,7.106183333333333,-0.06595050312754969
2020-11-05,6.921,7.019,6.901,7.005,177194260,1233058623,0.01979909739408936,6.97075,7.0992,-0.05643857758620696
2020-11-06,7.005,7.016,6.884,6.953,171816643,1191069836,-0.0074232690935045476,6.9689,7.091033333333333,-0.0658336692194007
2020-11-09,6.98,7.114,6.979,7.067,257066673,1817105999,0.016395800373939284,6.96205,7.086316666666667,-0.0385034013605442
2020-11-10,7.094,7.094,6.972,7.019,240201100,1687900719,-0.0067921324465827215,6.9527,7.080216666666667,-0.04955991875423149
2020-11-11,7.0,7.031,6.933,6.934,101307651,707111461,-0.012109987177660653,6.9407,7.074916666666667,-0.043849972421400985
2020-11-12,6.939,6.993,6.93,6.957,100846712,701426508,0.003316988751081551,6.932549999999999,7.071533333333333,-0.028351955307262644
2020-11-13,6.938,6.967,6.877,6.959,148898161,1030845300,0.00028748023573377246,6.92645,7.067633333333333,-0.03253162797163911
2020-11-16,6.972,7.04,6.94,7.039,133739399,937395964,0.011495904583991967,6.9278,7.063366666666667,-0.03509252912954086
2020-11-17,7.033,7.035,6.955,6.992,117455940,820197350,-0.006677084813183631,6.923900000000001,7.056583333333333,-0.055007433436950914
2020-11-18,6.988,7.047,6.96,6.986,160776300,1126237962,-0.0008581235697940892,6.9226,7.048816666666666,-0.06253354804079447
2020-11-19,6.975,7.035,6.934,7.025,125874686,880651273,0.005582593758946652,6.92545,7.0438,-0.04108654108654097
2020-11-20,7.0,7.098,7.0,7.084,164162576,1159224809,0.008398576512455458,6.93695,7.040966666666667,-0.023435346015991176
2020-11-23,7.086,7.198,7.056,7.137,207425116,1478258588,0.007481648785996553,6.9514,7.0383000000000004,-0.02192681924078388
2020-11-24,7.135,7.16,7.122,7.135,135984797,971021886,-0.00028022978842645596,6.9658500000000005,7.034949999999999,-0.02739912758996732
2020-11-25,7.152,7.163,7.01,7.021,122020400,862522474,-0.015977575332866145,6.9726,7.030316666666667,-0.03808740923414178
2020-11-26,7.02,7.029,6.948,7.0,167207508,1166919264,-0.0029910269192422456,6.9778,7.027383333333334,-0.024526198439241975
2020-11-27,7.002,7.031,6.922,7.029,146789400,1024254265,0.004142857142857226,6.99225,7.023866666666667,-0.02914364640883982
2020-11-30,7.03,7.07,6.956,6.977,210418769,1477980031,-0.007397922890880593,7.002900000000001,7.017433333333333,-0.05242428358006246
2020-12-01,6.967,7.113,6.961,7.089,164333452,1160475839,0.016052744732693247,7.013850000000001,7.013483333333332,-0.0323505323505322
2020-12-02,7.091,7.112,7.047,7.095,215723475,1526854734,0.000846381718154765,7.025150000000001,7.008766666666667,-0.038357278395229066
2020-12-03,7.093,7.138,7.046,7.119,193693240,1372137043,0.0033826638477800763,7.030850000000001,7.004533333333333,-0.03445002034450029
2020-12-04,7.1,7.148,7.063,7.145,130509600,927460474,0.003652198342463775,7.04045,7.001399999999999,-0.025637528978590063
2020-12-07,7.142,7.151,7.074,7.093,186785200,1326764449,-0.007277816655003488,7.04175,6.998233333333333,-0.026088150487436512
2020-12-08,7.087,7.126,7.079,7.084,134522790,955468466,-0.0012688566192020634,7.045,6.99745,-0.006590940961996972
2020-12-09,7.09,7.1,6.967,6.974,217341728,1528511126,-0.01552795031055898,7.047,6.994083333333333,-0.02814938684503898
2020-12-10,6.939,7.019,6.926,6.986,122083308,851369888,0.001720676799541021,7.04845,6.993899999999999,-0.0015721023295698355
2020-12-11,6.989,7.013,6.833,6.872,181707600,1252334270,-0.016318350987689634,7.0441,6.993816666666666,-0.0007270612185545922
2020-12-14,6.872,6.928,6.833,6.923,120117724,827205626,0.00742142025611181,7.0383,6.993616666666666,-0.0017303532804613386
2020-12-15,6.908,6.941,6.887,6.93,158752450,1097402207,0.0010111223458038054,7.035200000000001,6.992649999999999,-0.008299942759015577
2020-12-16,6.93,6.94,6.879,6.904,90996731,628507346,-0.0037518037518037284,7.0311,6.990783333333334,-0.015963511972634015
2020-12-17,6.9,6.998,6.856,6.988,205467047,1426146814,0.012166859791425289,7.02925,6.990683333333333,-0.0008578781812981218
2020-12-18,6.98,7.005,6.929,6.964,194707800,1357418026,-0.0034344590726960167,7.02325,6.989933333333334,-0.0064203167356255975
2020-12-21,6.961,7.093,6.957,7.075,193841262,1368300597,0.01593911545089033,7.020149999999999,6.988916666666666,-0.008548206278026882
2020-12-22,7.071,7.071,6.92,6.939,214560882,1501835581,-0.019222614840989416,7.01035,6.986483333333334,-0.020606916019760058
2020-12-23,6.94,7.021,6.912,6.976,185766700,1295439769,0.005332180429456601,7.008099999999999,6.986133333333333,-0.0030012862655424133
2020-12-24,6.973,6.975,6.872,6.888,192571324,1331335316,-0.012614678899082632,7.0024999999999995,6.98375,-0.02033850092447731
2020-12-25,6.866,6.967,6.861,6.953,221940500,1536050357,0.009436701509872192,6.9986999999999995,6.984716666666667,0.008411892675852073
2020-12-28,6.942,6.969,6.887,6.91,213992792,1480109309,-0.006184380842801707,6.995349999999999,6.985316666666666,0.005237125400058273
2020-12-29,6.914,6.97,6.865,6.88,210953240,1456831066,-0.00434153400868309,6.984899999999999,6.986483333333333,0.010279001468428861
2020-12-30,6.873,6.974,6.856,6.937,166217263,1152642026,0.008284883720930392,6.976999999999999,6.9877666666666665,0.011224489795918391
2020-12-31,6.959,7.054,6.947,7.043,206703505,1450135814,0.015280380567968876,6.9732,6.9916,0.03375899016585948
2021-01-04,7.063,7.2,7.031,7.163,303586188,2166750388,0.01703819395144124,6.9741,6.994483333333333,0.0247496423462088
2021-01-05,7.151,7.242,7.128,7.226,202600128,1456005672,0.008795197542929012,6.9807500000000005,6.99485,0.0030538589672404193
2021-01-06,7.229,7.284,7.162,7.218,140420832,1011810673,-0.0011071132023249275,6.98745,6.995050000000001,0.0016652789342215257
2021-01-07,7.205,7.27,7.166,7.248,106788286,770041141,0.004156275976724855,7.00115,6.996283333333333,0.010315026484527534
2021-01-08,7.249,7.309,7.181,7.266,135134031,978921048,0.002483443708609201,7.015150000000001,6.998716666666667,0.020505617977528035
2021-01-11,7.258,7.27,7.11,7.154,152274023,1097831062,-0.015414258188824692,7.02925,6.999933333333334,0.010309278350515427
2021-01-12,7.133,7.249,7.131,7.242,177810008,1276902984,0.01230081073525291,7.0451999999999995,7.0037666666666665,0.03280091272104979
2021-01-13,7.241,7.248,7.157,7.196,148317955,1069436575,-0.0063518365092516405,7.0584999999999996,7.005866666666667,0.017821782178217838
2021-01-14,7.182,7.222,7.1,7.145,146024609,1046389690,-0.007087270705947724,7.07055,7.008083333333333,0.018967484312606864
2021-01-15,7.138,7.15,7.038,7.119,216835419,1539131370,-0.0036389083275016887,7.0771,7.0106,0.021670493685419068
2021-01-18,7.093,7.226,7.089,7.205,148955190,1070863591,0.012080348363534332,7.089149999999999,7.016450000000001,0.051210971695360374
2021-01-19,7.205,7.23,7.149,7.166,113151400,813418668,-0.005412907702983971,7.0937,7.02175,0.046436915887850594
2021-01-20,7.163,7.242,7.147,7.231,101734930,733517442,0.009070611219648361,7.108300000000002,7.0281666666666665,0.056237218813905976
2021-01-21,7.24,7.36,7.24,7.333,132738543,971918012,0.014105932789379105,7.126150000000001,7.035616666666667,0.06491431890792909
2021-01-22,7.318,7.356,7.27,7.343,165306665,1207996584,0.0013636983499250022,7.1489,7.043066666666666,0.06482018561484915
2021-01-25,7.34,7.428,7.302,7.355,85514400,630068768,0.0016342094511780925,7.169,7.0533166666666665,0.09124629080118707
2021-01-26,7.318,7.327,7.225,7.243,113718700,825442203,-0.015227736233854539,7.185650000000001,7.0613,0.07081608515671212
2021-01-27,7.228,7.265,7.186,7.261,128610515,930201815,0.002485158083666894,7.204700000000001,7.067816666666667,0.056914119359534165
2021-01-28,7.192,7.22,7.103,7.124,237666105,1698244322,-0.018867924528301994,7.21405,7.072066666666667,0.03712330761391769
2021-01-29,7.139,7.162,6.93,7.024,277564767,1961670726,-0.014037057832678168,7.2131,7.072383333333334,0.0027123483226267897
2021-02-01,7.022,7.081,7.017,7.073,104476410,737297029,0.006976082004555906,7.2086000000000015,7.0743833333333335,0.017258737235725574
2021-02-02,7.075,7.144,7.043,7.14,212865909,1515037410,0.009472642443093315,7.204300000000001,7.0756,0.010329701429177884
2021-02-03,7.14,7.172,7.097,7.098,182317021,1299407113,-0.00588235294117645,7.198300000000001,7.0769166666666665,0.01125516455335518
2021-02-04,7.07,7.095,6.932,7.021,352282842,2467159048,-0.010848126232741562,7.18695,7.078366666666667,0.012546870493221673
2021-02-05,7.019,7.06,6.91,6.916,192155680,1339515167,-0.014955134596211339,7.169449999999999,7.077683333333334,-0.0058933448325426685
2021-02-08,6.919,7.031,6.89,6.999,206341801,1439539688,0.01200115673799873,7.161699999999999,7.07835,0.0057479522919958725
2021-02-09,6.995,7.158,6.995,7.141,270969386,1925031643,0.020288612658951433,7.156650000000001,7.08005,0.01449069470095199
2021-02-10,7.15,7.239,7.104,7.222,320010681,2293422494,0.011342949166783356,7.15795,7.0838833333333335,0.03289473684210531
2021-02-18,7.36,7.4,7.26,7.329,129660263,950397868,0.014815840487399479,7.1671499999999995,7.089600000000001,0.049098196392785676
2021-02-19,7.317,7.443,7.253,7.434,187731541,1377639325,0.014326647564469885,7.182899999999999,7.096416666666666,0.05822064056939502
2021-02-22,7.459,7.55,7.362,7.365,207532100,1551576349,-0.009281678773204183,7.190900000000001,7.1011,0.03966685488424626
2021-02-23,7.329,7.425,7.323,7.345,233291082,1718795033,-0.0027155465037339566,7.1998500000000005,7.104566666666667,0.02914389799635697
2021-02-24,7.325,7.39,7.186,7.251,345054177,2511099464,-0.012797821647379082,7.20085,7.1065,0.016257883672039286
2021-02-25,7.295,7.318,7.172,7.215,171878036,1242338554,-0.004964832436905375,7.19495,7.109733333333334,0.02763139153966665
2021-02-26,7.103,7.152,7.031,7.056,244962690,1734641685,-0.022037422037421983,7.1806,7.110666666666666,0.008000000000000007
2021-03-01,7.08,7.184,7.08,7.181,182203500,1301581223,0.017715419501133756,7.171900000000001,7.1132,0.0216246976810357
2021-03-02,7.203,7.21,7.081,7.125,277071870,1977737069,-0.007798356774822435,7.1659999999999995,7.115666666666667,0.021212555539630085
2021-03-03,7.108,7.224,7.108,7.22,156887688,1126931506,0.013333333333333197,7.16395,7.117850000000001,0.018479334179714924
2021-03-04,7.19,7.19,7.067,7.098,281260600,1999600503,-0.01689750692520775,7.162649999999999,7.1179,0.00042283298097256505
2021-03-05,7.034,7.146,7.01,7.109,276802389,1961422250,0.0015497323189630485,7.1669,7.117733333333334,-0.0014046916701783152
2021-03-08,7.136,7.198,6.928,6.939,301916473,2124344114,-0.02391334927556621,7.160199999999999,7.1143,-0.028831350594821448
2021-03-09,6.928,6.945,6.699,6.783,512332799,3495302719,-0.02248162559446598,7.14235,7.109133333333333,-0.04370506132806984
2021-03-10,6.825,6.859,6.703,6.712,245439861,1659860971,-0.010467344832669978,7.123049999999999,7.1029333333333335,-0.05251270468661773
2021-03-11,6.712,6.895,6.688,6.892,242314823,1649449761,0.02681764004767584,7.1166,7.101566666666667,-0.011757958130197865
2021-03-12,6.9,6.908,6.793,6.897,220141804,1509171377,0.0007254788160184766,7.1156500000000005,7.100083333333334,-0.012739765244775159
2021-03-15,6.855,6.904,6.778,6.852,217457396,1487904617,-0.006524575902566276,7.1083,7.09975,-0.0029103608847496076
2021-03-16,6.85,6.901,6.794,6.855,187772098,1286042584,0.0004378283712784814,7.093999999999999,7.0986166666666675,-0.009822331359237269
2021-03-17,6.841,6.908,6.777,6.895,165368029,1133828498,0.005835156819839371,7.07765,7.098033333333333,-0.005050505050505083
2021-03-18,6.895,6.988,6.895,6.946,161466286,1120029805,0.007396664249456064,7.0585,7.098733333333334,0.006083429895712644
2021-03-19,6.879,6.938,6.839,6.889,152577009,1050390628,-0.008206161819752311,7.03125,7.097083333333333,-0.014167143674871263
2021-03-22,6.878,6.991,6.878,6.978,175103416,1218235529,0.012919146465379505,7.0119,7.097316666666667,0.0020103388856977933
2021-03-23,6.979,6.993,6.861,6.898,201276983,1391229119,-0.011464603038119803,6.9895499999999995,7.094366666666668,-0.025017667844523084
2021-03-24,6.85,6.911,6.806,6.823,216643331,1481661908,-0.010872716729486753,6.96815,7.092433333333333,-0.01671710621126954
2021-03-25,6.793,6.869,6.775,6.839,213913543,1460707367,0.002345009526601105,6.94935,7.0901499999999995,-0.019638761467889898
2021-03-26,6.841,6.946,6.839,6.928,194791358,1344134080,0.01301359847930983,6.942950000000001,7.090816666666667,0.005807200929152101
2021-03-29,6.935,6.953,6.88,6.928,254911044,1763613673,0.0,6.9303,7.0904,-0.003595570257442837
2021-03-30,6.923,6.966,6.885,6.953,150081947,1040308789,0.003608545034642141,6.9216999999999995,7.091116666666667,0.006222865412445655
2021-03-31,6.944,6.952,6.865,6.943,187868100,1297001800,-0.0014382281029772237,6.907849999999999,7.092166666666667,0.009156976744185918
2021-04-01,6.938,7.012,6.914,6.991,134136008,933391003,0.006913437995103022,6.902500000000001,7.093066666666667,0.007784344817644451
2021-04-02,7.0,7.026,6.968,7.007,123722940,866142426,0.002288656844514403,6.8974,7.092466666666667,-0.00511145818543246
2021-04-06,7.021,7.069,7.0,7.021,142058315,998068496,0.0019980019980019303,6.9015,7.0901000000000005,-0.019824096049141482
2021-04-07,7.027,7.035,6.962,7.032,157780486,1103514424,0.0015667283862697001,6.91395,7.086866666666666,-0.02684749515637974
2021-04-08,7.025,7.075,6.987,7.053,155170692,1090673509,0.002986348122866911,6.931,7.084116666666666,-0.0228595178719867
2021-04-09,7.037,7.058,6.998,7.029,88679278,622950142,-0.0034028073160357053,6.93785,7.080466666666666,-0.0302152317880795
2021-04-12,7.016,7.029,6.886,6.915,258647480,1790888370,-0.016218523260776774,6.938749999999999,7.0746166666666666,-0.048307184145334414
2021-04-13,6.899,6.943,6.877,6.893,164238300,1134006397,-0.0031814895155459766,6.9408,7.070266666666666,-0.036483086385239005
2021-04-14,6.892,6.98,6.892,6.956,165268400,1147757577,0.00913970694907884,6.94585,7.0655,-0.03949185307925984
2021-04-15,6.946,6.972,6.889,6.963,164508280,1140598412,0.0010063254744105965,6.949249999999999,7.061616666666667,-0.032379099499722064
2021-04-16,6.982,7.052,6.963,7.05,250504279,1756950000,0.012494614390349046,6.95445,7.060033333333334,-0.013296011196640922
2021-04-19,7.039,7.138,7.012,7.122,176484342,1254382179,0.010212765957446912,6.9661,7.060083333333333,0.0004214075010535723
2021-04-20,7.109,7.169,7.102,7.136,153398059,1096416492,0.0019657399606851644,6.973999999999999,7.058933333333333,-0.009576682859125607
2021-04-21,7.106,7.142,7.068,7.117,91202060,648281251,-0.0026625560538117155,6.98495,7.058116666666667,-0.006837845380965768
2021-04-22,7.133,7.175,7.12,7.143,171741285,1227097980,0.0036532246733174123,7.0009500000000005,7.05665,-0.012169824367307402
2021-04-23,7.141,7.18,7.108,7.178,90258642,645228903,0.004899902001959999,7.0179,7.0540666666666665,-0.021137324423837534
2021-04-26,7.173,7.266,7.141,7.148,157553156,1134020482,-0.004179437169127942,7.0289,7.050816666666667,-0.026555903581642393
2021-04-27,7.146,7.178,7.108,7.146,131264795,937523079,-0.0002797985450475604,7.0398,7.047333333333333,-0.0284160435078179
2021-04-28,7.144,7.204,7.101,7.198,99783463,714677486,0.007276798208788238,7.0520499999999995,7.046583333333333,-0.006212895209167457
2021-04-29,7.197,7.212,7.157,7.2,101260641,728274266,0.0002778549597111102,7.0649,7.045566666666667,-0.008401046687784075
2021-04-30,7.197,7.221,7.131,7.211,111541290,800672159,0.0015277777777777946,7.0759,7.047016666666667,0.012212240314430245
2021-05-06,7.206,7.27,7.147,7.188,131262527,946226635,-0.0031895714880044723,7.084949999999999,7.04975,0.023348519362186737
2021-05-07,7.197,7.25,7.15,7.157,196154800,1412608116,-0.004312743461324375,7.09175,7.051149999999999,0.011876148734624614
2021-05-10,7.158,7.215,7.143,7.179,114024323,817974863,0.003073913650971205,7.0991,7.0518,0.00546218487394956
2021-05-11,7.147,7.187,7.05,7.159,105718956,752282721,-0.0027859033291545154,7.1044,7.052816666666667,0.008593970132431572
2021-05-12,7.143,7.251,7.12,7.238,105808744,760413075,0.011035060762676352,7.11485,7.056433333333334,0.030907278165503538
2021-05-13,7.197,7.218,7.14,7.158,142518844,1022265637,-0.01105277701022378,7.127000000000001,7.060466666666668,0.03499132446500863
2021-05-14,7.168,7.272,7.139,7.269,213762900,1544777243,0.015507124895222102,7.145800000000001,7.064966666666667,0.03857693956279484
2021-05-17,7.269,7.349,7.26,7.306,166605400,1218312552,0.005090108680698924,7.1633,7.067716666666667,0.023106007561966013
2021-05-18,7.306,7.34,7.293,7.326,143633628,1051170383,0.0027374760470846304,7.18145,7.06945,0.014400443090556436
2021-05-19,7.317,7.323,7.27,7.314,89006000,649989502,-0.0016380016380015405,7.19465,7.0691999999999995,-0.002046663937781412
2021-05-20,7.311,7.32,7.23,7.287,96625535,702869932,-0.003691550451189518,7.2029,7.06675,-0.019774011299435013
2021-05-21,7.286,7.31,7.241,7.259,94146656,684282093,-0.003842459173871271,7.20905,7.064983333333333,-0.014392396469789515
2021-05-24,7.257,7.309,7.215,7.28,93870536,682052544,0.0028929604628735728,7.2172,7.0639,-0.008849557522123797
2021-05-25,7.279,7.382,7.262,7.358,143092578,1049854146,0.010714285714285676,7.22795,7.065683333333334,0.014756585298579372
2021-05-26,7.363,7.38,7.348,7.369,237980386,1752284860,0.00149497145963573,7.2375,7.06825,0.021344421344421383
2021-05-27,7.363,7.434,7.352,7.43,205001117,1518529899,0.008277921020491297,7.251599999999999,7.074483333333333,0.05300453514739223
2021-05-28,7.432,7.468,7.392,7.427,168917019,1255373247,-0.00040376850605650105,7.265650000000001,7.0785833333333334,0.03425706726082711
2021-05-31,7.43,7.483,7.41,7.479,151591375,1131529214,0.007001481082536731,7.2797,7.084483333333334,0.049684210526315775
2021-06-01,7.473,7.498,7.4,7.491,256856150,1915299151,0.0016044925792217946,7.294250000000001,7.0889999999999995,0.037534626038781216
2021-06-02,7.487,7.502,7.42,7.445,155209467,1159681554,-0.006140702175944424,7.30595,7.094783333333334,0.048887010425471944
2021-06-03,7.438,7.505,7.421,7.43,108616278,810673915,-0.002014775016789816,7.318050000000001,7.100133333333333,0.045154030102686704
2021-06-04,7.402,7.5,7.381,7.465,102809517,765367876,0.004710632570659401,7.333450000000001,7.108900000000001,0.07580342988903288
2021-06-07,7.479,7.494,7.439,7.485,167151100,1248390273,0.0026791694574681557,7.34875,7.1206,0.10349402919062367
2021-06-08,7.48,7.53,7.416,7.458,109660614,817938615,-0.003607214428857697,7.3637,7.133033333333334,0.11114421930870089
2021-06-09,7.445,7.472,7.421,7.451,88413900,658431352,-0.0009385894341646939,7.37435,7.1423499999999995,0.08110853163087617
2021-06-10,7.455,7.552,7.438,7.546,97362600,731094424,0.01274996644745685,7.39375,7.1531666666666665,0.09409888357256779
2021-06-11,7.543,7.557,7.494,7.509,96334600,724074707,-0.004903260005300836,7.405749999999999,7.164116666666667,0.09588441330998254
2021-06-15,7.509,7.519,7.408,7.418,103354700,769247331,-0.012118790784392042,7.4113500000000005,7.1735,0.08212983223924142
2021-06-16,7.418,7.421,7.306,7.328,157019393,1153725669,-0.012132650310056614,7.41145,7.180716666666667,0.0627991298042061
2021-06-17,7.313,7.385,7.313,7.373,117427100,864488577,0.006140829694323058,7.414399999999999,7.187833333333333,0.06147422977253103
2021-06-18,7.373,7.5,7.354,7.447,185972600,1377250542,0.0100366201003661,7.4224000000000006,7.197133333333334,0.08099869356945844
2021-06-21,7.429,7.505,7.407,7.476,133986706,1001569065,0.0038941855780851853,7.433249999999999,7.205433333333334,0.07136715391229576
2021-06-22,7.498,7.533,7.461,7.52,114269746,857122288,0.005885500267522659,7.44525,7.2158,0.09017106407654385
2021-06-23,7.529,7.596,7.502,7.581,109760602,828893962,0.00811170212765977,7.4563999999999995,7.228433333333333,0.11109482632273182
2021-06-24,7.581,7.581,7.527,7.554,197224137,1488280441,-0.0035615354174911573,7.465649999999999,7.24035,0.10454744845737673
2021-06-25,7.544,7.635,7.533,7.614,185650114,1408368736,0.007942811755361268,7.474850000000001,7.251783333333334,0.09901847575057743
2021-06-28,7.614,7.649,7.594,7.619,73763072,562071724,0.0006566850538480828,7.48445,7.2633,0.09974018475750568
2021-06-29,7.619,7.631,7.537,7.561,175747800,1331346089,-0.007612547578422335,7.488550000000001,7.273433333333333,0.08744426866100952
2021-06-30,7.563,7.62,7.551,7.598,138942200,1053918732,0.004893532601507822,7.493899999999999,7.28435,0.09433962264150941
2021-07-01,7.618,7.622,7.505,7.513,130414194,986575694,-0.01118715451434582,7.4973,7.29305,0.07466742955228156
2021-07-02,7.498,7.515,7.438,7.449,122699956,916172081,-0.008518567815785971,7.4982500000000005,7.300416666666667,0.06307977736549164
2021-07-05,7.45,7.508,7.449,7.494,102173500,764904886,0.006041079339508704,7.4997,7.3083,0.06736932060959977
2021-07-06,7.494,7.533,7.42,7.493,112133612,838703046,-0.0001334400854016149,7.500100000000001,7.3159833333333335,0.0655574516496018
2021-07-07,7.45,7.565,7.438,7.561,109479500,823258258,0.009075136794341354,7.505250000000001,7.324450000000001,0.07202608818942302
2021-07-08,7.569,7.598,7.54,7.55,95578799,723567642,-0.0014548340166644635,7.5102,7.3331333333333335,0.07412149665670786
2021-07-09,7.549,7.622,7.488,7.615,109497740,828262603,0.008609271523178919,7.51365,7.3448,0.10122921185827916
2021-07-12,7.653,7.75,7.644,7.723,150685523,1161494863,0.014182534471437913,7.52435,7.358633333333334,0.12041201218627595
2021-07-13,7.723,7.804,7.703,7.796,79816980,619571905,0.009452285381328585,7.5432500000000005,7.372633333333334,0.12075905692926958
2021-07-14,7.792,7.807,7.722,7.745,180517200,1400575649,-0.0065418163160595455,7.564099999999999,7.385666666666666,0.11230791325578049
2021-07-15,7.732,7.774,7.666,7.763,143485500,1107370516,0.0023240800516461935,7.5836,7.397549999999999,0.10113475177304965
2021-07-16,7.745,7.833,7.745,7.774,105126958,819015404,0.001416977972433342,7.59995,7.408416666666667,0.0915473181690536
2021-07-19,7.721,7.78,7.699,7.73,119229197,922691997,-0.005659891947517259,7.61265,7.418316666666667,0.08323991031390143
2021-07-20,7.69,7.75,7.674,7.739,133709300,1031075572,0.0011642949547217007,7.623599999999999,7.428683333333334,0.08739637487705498
2021-07-21,7.752,7.848,7.752,7.837,154411565,1205915234,0.01266313477193437,7.6364,7.440250000000001,0.09715805683886325
2021-07-22,7.84,7.88,7.809,7.871,77479658,608636212,0.004338394793926392,7.65225,7.4518,0.09654499860685428
2021-07-23,7.883,7.916,7.821,7.856,123595068,972578108,-0.0019057298945497347,7.664350000000001,7.4636,0.09904868494683838
2021-07-26,7.84,7.857,7.622,7.711,257485992,1987040895,-0.018457230142566172,7.66895,7.473016666666667,0.07906521130702493
2021-07-27,7.707,7.772,7.552,7.564,371804919,2843550765,-0.019063675269096136,7.6691,7.479116666666667,0.05084745762711851
2021-07-28,7.503,7.541,7.353,7.45,491958965,3661114385,-0.015071390798519269,7.661700000000001,7.4832833333333335,0.03472222222222232
2021-07-29,7.55,7.596,7.502,7.577,305729701,2307607211,0.01704697986577175,7.6649,7.4893833333333335,0.050755789765635884
2021-07-30,7.542,7.606,7.52,7.601,155307400,1175119726,0.0031674805331924905,7.672499999999999,7.496266666666667,0.057456872565386785
2021-08-02,7.599,7.712,7.559,7.704,290894540,2229592546,0.013550848572556173,7.683,7.5053833333333335,0.07642867123096275
2021-08-03,7.698,7.711,7.633,7.65,243342438,1866576258,-0.007009345794392496,7.69085,7.513233333333333,0.06560802340158789
2021-08-04,7.648,7.766,7.635,7.763,305581100,2366443989,0.014771241830065396,7.700949999999999,7.5233,0.08436932532476615
2021-08-05,7.747,7.787,7.707,7.754,147339828,1142896784,-0.0011593456138091485,7.711150000000001,7.531899999999999,0.07129041171594341
2021-08-06,7.755,7.792,7.726,7.79,72139544,559817719,0.004642765024503559,7.7199,7.542433333333333,0.08829281922324661
2021-08-09,7.766,7.837,7.731,7.821,139844438,1089969779,0.003979460847240102,7.7248,7.551633333333332,0.07593891869583147
2021-08-10,7.812,7.88,7.799,7.874,88742522,696460718,0.006776627029791538,7.728699999999999,7.5611,0.0777443197372023
2021-08-11,7.873,7.94,7.851,7.934,86332576,682927035,0.007620015240030531,7.73815,7.571233333333334,0.08299208299208316
2021-08-12,7.921,7.991,7.894,7.965,95917532,763194790,0.003907234686160832,7.7482500000000005,7.582083333333333,0.08900738310090239
2021-08-13,7.96,7.998,7.923,7.967,83980765,668418058,0.00025109855618321575,7.757900000000001,7.593416666666667,0.0933168656511596
2021-08-16,7.968,7.983,7.907,7.927,108385612,860721903,-0.0050207104305258765,7.7677499999999995,7.604550000000001,0.09202369472379113
2021-08-17,7.915,7.933,7.729,7.752,303183006,2367987832,-0.022076447584205905,7.7684,7.612416666666666,0.06483516483516483
2021-08-18,7.747,7.808,7.715,7.785,195859314,1521809358,0.004256965944272384,7.7658000000000005,7.619533333333333,0.05803207393313414
2021-08-19,7.772,7.829,7.705,7.802,178231064,1385783807,0.0021836865767501656,7.76235,7.62675,0.05875966888315909
2021-08-20,7.78,7.81,7.695,7.768,160613196,1242916290,-0.004357856959753881,7.757949999999999,7.632383333333333,0.045491251682368894
2021-08-23,7.782,7.89,7.782,7.88,156961552,1234426998,0.014418125643666402,7.7664,7.639933333333333,0.06099367173825243
2021-08-24,7.91,7.973,7.859,7.963,113246129,899231536,0.010532994923857952,7.786349999999999,7.648,0.06471453402861349
2021-08-25,7.96,8.03,7.921,8.027,84265916,671834871,0.008037171920130426,7.8152,7.656933333333333,0.07155252970230941
2021-08-26,8.024,8.05,7.98,7.993,82913720,664807527,-0.0042357044973213576,7.836,7.666066666666667,0.07360644728005372
2021-08-27,7.98,8.068,7.962,8.054,63410819,509227827,0.007631677718003216,7.85865,7.676466666666667,0.08398384925975777
2021-08-30,8.07,8.152,8.058,8.11,88320674,715328640,0.006953066799106011,7.878949999999999,7.687216666666666,0.08640321500334891
2021-08-31,8.107,8.145,8.032,8.142,77576839,626889458,0.003945745992601779,7.903549999999998,7.698166666666666,0.08777555110220425
2021-09-01,8.15,8.161,7.98,8.073,103970537,840141832,-0.008474576271186307,7.91905,7.7084166666666665,0.08246178600160903
2021-09-02,8.063,8.228,8.047,8.219,88628063,723959044,0.018084974606713544,7.942299999999999,7.721216666666667,0.10307341296470263
2021-09-03,8.25,8.3,8.124,8.177,134993400,1106651109,-0.00511011071906553,7.961650000000001,7.731733333333334,0.08362046117148147
2021-09-06,8.181,8.25,8.123,8.248,95676763,785019260,0.008682891035832085,7.983,7.7440500000000005,0.0984152350512717
2021-09-07,8.237,8.434,8.235,8.429,92762400,775398987,0.021944713870029275,8.01075,7.7609,0.13629010514963613
2021-09-08,8.429,8.486,8.414,8.483,106798668,903052261,0.006406453909123311,8.0382,7.78015,0.15761462882096078
2021-09-09,8.472,8.568,8.451,8.557,77663401,661062324,0.008723329010963177,8.0678,7.799883333333333,0.16058592160585916
2021-09-10,8.548,8.62,8.494,8.554,126715368,1084463256,-0.00035059016010285937,8.09715,7.8183333333333325,0.1486504632738015
2021-09-13,8.53,8.599,8.49,8.583,121626014,1039323732,0.0033902267944820874,8.12995,7.836783333333333,0.1480738362760834
2021-09-14,8.58,8.649,8.465,8.488,120353264,1028985000,-0.011068391005475964,8.166749999999999,7.852916666666667,0.12872340425531914
2021-09-15,8.454,8.569,8.448,8.524,79344200,675339044,0.004241281809613584,8.2037,7.868633333333333,0.12438992217385558
2021-09-16,8.53,8.6,8.363,8.369,132568026,1124057133,-0.018183951196621195,8.23205,7.882216666666666,0.10788985967699216
2021-09-17,8.344,8.404,8.186,8.301,259416993,2151230614,-0.008125224041104051,8.258700000000001,7.893666666666666,0.09022852639873924
2021-09-22,8.178,8.386,8.178,8.383,136639832,1135027845,0.00987832791229959,8.28385,7.9064000000000005,0.10027562672266699
2021-09-23,8.407,8.461,8.371,8.429,148214172,1248709559,0.005487295717523599,8.30715,7.920866666666666,0.11479962967861401
2021-09-24,8.429,8.429,8.295,8.304,346604286,2887565395,-0.014829754419266816,8.321,7.932633333333333,0.09291918926033182
2021-09-27,8.303,8.325,8.025,8.075,463798435,3760334657,-0.02757707129094422,8.3251,7.941999999999999,0.0748036736323705
2021-09-28,8.058,8.112,8.043,8.08,157008699,1268650908,0.0006191950464398133,8.3264,7.952516666666666,0.08470935696066584
2021-09-29,8.045,8.047,7.865,7.898,364022904,2882534183,-0.022524752475247545,8.3158,7.95925,0.053909794502268404
2021-09-30,7.905,7.981,7.905,7.969,262826121,2090066152,0.008989617624715285,8.307149999999998,7.967183333333334,0.0635259575603897
2021-10-08,8.048,8.078,7.916,7.958,212365346,1692633518,-0.0013803488518007168,8.3014,7.973799999999999,0.052506282237799295
2021-10-11,7.95,7.993,7.907,7.951,175498183,1397321640,-0.0008796179944710047,8.288,7.980483333333334,0.05311258278145692
2021-10-12,7.951,7.954,7.75,7.798,311929265,2439940097,-0.01924286253301466,8.26905,7.983533333333333,0.024031516743269865
2021-10-13,7.788,7.854,7.742,7.833,169501640,1321479970,0.004488330341113178,8.2483,7.985366666666667,0.014243169752686802
2021-10-14,7.805,7.885,7.79,7.862,177033625,1391068628,0.0037022852036256992,8.21995,7.986466666666667,0.008465879938429843
2021-10-15,7.862,7.909,7.831,7.902,208097894,1640142544,0.005087763927753786,8.1909,7.989083333333332,0.020271142672692033
2021-10-18,7.88,7.93,7.835,7.926,275347268,2177357332,0.0030372057706908873,8.15935,7.9918000000000005,0.020997037227875825
2021-10-19,7.926,7.997,7.9,7.988,203465095,1620540179,0.007822356800403663,8.13105,7.995366666666667,0.027527656290198044
2021-10-20,7.943,8.028,7.927,7.985,168310059,1343675921,-0.00037556334501753774,8.10115,7.999616666666666,0.03298835705045278
2021-10-21,7.98,8.019,7.926,7.964,135962806,1085512124,-0.0026299311208516363,8.07495,8.003366666666667,0.029073523711073745
2021-10-22,7.954,7.982,7.893,7.903,120600257,954783629,-0.0076594676042190946,8.0439,8.004466666666666,0.00842158989409203
2021-10-25,7.888,7.972,7.875,7.969,96502483,766122154,0.008351259015563883,8.023900000000001,8.0061,0.012450768644390875
2021-10-26,7.976,8.028,7.946,7.981,163049381,1304023578,0.001505835111055287,8.0079,8.008183333333333,0.01591140529531576
2021-10-27,7.96,7.974,7.876,7.91,87803472,694572674,-0.008896128304723638,7.98425,8.0115,0.025807288289456665
2021-10-28,7.896,7.909,7.796,7.816,262940598,2056327522,-0.01188369152970925,7.9536,8.015699999999999,0.033315705975674126
2021-10-29,7.815,7.897,7.784,7.895,145154979,1139033161,0.010107471852609962,7.93315,8.023116666666667,0.059731543624161
2021-11-01,7.867,7.955,7.86,7.925,100476779,795781131,0.0037998733375554927,7.92565,8.028916666666666,0.04592846773129211
2021-11-02,7.911,7.98,7.785,7.848,325497499,2555976600,-0.00971608832807569,7.9140500000000005,8.033033333333332,0.032495724246809576
2021-11-03,7.835,7.908,7.83,7.874,151930920,1195145652,0.003312945973496406,7.912850000000001,8.035866666666667,0.022066458982346715
2021-11-04,7.881,7.943,7.881,7.938,95018417,752814867,0.008128016256032433,7.9113,8.040666666666667,0.03764705882352937
2021-11-05,7.925,7.947,7.867,7.873,180422000,1423626895,-0.008188460569412914,7.907050000000001,8.0425,0.01416977972433342
2021-11-08,7.854,7.912,7.842,7.897,126152774,995767952,0.00304839324272832,7.904349999999999,8.044883333333333,0.01844209440288891
2021-11-09,7.92,7.957,7.891,7.947,153938927,1220885959,0.006331518298087868,7.9117999999999995,8.0475,0.020154043645699726
2021-11-10,7.94,7.94,7.814,7.927,234654700,1852217955,-0.00251667295834912,7.916499999999999,8.049266666666666,0.013553254059583075
2021-11-11,7.917,7.996,7.909,7.993,134918085,1075744115,0.008325974517471968,7.923049999999999,8.05125,0.015113030226060475
2021-11-12,8.0,8.053,7.993,8.037,86699901,696054598,0.005504816714625438,7.9298,8.052966666666666,0.012982102344340829
2021-11-15,8.033,8.076,7.955,7.978,108952300,869817187,-0.007341047654597643,7.9323999999999995,8.053183333333333,0.0016321406151913465
2021-11-16,7.974,8.007,7.915,7.924,99828700,793805138,-0.006768613687640923,7.9292,8.052466666666668,-0.005397263712815237
2021-11-17,7.925,7.974,7.911,7.971,115984300,923330160,0.0059313478041393974,7.928500000000001,8.0532,0.005550649678314645
2021-11-18,7.966,8.016,7.929,7.97,172207500,1371191866,-0.00012545477355419,7.928800000000001,8.056833333333334,0.028121775025799822
2021-11-19,7.96,8.075,7.957,8.065,218135800,1750648443,0.011919698870765272,7.9369,8.0615,0.03596660244059069
2021-11-22,8.08,8.145,8.075,8.135,236192300,1919709213,0.008679479231246123,7.9452,8.06705,0.042681363752884005
2021-11-23,8.125,8.185,8.118,8.154,154757600,1262736555,0.002335586969883341,7.95385,8.073483333333334,0.049691040164778544
2021-11-24,8.139,8.18,8.121,8.147,86213638,702848817,-0.0008584743684081353,7.9657,8.077933333333332,0.0338832487309646
2021-11-25,8.145,8.161,8.126,8.142,85899600,699356144,-0.000613722842764286,7.982000000000001,8.080916666666667,0.0224789652141153
2021-11-26,8.096,8.156,8.08,8.119,104424051,848276361,-0.0028248587570620654,7.9932,8.08245,0.011461318051575908
2021-11-29,8.05,8.132,8.034,8.127,161553699,1308142201,0.0009853430225399418,8.0033,8.084683333333334,0.016764669085449713
2021-11-30,8.134,8.177,8.096,8.143,130397116,1062840971,0.001968746154792589,8.018049999999999,8.086166666666665,0.01105040973429361
2021-12-01,8.137,8.188,8.117,8.185,76842116,626391115,0.005157804249048326,8.0336,8.087416666666666,0.009247842170160503
2021-12-02,8.171,8.181,8.11,8.136,93137168,757778984,-0.005986560781918282,8.0435,8.087316666666666,-0.0007369196757553986
2021-12-03,8.127,8.219,8.122,8.212,81143718,663391858,0.009341199606686335,8.06045,8.089633333333333,0.017217886783104097
2021-12-06,8.206,8.237,8.133,8.147,142015362,1164182984,-0.007915245981490404,8.07295,8.088433333333333,-0.008760189804112306
2021-12-07,8.17,8.182,8.05,8.097,91115988,737648783,-0.006137228427642194,8.08045,8.0871,-0.009783539195303947
2021-12-08,8.099,8.217,8.099,8.216,103214074,841635975,0.014696801284426408,8.094899999999999,8.086566666666666,-0.0038797284190106307
2021-12-09,8.201,8.254,8.19,8.224,84403556,694517987,0.0009737098344695383,8.10645,8.08315,-0.024320797247597614
2021-12-10,8.193,8.241,8.193,8.221,146940668,1208465335,-0.00036478599221789754,8.11565,8.078783333333334,-0.030885300011788352
2021-12-13,8.22,8.268,8.204,8.239,95180240,784116779,0.002189514657584324,8.1287,8.073483333333334,-0.037162556970900984
2021-12-14,8.211,8.25,8.206,8.219,70397100,579202344,-0.002427479062993232,8.14345,8.0679,-0.039162964694879676
2021-12-15,8.207,8.251,8.194,8.209,71984806,592572538,-0.0012166930283489252,8.15535,8.061666666666666,-0.04357450774787375
2021-12-16,8.209,8.288,8.205,8.284,109520500,904493150,0.009136313801924922,8.17105,8.058266666666666,-0.024033930254476754
2021-12-17,8.284,8.285,8.21,8.226,208529600,1715995910,-0.007001448575567393,8.1791,8.0533,-0.03496011262318144
2021-12-20,8.19,8.219,8.086,8.097,412665000,3348490015,-0.01568198395331888,8.177200000000001,8.048766666666667,-0.032500896164416315
2021-12-21,8.088,8.191,8.088,8.158,200207775,1630087006,0.007533654439916049,8.1774,8.046383333333333,-0.017226840139742294
2021-12-22,8.17,8.217,8.156,8.192,139304500,1141035006,0.0041676881588625925,8.17965,8.0432,-0.022784206131456375
2021-12-23,8.206,8.26,8.181,8.238,106863569,879615563,0.005615234375,8.18445,8.040016666666666,-0.022659864752639813
2021-12-24,8.237,8.237,8.155,8.19,278000482,2273790320,-0.0058266569555717185,8.187999999999999,8.038116666666665,-0.013728323699422007
2021-12-27,8.174,8.233,8.161,8.172,275041806,2250851134,-0.002197802197802079,8.19025,8.039733333333334,0.012012383900928958
2021-12-28,8.177,8.19,8.13,8.178,197008200,1608792440,0.0007342143906021725,8.192,8.041366666666667,0.01212871287128725
2021-12-29,8.174,8.186,8.139,8.157,208935143,1704510518,-0.002567865003668457,8.1906,8.045683333333333,0.0327931121802989
2021-12-30,8.144,8.225,8.143,8.216,219143125,1796987607,0.0072330513669240926,8.1946,8.0498,0.030995106035888842
2021-12-31,8.216,8.281,8.215,8.258,194781943,1608930871,0.005111976630963966,8.1969,8.0548,0.03769791404875589
2022-01-04,8.285,8.289,8.207,8.265,206224800,1699387519,0.0008476628723663726,8.2028,8.060033333333333,0.03949188781285384
2022-01-05,8.26,8.26,8.091,8.103,284058967,2310417706,-0.019600725952813147,8.2031,8.065116666666666,0.03911259297255709
2022-01-06,8.058,8.126,8.043,8.113,204276853,1653859915,0.001234110823151946,8.19795,8.069783333333332,0.03574620196604106
2022-01-07,8.115,8.145,8.061,8.072,191615562,1552847587,-0.005053617650684128,8.190349999999999,8.073283333333332,0.026710760620707097
2022-01-10,8.055,8.086,8.011,8.073,90091782,725935764,0.00012388503468785395,8.18295,8.076133333333335,0.021640091116173155
2022-01-11,8.078,8.096,8.003,8.026,155784803,1251807933,-0.00582187538709289,8.172300000000002,8.0778,0.012616704516780208
2022-01-12,8.03,8.088,8.03,8.081,100738500,812157874,0.006852728631946192,8.1654,8.07935,0.011642463695543226
2022-01-13,8.085,8.092,7.981,7.991,208807739,1673203342,-0.011137235490657038,8.154499999999999,8.07945,0.0007514088916718009
2022-01-14,7.95,8.015,7.935,7.953,224377600,1789294927,-0.0047553497684894586,8.13795,8.079266666666667,-0.0013812154696132284
2022-01-17,7.953,8.059,7.952,8.032,175248381,1406417269,0.009933358481076349,8.12825,8.081416666666666,0.016322915348601752
2022-01-18,8.035,8.072,8.002,8.046,137528331,1106419477,0.001743027888446047,8.125699999999998,8.082699999999999,0.009662441962605017
2022-01-19,8.04,8.076,7.959,8.0,252890610,2024391712,-0.005717126522495564,8.117799999999999,8.083016666666667,0.0023806540533768406
2022-01-20,7.998,8.025,7.915,7.937,297617399,2365807442,-0.007874999999999965,8.10505,8.083466666666666,0.00341340075853358
2022-01-21,7.93,7.933,7.836,7.853,442061200,3477083561,-0.010583343832682446,8.085799999999999,8.084083333333334,0.00473387922210855
2022-01-24,7.805,7.876,7.786,7.843,185072620,1450597482,-0.0012733987011332992,8.06845,8.083216666666667,-0.006586447118429373
2022-01-25,7.828,7.837,7.579,7.586,306011159,2356173873,-0.032768073441285184,8.03915,8.077566666666666,-0.04277602523659296
2022-01-26,7.6,7.638,7.561,7.614,216979460,1650845863,0.003691009754811514,8.01095,8.073666666666666,-0.029816513761467878
2022-01-27,7.608,7.614,7.419,7.432,237543289,1780796507,-0.023903335960073435,7.9747,8.0663,-0.0561341122682244
2022-01-28,7.46,7.509,7.306,7.381,378712500,2809059610,-0.006862217438105556,7.932950000000001,8.057016666666666,-0.07016880826404626
2022-02-07,7.45,7.522,7.45,7.487,328461760,2459926184,0.01436119766969246,7.8944,8.050583333333334,-0.049028324653880406
2022-02-08,7.494,7.58,7.415,7.576,157123862,1179424303,0.011887271270201616,7.8599499999999995,8.045233333333334,-0.040648347473724256
2022-02-09,7.589,7.689,7.565,7.68,172917000,1321293966,0.013727560718057141,7.838800000000001,8.040783333333334,-0.03359758399396007
2022-02-10,7.674,7.707,7.639,7.679,143512857,1101643801,-0.0001302083333332149,7.817100000000001,8.03665,-0.03128548000504594
2022-02-11,7.656,7.686,7.574,7.587,194082600,1478632844,-0.011980726657116914,7.79285,8.029883333333334,-0.05079444513949716
2022-02-14,7.545,7.612,7.501,7.522,246839000,1861943494,-0.008567286147357245,7.765299999999999,8.0213,-0.06407863630707977
2022-02-15,7.529,7.594,7.508,7.588,215562930,1628872819,0.00877426216431787,7.743399999999999,8.014800000000001,-0.048884432188518345
2022-02-16,7.619,7.629,7.578,7.604,178419800,1357108872,0.0021085925144965767,7.71955,8.009466666666667,-0.040383644623927295
2022-02-17,7.599,7.645,7.556,7.606,149608480,1137120585,0.0002630194634403171,7.7003,8.003383333333334,-0.04579099234725881
2022-02-18,7.58,7.68,7.567,7.674,157798958,1206212414,0.008940310281357,7.68635,7.99845,-0.03713927227101621
2022-02-21,7.675,7.716,7.661,7.708,162720527,1250962712,0.00443054469637727,7.67015,7.992500000000001,-0.04426534407935512
2022-02-22,7.665,7.667,7.57,7.622,164161399,1250000229,-0.011157239231966876,7.648950000000001,7.983950000000001,-0.06306084818684699
2022-02-23,7.622,7.735,7.622,7.735,224145117,1729008704,0.01482550511676739,7.6357,7.976966666666667,-0.05138582290900162
2022-02-24,7.702,7.742,7.523,7.602,329318100,2512995913,-0.017194570135746656,7.61895,7.967883333333334,-0.06689578986129863
2022-02-25,7.659,7.755,7.642,7.656,239998357,1847311426,0.00710339384372527,7.609100000000001,7.959783333333333,-0.05969049373618274
2022-02-28,7.66,7.7,7.604,7.695,157855723,1208520653,0.005094043887147404,7.601699999999999,7.952716666666666,-0.052223180194605145
2022-03-01,7.706,7.739,7.673,7.715,199772700,1538760660,0.002599090318388564,7.60815,7.945849999999999,-0.05069521348591122
2022-03-02,7.697,7.725,7.661,7.718,141174813,1086745038,0.00038885288399215234,7.61335,7.938766666666667,-0.05219206680584565
2022-03-03,7.756,7.762,7.679,7.709,150953486,1164653856,-0.0011661052086032742,7.627199999999999,7.930833333333334,-0.058155161881490613
2022-03-04,7.662,7.733,7.627,7.656,161602800,1238159476,-0.006875081074069311,7.640949999999999,7.922833333333333,-0.05899705014749257
2022-03-07,7.64,7.64,7.447,7.481,209924400,1579102028,-0.022857889237199558,7.640649999999999,7.91065,-0.08901607403799316
2022-03-08,7.481,7.489,7.201,7.204,464711820,3399613805,-0.03702713540970459,7.62205,7.894933333333333,-0.11574812814532964
2022-03-09,7.23,7.26,6.812,7.079,628344697,4426199771,-0.01735147140477511,7.5920000000000005,7.877966666666667,-0.1257255773743362
2022-03-10,7.18,7.261,7.16,7.192,402996071,2904673021,0.01596270659697696,7.567649999999999,7.8609,-0.12463485881207392
2022-03-11,7.106,7.298,7.04,7.294,299120037,2136478444,0.014182424916573844,7.553,7.8454,-0.11308365758754868
2022-03-14,7.225,7.299,7.101,7.103,313472120,2257638006,-0.026185906224293953,7.532050000000001,7.826766666666667,-0.13599318817662087
2022-03-15,7.053,7.08,6.682,6.684,569013890,3921764225,-0.058989159510066114,7.48685,7.80085,-0.18873649714771212
2022-03-16,6.793,6.956,6.533,6.919,603900324,4076905076,0.0351585876720526,7.4525999999999994,7.779183333333333,-0.15817009368536317
2022-03-17,7.0,7.156,6.97,7.032,348103213,2456378356,0.01633183986125175,7.423900000000001,7.759566666666667,-0.14337921793153852
2022-03-18,7.001,7.113,6.983,7.104,220402493,1556376881,0.010238907849829282,7.3954,7.7399000000000004,-0.14244326412361186
2022-03-21,7.12,7.167,7.046,7.131,421916171,2999146851,0.0038006756756756577,7.366550000000001,7.72165,-0.1331145149525894
2022-03-22,7.117,7.195,7.081,7.133,147859811,1053909767,0.0002804655728509964,7.342099999999999,7.705583333333333,-0.11905644065703347
2022-03-23,7.156,7.219,7.128,7.181,122081593,875721491,0.006729286415253055,7.314400000000001,7.6893,-0.11975974503554787
2022-03-24,7.142,7.173,7.095,7.126,107459871,765596974,-0.007659100403843433,7.2906,7.6715333333333335,-0.130126953125
2022-03-25,7.124,7.16,7.033,7.035,112602230,798976885,-0.012770137524558023,7.25955,7.651483333333333,-0.14603058994901674
2022-03-28,6.997,7.109,6.941,7.059,110825100,778955964,0.0034115138592749616,7.22775,7.632633333333334,-0.13809523809523805
2022-03-29,7.06,7.09,7.001,7.021,125852279,885921078,-0.005383198753364571,7.1930499999999995,7.613449999999999,-0.14084679393049448
2022-03-30,7.045,7.178,7.045,7.173,228541710,1628592114,0.02164933770118216,7.1658,7.596699999999999,-0.12289068231841538
2022-03-31,7.151,7.166,7.099,7.111,134581308,959399372,-0.008643524327338614,7.135900000000001,7.579266666666667,-0.12823341914919706
2022-04-01,7.055,7.171,7.055,7.16,182142157,1299501161,0.0068907326676979075,7.1111,7.5616666666666665,-0.1285296981499512
2022-04-06,7.15,7.15,7.047,7.144,128783211,914815528,-0.0022346368715083775,7.094250000000001,7.5431,-0.13489949140227653
2022-04-07,7.118,7.147,6.98,6.982,194888300,1373140092,-0.02267637178051507,7.083150000000001,7.521716666666666,-0.15523290986085903
2022-04-08,6.996,7.009,6.866,7.005,141805133,986420338,0.0032941850472643086,7.07945,7.503416666666667,-0.13550536838208072
2022-04-11,6.96,6.98,6.75,6.782,188235000,1287034332,-0.03183440399714488,7.05895,7.481233333333334,-0.16405768519659802
2022-04-12,6.779,6.905,6.71,6.893,247809731,1693823369,0.016366853435564765,7.0389,7.4615833333333335,-0.14606045589692762
2022-04-13,6.86,6.888,6.79,6.793,143248700,978040348,-0.014507471347743994,7.0234,7.44025,-0.15855320203146295
2022-04-14,6.83,6.93,6.814,6.883,147280078,1012513882,0.013248932724863716,7.03335,7.421200000000001,-0.14241216047844507
2022-04-15,6.852,6.889,6.795,6.821,113224800,774875881,-0.009007700130757024,7.028450000000001,7.4002,-0.1559212968691993
2022-04-18,6.76,6.863,6.713,6.827,159900400,1089080086,0.00087963641694766,7.0182,7.3808,-0.14566387185583773
2022-04-19,6.825,6.867,6.803,6.849,121372273,829972014,0.0032224989014209005,7.005449999999999,7.362399999999999,-0.13881554130516782
2022-04-20,6.85,6.863,6.68,6.691,128694104,869041433,-0.023069061176814176,6.9834499999999995,7.340050000000001,-0.16695717131474108
2022-04-21,6.68,6.706,6.459,6.485,216186194,1422305107,-0.030787625168136268,6.95105,7.314033333333334,-0.19400944568729794
2022-04-22,6.46,6.523,6.365,6.446,237327841,1529016193,-0.006013878180416432,6.9143,7.288133333333334,-0.19425000000000003
2022-04-25,6.347,6.358,6.018,6.025,343945700,2123807687,-0.0653118212845174,6.85925,7.256266666666667,-0.2408970643820083
2022-04-26,6.038,6.118,5.879,5.915,347974417,2084616630,-0.018257261410788428,6.80325,7.223966666666667,-0.2467846682796383
2022-04-27,5.913,6.117,5.81,6.114,418770258,2492446853,0.033643279797126,6.756,7.19515,-0.22045135789876324
2022-04-28,6.06,6.142,6.0,6.097,343321822,2087151321,-0.0027805037618579,6.7097999999999995,7.170333333333334,-0.19628262588979695
2022-04-29,6.113,6.348,6.11,6.347,335214244,2092603223,0.04100377234705599,6.6685,7.149216666666666,-0.16640399264512729
2022-05-05,6.324,6.444,6.319,6.391,228859300,1460696468,0.006932409012131657,6.6325,7.131866666666666,-0.14006996770721214
2022-05-06,6.26,6.327,6.23,6.248,303672200,1903682801,-0.022375215146299476,6.5869,7.112983333333333,-0.15350223546944863
2022-05-09,6.227,6.325,6.216,6.303,250440300,1575316630,0.008802816901408494,6.544849999999999,7.093249999999999,-0.15814077734740217
2022-05-10,6.23,6.42,6.192,6.409,191779830,1216140275,0.016817388545137257,6.5162,7.0738,-0.154039070749736
2022-05-11,6.409,6.606,6.401,6.452,369778699,2415729829,0.006709315025745122,6.488550000000001,7.053333333333333,-0.15989583333333335
2022-05-12,6.432,6.513,6.397,6.457,145056796,936570549,0.000774953502789888,6.4723,7.032966666666666,-0.1591353040760516
2022-05-13,6.474,6.534,6.446,6.531,140778030,914249490,0.011460430540498612,6.4542,7.015366666666666,-0.13918544879398975
2022-05-16,6.575,6.595,6.483,6.511,191454007,1248694466,-0.0030623181748582473,6.440099999999999,6.998516666666666,-0.1344057431534167
2022-05-17,6.513,6.548,6.447,6.546,135261800,880119851,0.005375518353555542,6.42325,6.9811499999999995,-0.13732208750658936
2022-05-18,6.543,6.585,6.507,6.524,160792190,1051132345,-0.0033608310418576925,6.4084,6.96315,-0.14203051025775904
2022-05-19,6.45,6.586,6.44,6.585,187798315,1223974671,0.009350091968117757,6.3963,6.946133333333333,-0.13423612937154872
2022-05-20,6.596,6.693,6.581,6.687,188009527,1247571360,0.015489749430523947,6.388199999999999,6.929683333333333,-0.12861610633307274
2022-05-23,6.7,6.728,6.652,6.715,137421896,918724341,0.004187228951697319,6.3894,6.913133333333334,-0.1288271925272445
2022-05-24,6.704,6.717,6.48,6.486,251397834,1663286713,-0.03410275502606108,6.38945,6.8942,-0.1490422461296248
2022-05-25,6.48,6.591,6.473,6.59,180845524,1181807603,0.01603453592352766,6.396649999999999,6.875116666666667,-0.14802844214608923
2022-05-26,6.582,6.691,6.502,6.666,192129597,1270608591,0.011532625189681456,6.428700000000001,6.859516666666666,-0.12312549329123912
2022-05-27,6.68,6.724,6.604,6.666,133325248,889893298,0.0,6.46625,6.843016666666666,-0.12931034482758608
2022-05-30,6.68,6.704,6.615,6.702,95052780,634000870,0.005400540054005365,6.49565,6.826466666666666,-0.1290448343079923
2022-05-31,6.691,6.825,6.655,6.807,254174112,1720173651,0.01566696508504939,6.531149999999999,6.811333333333334,-0.11769280622164613
2022-06-01,6.795,6.828,6.736,6.8,141565729,962082988,-0.0010283531658588085,6.5538,6.796033333333333,-0.11894273127753308
2022-06-02,6.788,6.892,6.762,6.882,150736524,1031916645,0.012058823529411677,6.57835,6.78225,-0.10727720845764688
2022-06-06,6.864,7.017,6.864,6.991,242250398,1687855264,0.015838419064225562,6.6155,6.771166666666667,-0.08685997910135845
2022-06-07,6.989,7.009,6.95,6.987,159219943,1111826497,-0.0005721642111284897,6.6497,6.762933333333334,-0.06603395268012291
2022-06-08,6.988,7.055,6.919,7.036,169830800,1187593012,0.0070130241877772725,6.681050000000001,6.760133333333333,-0.023320377568017747
2022-06-09,7.02,7.04,6.882,6.951,150809017,1051177648,-0.012080727686185289,6.706,6.757999999999999,-0.018081649950558054
2022-06-10,6.908,7.089,6.908,7.078,218145617,1532290997,0.01827075240972542,6.737049999999999,6.756100000000001,-0.01585094549499444
2022-06-13,7.039,7.085,6.987,7.057,170215800,1198121604,-0.002966939813506597,6.76335,6.752149999999999,-0.03249245955579916
2022-06-14,7.002,7.135,6.87,7.129,258285900,1807912725,0.010202635680884198,6.79425,6.752583333333333,0.003660425172462345
2022-06-15,7.125,7.27,7.09,7.099,214759659,1541771500,-0.00420816383784528,6.821900000000001,6.7595,0.062088569718731224
2022-06-16,7.115,7.195,7.09,7.11,202253315,1444896548,0.0015495140160586285,6.8512,6.762683333333333,0.027605145252204144
2022-06-17,7.079,7.195,7.007,7.178,228953943,1631817428,0.00956399437412081,6.88085,6.765116666666667,0.020762229806598365
2022-06-20,7.178,7.227,7.114,7.178,178692161,1282310391,0.0,6.9054,6.76635,0.01041666666666674
2022-06-21,7.171,7.197,7.068,7.126,149412915,1066364260,-0.007244357759821574,6.92595,6.766266666666667,-0.0007011639321272689
2022-06-22,7.12,7.143,7.007,7.015,196617329,1390781789,-0.015576761156329,6.9524,6.7643,-0.016542829104163825
2022-06-23,7.015,7.177,6.989,7.17,198157300,1408835454,0.022095509622238163,6.981399999999999,6.764116666666667,-0.0015318200807686866
2022-06-24,7.18,7.268,7.165,7.253,178911256,1294176121,0.011576011157601096,7.01075,6.766233333333333,0.01782206006174558
2022-06-27,7.265,7.345,7.265,7.283,199758621,1457281947,0.004136219495381344,7.0416,6.770366666666666,0.03525230987917549
2022-06-28,7.282,7.42,7.27,7.406,129836847,954593277,0.01688864478923513,7.0768,6.7761499999999995,0.04915710440572307
2022-06-29,7.388,7.407,7.258,7.289,180542222,1321970690,-0.015798001620307867,7.1009,6.780616666666668,0.0381712006836632
2022-06-30,7.28,7.394,7.275,7.346,206120390,1516437532,0.007820002743860632,7.1282,6.783500000000001,0.02411822110692885
2022-07-01,7.331,7.384,7.315,7.333,132341876,972423718,-0.0017696705690171122,7.1507499999999995,6.7871999999999995,0.03121923780059066
2022-07-04,7.33,7.426,7.281,7.422,268820701,1983604414,0.012136915314332475,7.1723,6.791566666666667,0.03659217877094956
2022-07-05,7.434,7.458,7.321,7.412,224073210,1655568283,-0.00134734572891404,7.19355,6.796033333333333,0.03751399776035824
2022-07-06,7.384,7.403,7.248,7.316,134447644,984359824,-0.012951969778737249,7.20755,6.801599999999999,0.04783729590375252
2022-07-07,7.305,7.39,7.277,7.346,163335928,1199931286,0.004100601421541894,7.2273,6.8072833333333325,0.048679514632405496
2022-07-08,7.375,7.392,7.299,7.303,112755364,828130889,-0.0058535257282875675,7.238550000000001,6.815966666666666,0.07682099675611909
2022-07-11,7.269,7.281,7.16,7.206,111865320,806545895,-0.013282212789264669,7.2459999999999996,6.821183333333334,0.04540838531843905
2022-07-12,7.198,7.242,7.11,7.119,103262100,740249888,-0.01207327227310584,7.2455,6.826616666666667,0.047990578536728945
2022-07-13,7.121,7.169,7.089,7.145,185449140,1323141160,0.003652198342463775,7.2478,6.830983333333333,0.038064797326746946
2022-07-14,7.135,7.234,7.127,7.195,193238400,1391373973,0.0069979006298110935,7.25205,6.8372166666666665,0.054830669989737624
2022-07-15,7.168,7.227,7.068,7.074,117333600,840057674,-0.016817234190410035,7.24685,6.841333333333334,0.036179874029588444
2022-07-18,7.08,7.225,7.08,7.205,138989740,996713559,0.0185185185185186,7.2482,6.847266666666667,0.051978391005986335
2022-07-19,7.205,7.249,7.172,7.231,139144400,1004233508,0.0036086051353225734,7.253450000000001,6.8562666666666665,0.08070542519802726
2022-07-20,7.265,7.342,7.256,7.323,121566544,888618261,0.012722998202185032,7.268849999999999,6.870233333333333,0.12922127987663834
2022-07-21,7.316,7.325,7.248,7.252,95834514,698857170,-0.009695479994537792,7.27295,6.883666666666667,0.1250387837418554
2022-07-22,7.254,7.289,7.12,7.187,194260291,1394813209,-0.008963044677330334,7.269649999999999,6.903033333333332,0.19286307053941898
2022-07-25,7.18,7.216,7.09,7.116,141984368,1014375077,-0.009878948100737528,7.2613,6.923050000000001,0.20304311073541825
2022-07-26,7.116,7.231,7.106,7.202,116420450,835838969,0.012085441259134466,7.251099999999999,6.941183333333333,0.17795224075891403
2022-07-27,7.19,7.254,7.175,7.233,74282182,536039052,0.004304359900027643,7.2483,6.960116666666666,0.1863211415450221
2022-07-28,7.259,7.322,7.237,7.252,119057606,866454632,0.0026268491635559332,7.243600000000001,6.9752,0.14258704899952712
2022-07-29,7.267,7.283,7.181,7.194,112199941,810273443,-0.007997793712079426,7.23665,6.988583333333334,0.12564543889845092
2022-08-01,7.183,7.26,7.142,7.256,79391955,572594575,0.008618293021962709,7.228350000000001,7.005383333333333,0.16133162612035856
2022-08-02,7.202,7.21,6.969,7.075,210200900,1486902991,-0.024944873208379237,7.211499999999999,7.01825,0.12248135808345229
2022-08-03,7.077,7.172,6.99,7.016,138384800,983528727,-0.008339222614840991,7.1965,7.028366666666667,0.09471056327040106
2022-08-04,7.055,7.065,6.948,7.04,153476155,1077343749,0.003420752565564511,7.1812,7.038166666666667,0.0911345319280843
2022-08-05,7.047,7.19,7.047,7.186,93240615,663416951,0.020738636363636376,7.17535,7.050316666666666,0.11290072789221006
2022-08-08,7.169,7.231,7.163,7.226,92279992,664902426,0.005566379070414795,7.176350000000001,7.0619,0.10641555657632829
2022-08-09,7.23,7.252,7.187,7.247,90389296,653499927,0.002906172156103004,7.18275,7.074166666666667,0.11303947166333894
2022-08-10,7.239,7.273,7.2,7.233,69019153,499523169,-0.0019318338622879017,7.18715,7.085616666666667,0.104949587534372
2022-08-11,7.265,7.379,7.253,7.376,117069562,858080651,0.019770496336236842,7.1962,7.099816666666666,0.13059472716125087
2022-08-12,7.37,7.4,7.353,7.363,85272200,628859243,-0.0017624728850325067,7.210649999999999,7.112783333333334,0.11814730447987865
2022-08-15,7.337,7.407,7.321,7.373,197757300,1458406727,0.0013581420616595175,7.21905,7.124216666666667,0.10258710931658443
2022-08-16,7.384,7.439,7.364,7.392,109748728,812316540,0.0025769700257696204,7.227099999999998,7.1354999999999995,0.100819061801936
2022-08-17,7.395,7.453,7.353,7.44,138733890,1027785690,0.006493506493506551,7.232950000000001,7.1514,0.147086031452359
2022-08-18,7.431,7.431,7.38,7.413,80847300,598810969,-0.003629032258064546,7.241,7.165116666666667,0.12488619119878619
2022-08-19,7.4,7.423,7.311,7.315,119389058,879109913,-0.013220018885741203,7.247399999999999,7.175933333333334,0.09735973597359737
2022-08-22,7.308,7.418,7.275,7.407,88715084,653942628,0.01257689678742313,7.261950000000001,7.188283333333334,0.11116111611161106
2022-08-23,7.4,7.414,7.36,7.409,115008260,849223572,0.000270014850816791,7.2722999999999995,7.200066666666667,0.10549089823933144
2022-08-24,7.409,7.415,7.178,7.197,157894586,1147800159,-0.02861384802267508,7.2705,7.206566666666666,0.05729396209784032
2022-08-25,7.196,7.24,7.14,7.236,142968637,1028828394,0.00541892455189652,7.2696999999999985,7.213833333333333,0.06411764705882361
2022-08-26,7.228,7.303,7.195,7.22,98183120,711104798,-0.002211166390270858,7.270999999999999,7.2194666666666665,0.04911362975879108
2022-08-29,6.2,6.31,6.199,6.3,198028513,1243370988,-0.12742382271468145,7.2232,7.20795,-0.09884136747246453
2022-08-30,6.3,6.31,6.243,6.291,183534979,1153092428,-0.0014285714285713347,7.184,7.19635,-0.09961356805495913
2022-08-31,6.27,6.286,6.139,6.157,234010869,1449546434,-0.02130027022730896,7.14105,7.1817,-0.12492893689596352
2022-09-01,6.15,6.207,6.113,6.135,98092405,605082195,-0.003573168751015099,7.0958,7.1681,-0.11739318083728956
2022-09-02,6.12,6.18,6.118,6.146,171678561,1056194492,0.001792991035044933,7.0438,7.152566666666667,-0.13167561458039
2022-09-05,6.136,6.185,6.112,6.177,160317177,987346025,0.005043931012040259,6.99135,7.1379,-0.12469888054414069
2022-09-06,6.18,6.288,6.18,6.283,164844032,1030073051,0.017160433867573488,6.94315,7.1238,-0.11867022022724072
2022-09-07,6.264,6.314,6.253,6.299,103698198,652201029,0.0025465541938565206,6.89645,7.110466666666667,-0.11269192844062537
2022-09-08,6.305,6.308,6.27,6.277,145157410,912197124,-0.00349261787585331,6.841500000000001,7.096583333333333,-0.1171589310829817
2022-09-09,6.275,6.327,6.256,6.315,162508960,1024964818,0.006053847379321464,6.7891,7.0822,-0.12022847589857888
2022-09-13,6.331,6.351,6.285,6.299,171915915,1085475444,-0.0025336500395882755,6.7354,7.06755,-0.12245750905544717
2022-09-14,6.23,6.277,6.215,6.251,200417289,1252419074,-0.007620257183679979,6.67835,7.052966666666666,-0.1227897838899803
2022-09-15,6.264,6.278,6.061,6.108,184702458,1137139697,-0.022876339785634414,6.611750000000001,7.037850000000001,-0.1292943692088382
2022-09-16,6.09,6.109,5.949,5.956,205735741,1240121958,-0.024885396201702603,6.538900000000001,7.017616666666666,-0.16931659693165968
2022-09-19,5.95,5.961,5.877,5.919,159073285,940843676,-0.006212222968435377,6.4691,6.995383333333334,-0.18392389356128502
2022-09-20,5.927,6.008,5.927,5.949,144729153,862607727,0.005068423720222981,6.396199999999999,6.97315,-0.18316627763284365
2022-09-21,5.93,6.002,5.876,5.979,121469500,722336359,0.005042864346949116,6.3247,6.949366666666667,-0.19268160950580604
2022-09-22,5.941,6.017,5.933,5.97,140979579,843298402,-0.0015052684395384652,6.26335,6.927383333333333,-0.1809576073535465
2022-09-23,5.958,5.983,5.834,5.899,205678384,1216175074,-0.01189279731993298,6.1964999999999995,6.903266666666666,-0.1969779471821399
2022-09-26,5.858,5.931,5.8,5.806,339784319,1994980601,-0.015765383963383672,6.1258,6.877816666666666,-0.20823673803354703
2022-09-27,5.814,5.925,5.813,5.915,240423852,1411390482,0.018773682397519753,6.10655,6.8527,-0.2030450013473457
2022-09-28,5.895,5.91,5.773,5.776,203925977,1186317967,-0.02349957734573127,6.0808,6.825433333333334,-0.22072315164597955
2022-09-29,5.81,5.866,5.747,5.791,242413769,1409354548,0.0025969529085874132,6.0625,6.800016666666667,-0.20844723892837613
2022-09-30,5.783,5.815,5.711,5.713,156307202,900479980,-0.013469176308064323,6.0414,6.772800000000001,-0.22229784916961615
2022-10-10,5.721,5.769,5.625,5.647,168606174,961786662,-0.011552599334850311,6.016450000000001,6.7452000000000005,-0.22675612761878672
2022-10-11,5.65,5.714,5.62,5.682,268234684,1521015712,0.006197981228971194,5.9917,6.7198,-0.21149042464612822
2022-10-12,5.683,5.825,5.591,5.818,316516593,1807866605,0.023935234072509637,5.96845,6.6981166666666665,-0.18275038629020934
2022-10-13,5.79,5.877,5.786,5.833,162037781,945416295,0.0025782055689240746,5.94515,6.67625,-0.18362491252624202
2022-10-14,5.89,6.009,5.866,5.981,254866515,1518017161,0.0253728784501972,5.93035,6.656016666666667,-0.1687282835302294
2022-10-17,5.954,6.031,5.951,6.008,160442081,961793886,0.004514295268349899,5.915000000000001,6.63825,-0.15069267741023462
2022-10-18,6.035,6.074,5.992,6.035,183606501,1107179931,0.004494007989347626,5.9018,6.61875,-0.16238723108952113
2022-10-19,6.02,6.044,5.972,5.984,130656328,784782568,-0.008450704225352101,5.88845,6.597966666666667,-0.17245194302309497
2022-10-20,5.963,6.052,5.881,5.964,243198439,1448199789,-0.0033422459893047707,5.88125,6.575316666666667,-0.18557968045882833
2022-10-21,5.97,5.999,5.924,5.964,204128235,1217579218,0.0,5.88165,6.553850000000001,-0.17760617760617747
2022-10-24,5.96,6.08,5.86,5.913,287111935,1709693413,-0.008551307847082468,5.88135,6.532616666666667,-0.17726450535689442
2022-10-25,5.89,5.94,5.791,5.866,262057719,1537242771,-0.007948587857263711,5.8772,6.511783333333335,-0.1756604834176504
2022-10-26,5.88,6.031,5.873,5.987,258992446,1544497873,0.020627344016365567,5.8776,6.491533333333333,-0.16870313801721737
2022-10-27,6.011,6.036,5.963,5.969,211648155,1270523927,-0.0030065141139133944,5.877549999999999,6.470466666666667,-0.17475459698603613
2022-10-28,5.943,5.952,5.754,5.779,238438526,1395608488,-0.03183112749204231,5.871550000000001,6.445916666666666,-0.2031163816878102
2022-10-31,5.769,5.875,5.746,5.814,196079625,1138623733,0.006056411143796625,5.87195,6.422916666666667,-0.19182652210175144
2022-11-01,5.824,5.965,5.79,5.959,365777499,2156261190,0.024939800481596164,5.87415,6.401300000000001,-0.17874862183020956
2022-11-02,5.95,6.035,5.935,6.002,256482672,1536462179,0.007215975834871546,5.8854500000000005,6.383416666666666,-0.15166077738515904
2022-11-03,5.967,6.025,5.961,6.005,232217560,1393256719,0.0004998333888703854,5.8961500000000004,6.366566666666667,-0.1440992018244014
2022-11-04,6.0,6.175,5.999,6.157,336833282,2062291791,0.025312239800166614,5.91835,6.35185,-0.1254261363636363
2022-11-07,6.154,6.179,6.104,6.141,204903372,1259058582,-0.002598668182556496,5.9430499999999995,6.334433333333334,-0.1454216532145839
2022-11-08,6.134,6.15,6.109,6.147,176570074,1081977722,0.0009770395701025336,5.9662999999999995,6.316450000000001,-0.14932189316357591
2022-11-09,6.155,6.196,6.123,6.13,141186767,867580136,-0.0027655767040833945,5.9818999999999996,6.297833333333333,-0.15413274458396575
2022-11-10,6.106,6.136,6.067,6.109,200492703,1222992995,-0.0034257748776508334,5.9957,6.2791,-0.155398866307203
2022-11-11,6.27,6.279,6.137,6.145,425722662,2642103690,0.005892944835488523,6.0039,6.258583333333334,-0.16689262472885047
2022-11-14,6.152,6.21,6.119,6.135,259196662,1597198501,-0.0016273393002440573,6.01025,6.238116666666667,-0.166779845171805
2022-11-15,6.14,6.25,6.127,6.241,297730177,1850356936,0.01727791361043196,6.02055,6.21925,-0.1535331615353317
2022-11-16,6.238,6.27,6.201,6.212,208038342,1295425715,-0.004646691235378975,6.03195,6.199583333333333,-0.15963203463203468
2022-11-17,6.192,6.228,6.161,6.225,329644622,2039273639,0.002092723760463544,6.045,6.179333333333333,-0.16330645161290336
2022-11-18,6.225,6.267,6.198,6.213,465058990,2896129987,-0.001927710843373398,6.05745,6.1593333333333335,-0.16187778227438288
2022-11-21,6.165,6.215,6.134,6.206,413988910,2559842978,-0.001126669885723408,6.0721,6.1408499999999995,-0.15160628844839374
2022-11-22,6.185,6.204,6.108,6.14,267496937,1645784286,-0.010634869481147446,6.0858,6.119733333333333,-0.17105440799243965
2022-11-23,6.101,6.155,6.056,6.129,404002860,2470193485,-0.0017915309446254746,6.0929,6.0984,-0.17276285598596308
2022-11-24,6.14,6.165,6.1,6.13,199374618,1222974085,0.00016315875346717412,6.10095,6.080616666666667,-0.14825621786855636
2022-11-25,6.11,6.128,6.064,6.098,277236804,1691315690,-0.00522022838499181,6.116899999999999,6.06165,-0.15726920950801548
2022-11-28,6.021,6.076,5.974,6.071,358876825,2168839380,-0.004427681206953138,6.12975,6.0425,-0.1591412742382271
2022-11-29,6.087,6.195,6.086,6.171,380485720,2342485408,0.01647175094712572,6.14035,6.04035,-0.020476190476190426
2022-11-30,6.169,6.185,6.13,6.157,205076321,1263332453,-0.0022686760654675453,6.1481,6.038116666666666,-0.02130027022730896
2022-12-01,6.24,6.248,6.186,6.19,218641816,1359689566,0.005359753126522815,6.157349999999999,6.038666666666667,0.005359753126522815
2022-12-02,6.194,6.227,6.171,6.175,205040860,1269756824,-0.0024232633279483995,6.15825,6.039333333333333,0.006519967400163029
2022-12-05,6.216,6.233,6.186,6.218,389476546,2420516580,0.006963562753036445,6.162100000000001,6.040533333333333,0.011714936544093835
2022-12-06,6.214,6.264,6.188,6.215,205020371,1276605927,-0.00048247024766812086,6.1655,6.041166666666667,0.006151853650639527
2022-12-07,6.207,6.255,6.189,6.207,251485917,1563067206,-0.0012872083668543643,6.16935,6.0399,-0.012096132420818195
2022-12-08,6.207,6.215,6.173,6.197,179880280,1114027324,-0.0016110842597067965,6.17375,6.0382,-0.016193046515319942
2022-12-09,6.19,6.23,6.162,6.206,196236728,1216913105,0.0014523156365984224,6.1768,6.037016666666667,-0.011311135892942414
2022-12-12,6.195,6.204,6.155,6.183,195152738,1205936217,-0.0037060908797937886,6.1792,6.034816666666667,-0.02090261282660344
2022-12-13,6.181,6.184,6.136,6.149,205760053,1265907003,-0.005498948730389697,6.1746,6.032316666666667,-0.02381330369899992
2022-12-14,6.149,6.168,6.105,6.123,197150083,1210000166,-0.004228329809725095,6.1701500000000005,6.030183333333333,-0.02047672372420417
2022-12-15,6.118,6.136,6.098,6.122,171248726,1047808162,-0.00016331863465623986,6.165,6.0304166666666665,0.002292075965946383
2022-12-16,6.109,6.111,6.066,6.099,266188643,1620817138,-0.0037569421757595034,6.1593,6.0328,0.02400940228341164
2022-12-19,6.094,6.106,5.942,5.97,622390961,3738023458,-0.021151008362026658,6.1475,6.033649999999999,0.0086163203243792
2022-12-20,5.949,5.957,5.886,5.906,428122497,2533727887,-0.010720268006700229,6.1358,6.032933333333333,-0.007228105563960363
2022-12-21,5.91,5.92,5.837,5.876,226994690,1334004322,-0.005079580088045987,6.12315,6.0312166666666664,-0.017226961030272547
2022-12-22,5.893,5.902,5.777,5.813,226980075,1327241257,-0.010721579305650208,6.1073,6.0286,-0.026298157453936377
2022-12-23,5.783,5.833,5.759,5.791,422008102,2447115370,-0.003784620677791062,6.09195,6.0268,-0.018308187828445455
2022-12-26,5.795,5.878,5.791,5.86,383096612,2241569499,0.011915040580210645,6.0814,6.0277,0.009300723389596977
2022-12-27,5.884,5.905,5.846,5.9,344807815,2028977358,0.006825938566553003,6.06785,6.02745,-0.002535925612848655
2022-12-28,5.886,5.905,5.865,5.884,228270891,1342473583,-0.0027118644067796183,6.0542,6.02925,0.018698060941828354
2022-12-29,5.869,5.922,5.852,5.881,275557197,1621737311,-0.0005098572399728774,6.03875,6.030749999999999,0.015541357278535672
2022-12-30,5.898,5.903,5.863,5.887,156259078,919150284,0.0010202346539702756,6.02435,6.033649999999999,0.030456852791878042
2023-01-03,5.872,5.99,5.85,5.97,244700488,1452603823,0.014098861899099813,6.011950000000001,6.039033333333333,0.057198512484504915
2023-01-04,5.977,5.985,5.934,5.968,263374163,1570656301,-0.0003350083752093891,5.9996,6.043800000000001,0.05033438929954226
2023-01-05,5.985,6.042,5.968,6.027,231775005,1394561318,0.009886058981233292,5.990600000000001,6.047283333333334,0.03592299759367479
2023-01-06,6.027,6.071,6.015,6.04,199272551,1203393451,0.002156960345113701,5.98275,6.050733333333334,0.03548774215669459
2023-01-09,6.048,6.091,6.048,6.052,209701416,1271404621,0.001986754966887272,5.97505,6.051916666666667,0.011870924594549415
2023-01-10,6.051,6.073,6.03,6.067,151506194,917369192,0.0024785194976868485,5.969250000000001,6.052899999999999,0.009820239680426113
2023-01-11,6.067,6.089,6.025,6.039,231896495,1403722847,-0.004615131036756259,5.96375,6.052966666666666,0.000662800331399982
2023-01-12,6.045,6.073,6.018,6.033,170119873,1028140511,-0.0009935419771484044,5.95925,6.053783333333333,0.008188502673796894
2023-01-13,6.042,6.086,6.033,6.084,215455222,1304987383,0.008453505718547971,5.95735,6.055783333333333,0.02012072434607637
2023-01-16,6.091,6.198,6.091,6.143,390989077,2409153605,0.00969756738987515,5.95955,6.058766666666666,0.030013413816230683
2023-01-17,6.16,6.166,6.137,6.151,301742127,1856161851,0.0013022952954582223,5.9686,6.062733333333333,0.0402502959580584
2023-01-18,6.152,6.196,6.152,6.175,361235634,2233379007,0.0039018045846204163,5.98205,6.067883333333333,0.05267644050460274
2023-01-19,6.167,6.237,6.151,6.232,301622896,1871362978,0.009230769230769376,5.99985,6.071966666666667,0.04092199766160021
2023-01-20,6.242,6.28,6.241,6.277,277862983,1740641348,0.007220795892169507,6.02305,6.077100000000001,0.05159993298709997
2023-01-30,6.35,6.382,6.292,6.298,404446749,2562862589,0.0033455472359407157,6.0484,6.085750000000001,0.08980792524658243
2023-01-31,6.296,6.331,6.281,6.303,263662170,1664269034,0.0007939028262939907,6.07055,6.0939000000000005,0.0841073271413828
2023-02-01,6.318,6.384,6.307,6.375,405654876,2579662458,0.011423131841979961,6.0943,6.100833333333333,0.06981037086759523
2023-02-02,6.391,6.419,6.359,6.385,338292674,2161519790,0.0015686274509802978,6.11935,6.107216666666667,0.06381206264578476
2023-02-03,6.37,6.374,6.286,6.357,258303729,1635338319,-0.004385277995301418,6.14315,6.113083333333333,0.05861781848459624
2023-02-06,6.336,6.344,6.283,6.328,304667698,1923549544,-0.004561900267421759,6.1652000000000005,6.115933333333333,0.0277732662010719
2023-02-07,6.331,6.34,6.284,6.331,562754021,3551023755,0.0004740834386851578,6.183249999999999,6.1191,0.030939586386582008
2023-02-08,6.336,6.341,6.275,6.285,467137938,2946457122,-0.007265834781235214,6.1991,6.1213999999999995,0.022449975597852667
2023-02-09,6.28,6.382,6.268,6.376,319843191,2030121218,0.01447891805887025,6.21655,6.125500000000001,0.04013050570962484
2023-02-10,6.38,6.382,6.307,6.356,471355276,2986761533,-0.0031367628607278375,6.23235,6.129616666666667,0.040432149287935815
2023-02-13,6.338,6.402,6.338,6.394,509438326,3253878462,0.005978602894902485,6.2494499999999995,6.133766666666667,0.040520748576078125
2023-02-14,6.404,6.424,6.381,6.411,232379421,1487854766,0.0026587425711603885,6.26665,6.138366666666667,0.044987775061124724
2023-02-15,6.41,6.429,6.377,6.399,270255821,1728355320,-0.0018717828731866781,6.28465,6.141000000000001,0.025316455696202667
2023-02-16,6.404,6.448,6.267,6.314,309968089,1973891842,-0.013283325519612421,6.2987,6.1427000000000005,0.016419832582099225
2023-02-17,6.31,6.33,6.245,6.26,257134866,1617674608,-0.008552423186569569,6.307499999999999,6.143283333333333,0.005622489959839383
2023-02-20,6.282,6.364,6.235,6.358,492217418,3101744006,0.01565495207667733,6.31825,6.1457,0.023338161918557754
2023-02-21,6.375,6.413,6.352,6.395,186274914,1189503911,0.005819440075495397,6.33045,6.14885,0.030454398968739804
2023-02-22,6.383,6.413,6.365,6.389,299347953,1911666367,-0.0009382329945268886,6.341150000000001,6.1530000000000005,0.040553745928338936
2023-02-23,6.39,6.408,6.338,6.378,354664685,2261675776,-0.0017217091876663426,6.34845,6.157150000000001,0.04062652961331392
2023-02-24,6.368,6.393,6.318,6.364,196814360,1250543753,-0.002195045468799006,6.3528,6.16105,0.03817292006525275
2023-02-27,6.341,6.361,6.298,6.331,271088592,1716511047,-0.005185417976115603,6.35445,6.164933333333334,0.038209248934076845
2023-02-28,6.333,6.378,6.304,6.372,168964368,1073198959,0.006476070131100853,6.3579,6.16995,0.04957997035084838
2023-03-01,6.37,6.432,6.356,6.411,184066334,1178803881,0.006120527306967993,6.3597,6.17395,0.03889158969372852
2023-03-02,6.42,6.431,6.387,6.404,215661977,1380731369,-0.001091873342692229,6.36065,6.178066666666667,0.04011694006821509
2023-03-03,6.408,6.418,6.357,6.401,301792150,1929511268,-0.00046845721424115805,6.36285,6.181583333333333,0.03408723747980602
2023-03-06,6.406,6.421,6.372,6.403,265155549,1696050548,0.00031245117950318146,6.3666,6.185383333333333,0.036923076923076836
2023-03-07,6.4,6.407,6.301,6.303,259002383,1648696999,-0.01561767921286894,6.3652,6.1868,0.013669990350595018
2023-03-08,6.285,6.326,6.281,6.313,262204187,1653974283,0.001586546089163754,6.3666,6.188433333333333,0.015768302493966102
2023-03-09,6.318,6.322,6.272,6.306,252591021,1591803989,-0.0011088230635196705,6.3631,6.190083333333334,0.01594973417109724
2023-03-10,6.27,6.284,6.211,6.226,170330943,1063695486,-0.012686330478908991,6.356599999999999,6.190566666666667,0.004679683717927929
2023-03-13,6.22,6.266,6.197,6.261,180849399,1127004656,0.0056215868936717595,6.34995,6.191483333333333,0.008862391234289335
2023-03-14,6.242,6.26,6.146,6.21,201091943,1247164271,-0.008145663632007638,6.3399,6.191933333333333,0.004366812227074357
2023-03-15,6.239,6.274,6.23,6.242,197302154,1232921797,0.005152979066022523,6.332050000000001,6.193483333333333,0.015124410473247751
2023-03-16,6.218,6.234,6.151,6.165,252010528,1562174915,-0.012335789810958064,6.324599999999999,6.194183333333333,0.006859382655560964
2023-03-17,6.202,6.26,6.181,6.201,421830402,2626433994,0.005839416058394109,6.32165,6.195499999999999,0.01290427964717411
2023-03-20,6.21,6.224,6.17,6.182,204507186,1267461273,-0.0030640219319463258,6.31285,6.196883333333333,0.013608788325955024
2023-03-21,6.199,6.25,6.196,6.247,310253301,1933302437,0.010514396635392886,6.30545,6.2015,0.04639865996649917
2023-03-22,6.255,6.285,6.255,6.281,152766043,958505755,0.005442612453977924,6.30005,6.207750000000001,0.06349475110057567
2023-03-23,6.275,6.317,6.268,6.316,176004304,1107822682,0.005572361088998612,6.29695,6.215083333333333,0.07488087134104826
2023-03-24,6.32,6.331,6.298,6.324,145644215,920210934,0.001266624445851905,6.29495,6.2236,0.0879064166523309
2023-03-27,6.323,6.331,6.28,6.321,191704741,1210959629,-0.0004743833017077925,6.294449999999999,6.232433333333334,0.09152132619582098
2023-03-28,6.321,6.34,6.291,6.305,238254843,1504138899,-0.0025312450561619793,6.2911,6.23985,0.07593856655290088
2023-03-29,6.315,6.319,6.264,6.279,220384768,1385221847,-0.004123711340206171,6.2844999999999995,6.246166666666666,0.06423728813559304
2023-03-30,6.279,6.315,6.24,6.312,419801778,2634433755,0.00525561395126628,6.2799,6.253299999999999,0.07273963290278718
2023-03-31,6.312,6.364,6.305,6.359,349535045,2214202524,0.007446134347274924,6.2778,6.261266666666668,0.08127869409964283
2023-04-03,6.37,6.44,6.366,6.423,280398797,1798020591,0.010064475546469609,6.2787999999999995,6.270200000000001,0.09104807202310194
2023-04-04,6.429,6.432,6.396,6.427,161982604,1039482675,0.0006227619492449321,6.285,6.277816666666666,0.0765494137353433
2023-04-06,6.414,6.44,6.406,6.426,245472012,1577734331,-0.00015559358954397862,6.29065,6.285449999999999,0.07674262734584447
2023-04-07,6.426,6.487,6.422,6.475,165722339,1071993208,0.007625272331154509,6.2991,6.292916666666667,0.07433217189314734
2023-04-10,6.482,6.486,6.419,6.432,296201636,1910698833,-0.0066409266409265255,6.3094,6.299449999999999,0.0649006622516557
2023-04-11,6.43,6.447,6.407,6.431,336113026,2159284187,-0.00015547263681592316,6.3179,6.305766666666667,0.06262392597488442
2023-04-12,6.445,6.458,6.423,6.453,357708817,2306354888,0.0034209298709377833,6.33005,6.3122,0.06362287786385368
2023-04-13,6.448,6.461,6.417,6.425,278155569,1791079105,-0.004339067100573413,6.3392,6.3186333333333335,0.06391786719655568
2023-04-14,6.431,6.465,6.415,6.44,253073142,1630033257,0.0023346303501945442,6.35295,6.3254166666666665,0.06746229073429477
2023-04-17,6.425,6.476,6.424,6.472,115124873,743336830,0.00496894409937898,6.3665,6.331883333333334,0.06377383300460227
2023-04-18,6.47,6.472,6.432,6.459,198494786,1281483847,-0.0020086526576020836,6.38035,6.33715,0.05144066417060067
2023-04-19,6.455,6.469,6.418,6.429,122361672,788762173,-0.004644681839293896,6.38945,6.341783333333334,0.045195903105186286
2023-04-20,6.425,6.428,6.398,6.422,145962021,935610341,-0.0010888163011355534,6.3965000000000005,6.3459,0.040000000000000036
2023-04-21,6.422,6.422,6.25,6.269,262798414,1664466758,-0.023824353783867935,6.39415,6.346516666666667,0.00593709884467275
2023-04-24,6.273,6.281,6.207,6.227,196980054,1230839704,-0.006699633115329395,6.3893,6.345683333333333,-0.007965588657001699
2023-04-25,6.222,6.241,6.063,6.133,255490290,1569307133,-0.015095551629998427,6.3799,6.342933333333333,-0.026198793267704024
2023-04-26,6.124,6.187,6.119,6.159,305347118,1879711020,0.004239360834827899,6.3726,6.340533333333332,-0.022846263683960033
2023-04-27,6.157,6.215,6.145,6.185,211592316,1307713905,0.0042214645234615045,6.367900000000001,6.337366666666666,-0.029803921568627545
2023-04-28,6.197,6.28,6.18,6.277,211176402,1317176778,0.0148746968472111,6.36615,6.335566666666667,-0.0169146436961628
2023-05-04,6.26,6.279,6.25,6.278,162845964,1020452338,0.00015931177313999179,6.3621,6.33425,-0.012427245556079991
2023-05-05,6.278,6.281,6.191,6.222,169427065,1053303886,-0.008920038228735105,6.35205,6.332483333333333,-0.01675094816687739
2023-05-08,6.223,6.284,6.219,6.261,148333733,927563534,0.006268081002893,6.34375,6.331316666666666,-0.011056705101879727
2023-05-09,6.262,6.291,6.2,6.204,258188375,1614043547,-0.009103977000479269,6.332649999999999,6.3299666666666665,-0.012887828162291282
2023-05-10,6.202,6.233,6.17,6.193,181731559,1126003451,-0.0017730496453900457,6.31855,6.326916666666666,-0.02870138017565882
2023-05-11,6.199,6.212,6.17,6.174,84753143,524704235,-0.00306797997739372,6.30565,6.323883333333333,-0.028634361233480066
2023-05-12,6.168,6.206,6.108,6.114,146367154,899892508,-0.009718172983479212,6.2898000000000005,6.319216666666666,-0.04379105411323114
2023-05-15,6.109,6.191,6.07,6.182,161716103,991617637,0.011122015047432265,6.27625,6.3153999999999995,-0.03571985649664622
2023-05-16,6.182,6.186,6.124,6.141,99594636,612874093,-0.006632157877709544,6.26205,6.3111,-0.04031879981247066
2023-05-17,6.126,6.169,6.119,6.143,153833123,944882702,0.00032567985670084454,6.2472,6.30825,-0.02708267342413684
2023-05-18,6.154,6.179,6.123,6.153,173411166,1067228667,0.0016278691193227779,6.23125,6.306466666666667,-0.01709265175718855
2023-05-19,6.145,6.192,6.115,6.158,172916840,1064504043,0.0008126117341136219,6.2162,6.303133333333333,-0.0314564328405158
2023-05-22,6.157,6.177,6.116,6.149,115364378,708922176,-0.0014615134784021766,6.2022,6.299033333333332,-0.03846755277560587
2023-05-23,6.149,6.154,6.081,6.084,138718265,849720503,-0.010570824524312905,6.1853,6.29395,-0.047738300203474804
2023-05-24,6.08,6.099,6.031,6.038,246137952,1493635574,-0.007560815253122799,6.17375,6.288283333333333,-0.05330824709940418
2023-05-25,6.04,6.069,5.959,6.02,195486999,1175020417,-0.0029811195760186537,6.1634,6.28255,-0.05405405405405406
2023-05-26,6.022,6.088,5.986,6.073,175032983,1056899255,0.008803986710963496,6.1604,6.27825,-0.04075185594692776
2023-05-29,6.09,6.106,6.043,6.066,191794612,1163727672,-0.001152642845381302,6.155749999999999,6.273149999999999,-0.048022598870056554
2023-05-30,6.063,6.107,6.004,6.099,210721483,1277269444,0.005440158259149452,6.15145,6.26795,-0.04866635470285441
2023-05-31,6.09,6.104,6.049,6.092,171319304,1041171961,-0.0011477291359239805,6.1422,6.26275,-0.04871955028107433
2023-06-01,6.094,6.144,6.06,6.102,287510043,1756775683,0.0016414970453053623,6.1334,6.257766666666667,-0.04671145133572874
2023-06-02,6.12,6.171,6.119,6.154,243542683,1498036362,0.008521796132415549,6.13,6.253616666666667,-0.038888021240043646
2023-06-05,6.145,6.155,6.126,6.141,105320370,646892503,-0.00211244718882031,6.1240000000000006,6.250916666666667,-0.025702046644454968
2023-06-06,6.142,6.143,6.021,6.027,149959162,911274749,-0.018563751831949138,6.11515,6.24615,-0.045303342309519934
2023-06-07,6.031,6.065,6.02,6.031,136041008,821895904,0.0006636801061887798,6.10705,6.2415666666666665,-0.04360926102124962
2023-06-08,6.034,6.048,5.976,6.018,192352457,1155659962,-0.0021555297628916836,6.09925,6.238099999999999,-0.03340828782524896
2023-06-09,6.03,6.08,6.019,6.069,208167520,1258499361,0.008474576271186418,6.0969999999999995,6.2349,-0.030666027791087735
2023-06-12,6.075,6.114,6.055,6.087,187492595,1141939037,0.002965892239248591,6.09225,6.23285,-0.019806763285024176
2023-06-13,6.087,6.113,6.078,6.105,125694910,766961295,0.0029571217348449697,6.09045,6.230566666666666,-0.021948093559756465
2023-06-14,6.114,6.131,6.101,6.112,119556637,731159070,0.001146601146601034,6.088900000000001,6.229683333333333,-0.008596918085969185
2023-06-15,6.12,6.18,6.116,6.166,195446059,1201564432,0.008835078534031426,6.08955,6.229100000000001,-0.005644250927269723
2023-06-16,6.167,6.231,6.166,6.209,206526990,1281786865,0.006973726889393239,6.0921,6.229550000000001,0.004367518602393927
2023-06-19,6.22,6.225,6.195,6.201,119261850,740304877,-0.0012884522467385695,6.0947,6.228783333333333,-0.007363534496558355
2023-06-20,6.203,6.216,6.18,6.198,76227170,472444970,-0.0004837929366230398,6.1004000000000005,6.2274,-0.013214456296767874
2023-06-21,6.192,6.192,6.07,6.073,166799278,1021559235,-0.020167796063246257,6.10215,6.22335,-0.03847371754274853
2023-06-26,6.044,6.059,5.96,5.972,344323154,2066980354,-0.016630989626214343,6.09975,6.217483333333333,-0.055660974067046065
2023-06-27,5.973,6.028,5.972,6.017,317296126,1907525642,0.0075351640991292435,6.0969500000000005,6.212416666666666,-0.04809365606707794
2023-06-28,6.013,6.033,5.936,6.031,273021272,1633413936,0.002326740900780999,6.0952,6.20785,-0.04345757335448053
2023-06-29,6.018,6.042,6.0,6.022,221543312,1333935245,-0.0014922898358480374,6.09135,6.203566666666668,-0.040930084408345224
2023-06-30,6.011,6.106,6.011,6.095,197145563,1198238000,0.01212221853204909,6.0915,6.19995,-0.03437896070975932
2023-07-03,6.104,6.145,6.085,6.124,166205776,1017304780,0.0047579983593109,6.092599999999999,6.196033333333333,-0.03695549614719296
2023-07-04,6.119,6.141,6.117,6.138,173412653,1063242106,0.002286087524493885,6.0918,6.191283333333333,-0.04437178888369919
2023-07-05,6.132,6.144,6.095,6.107,232233781,1421447518,-0.005050505050504972,6.0901,6.185950000000001,-0.049789948654115346
2023-07-06,6.1,6.135,6.067,6.072,169769132,1033798369,-0.005731128213525505,6.092350000000001,6.18005,-0.0550887021475257
2023-07-07,6.07,6.082,6.024,6.056,113652561,687991371,-0.0026350461133070047,6.0936,6.173066666666667,-0.06471042471042465
2023-07-10,6.078,6.101,6.048,6.077,118525164,719682020,0.0034676354029061773,6.09655,6.16715,-0.055192786069651834
2023-07-11,6.089,6.129,6.07,6.127,103167702,629303370,0.008227743952608169,6.09945,6.162083333333333,-0.047271030943865644
2023-07-12,6.129,6.134,6.058,6.066,94053268,573197538,-0.009955932756650854,6.0984,6.155633333333333,-0.0599721059972107
2023-07-13,6.089,6.154,6.089,6.15,178013199,1090755327,0.013847675568744,6.10065,6.15105,-0.04280155642023342
2023-07-14,6.155,6.157,6.125,6.126,88634806,544267498,-0.0039024390243902474,6.10135,6.145816666666667,-0.0487577639751553
2023-07-17,6.119,6.119,6.078,6.111,192122431,1170740595,-0.0024485798237023904,6.098599999999999,6.139799999999999,-0.05577873918417808
2023-07-18,6.111,6.128,6.078,6.102,157154980,958453839,-0.0014727540500735214,6.093249999999999,6.13385,-0.05527171388759855
2023-07-19,6.094,6.117,6.064,6.093,120486972,733814812,-0.001474926253687392,6.08785,6.1282499999999995,-0.05226318245450312
2023-07-20,6.105,6.12,6.022,6.027,258153154,1568483529,-0.010832102412604572,6.0793,6.121666666666666,-0.06150731859233882
2023-07-21,6.025,6.07,6.014,6.03,257450411,1553404150,0.0004977600796416404,6.0771500000000005,6.117683333333333,-0.03812410272770772
2023-07-24,6.0,6.061,6.0,6.02,104838247,632051377,-0.0016583747927032544,6.079549999999999,6.114233333333333,-0.03324233178095404
2023-07-25,6.07,6.125,6.07,6.118,185267438,1131145907,0.016279069767441978,6.0846,6.1139833333333335,-0.0024457850970160955
2023-07-26,6.117,6.123,6.087,6.107,104338364,637071333,-0.0017979731938542187,6.0884,6.113116666666667,-0.00844292904692312
2023-07-27,6.112,6.119,6.055,6.065,97642469,594989648,-0.006877353856230561,6.09055,6.111116666666667,-0.019401778496362043
2023-07-28,6.04,6.162,6.04,6.157,175933487,1078204657,0.01516900247320696,6.09365,6.109116666666666,-0.019117412776804232
2023-07-31,6.166,6.253,6.164,6.196,226948657,1410878740,0.006334253694981307,6.097250000000001,6.10775,-0.013061484549219515
2023-08-01,6.196,6.226,6.19,6.201,170567104,1058342809,0.0008069722401549129,6.1004,6.107399999999999,-0.0033751205400194273
2023-08-02,6.197,6.22,6.16,6.179,152078839,940707002,-0.0035478148685694766,6.104,6.106033333333333,-0.013096949369110322
2023-08-03,6.176,6.202,6.147,6.2,234307463,1449039292,0.0033986081890273745,6.1104,6.105966666666666,-0.0006447453255963298
2023-08-04,6.23,6.28,6.213,6.241,215831469,1348209240,0.006612903225806432,6.11965,6.106766666666667,0.00775068625867914
2023-08-07,6.234,6.238,6.187,6.2,380764354,2361615867,-0.006569460022432194,6.1258,6.1072,0.00421120829284094
2023-08-08,6.19,6.199,6.156,6.179,294860767,1822186652,-0.0033870967741935765,6.1284,6.1082833333333335,0.01063133791298676
2023-08-09,6.165,6.178,6.127,6.137,422188480,2595236507,-0.00679721637805486,6.131950000000001,6.1075333333333335,-0.007279197670656878
2023-08-10,6.137,6.153,6.11,6.135,204947551,1257057943,-0.0003258921297050188,6.1312,6.107433333333333,-0.0009770395701026446
2023-08-11,6.136,6.145,6.012,6.014,291257891,1766448422,-0.01972290138549304,6.1256,6.105283333333333,-0.020999511639264168
2023-08-14,5.97,6.032,5.944,6.021,260845764,1560642068,0.0011639507815097705,6.1211,6.103083333333333,-0.021452949780594754
2023-08-15,6.01,6.035,5.937,5.988,228484044,1367680954,-0.005480817140009919,6.1154,6.100250000000001,-0.027606365703150337
2023-08-16,5.966,5.995,5.943,5.945,226883262,1352673932,-0.007181028724114968,6.108,6.096850000000001,-0.03317612619938193
2023-08-17,5.922,5.994,5.889,5.981,314317963,1870307730,0.006055508830950407,6.105700000000001,6.095133333333334,-0.016929651545036117
2023-08-18,5.975,6.0,5.886,5.888,316070370,1878181523,-0.015549239257649172,6.098599999999999,6.092633333333334,-0.02484266313348793
2023-08-21,5.871,5.914,5.809,5.811,326136289,1913880144,-0.013077445652173947,6.088150000000001,6.089150000000001,-0.03471760797342183
2023-08-22,5.83,5.855,5.75,5.838,327293343,1903831840,0.004646360351058254,6.07415,6.085233333333333,-0.03869586695208305
2023-08-23,5.834,5.834,5.728,5.738,299712509,1729652220,-0.01712915381980129,6.0557,6.079766666666667,-0.05407187603033292
2023-08-24,5.742,5.809,5.727,5.754,252676187,1455596440,0.0027884280237013837,6.04015,6.074016666666667,-0.05656665027053631
2023-08-25,5.734,5.759,5.658,5.686,274076915,1564353078,-0.011817865832464358,6.0165999999999995,6.06725,-0.06664478003939589
2023-08-28,5.989,5.989,5.728,5.749,515948238,3011273191,0.011079845233907815,5.99425,6.061366666666667,-0.05784988528351376
2023-08-29,5.742,5.904,5.739,5.874,1182384406,6900723499,0.02174291181074972,5.9779,6.0567,-0.04549886252843682
2023-08-30,5.874,5.923,5.852,5.875,311284880,1832472792,0.0001702417432754011,5.9627,6.052266666666666,-0.043315420941214766
2023-08-31,5.869,5.886,5.828,5.846,223404352,1307594599,-0.0049361702127659335,5.945,6.04925,-0.030031524805044008
2023-09-01,5.859,5.883,5.835,5.852,222355302,1301831939,0.0010263427984946727,5.925549999999999,6.046266666666667,-0.029679986735201336
2023-09-04,5.881,5.94,5.858,5.936,310054688,1833756164,0.014354066985645897,5.91235,6.0449,-0.013625789298770341
2023-09-05,5.927,5.93,5.882,5.893,328947638,1939549756,-0.007243935309973026,5.89805,6.041966666666667,-0.028999835228208926
2023-09-06,5.876,5.914,5.848,5.891,230264068,1354396023,-0.00033938571186153954,5.88575,6.0387,-0.03219977000164276
2023-09-07,5.891,5.891,5.802,5.809,350551641,2047335843,-0.01391953827873027,5.8694500000000005,6.033766666666667,-0.048484848484848575
2023-09-08,5.795,5.833,5.786,5.807,327644987,1904449593,-0.0003442933379238511,5.8591,6.028683333333333,-0.04990183246073299
2023-09-11,5.814,5.91,5.802,5.874,346382028,2029703953,0.011537799207852473,5.85175,6.023816666666666,-0.04735647096983464
2023-09-12,5.874,5.895,5.863,5.876,249467310,1466529654,0.00034048348655102423,5.84615,6.018266666666666,-0.05363182477049433
2023-09-13,5.875,5.875,5.783,5.817,329323919,1915493459,-0.010040844111640634,5.83975,6.011866666666667,-0.061925495887759974
2023-09-14,5.813,5.819,5.779,5.812,259690199,1506656494,-0.0008595495960116439,5.8313,6.0054333333333325,-0.062278154243304296
2023-09-15,5.821,5.852,5.782,5.813,264264130,1537412136,0.00017205781142459742,5.8275500000000005,6.0011,-0.04281244854273025
2023-09-18,5.8,5.846,5.772,5.825,574922778,3349618231,0.0020643385515224377,5.82825,5.9986500000000005,-0.024614869390488958
2023-09-19,5.817,5.824,5.776,5.8,239879269,1389655445,-0.0042918454935623185,5.82635,5.9950333333333345,-0.036064483962107485
2023-09-20,5.782,5.798,5.758,5.759,314278187,1815632673,-0.0070689655172413435,5.8274,5.9905,-0.04510031503896528
2023-09-21,5.746,5.775,5.71,5.713,283288923,1624386983,-0.00798749782948438,5.82535,5.9853499999999995,-0.051311856526071065
2023-09-22,5.703,5.813,5.703,5.811,376964568,2177669265,0.017153859618414202,5.8316,5.980616666666666,-0.046595570139458586
2023-09-25,5.8,5.807,5.761,5.778,344278661,1988022795,-0.005678884873515755,5.83305,5.97485,-0.05649902024820386
2023-09-26,5.772,5.788,5.757,5.759,213613137,1231863590,-0.003288335064035919,5.8273,5.968533333333334,-0.06174649723036818
2023-09-27,5.758,5.812,5.755,5.784,431830275,2499945341,0.004341031429067499,5.82275,5.96315,-0.0528901260848208
2023-09-28,5.79,5.808,5.783,5.792,260336074,1508370936,0.0013831258644536604,5.82005,5.958483333333334,-0.04611330698287219
2023-10-09,5.79,5.792,5.731,5.76,207641073,1194573423,-0.0055248618784530246,5.81545,5.953549999999999,-0.04887714663143994
2023-10-10,5.766,5.792,5.727,5.732,121687633,699428031,-0.004861111111111094,5.80525,5.9478,-0.0567714332729965
2023-10-11,5.755,5.783,5.715,5.727,355273505,2037223625,-0.0008722958827633853,5.79695,5.941133333333332,-0.06528480496164513
2023-10-12,5.756,5.779,5.741,5.77,223699144,1289381469,0.007508294045748043,5.790900000000001,5.9362,-0.04879657105176394
2023-10-13,5.746,5.746,5.723,5.74,170087285,975045644,-0.005199306759098632,5.78745,5.929366666666668,-0.06666666666666665
2023-10-16,5.74,5.742,5.661,5.683,194104657,1104363923,-0.009930313588850215,5.78125,5.921983333333333,-0.07231472412667328
2023-10-17,5.69,5.695,5.657,5.694,198775831,1129134383,0.0019355973957417838,5.77225,5.915033333333333,-0.06823760432007853
2023-10-18,5.684,5.685,5.616,5.626,195835502,1104820789,-0.011942395504039305,5.7597499999999995,5.9071,-0.0780072107505736
2023-10-19,5.605,5.633,5.549,5.561,257756922,1441578583,-0.011553501599715688,5.74695,5.898233333333334,-0.08731331035614642
2023-10-20,5.541,5.571,5.504,5.523,243978901,1350522109,-0.006833303362704601,5.7325,5.889833333333334,-0.08362369337979103
2023-10-23,5.509,5.513,5.357,5.376,505711261,2730233385,-0.026615969581748944,5.710649999999999,5.878933333333333,-0.10845771144278604
2023-10-24,5.395,5.455,5.377,5.44,613668043,3327012451,0.011904761904761862,5.6914,5.869266666666666,-0.09634551495016597
2023-10-25,5.482,5.517,5.466,5.467,315951907,1734052334,0.004963235294117574,5.67475,5.858416666666667,-0.1064073226544624
2023-10-26,5.446,5.506,5.43,5.491,220579915,1204548961,0.004389976220962044,5.6613500000000005,5.84815,-0.1008678565580482
2023-10-27,5.47,5.614,5.468,5.595,401735236,2229846831,0.01894008377344747,5.65545,5.840316666666666,-0.07749381698268765
2023-10-30,5.575,5.66,5.57,5.64,290763365,1635597914,0.008042895442359255,5.6469000000000005,5.8317,-0.08396946564885499
2023-10-31,5.638,5.649,5.601,5.627,212299768,1193302494,-0.0023049645390070816,5.639349999999999,5.822216666666666,-0.09183344092963197
2023-11-01,5.653,5.653,5.591,5.615,121710894,682839727,-0.0021325750844143343,5.632149999999999,5.81245,-0.09450088695371706
2023-11-02,5.62,5.638,5.559,5.564,144900219,809851892,-0.009082813891362451,5.62115,5.8022,-0.09953066839294389
2023-11-03,5.565,5.642,5.564,5.605,351771209,1974546863,0.007368799424874339,5.611800000000001,5.792283333333333,-0.09596774193548385
2023-11-06,5.64,5.707,5.64,5.7,404905375,2303258966,0.016949152542372836,5.6088,5.783266666666667,-0.08668482614965545
2023-11-07,5.687,5.733,5.677,5.709,199187843,1135660661,0.0015789473684209021,5.60765,5.775083333333334,-0.07919354838709691
2023-11-08,5.7,5.733,5.678,5.705,209841519,1197799593,-0.0007006480994919961,5.60655,5.7671833333333336,-0.07671144198090307
2023-11-09,5.7,5.743,5.68,5.693,211794007,1207443585,-0.002103418054338335,5.6027000000000005,5.759783333333333,-0.07234805279452505
2023-11-10,5.68,5.681,5.647,5.673,202518880,1147581005,-0.0035130862462672274,5.599349999999999,5.752083333333333,-0.07530562347188263
2023-11-13,5.68,5.707,5.658,5.704,226143951,1284047766,0.005464480874316946,5.6004,5.7469166666666665,-0.05154639175257736
2023-11-14,5.704,5.74,5.695,5.728,240446325,1375112983,0.004207573632538653,5.6021,5.7420333333333335,-0.04866301278857332
2023-11-15,5.773,5.791,5.747,5.765,218542945,1259417788,0.0064594972067038015,5.60905,5.738316666666666,-0.03724114896459596
2023-11-16,5.752,5.755,5.705,5.707,172044133,985662358,-0.010060711188204619,5.61635,5.73435,-0.04003364171572754
2023-11-17,5.689,5.728,5.687,5.726,206916279,1181257982,0.0033292447871036135,5.6265,5.730099999999999,-0.0426350108677479
2023-11-20,5.729,5.772,5.702,5.758,214658754,1230682071,0.005588543485854025,5.6456,5.7279333333333335,-0.022078804347826053
2023-11-21,5.769,5.799,5.729,5.741,170574268,984121338,-0.002952414032650341,5.6606499999999995,5.726766666666666,-0.012046119428669844
2023-11-22,5.722,5.743,5.666,5.668,252113494,1439011385,-0.012715554781396854,5.670699999999999,5.723933333333334,-0.029119561493662238
2023-11-23,5.661,5.729,5.64,5.719,226519246,1289509832,0.00899788285109393,5.6821,5.7236166666666675,-0.0033112582781457123
2023-11-24,5.72,5.72,5.652,5.673,336445563,1911176710,-0.008043364224514793,5.686,5.722266666666667,-0.014077163712200136
2023-11-27,5.658,5.679,5.622,5.659,174435221,985194828,-0.002467830072272248,5.6869499999999995,5.721816666666667,-0.00474850510024627
2023-11-28,5.656,5.695,5.618,5.685,178045769,1007063990,0.004594451316487058,5.68985,5.72075,-0.011132370847103834
2023-11-29,5.68,5.689,5.64,5.656,122994324,697041350,-0.005101143359718563,5.6919,5.7171166666666675,-0.03711270003404832
2023-11-30,5.655,5.657,5.6,5.637,167008893,940425344,-0.003359264497878378,5.69555,5.713150000000001,-0.04051063829787238
2023-12-01,5.631,5.677,5.613,5.664,148748725,838384283,0.0047897817988291624,5.6985,5.710116666666667,-0.031132398221005886
2023-12-04,5.667,5.688,5.651,5.652,156572665,887198376,-0.0021186440677964935,5.6960999999999995,5.706783333333333,-0.03417634996582364
2023-12-05,5.64,5.64,5.561,5.565,181560826,1017329288,-0.015392781316348136,5.6889,5.7006,-0.06249999999999989
2023-12-06,5.558,5.614,5.542,5.577,190433199,1062133386,0.0021563342318058343,5.6825,5.695333333333333,-0.053622942474121804
2023-12-07,5.568,5.602,5.533,5.582,257899824,1435752959,0.0008965393580777636,5.67695,5.690183333333334,-0.05245289424545918
2023-12-08,5.58,5.62,5.577,5.594,250044105,1400010203,0.002149767108563294,5.673,5.686599999999999,-0.03701153382682043
2023-12-11,5.569,5.677,5.531,5.656,403114528,2264477778,0.011083303539506595,5.670599999999999,5.684083333333333,-0.02600309970725001
2023-12-12,5.65,5.671,5.639,5.666,181481656,1026398177,0.0017680339462518013,5.6674999999999995,5.680616666666666,-0.03541028260129375
2023-12-13,5.657,5.657,5.599,5.607,212535853,1196368682,-0.010412989763501579,5.6596,5.6761333333333335,-0.045779441797140885
2023-12-14,5.626,5.658,5.577,5.588,281872693,1583535248,-0.00338862136614948,5.65365,5.672316666666665,-0.03936737149733538
2023-12-15,5.6,5.616,5.527,5.544,347047229,1931426648,-0.007874015748031593,5.64455,5.6678500000000005,-0.04611149346180332
2023-12-18,5.52,5.545,5.473,5.483,188401013,1036538009,-0.011002886002886014,5.6308,5.66235,-0.05676931016686737
2023-12-19,5.483,5.505,5.441,5.474,237321487,1297960196,-0.001641437169432658,5.61745,5.656499999999999,-0.06025751072961372
2023-12-20,5.482,5.486,5.406,5.412,193387015,1050928791,-0.011326269638290198,5.60465,5.650033333333332,-0.06689655172413789
2023-12-21,5.39,5.451,5.349,5.426,325304623,1757574800,0.002586844050258774,5.59,5.644483333333334,-0.05782253863517972
2023-12-22,5.421,5.461,5.383,5.41,335688525,1815424437,-0.002948765204570547,5.576849999999999,5.639433333333333,-0.053036933309994705
2023-12-25,5.408,5.437,5.378,5.403,313964385,1697294843,-0.0012939001848429887,5.56405,5.632633333333334,-0.07021166752710384
2023-12-26,5.4,5.402,5.33,5.356,254351034,1362422437,-0.008698870997593922,5.5476,5.6256,-0.07303565247490473
2023-12-27,5.359,5.387,5.321,5.372,256857152,1375160915,0.0029873039581778116,5.533399999999999,5.61915,-0.06719916652196567
2023-12-28,5.371,5.493,5.361,5.475,348719375,1900033209,0.01917349218168285,5.5253,5.614,-0.053423236514522854
2023-12-29,5.478,5.535,5.471,5.519,271335651,1496527264,0.008036529680365279,5.51805,5.60945,-0.047133977900552404
2024-01-02,5.524,5.53,5.492,5.497,309257247,1705665321,-0.003986229389382201,5.5103,5.6050666666666675,-0.045659722222222254
2024-01-03,5.49,5.517,5.461,5.49,225549747,1238302777,-0.0012734218664726127,5.50655,5.6010333333333335,-0.04221912072575018
2024-01-04,5.491,5.495,5.417,5.446,274755534,1495540700,-0.00801457194899824,5.5,5.59635,-0.04906582853151742
2024-01-05,5.438,5.463,5.356,5.376,203198730,1099041995,-0.0128534704370179,5.4897,5.589783333333333,-0.06828422876949725
2024-01-08,5.361,5.364,5.248,5.25,292271227,1547033096,-0.02343750000000011,5.472499999999999,5.581616666666666,-0.08536585365853666
2024-01-09,5.252,5.309,5.238,5.262,222079452,1169642672,0.0022857142857142243,5.4528,5.5746,-0.07408059123702271
2024-01-10,5.244,5.303,5.2,5.249,209654218,1101714579,-0.0024705435195743197,5.43195,5.567183333333333,-0.07815244116613984
2024-01-11,5.24,5.335,5.235,5.312,269530893,1426398489,0.012002286149742858,5.417199999999999,5.5619499999999995,-0.05581230003554927
2024-01-12,5.295,5.358,5.289,5.292,237771181,1265314829,-0.0037650602409639022,5.4024,5.5574666666666666,-0.04837259485704015
2024-01-15,5.275,5.333,5.254,5.279,157741469,834370669,-0.0024565381708239187,5.38915,5.553399999999999,-0.0441788882853521
2024-01-16,5.266,5.297,5.21,5.274,239041191,1256028405,-0.0009471490812653638,5.3787,5.551699999999999,-0.0189732142857143
2024-01-17,5.254,5.262,5.138,5.141,198166086,1032494763,-0.02521805081532047,5.36205,5.546716666666667,-0.05496323529411773
2024-01-18,5.136,5.153,5.002,5.146,476078766,2412324445,0.0009725734292937993,5.34875,5.541366666666667,-0.058715931955368506
2024-01-19,5.119,5.162,5.095,5.106,319621772,1639168635,-0.0077730275942479166,5.33275,5.534949999999999,-0.07011473319978145
2024-01-22,5.088,5.095,4.82,4.87,374553505,1858414199,-0.046220133176654854,5.305750000000001,5.522866666666667,-0.12957998212689892
2024-01-23,4.844,4.971,4.801,4.948,330990310,1623833912,0.016016427104722952,5.2829999999999995,5.511333333333334,-0.12269503546099281
2024-01-24,4.951,5.026,4.839,5.018,344663680,1704636315,0.014147130153597365,5.2661,5.5011833333333335,-0.10822818553403235
2024-01-25,5.018,5.169,4.976,5.166,344570007,1755492249,0.02949382223993635,5.2558,5.4937000000000005,-0.07996438112199467
2024-01-26,5.145,5.168,5.091,5.109,291476644,1497872820,-0.011033681765389103,5.2375,5.486116666666666,-0.08177570093457942
2024-01-29,5.115,5.135,5.012,5.013,196604220,993868410,-0.01879036993540817,5.2122,5.476250000000001,-0.10561998215878687
2024-01-30,4.993,5.027,4.888,4.911,188573563,937038152,-0.020347097546379422,5.1829,5.4631,-0.138421052631579
2024-01-31,4.9,4.918,4.776,4.783,347048353,1675014482,-0.026063938098146888,5.14755,5.447666666666666,-0.16220003503240488
2024-02-01,4.756,4.856,4.709,4.765,348202485,1665132154,-0.0037633284549447588,5.1135,5.4319999999999995,-0.1647677475898336
2024-02-02,4.764,4.811,4.504,4.637,384502313,1800219345,-0.026862539349422954,5.07655,5.4144,-0.18549095380291591
2024-02-05,4.62,4.68,4.351,4.535,3513023777,16081415892,-0.021996980806555877,5.0408,5.395433333333333,-0.20059933016040898
2024-02-06,4.483,4.93,4.465,4.913,1028044408,4861999738,0.08335170893054022,5.02335,5.38225,-0.13867461430575023
2024-02-07,4.941,5.235,4.903,5.225,1324032575,6790668059,0.06350498676979432,5.02215,5.373866666666666,-0.08781424581005592
2024-02-08,5.297,5.475,5.215,5.249,1620518153,8678055731,0.004593301435406705,5.019,5.365266666666667,-0.0895056374674762
2024-02-19,5.3,5.3,5.145,5.215,1551275500,8095394399,-0.006477424271289722,5.01515,5.357066666666666,-0.08620991764499741
2024-02-20,5.186,5.228,5.149,5.215,476352534,2473894419,0.0,5.011950000000001,5.34855,-0.08924205378973105
2024-02-21,5.181,5.34,5.165,5.212,600090064,3156024197,-0.0005752636625120378,5.00885,5.33945,-0.09482459187217784
2024-02-22,5.212,5.27,5.195,5.257,294842333,1542814976,0.008633921719109816,5.01465,5.331383333333333,-0.08430587005748125
2024-02-23,5.259,5.283,5.194,5.281,322514001,1689915433,0.004565341449495941,5.0214,5.324933333333333,-0.06827805222300642
2024-02-26,5.27,5.341,5.241,5.271,386846763,2047977912,-0.0018935807612193711,5.029649999999999,5.317466666666666,-0.07833537331701357
2024-02-27,5.26,5.4,5.245,5.398,367087177,1958600148,0.02409409979131083,5.05605,5.312883333333333,-0.04847523356248906
2024-02-28,5.399,5.472,5.257,5.259,480342901,2584556893,-0.025750277880696393,5.0716,5.306216666666667,-0.07068386640749236
2024-02-29,5.241,5.444,5.241,5.431,634747231,3414044458,0.032705837611713307,5.09225,5.301983333333333,-0.044678979771327954
2024-03-01,5.423,5.478,5.406,5.467,334137323,1818468534,0.006628613515006432,5.1073,5.298833333333333,-0.033415841584158446
2024-03-04,5.461,5.485,5.403,5.465,434066307,2365113919,-0.000365831351746837,5.1251,5.295966666666667,-0.03051268405180052
2024-03-05,5.434,5.475,5.419,5.438,1437463361,7835337665,-0.004940530649588326,5.14635,5.292199999999999,-0.03990112994350281
2024-03-06,5.43,5.496,5.382,5.433,319771339,1739577363,-0.0009194556822360589,5.1724499999999995,5.28855,-0.03874734607218688
2024-03-07,5.432,5.474,5.357,5.363,250232901,1355027777,-0.01288422602613648,5.2014499999999995,5.285183333333333,-0.03629829290206643
2024-03-08,5.37,5.453,5.353,5.434,305053565,1647750286,0.01323885884765974,5.2349,5.2828,-0.02564102564102555
2024-03-11,5.432,5.539,5.423,5.536,399184080,2185225020,0.01877070298122918,5.27985,5.282033333333334,-0.008240773916159183
2024-03-12,5.535,5.564,5.468,5.505,417768877,2302873871,-0.005599710982658879,5.32835,5.280550000000001,-0.015909903468001474
2024-03-13,5.506,5.549,5.47,5.497,346804749,1909456399,-0.0014532243415077417,5.357550000000001,5.277900000000001,-0.02811173974540304
2024-03-14,5.488,5.531,5.433,5.474,318194497,1744951635,-0.004184100418409997,5.369999999999999,5.2747,-0.03388633956936116
2024-03-15,5.463,5.55,5.437,5.549,511545115,2803900784,0.013701132626963819,5.385,5.273733333333333,-0.010344212591403612
2024-03-18,5.552,5.624,5.541,5.62,323205440,1802999075,0.01279509821589464,5.40525,5.274266666666667,0.005726556907659219
2024-03-19,5.61,5.615,5.557,5.561,275607204,1540655668,-0.010498220640569378,5.422549999999999,5.27455,0.003066378066378217
2024-03-20,5.562,5.591,5.543,5.575,188309128,1048538572,0.002517532817838619,5.4407000000000005,5.276083333333333,0.016779135509757515
2024-03-21,5.588,5.599,5.537,5.548,243439887,1354248800,-0.004843049327354243,5.45525,5.277316666666667,0.01351845085860437
2024-03-22,5.547,5.548,5.437,5.465,246963313,1352646428,-0.014960346070656105,5.464449999999999,5.2782,0.00979305247597928
2024-03-25,5.459,5.485,5.374,5.384,270556209,1470479128,-0.014821591948764756,5.4701,5.2775,-0.007740508661997714
2024-03-26,5.386,5.408,5.325,5.36,475166784,2550111826,-0.004457652303120341,5.4682,5.276666666666667,-0.009242144177449174
2024-03-27,5.358,5.358,5.233,5.236,340223481,1803119168,-0.023134328358209055,5.4670499999999995,5.273883333333333,-0.030908754395706062
2024-03-28,5.239,5.361,5.239,5.303,355523602,1885426261,0.01279602750190989,5.460649999999999,5.273,-0.009895444361463723
2024-03-29,5.295,5.375,5.288,5.371,383143358,2042485157,0.012822930416745315,5.45585,5.2729833333333325,-0.00018615040953084971
2024-04-01,5.387,5.493,5.386,5.484,406410272,2217313497,0.021038912679202992,5.456799999999999,5.273133333333334,0.0016438356164383272
2024-04-02,5.483,5.489,5.431,5.462,332181348,1812871679,-0.0040116703136396925,5.458,5.272183333333333,-0.010327957963399248
2024-04-03,5.456,5.466,5.428,5.459,397798545,2167619898,-0.0005492493592090808,5.459300000000001,5.27155,-0.006912861560851469
2024-04-08,5.45,5.465,5.375,5.379,329327164,1785032805,-0.014654698662758814,5.4601,5.269699999999999,-0.020218579234972833
2024-04-09,5.374,5.426,5.369,5.424,178672125,964306442,0.008365867261572957,5.4596,5.269333333333334,-0.00403966213734841
2024-04-10,5.421,5.421,5.32,5.361,197575440,1061909146,-0.011615044247787698,5.45085,5.269083333333333,-0.002790178571428714
2024-04-11,5.336,5.441,5.325,5.386,303801038,1641704048,0.004663309084126155,5.4449000000000005,5.271349999999999,0.025904761904761875
2024-04-12,5.386,5.425,5.347,5.357,312291283,1679792228,-0.005384329743780114,5.437900000000001,5.272933333333333,0.018053971873812413
2024-04-15,5.35,5.464,5.303,5.428,315115758,1702167108,0.013253686764980399,5.4356,5.275916666666666,0.034101733663554956
2024-04-16,5.396,5.429,5.263,5.28,390514610,2085941389,-0.02726602800294764,5.42215,5.275383333333334,-0.0060240963855421326
2024-04-17,5.288,5.424,5.288,5.421,383342457,2058459036,0.02670454545454537,5.4122,5.277533333333334,0.0243764172335601
2024-04-18,5.41,5.5,5.377,5.431,340317599,1851687972,0.0018446781036709492,5.4057,5.280066666666667,0.02879333207046786
2024-04-19,5.413,5.451,5.37,5.394,357334000,1930070728,-0.006812741668201006,5.396649999999999,5.282066666666667,0.022753128555176305
2024-04-22,5.386,5.43,5.34,5.349,195848884,1052433481,-0.008342602892102313,5.386699999999999,5.285533333333333,0.04045905465862676
2024-04-23,5.348,5.374,5.276,5.287,189016313,1003085449,-0.011590951579734554,5.377800000000001,5.287883333333332,0.027399922269724097
2024-04-24,5.296,5.35,5.26,5.349,177145409,940284676,0.01172687724607524,5.37605,5.291933333333334,0.04759106933019974
2024-04-25,5.33,5.385,5.31,5.341,192666420,1029843330,-0.0014956066554495662,5.375100000000001,5.299783333333333,0.09671457905544156
2024-04-26,5.347,5.475,5.346,5.461,797079505,4329716776,0.02246770267740117,5.38635,5.308333333333334,0.10367825383993523
2024-04-29,5.469,5.586,5.465,5.567,566641471,3138793820,0.01941036440212418,5.3995500000000005,5.317483333333333,0.10940613790354736
2024-04-30,5.565,5.575,5.526,5.529,276703817,1535170863,-0.0068259385665528916,5.40745,5.323533333333333,0.07026713124274098
2024-05-06,5.6,5.63,5.589,5.614,512966950,2877857689,0.015373485259540631,5.41395,5.331950000000001,0.09884517518105307
2024-05-07,5.61,5.631,5.593,5.613,228932748,1284759439,-0.0001781261132881573,5.4215,5.34195,0.11968880909634949
2024-05-08,5.61,5.61,5.538,5.542,397556965,2209922264,-0.012649207197577117,5.425649999999999,5.3524666666666665,0.12848706984320923
2024-05-09,5.539,5.663,5.539,5.643,297007902,1671070310,0.018224467701190905,5.43885,5.3668000000000005,0.17980347062513058
2024-05-10,5.647,5.666,5.582,5.623,512157859,2872238383,-0.0035442140705297387,5.4488,5.381100000000001,0.1800629590766003
2024-05-13,5.586,5.62,5.548,5.594,327222804,1826421973,-0.0051573892939711374,5.46045,5.397050000000001,0.20638343756739297
2024-05-14,5.593,5.636,5.57,5.588,268740363,1503325676,-0.0010725777618877386,5.47055,5.414599999999999,0.23219404630650486
2024-05-15,5.588,5.588,5.527,5.539,273196924,1518528125,-0.008768790264853332,5.47965,5.425033333333333,0.127417056788113
2024-05-16,5.555,5.577,5.495,5.513,238365319,1319818161,-0.004693988084491729,5.4839,5.429833333333334,0.05511961722488046
2024-05-17,5.439,5.507,5.42,5.504,515166666,2813505491,-0.0016325049882097709,5.4951,5.434083333333334,0.04858068203467325
2024-05-20,5.507,5.548,5.492,5.524,532273637,2938657577,0.00363372093023262,5.500249999999999,5.439233333333334,0.05925215723873456
2024-05-21,5.506,5.518,5.464,5.484,280856921,1541428580,-0.007241129616220143,5.5028999999999995,5.443716666666666,0.05158197507190798
2024-05-22,5.479,5.493,5.461,5.478,229600047,1257466353,-0.001094091903720007,5.5071,5.44815,0.051036070606293116
2024-05-23,5.465,5.465,5.362,5.383,399242188,2157056181,-0.01734209565534861,5.5088,5.45025,0.023968042609853635
2024-05-24,5.361,5.417,5.324,5.331,209220060,1123114671,-0.009660040869403641,5.511,5.451083333333333,0.00946790380609741
2024-05-27,5.345,5.387,5.294,5.383,242554687,1295755500,0.00975426749202768,5.512700000000001,5.4529499999999995,0.021248339973439556
2024-05-28,5.377,5.379,5.324,5.336,214628386,1148740742,-0.008731190785807086,5.512449999999999,5.4519166666666665,-0.011485735457576807
2024-05-29,5.33,5.386,5.325,5.347,314356143,1685053739,0.0020614692653673217,5.50675,5.453383333333333,0.016733219243202146
2024-05-30,5.347,5.375,5.318,5.336,202574800,1082625287,-0.002057228352347118,5.4952000000000005,5.4518,-0.01749217455348917
2024-05-31,5.347,5.386,5.332,5.335,302109474,1617830981,-0.00018740629685165544,5.4855,5.4496,-0.024144869215291687
2024-06-03,5.329,5.343,5.253,5.294,297309330,1573165845,-0.0076850984067479144,5.4695,5.44675,-0.03129002744739251
2024-06-04,5.289,5.382,5.273,5.365,231804831,1236260806,0.013411409142425557,5.4571,5.445533333333334,-0.013424052960647193
2024-06-05,5.365,5.373,5.304,5.307,186286630,995937984,-0.010810810810810811,5.44535,5.443433333333333,-0.023191606847045687
2024-06-06,5.324,5.34,5.244,5.269,253454271,1341265379,-0.007160354249104994,5.42665,5.441866666666667,-0.017527503263099042
2024-06-07,5.291,5.304,5.212,5.244,274324557,1440518368,-0.004744733345986019,5.4077,5.4387,-0.034965034965035
2024-06-11,5.227,5.275,5.199,5.256,187721605,982239469,0.0022883295194509046,5.3908000000000005,5.434033333333333,-0.050578034682080775
2024-06-12,5.245,5.288,5.243,5.271,189393224,998194127,0.0028538812785388057,5.37495,5.430133333333333,-0.04250681198910078
2024-06-13,5.279,5.283,5.229,5.244,195207821,1024633279,-0.005122367672168449,5.3602,5.425916666666667,-0.046025104602510525
2024-06-14,5.235,5.29,5.214,5.269,314198375,1650786376,0.00476735316552257,5.348000000000001,5.422499999999999,-0.037449762513701135
2024-06-17,5.247,5.273,5.239,5.251,144054083,757577688,-0.0034162080091098,5.33535,5.417533333333334,-0.053703369976572324
2024-06-18,5.255,5.296,5.255,5.278,248072931,1309362390,0.005141877737573575,5.32305,5.411833333333334,-0.060854092526690495
2024-06-19,5.287,5.292,5.218,5.224,197302615,1033228122,-0.010231148162182513,5.31005,5.4062166666666664,-0.060600611400827176
2024-06-20,5.219,5.235,5.141,5.146,173975509,900567952,-0.014931087289433487,5.29345,5.399066666666666,-0.07695067264573996
2024-06-21,5.139,5.181,5.129,5.155,266172134,1372701498,0.001748931208705784,5.28205,5.392516666666666,-0.07083633741888962
2024-06-24,5.14,5.14,5.036,5.047,832073610,4219239878,-0.02095053346265774,5.26785,5.385549999999999,-0.0764867337602928
2024-06-25,5.05,5.065,4.964,5.003,541447501,2717880474,-0.008718050326926852,5.24885,5.3792,-0.07076523031203574
2024-06-26,4.992,5.082,4.97,5.072,380046941,1907111299,0.013791724965021013,5.235650000000001,5.3744,-0.05373134328358209
2024-06-27,5.053,5.059,4.984,4.988,643405801,3221419468,-0.016561514195583493,5.2177,5.370266666666667,-0.04736440030557665
2024-06-28,4.978,5.065,4.972,4.996,414831703,2085352184,0.001603849238171584,5.200699999999999,5.36515,-0.057891759381482055
2024-07-01,4.996,5.078,4.981,5.055,309552714,1557013366,0.01180944755804636,5.1867,5.359883333333333,-0.05883448147458592
2024-07-02,5.052,5.057,4.99,5.009,199828434,1003940421,-0.009099901088031492,5.17245,5.351966666666667,-0.08661560904449306
2024-07-03,5.003,5.014,4.96,4.966,187512343,934475788,-0.008584547813934917,5.1525,5.3437,-0.09080922738923458
2024-07-04,4.98,4.989,4.886,4.895,510761294,2514631260,-0.014297221103503954,5.1319,5.3343,-0.10331562557244922
2024-07-05,4.89,4.941,4.859,4.93,208454223,1020397247,0.007150153217569066,5.11495,5.326816666666668,-0.08347276445435947
2024-07-08,4.915,4.919,4.831,4.848,234362756,1139285363,-0.016632860040567965,5.09515,5.317216666666666,-0.10619469026548678
2024-07-09,4.84,4.957,4.813,4.936,340776622,1665121351,0.018151815181518094,5.07915,5.310133333333334,-0.07927625443014363
2024-07-10,4.926,4.957,4.906,4.908,189594156,934688474,-0.005672609400324102,5.061,5.302166666666667,-0.08874860750092828
2024-07-11,4.964,5.015,4.934,5.007,285178608,1421153966,0.02017114914425422,5.04915,5.296333333333333,-0.06533507560201612
2024-07-12,4.999,5.007,4.973,4.985,150886840,753015882,-0.004393848611943141,5.03495,5.28895,-0.08161385408990418
2024-07-15,4.97,4.978,4.94,4.949,454559832,2254993090,-0.007221664994985,5.01985,5.283433333333334,-0.06268939393939399
2024-07-16,4.939,4.982,4.922,4.966,218752633,1082677266,0.003435037381289252,5.004250000000001,5.27585,-0.08393285371702641
2024-07-17,4.962,4.973,4.926,4.931,614772692,3038141458,-0.007047925896093488,4.9896,5.267516666666666,-0.09206407659731175
2024-07-18,4.917,4.956,4.866,4.954,474545491,2327743494,0.00466436828229555,4.9799999999999995,5.260183333333333,-0.0815721171672229
2024-07-19,4.928,4.978,4.914,4.946,617663569,3056884867,-0.0016148566814695453,4.96955,5.253466666666667,-0.07534118526827449
2024-07-22,4.948,4.965,4.905,4.934,304301393,1503144331,-0.0024262029923168837,4.963900000000001,5.247583333333334,-0.0667675430300737
2024-07-23,4.931,4.952,4.792,4.794,244209927,1186496610,-0.028374543980543288,4.95345,5.238333333333332,-0.10375771172181725
2024-07-24,4.788,4.809,4.73,4.737,325232022,1550710345,-0.011889862327909784,4.9367,5.228266666666667,-0.11308743680958622
2024-07-25,4.724,4.783,4.708,4.731,266030282,1260269705,-0.001266624445851905,4.92385,5.2161,-0.1336751510712324
2024-07-26,4.733,4.82,4.732,4.806,241519194,1156705053,0.01585288522511097,4.914350000000001,5.203416666666667,-0.13669840129333577
2024-07-29,4.801,4.813,4.773,4.776,146991055,703462287,-0.006242197253433224,4.900399999999999,5.1908666666666665,-0.13619099294628323
2024-07-30,4.767,4.789,4.718,4.772,233860704,1113782436,-0.0008375209380233617,4.88855,5.176833333333333,-0.14998218738867108
2024-07-31,4.772,4.977,4.757,4.975,556947116,2729524972,0.042539815590947105,4.889,5.1662,-0.11366470693034036
2024-08-01,4.975,5.012,4.906,4.93,350412231,1736710637,-0.009045226130653283,4.89075,5.156000000000001,-0.11042944785276076
2024-08-02,4.894,4.955,4.854,4.864,223595554,1094886544,-0.013387423935091292,4.887449999999999,5.143016666666666,-0.13804713804713808
2024-08-05,4.84,4.926,4.763,4.77,415275119,2006387779,-0.019325657894736947,4.88355,5.1288,-0.15169838164680782
2024-08-06,4.819,4.852,4.766,4.821,261612049,1257819187,0.010691823899371178,4.877800000000001,5.115916666666666,-0.13818376832320356
2024-08-07,4.818,4.862,4.788,4.823,239167673,1153900681,0.00041485169052069004,4.87355,5.1031666666666675,-0.1369005010737293
2024-08-08,4.811,4.872,4.775,4.833,232784771,1123948107,0.002073398299813345,4.86485,5.091399999999999,-0.12745983029427688
2024-08-09,4.858,4.884,4.789,4.792,216709941,1045691875,-0.008483343678874489,4.8552,5.079383333333334,-0.1307817884999093
2024-08-12,4.79,4.816,4.767,4.794,202717348,971596688,0.00041736227045063856,4.84745,5.06755,-0.1289970930232558
2024-08-13,4.794,4.809,4.751,4.804,190088477,909001809,0.0020859407592825896,4.83935,5.055549999999999,-0.13034033309196225
2024-08-14,4.806,4.806,4.735,4.737,216218720,1028267910,-0.013946711074104945,4.829649999999999,5.0431,-0.13621444201312904
2024-08-15,4.724,4.826,4.72,4.774,537135070,2568201561,0.007810850749419451,4.82065,5.031366666666667,-0.12851405622489953
2024-08-16,4.772,4.786,4.74,4.746,793005347,3772598348,-0.0058651026392960715,4.810650000000001,5.0207500000000005,-0.11833550065019494
2024-08-19,4.741,4.81,4.739,4.754,275948225,1318518497,0.001685630004213845,4.8016499999999995,5.011133333333333,-0.10823485274807743
2024-08-20,4.762,4.762,4.658,4.672,350860297,1645311054,-0.01724863273033228,4.79555,4.9992833333333335,-0.13208248188742344
2024-08-21,4.667,4.683,4.657,4.663,132002140,616166150,-0.0019263698630135329,4.79185,4.988066666666667,-0.1261244377811095
2024-08-22,4.665,4.673,4.598,4.607,402325228,1862544630,-0.01200943598541715,4.7856499999999995,4.975733333333334,-0.13839536188516932
2024-08-23,4.603,4.626,4.59,4.608,158426320,729871103,0.00021706099413920654,4.77575,4.9636000000000005,-0.1364317841079461
2024-08-26,4.612,4.635,4.596,4.613,100972381,465849599,0.0010850694444446418,4.7676,4.9515666666666664,-0.1353327085285847
2024-08-27,4.597,4.605,4.564,4.567,233991849,1071409551,-0.00997181877303277,4.75735,4.93945,-0.1373252738949754
2024-08-28,4.566,4.605,4.555,4.568,272342430,1246905088,0.0002189621195531899,4.737,4.926166666666666,-0.148555452003728
2024-08-29,4.556,4.655,4.548,4.632,436529189,2017728795,0.014010507880910739,4.7221,4.9149166666666675,-0.1271905031091013
2024-08-30,4.628,4.787,4.624,4.712,698948005,3302514338,0.017271157167530138,4.7145,4.905633333333333,-0.10571265894856718
2024-09-02,4.7,4.709,4.615,4.617,436203651,2030627748,-0.020161290322580627,4.70685,4.895183333333334,-0.11956521739130432
2024-09-03,4.616,4.69,4.615,4.666,294458558,1371818907,0.01061295213341995,4.6991000000000005,4.885350000000001,-0.11225266362252662
2024-09-04,4.64,4.7,4.622,4.654,221212081,1031221663,-0.002571795970853108,4.69065,4.875066666666667,-0.11705558717510911
2024-09-05,4.68,4.708,4.655,4.675,169528240,792815040,0.004512247529007363,4.68275,4.8655833333333325,-0.1085049580472921
2024-09-06,4.69,4.693,4.604,4.611,226819157,1052496941,-0.013689839572192497,4.6737,4.854616666666668,-0.12488138166635043
2024-09-09,4.6,4.62,4.561,4.578,180337389,827354731,-0.0071567989590110015,4.6629000000000005,4.8434,-0.12816606360693206
2024-09-10,4.587,4.603,4.5,4.576,277534623,1261403388,-0.000436871996505217,4.6515,4.8317,-0.13300492610837433
2024-09-11,4.556,4.604,4.549,4.588,179262141,820704028,0.002622377622377714,4.64405,4.8210999999999995,-0.1217457886676876
2024-09-12,4.596,4.645,4.566,4.57,242441588,1114419442,-0.003923278116826467,4.633850000000001,4.8115,-0.11193159735717051
2024-09-13,4.574,4.583,4.52,4.522,185817537,846641887,-0.010503282275711179,4.62265,4.80095,-0.12279340446168763
2024-09-18,4.527,4.55,4.463,4.537,210092352,946728410,0.0033171163202121434,4.611800000000001,4.7924500000000005,-0.1010501287893798
2024-09-19,4.546,4.644,4.506,4.6,429681415,1972744331,0.013885827639409154,4.608199999999999,4.785733333333334,-0.08055166899860089
2024-09-20,4.585,4.59,4.542,4.568,265126032,1210706857,-0.006956521739130417,4.6034500000000005,4.777333333333333,-0.09936908517350163
2024-09-23,4.559,4.623,4.55,4.567,250389410,1147856830,-0.00021891418563912968,4.60145,4.770316666666667,-0.08440256615878117
2024-09-24,4.62,4.78,4.579,4.779,862258625,4049151593,0.046419969345303125,4.609999999999999,4.7667,-0.04343474779823864
2024-09-25,4.85,4.929,4.801,4.813,706931216,3436075305,0.007114459091860148,4.619999999999999,4.762666666666666,-0.04787339268051438
2024-09-26,4.795,5.067,4.794,5.061,1178956988,5826198165,0.051527114066071134,4.6447,4.763533333333332,0.010381313635456024
2024-09-27,5.143,5.566,5.105,5.493,619922303,3254160732,0.08535862477771206,4.69095,4.772316666666666,0.1061216270640355
2024-09-30,5.789,6.042,5.501,5.995,1986237264,11428173744,0.0913890405971236,4.7591,4.790649999999999,0.2247191011235956
2024-10-08,6.595,6.595,5.996,6.246,2569826706,16143442550,0.041868223519599734,4.8358,4.812583333333333,0.26693711967545664
2024-10-09,6.041,6.184,5.771,5.863,1362474439,8146262204,-0.06131924431636249,4.8981,4.8295,0.20936468646864692
2024-10-10,5.87,5.987,5.699,5.789,729227227,4265719720,-0.012621524816646912,4.95425,4.8437166666666664,0.17281199351701781
2024-10-11,5.732,5.752,5.485,5.556,786597435,4410523895,-0.04024874762480557,4.99935,4.854516666666666,0.13202933985330056
2024-10-14,5.57,5.717,5.491,5.693,759865177,4258265624,0.024658027357811196,5.05025,4.865950000000001,0.13700818853604946
2024-10-15,5.655,5.75,5.54,5.551,753137968,4249769953,-0.024942912348498103,5.09725,4.875383333333334,0.11354062186559677
2024-10-16,5.497,5.644,5.487,5.546,572479492,3180013532,-0.000900738605656648,5.14565,4.8853333333333335,0.1206304303899779
2024-10-17,5.576,5.633,5.5,5.502,648696583,3600944227,-0.007933645870898065,5.19195,4.894266666666667,0.10793395086588786
2024-10-18,5.505,5.931,5.497,5.737,1139253553,6508900658,0.042711741185023744,5.2494,4.9077,0.1634556885013183
2024-10-21,5.761,5.891,5.718,5.793,695818015,4039396269,0.009761199233048634,5.31055,4.921683333333333,0.16935809446911598
2024-10-22,5.78,5.869,5.759,5.846,431980365,2512260916,0.009148972898325614,5.3767499999999995,4.936683333333333,0.18196522442377683
2024-10-23,5.846,5.956,5.819,5.869,487225036,2869287064,0.003934314060896282,5.443350000000001,4.9522666666666675,0.18950141872719883
2024-10-24,5.838,5.852,5.783,5.818,352188600,2047595636,-0.00868972567728743,5.504250000000001,4.969333333333334,0.21360033375052145
2024-10-25,5.828,5.945,5.821,5.907,387343220,2279652915,0.015297353042282635,5.571199999999999,4.988833333333333,0.24699176694110192
2024-10-28,5.9,5.978,5.876,5.975,532102890,3164122317,0.011511765701709864,5.6415999999999995,5.009566666666667,0.2629465229338406
2024-10-29,5.99,6.013,5.896,5.916,604760363,3594788619,-0.009874476987447589,5.69845,5.028066666666667,0.23096129837702883
2024-10-30,5.899,5.967,5.866,5.934,693021723,4100942113,0.0030425963488842633,5.7545,5.047366666666666,0.24246231155778908
2024-10-31,5.926,6.045,5.902,6.0,624241297,3733061867,0.011122345803842304,5.80145,5.067833333333334,0.25733445096395635
2024-11-01,5.991,6.027,5.896,5.946,391125913,2334815277,-0.009000000000000008,5.8241,5.084016666666667,0.19517587939698489
2024-11-04,5.946,6.035,5.942,6.033,268483775,1607401489,0.014631685166498487,5.826,5.1024,0.22373225152129828
2024-11-05,6.034,6.24,6.004,6.216,575097850,3534847123,0.030333167578319165,5.8245,5.124933333333334,0.2779605263157896
2024-11-06,6.22,6.307,6.18,6.223,501323548,3130969726,0.0011261261261261701,5.842499999999999,5.14915,0.30461215932914065
2024-11-07,6.19,6.35,6.17,6.343,438040030,2740324323,0.01928330387273025,5.8702,5.174516666666666,0.31570213648620626
2024-11-08,6.401,6.438,6.305,6.326,562358322,3581736098,-0.0026801198171212404,5.9087000000000005,5.199566666666668,0.31163176446195306
2024-11-11,6.286,6.435,6.282,6.432,490475345,3121900349,0.016756244072083648,5.9456500000000005,5.226216666666667,0.33085040347610173
2024-11-12,6.44,6.482,6.309,6.372,434782686,2783409078,-0.009328358208955279,5.986700000000001,5.252549999999999,0.3297161936560935
2024-11-13,6.334,6.376,6.261,6.353,281638596,1780235956,-0.002981795354676686,6.02705,5.278533333333333,0.325198164372132
2024-11-14,6.343,6.343,6.17,6.181,520791857,3248174939,-0.02707382339052411,6.061,5.3014833333333335,0.28663613655287246
2024-11-15,6.169,6.194,6.019,6.021,754145798,4604995527,-0.025885779000161757,6.075200000000001,5.322883333333333,0.2710576314122861
2024-11-18,6.03,6.068,5.891,5.931,645407281,3866600959,-0.014947683109118093,6.0821,5.3421666666666665,0.2423544197737746
2024-11-19,5.934,6.029,5.874,6.024,703941083,4200800286,0.01568032372281225,6.090999999999999,5.363466666666667,0.26927939317319827
2024-11-20,6.01,6.109,5.99,6.085,538751198,3258601169,0.010126162018592177,6.1018,5.38565,0.2799747580984435
2024-11-21,6.074,6.104,6.034,6.08,189321420,1149490700,-0.0008216926869351049,6.1149000000000004,5.409116666666667,0.3013698630136987
2024-11-22,6.068,6.074,5.836,5.84,263317898,1567370019,-0.03947368421052633,6.111549999999999,5.428733333333333,0.2524126099077846
2024-11-25,5.855,5.865,5.757,5.825,228601112,1330469443,-0.0025684931506848585,6.10405,5.449033333333333,0.2643802908617321
2024-11-26,5.81,5.863,5.78,5.785,189972212,1105373414,-0.006866952789699621,6.0975,5.468649999999999,0.2554253472222223
2024-11-27,5.782,5.907,5.7,5.896,340214303,1974646675,0.01918755401901473,6.0956,5.490033333333333,0.27812703230002156
2024-11-28,5.889,5.918,5.839,5.858,262295044,1542257518,-0.006445047489823663,6.0885,5.51155,0.28268009634333247
2024-11-29,5.853,6.003,5.831,5.944,404434611,2400334450,0.014680778422669905,6.0884,5.534483333333332,0.3012259194395799
2024-12-02,5.946,6.062,5.939,6.036,365344838,2198082089,0.015477792732166762,6.08855,5.557883333333333,0.3031088082901554
2024-12-03,6.038,6.058,5.977,6.026,297041058,1786279165,-0.0016567263088137496,6.0790500000000005,5.579783333333333,0.2788624787775891
2024-12-04,6.02,6.042,5.948,5.981,264341826,1582832037,-0.007467640225688688,6.06695,5.6025166666666655,0.2954299328568335
2024-12-05,5.965,6.022,5.948,5.998,195504675,1170127566,0.002842334057849838,6.0497,5.624716666666667,0.28546935276468055
2024-12-06,5.996,6.118,5.968,6.076,535886213,3246628869,0.013004334778259352,6.0372,5.648416666666666,0.30554361839278044
2024-12-09,6.075,6.098,6.004,6.043,403153405,2440193600,-0.0054312047399603935,6.0177499999999995,5.671216666666667,0.29262032085561507
2024-12-10,6.28,6.283,6.077,6.095,555232638,3428981363,0.008604997517789092,6.0039,5.69595,0.32183908045977017
2024-12-11,6.081,6.153,6.078,6.141,561392321,3442316136,0.007547169811320753,5.9933,5.7219999999999995,0.3414154652686763
2024-12-12,6.14,6.216,6.123,6.197,429346652,2651723763,0.009119035987624091,5.9941,5.749016666666666,0.35423951048951063
2024-12-13,6.138,6.161,6.08,6.099,777919598,4752739365,-0.015814103598515428,5.997999999999999,5.7741999999999996,0.32933740191804706
2024-12-16,6.09,6.097,5.986,6.005,453326426,2728886124,-0.015412362682406977,6.0017000000000005,5.798116666666667,0.3140043763676148
2024-12-17,6.001,6.018,5.932,5.941,441230110,2629190849,-0.010657785179017498,5.99755,5.821766666666666,0.31379920389208293
2024-12-18,5.955,6.018,5.94,5.979,266987395,1596610199,0.006396229590978075,5.99225,5.8458,0.31783116596870187
2024-12-19,5.931,6.016,5.907,5.997,325478448,1940603791,0.0030105368790767084,5.9881,5.869083333333333,0.30369565217391314
2024-12-20,5.987,6.05,5.979,6.009,414464259,2494039595,0.002001000500250205,5.99655,5.8931000000000004,0.31545534150612986
2024-12-23,6.01,6.025,5.911,5.915,468194897,2789552324,-0.015643201863870915,6.00105,5.915566666666666,0.2951609371578716
2024-12-24,5.916,5.991,5.915,5.982,446985355,2660178402,0.011327134404057526,6.0108999999999995,5.935616666666666,0.25172630257376016
2024-12-25,5.983,5.983,5.884,5.932,482639295,2862134190,-0.008358408559010377,6.012700000000001,5.954266666666667,0.23249532516102245
2024-12-26,5.932,5.988,5.927,5.977,274246605,1637401616,0.007585974376264293,6.01865,5.969533333333334,0.1809918988342225
2024-12-27,5.967,6.075,5.967,5.991,307620621,1851891986,0.0023423121967540705,6.021,5.977833333333333,0.09066084107045325
2024-12-30,5.988,6.021,5.958,5.989,188724543,1131333792,-0.00033383408445997187,6.01865,5.977733333333334,-0.001000834028357045
2024-12-31,5.989,5.999,5.808,5.811,747737923,4398943159,-0.02972115545166132,6.0079,5.970483333333333,-0.06964457252641698
2025-01-02,5.807,5.809,5.579,5.637,435166500,2480093177,-0.02994321115126486,5.9906999999999995,5.966716666666667,-0.03854681903462409
2025-01-03,5.632,5.665,5.504,5.523,446132968,2491017173,-0.020223523150612044,5.96695,5.962283333333334,-0.045949214026602236
2025-01-06,5.515,5.568,5.471,5.51,330231052,1820016062,-0.0023537932283179686,5.93865,5.961516666666667,-0.008279337652987828
2025-01-07,5.511,5.569,5.484,5.568,405535979,2245699727,0.010526315789473717,5.9149,5.959433333333333,-0.021956789039170865
2025-01-08,5.55,5.592,5.41,5.545,423665525,2328052709,-0.004130747126436685,5.8874,5.959333333333333,-0.0010808863267880442
2025-01-09,5.525,5.579,5.521,5.541,268438973,1491120294,-0.0007213706041477863,5.8574,5.95925,-0.0009015506671474771
2025-01-10,5.537,5.586,5.456,5.459,231356509,1274891586,-0.01479877278469599,5.8205,5.9585333333333335,-0.007815339876408589
2025-01-13,5.411,5.509,5.41,5.468,298582680,1630045186,0.0016486535995603457,5.788950000000001,5.95405,-0.04688861774446573
2025-01-14,5.481,5.675,5.456,5.655,501649585,2806795065,0.034198975859546454,5.77145,5.9517500000000005,-0.023821853961677908
2025-01-15,5.645,5.652,5.599,5.61,435364545,2446449508,-0.007957559681697646,5.7549,5.947816666666667,-0.04036948340745805
2025-01-16,5.542,5.633,5.5,5.537,506827011,2819882907,-0.013012477718360116,5.732799999999999,5.942283333333333,-0.05656841029136139
2025-01-17,5.51,5.621,5.51,5.581,275550483,1535603875,0.007946541448437872,5.712,5.9383333333333335,-0.040735647988999535
2025-01-20,5.615,5.666,5.593,5.608,323408071,1821892696,0.004837842680523119,5.69195,5.933350000000001,-0.050617910953106526
2025-01-21,5.63,5.645,5.567,5.628,345043012,1934419704,0.003566333808844524,5.6776,5.927566666666666,-0.05807531380753128
2025-01-22,5.611,5.619,5.559,5.607,321269528,1794710245,-0.003731343283582045,5.65885,5.922416666666666,-0.05223123732251522
2025-01-23,5.65,5.724,5.58,5.584,419264125,2375722731,-0.004102015337970499,5.641450000000001,5.9165833333333335,-0.058982136838557575
2025-01-24,5.569,5.663,5.568,5.652,500924071,2819548146,0.012177650429799458,5.6251999999999995,5.910783333333334,-0.05799999999999994
2025-01-27,5.659,5.675,5.582,5.585,488396060,2744942030,-0.011854210898796902,5.6049,5.904766666666666,-0.06071308442650514
2025-02-05,5.638,5.643,5.582,5.608,263992775,1480763405,0.004118173679498627,5.58585,5.897683333333333,-0.07044588098789994
2025-02-06,5.598,5.749,5.59,5.74,467260696,2663508308,0.023537803138373947,5.5823,5.88975,-0.07657657657657657
2025-02-07,5.744,5.896,5.734,5.831,484232327,2818592532,0.01585365853658538,5.5920000000000005,5.883216666666667,-0.06299212598425186
2025-02-10,5.843,5.891,5.83,5.882,406918921,2387778587,0.008746355685131046,5.6099499999999995,5.875533333333333,-0.07267854327605239
2025-02-11,5.881,5.899,5.819,5.859,271155296,1585641173,-0.003910234614076802,5.6274,5.86775,-0.07382232058172611
2025-02-12,5.839,5.943,5.839,5.936,261595754,1541475241,0.0131421744324971,5.6457999999999995,5.859483333333333,-0.07711442786069655
2025-02-13,5.934,5.955,5.886,5.907,283625467,1678707512,-0.004885444743935263,5.6639,5.851733333333333,-0.07297551789077206
2025-02-14,5.891,5.962,5.886,5.953,323112921,1916674593,0.007787370915862679,5.6845,5.845066666666667,-0.06296237997796306
2025-02-17,5.973,5.982,5.9,5.944,369269204,2194014236,-0.0015118427683521451,5.70875,5.841116666666667,-0.03834331014398962
2025-02-18,5.923,5.947,5.81,5.844,304785110,1795712483,-0.01682368775235521,5.72755,5.838166666666667,-0.02939711011459889
2025-02-19,5.833,5.945,5.83,5.937,318779719,1884120477,0.01591375770020531,5.74165,5.838266666666667,0.001011633788568611
2025-02-20,5.935,5.975,5.914,5.952,382124186,2270456530,0.002526528549772644,5.75875,5.837066666666667,-0.01195219123505975
2025-02-21,5.967,6.068,5.939,6.054,338448705,2037072442,0.017137096774193505,5.7846,5.83655,-0.005094494658997473
2025-02-24,6.048,6.07,5.999,6.036,403427452,2436370003,-0.0029732408325074955,5.8073500000000005,5.835816666666667,-0.007236842105263208
2025-02-25,5.987,6.035,5.955,5.973,280977591,1681769102,-0.010437375745526833,5.8256,5.838033333333334,0.022773972602739834
2025-02-26,5.987,6.056,5.965,6.045,335621096,2018403953,0.012054244098443023,5.84645,5.8416999999999994,0.03776824034334769
2025-02-27,6.034,6.058,5.939,6.029,301350152,1805331282,-0.002646815550041315,5.86755,5.845766666666666,0.04217804667242864
2025-02-28,5.991,6.0,5.847,5.867,314082054,1860658637,-0.02687012771603914,5.8816999999999995,5.845283333333333,-0.00491858887381269
2025-03-03,5.867,5.964,5.851,5.877,277348961,1636751973,0.0017044486108743762,5.892950000000001,5.8456,0.003243427791054909
2025-03-04,5.839,5.944,5.832,5.929,202635722,1196761452,0.008848051727071704,5.91015,5.84535,-0.0025235531628532426
2025-03-05,5.932,5.954,5.881,5.944,245455110,1451561058,0.0025299375948726333,5.92695,5.843816666666667,-0.015241882041086785
2025-03-06,5.97,6.065,5.966,6.039,402933950,2427285085,0.01598250336473761,5.9418999999999995,5.844033333333333,0.0021573182874210506
2025-03-07,6.021,6.06,5.987,6.013,315709562,1902207429,-0.004305348567643641,5.951,5.844566666666667,0.005350275873599708
2025-03-10,6.008,6.031,5.961,6.006,334587808,2005008698,-0.0011641443538997764,5.9572,5.8447,0.0013337779259752214
2025-03-11,5.946,6.039,5.943,6.036,161729477,971469704,0.004995004995004937,5.96605,5.844033333333333,-0.006583278472679366
2025-03-12,6.049,6.098,6.031,6.04,204749208,1240478759,0.0006626905235256331,5.9712499999999995,5.843983333333333,-0.0004964421644878536
2025-03-13,6.03,6.048,5.94,5.989,212590985,1272302671,-0.008443708609271572,5.975350000000001,5.842216666666666,-0.017391304347826098
2025-03-14,5.992,6.1,5.972,6.098,482488518,2926419789,0.01820003339455667,5.9826,5.8415,-0.007002116919068602
2025-03-17,6.11,6.121,6.087,6.1,383562715,2340981399,0.0003279763857002571,5.9904,5.839883333333334,-0.015652735194448986
2025-03-18,6.112,6.166,6.108,6.126,178653636,1095806443,0.004262295081967293,6.004499999999999,5.840333333333334,0.0044269552385636235
2025-03-19,6.115,6.126,6.068,6.102,150833511,919429405,-0.003917727717923647,6.01275,5.841950000000001,0.016153205661948444
2025-03-20,6.099,6.105,6.055,6.06,262395578,1594149941,-0.0068829891838742,6.01815,5.843933333333333,0.020030297929641394
2025-03-21,6.033,6.066,5.95,5.968,245573684,1474689686,-0.015181518151815121,6.01385,5.84375,-0.0018397725372135687
2025-03-24,5.97,5.979,5.883,5.961,231564047,1374750333,-0.0011729222520107108,6.0100999999999996,5.84315,-0.006003001500750282
2025-03-25,5.957,5.984,5.921,5.941,197802028,1177150085,-0.003355141754739166,6.0085,5.842016666666666,-0.011316358795140702
2025-03-26,5.933,5.983,5.933,5.941,191807836,1142262402,0.0,6.003299999999999,5.84245,0.00439560439560438
2025-03-27,5.937,6.0,5.884,5.956,212254492,1263097664,0.002524827470123059,5.99965,5.842016666666667,-0.004346372450685365
2025-03-28,5.953,5.972,5.897,5.909,199554199,1183363151,-0.007891202149093446,6.00175,5.841633333333333,-0.0038772757923130063
2025-03-31,5.881,5.908,5.796,5.854,181796333,1063186183,-0.009307835505161566,6.0006,5.839583333333334,-0.020578885728626428
2025-04-01,5.864,5.93,5.859,5.886,174093133,1026747613,0.005466347796378557,5.99845,5.837833333333334,-0.017526289434151132
2025-04-02,5.879,5.938,5.869,5.893,178423293,1053759698,0.0011892626571525788,5.995900000000001,5.836233333333333,-0.016029387209884782
2025-04-03,5.845,5.907,5.816,5.842,266477150,1559214350,-0.008654335652469092,5.9860500000000005,5.836749999999999,0.005334710032696588
2025-04-07,5.62,5.662,5.258,5.28,461780129,2499811986,-0.09619993153029771,5.9494,5.8308,-0.0633315593400744
2025-04-08,5.312,5.371,5.25,5.313,3028565373,16017733231,0.006249999999999867,5.91475,5.827299999999999,-0.03802281368821292
2025-04-09,5.255,5.457,5.139,5.428,353824955,1884304821,0.02164502164502169,5.8843499999999995,5.825933333333333,-0.014882032667876577
2025-04-10,5.503,5.609,5.501,5.535,266981767,1483750239,0.01971260132645547,5.8591,5.825383333333334,-0.005926724137930939
2025-04-11,5.51,5.628,5.509,5.573,222074304,1236321251,0.006865401987353303,5.8383,5.82585,0.00504959422903517
2025-04-14,5.615,5.652,5.6,5.617,215062682,1209079466,0.00789520904360308,5.8142499999999995,5.827116666666667,0.013715935751669406
2025-04-15,5.615,5.619,5.562,5.594,320738512,1793626903,-0.004094712479971507,5.78895,5.829366666666667,0.024729803993405408
2025-04-16,5.558,5.581,5.49,5.545,666182501,3691591486,-0.008759385055416624,5.7599,5.83065,0.014081931236283873
2025-04-17,5.524,5.603,5.52,5.548,224761713,1253290436,0.0005410279531108397,5.732200000000001,5.828866666666666,-0.018921308576481
2025-04-18,5.54,5.576,5.519,5.55,295068366,1636662118,0.0003604902667626586,5.7067,5.827866666666666,-0.010695187165775444
2025-04-21,5.544,5.641,5.522,5.632,256758926,1439589215,0.014774774774774846,5.6899,5.82945,0.017157305400036016
2025-04-22,5.619,5.645,5.607,5.617,143407362,806534644,-0.002663352272727182,5.6727,5.83005,0.006450456907364233
2025-04-23,5.639,5.683,5.608,5.628,233167056,1314640511,0.0019583407512906437,5.65705,5.830383333333333,0.003566333808844524
2025-04-24,5.628,5.644,5.577,5.605,160589173,901148308,-0.004086709310589853,5.64025,5.83,-0.004086709310589853
2025-04-25,5.61,5.662,5.592,5.621,204146305,1148698743,0.0028545941123996332,5.6235,5.830233333333334,0.0024968789013732895
2025-04-28,5.62,5.625,5.576,5.595,202601661,1134081377,-0.0046255114748267045,5.607799999999999,5.830416666666667,0.0019699140401145954
2025-04-29,5.57,5.622,5.564,5.598,124737396,698290015,0.0005361930294907058,5.595,5.829516666666666,-0.009554140127388533
2025-04-30,5.598,5.642,5.597,5.626,207391183,1167228382,0.005001786352268667,5.582,5.8302000000000005,0.007341092211280209
2025-05-06,5.655,5.735,5.653,5.733,185691857,1060283652,0.01901884109491636,5.574,5.832283333333334,0.02228958630527811
2025-05-07,5.798,5.845,5.708,5.743,223210103,1284514400,0.001744287458573357,5.56905,5.832333333333334,0.000522648083623789
2025-05-08,5.729,5.785,5.724,5.767,228896037,1319178643,0.004179000522374965,5.5934,5.831266666666667,-0.010975818898988132
2025-05-09,5.76,5.761,5.7,5.72,168633554,965835125,-0.008149817929599568,5.6137500000000005,5.828566666666666,-0.02754165249914997
2025-05-12,5.745,5.797,5.737,5.792,170595269,984666611,0.012587412587412583,5.63195,5.82745,-0.011435398532172791
2025-05-13,5.825,5.826,5.764,5.778,197788578,1144635055,-0.0024171270718232885,5.6441,5.824816666666666,-0.026617250673854453
2025-05-14,5.775,5.839,5.746,5.798,241313500,1396705066,0.003461405330564382,5.65535,5.8229999999999995,-0.018452683257152547
2025-05-15,5.781,5.787,5.71,5.721,192303290,1103318487,-0.013280441531562603,5.660550000000001,5.819133333333332,-0.038971946917520595
2025-05-16,5.706,5.735,5.703,5.711,175381574,1002830482,-0.0017479461632581295,5.6664,5.81525,-0.039199192462987864
2025-05-19,5.71,5.73,5.665,5.725,141052031,803451383,0.002451409560497275,5.6754,5.813266666666666,-0.020362765229295143
2025-05-20,5.728,5.764,5.702,5.749,116750308,669425913,0.004192139737991374,5.6854499999999994,5.810133333333334,-0.031665824490483496
2025-05-21,5.739,5.764,5.731,5.756,82851094,476263694,0.0012176030614021727,5.695749999999999,5.806866666666667,-0.032930107526881636
2025-05-22,5.733,5.765,5.704,5.711,139303325,797381638,-0.007817929117442612,5.6997,5.801150000000001,-0.05665675586389163
2025-05-23,5.707,5.747,5.66,5.662,190886125,1088161888,-0.008579933461740574,5.70195,5.7949166666666665,-0.06196156394963548
2025-05-26,5.657,5.704,5.645,5.671,168177906,954266761,0.0015895443306253032,5.7041,5.789883333333333,-0.050560857190691366
2025-05-27,5.672,5.678,5.633,5.657,207955003,1175296180,-0.002468700405572233,5.7067,5.783416666666667,-0.06418527708850286
2025-05-28,5.657,5.67,5.634,5.647,129650353,732201615,-0.0017677214071062375,5.708,5.777050000000001,-0.06336042461436386
2025-05-29,5.65,5.739,5.649,5.727,320495576,1830963971,0.014166814237648317,5.7146,5.7747166666666665,-0.023862280552241266
2025-05-30,5.71,5.711,5.671,5.694,334540716,1903678351,-0.005762179151388214,5.7194,5.7716666666666665,-0.031138335885655954
2025-06-03,5.68,5.73,5.666,5.703,137506282,784046928,0.0015806111696523573,5.72325,5.7679,-0.03811772642941469
2025-06-04,5.704,5.763,5.704,5.749,109525276,629142475,0.008065930212168837,5.72405,5.7646500000000005,-0.03280619111709293
2025-06-05,5.756,5.799,5.733,5.784,168585819,972358271,0.006088015307009975,5.726100000000001,5.760400000000001,-0.042225534028812683
2025-06-06,5.783,5.794,5.77,5.785,101074678,584109624,0.00017289073305670755,5.727,5.7566,-0.037917844669881906
2025-06-09,5.795,5.852,5.789,5.825,195862239,1141617121,0.006914433880726101,5.73225,5.753583333333334,-0.03013653013653017
2025-06-10,5.825,5.829,5.742,5.777,182537929,1055334689,-0.008240343347639456,5.7315000000000005,5.749266666666667,-0.04290921139827697
2025-06-11,5.777,5.848,5.777,5.814,230379588,1341105615,0.006404708326120723,5.7333,5.745500000000001,-0.03741721854304636
2025-06-12,5.809,5.835,5.786,5.825,92233683,536522932,0.0018919848641210102,5.73465,5.742766666666667,-0.027383536483553184
2025-06-13,5.814,5.822,5.754,5.776,159690275,923057935,-0.008412017167382047,5.737399999999999,5.7374,-0.052804198097736954
2025-06-16,5.755,5.812,5.755,5.797,180202095,1044674832,0.003635734072022112,5.7417,5.732349999999999,-0.04967213114754099
2025-06-17,5.802,5.808,5.769,5.785,223506684,1292161009,-0.0020700362256338423,5.7447,5.7266666666666675,-0.05566438132549789
2025-06-18,5.786,5.79,5.74,5.776,150132837,865530177,-0.0015557476231634615,5.74605,5.721233333333333,-0.05342510652245169
2025-06-19,5.763,5.785,5.695,5.718,220272397,1264678283,-0.010041551246537384,5.74415,5.715533333333334,-0.056435643564356375
2025-06-20,5.713,5.729,5.678,5.679,323643966,1842188941,-0.006820566631689395,5.74255,5.710716666666667,-0.04842493297587125
2025-06-23,5.668,5.726,5.661,5.712,191781435,1093216921,0.005810882197569978,5.74505,5.706566666666666,-0.04177151484650232
2025-06-24,5.723,5.808,5.723,5.804,384287385,2225227275,0.016106442577030977,5.7517,5.704283333333334,-0.0230600908937888
2025-06-25,5.812,5.919,5.808,5.913,372460096,2183573155,0.018780151619572694,5.7645,5.7038166666666665,-0.004713011277562629
2025-06-26,5.905,5.926,5.885,5.888,234396301,1384474054,-0.004227972264502,5.77655,5.702683333333334,-0.011417058428475624
2025-06-27,5.894,5.958,5.885,5.91,222940718,1320386698,0.0037364130434782705,5.7857,5.702699999999999,0.0001692333728211537
2025-06-30,5.917,5.968,5.916,5.963,244497355,1454432701,0.008967851099830781,5.79915,5.704516666666667,0.01861974718141446
2025-07-01,5.95,5.984,5.934,5.982,138236116,823912323,0.0031863156129465775,5.8131,5.706116666666666,0.016309887869520923
2025-07-02,5.961,5.966,5.929,5.947,129745489,771494842,-0.005850885991307231,5.823,5.707016666666666,0.009163414220261457
2025-07-03,5.947,5.978,5.935,5.971,119755809,713616283,0.0040356482259962245,5.83235,5.7091666666666665,0.022081478945566557
2025-07-04,5.958,6.025,5.94,5.963,162617761,971146047,-0.001339809077206544,5.8412500000000005,5.72055,0.12935606060606064
2025-07-07,5.957,5.966,5.941,5.951,78703810,468406804,-0.0020124098608084173,5.84755,5.731183333333333,0.12008281573498958
2025-07-08,5.951,6.039,5.948,6.031,167485029,1006809209,0.013443118803562415,5.86025,5.741233333333333,0.1110906411201178
2025-07-09,6.032,6.044,6.0,6.005,153195981,923228818,-0.004311059525783367,5.8698,5.749066666666666,0.08491418247515803
2025-07-10,6.005,6.061,5.997,6.038,130324299,785483340,0.005495420482930946,5.88045,5.7568166666666665,0.08343800466535067
2025-07-11,6.035,6.125,6.017,6.09,249118484,1516911950,0.008612123219609025,5.8961500000000004,5.7647,0.08420865230550123
2025-07-14,6.088,6.099,6.07,6.079,116852000,711140340,-0.001806239737274229,5.9102500000000004,5.772783333333333,0.086700035752592
2025-07-15,6.066,6.111,6.029,6.077,158264921,959703847,-0.0003290014805066299,5.92485,5.78165,0.09594229035166824
2025-07-16,6.074,6.128,6.055,6.076,164137854,999719287,-0.00016455487905220334,5.93985,5.790450000000001,0.09516943042537851
2025-07-17,6.075,6.148,6.069,6.146,118106788,722766909,0.011520737327189057,5.96125,5.8003833333333334,0.1073873873873874
2025-07-18,6.148,6.183,6.135,6.165,160824639,990926837,0.003091441588024768,5.98555,5.809266666666667,0.09463778409090917
2025-07-21,6.171,6.228,6.17,6.226,255011021,1584067722,0.009894566098945567,6.01125,5.819416666666666,0.10842086523055006
2025-07-22,6.229,6.295,6.218,6.292,223778742,1399576972,0.010600706713780994,6.03565,5.8304833333333335,0.11798152096659553
2025-07-23,6.295,6.334,6.258,6.27,280302729,1765155846,-0.0034965034965035446,6.0535000000000005,5.841566666666666,0.11864406779661008
2025-07-24,6.258,6.368,6.257,6.363,207037047,1309140764,0.01483253588516753,6.07725,5.853933333333333,0.1320049813200499
2025-07-25,6.367,6.377,6.339,6.365,317569211,2019458361,0.0003143171460002758,6.1,5.866766666666666,0.13762287756925828
2025-07-28,6.365,6.403,6.336,6.391,201757214,1286667623,0.004084838963079207,6.1213999999999995,5.879983333333334,0.1416577349053234
2025-07-29,6.375,6.432,6.335,6.431,213192947,1358964395,0.006258801439524397,6.14385,5.8934,0.1430856736580164
2025-07-30,6.408,6.441,6.34,6.389,188924625,1210134625,-0.006530866117244516,6.16595,5.904333333333333,0.11442525728240027
2025-07-31,6.362,6.389,6.273,6.297,198600924,1258229121,-0.014399749569572795,6.182250000000001,5.913566666666666,0.09646526205815764
2025-08-01,6.28,6.328,6.25,6.287,158195598,995403322,-0.0015880578053041328,6.198449999999999,5.922233333333334,0.09016819837003642
2025-08-04,6.259,6.336,6.252,6.335,104370675,657137127,0.007634801972323801,6.217650000000001,5.932483333333334,0.1075174825174825
2025-08-05,6.338,6.378,6.338,6.376,120672484,766954450,0.006471981057616372,6.2349,5.942216666666667,0.100828729281768
2025-08-06,6.346,6.434,6.346,6.428,171976510,1102525817,0.008155583437892133,6.25605,5.953050000000001,0.11249567324333687
2025-08-07,6.428,6.443,6.366,6.408,161728379,1035267177,-0.0031113876789047312,6.27455,5.963216666666667,0.10520869265263899
2025-08-08,6.379,6.422,6.375,6.397,103603518,662662808,-0.0017166042446941088,6.2899,5.9744833333333345,0.11816116063625248
2025-08-11,6.403,6.484,6.403,6.464,167228775,1079316755,0.0104736595279038,6.30915,5.987033333333334,0.13185081421817557
2025-08-12,6.466,6.498,6.439,6.497,106531798,689378657,0.005105198019801804,6.33015,5.999899999999999,0.13484716157205234
2025-08-13,6.506,6.596,6.5,6.582,179270542,1174102338,0.013082961366784662,6.35545,6.0137833333333335,0.14489476430683612
2025-08-14,6.561,6.597,6.489,6.514,223896912,1465281352,-0.010331206320267294,6.37385,6.026416666666666,0.13168867268936757
2025-08-15,6.501,6.663,6.494,6.658,229116702,1514607500,0.022106232729505626,6.3985,6.042199999999999,0.1658203466993522
2025-08-18,6.688,6.801,6.658,6.748,418683346,2824740779,0.013517572844698122,6.4246,6.0603,0.1918050158954434
2025-08-19,6.748,6.786,6.711,6.733,314765492,2123688222,-0.002222880853586351,6.44665,6.078,0.1872685593369774
2025-08-20,6.714,6.826,6.667,6.824,337660021,2280535527,0.013515520570325235,6.474349999999999,6.09745,0.20629308820929815
2025-08-21,6.836,6.856,6.759,6.786,298330596,2028278817,-0.005568581477139567,6.4955,6.116433333333333,0.20170001770851775
2025-08-22,6.785,6.921,6.785,6.915,843778501,5802812523,0.019009725906277808,6.523000000000001,6.136233333333333,0.2074384494499737
2025-08-25,6.962,7.065,6.944,7.037,881486774,6170751765,0.01764280549529995,6.5553,6.158616666666666,0.23586231120477685
2025-08-26,7.01,7.102,6.995,7.048,498846423,3516687986,0.0015631661219270843,6.586150000000001,6.181033333333334,0.23584078555146415
2025-08-27,7.046,7.16,6.944,6.953,432327211,3059376522,-0.01347900113507372,6.61435,6.201099999999999,0.20942772656114128
2025-08-28,6.953,7.108,6.883,7.104,389526236,2728207393,0.0217172443549547,6.6547,6.2231000000000005,0.22821576763485485
2025-08-29,7.094,7.18,7.069,7.141,349461915,2486113434,0.005208333333333259,6.6974,6.245699999999999,0.23439930855661184
2025-09-01,7.161,7.21,7.124,7.206,183081310,1312557380,0.009102366615320046,6.74095,6.268716666666666,0.23708154506437773
2025-09-02,7.175,7.19,6.995,7.055,245119402,1736110055,-0.020954759922287125,6.7749,6.290016666666667,0.22122208758871387
2025-09-03,7.062,7.084,6.915,6.94,240995450,1687177107,-0.016300496102055195,6.8004999999999995,6.308783333333333,0.19367045063639488
2025-09-04,6.946,6.994,6.689,6.779,326897388,2236535867,-0.023198847262247857,6.81905,6.324683333333334,0.1637768240343347
2025-09-05,6.779,7.023,6.758,7.011,307745229,2121919291,0.03422333677533573,6.8497499999999985,6.3452666666666655,0.2138157894736843
2025-09-08,7.011,7.084,6.971,7.073,233031742,1636795369,0.008843246327200127,6.880199999999999,6.366533333333334,0.22011385199240996
2025-09-09,7.051,7.077,6.965,7.006,139590116,979988418,-0.009472642443093426,6.90565,6.386883333333333,0.21106309420916158
2025-09-10,6.994,7.063,6.951,7.003,121572485,852285642,-0.0004282043962318127,6.926700000000001,6.407333333333335,0.21243074792243766
2025-09-11,7.0,7.229,6.957,7.224,471718308,3370578668,0.031557903755533356,6.9622,6.432433333333334,0.26337880377754463
2025-09-12,7.227,7.301,7.209,7.242,259377419,1880048851,0.002491694352159346,6.9914000000000005,6.458483333333333,0.27522451135763326
2025-09-15,7.252,7.262,7.209,7.226,356612066,2581031813,-0.002209334438000532,7.015299999999999,6.483716666666666,0.26505602240896353
2025-09-16,7.228,7.294,7.165,7.282,236125505,1709696475,0.0077497924162746035,7.04275,6.508350000000001,0.25465196416264635
2025-09-17,7.266,7.363,7.243,7.357,158683618,1159802809,0.010299368305410672,7.0694,6.532416666666666,0.24420767799763232
2025-09-18,7.352,7.448,7.2,7.292,338418181,2482372672,-0.008835123012097323,7.0947000000000005,6.555816666666667,0.23845108695652173
2025-09-19,7.279,7.326,7.23,7.261,285552255,2080099063,-0.0042512342292923,7.112,6.578333333333333,0.22859560067681883
2025-09-22,7.259,7.32,7.226,7.318,235618126,1713669910,0.007850158380388272,7.126050000000001,6.6009166666666665,0.22723461344960572
2025-09-23,7.318,7.335,7.14,7.277,262962112,1905161682,-0.005602623667668727,7.1375,6.6225000000000005,0.21648278167836832
2025-09-24,7.232,7.436,7.227,7.432,219453482,1613166926,0.02129998625807339,7.16145,6.6472500000000005,0.24970573398352114
2025-09-25,7.43,7.478,7.415,7.441,164025033,1221817048,0.0012109795479009478,7.1783,6.67175,0.24618991793669398
2025-09-26,7.401,7.455,7.333,7.336,221003137,1633716966,-0.01411100658513631,7.18805,6.694633333333333,0.2302532282408185
2025-09-29,7.335,7.491,7.312,7.462,332940029,2473026332,0.01717557251908386,7.20085,6.719816666666667,0.2539069064022854
2025-09-30,7.463,7.533,7.463,7.519,269331858,2022195960,0.007638702760653926,7.22405,6.744616666666667,0.24672525286022218
2025-10-09,7.553,7.678,7.54,7.649,247330432,1885985361,0.017289533182603956,7.2595,6.7720166666666675,0.2737718567860117
2025-10-10,7.611,7.619,7.479,7.505,291527723,2197250249,-0.018825990325532782,7.2958,6.796466666666666,0.24296124544551168
2025-10-13,7.29,7.488,7.29,7.469,386537681,2863336795,-0.004796802131912026,7.3187000000000015,6.81945,0.22643678160919545
2025-10-14,7.51,7.553,7.259,7.289,426016495,3162062367,-0.024099611728477743,7.3295,6.839616666666667,0.19904589570653064
2025-10-15,7.288,7.399,7.253,7.393,246755725,1808574917,0.014268075181780748,7.3488500000000005,6.86155,0.21655422083264764
2025-10-16,7.32,7.399,7.296,7.336,275073811,2020350843,-0.007709995942107306,7.3655,6.88255,0.20737327188940102
2025-10-17,7.318,7.359,7.102,7.114,301475375,2173586618,-0.030261723009814667,7.359999999999999,6.8986833333333335,0.15750081353725998
2025-10-20,7.174,7.233,7.126,7.16,356249384,2558410357,0.00646612313747541,7.355900000000001,6.915266666666668,0.16139497161394978
2025-10-21,7.182,7.295,7.177,7.28,485106360,3522045922,0.016759776536312776,7.358600000000001,6.932833333333334,0.16929007388371353
2025-10-22,7.25,7.261,7.202,7.224,271371500,1962399224,-0.007692307692307665,7.355700000000001,6.948366666666667,0.14812460267005734
2025-10-23,7.202,7.254,7.114,7.249,203373365,1457957880,0.003460686600221363,7.3503,6.964683333333334,0.15614035087719302
2025-10-24,7.274,7.372,7.268,7.369,227470386,1663975677,0.016554007449303354,7.35415,6.98145,0.15810152443815806
2025-10-27,7.433,7.491,7.402,7.478,214285422,1599407845,0.01479169493825494,7.365,7.0,0.17486252945797331
2025-10-28,7.468,7.514,7.41,7.441,170449440,1271978016,-0.004947847017919171,7.37115,7.0175,0.16429353778751365
2025-10-29,7.452,7.596,7.45,7.594,206192267,1554258782,0.02056175245262737,7.3870000000000005,7.036883333333334,0.18084279272274917
2025-10-30,7.586,7.586,7.476,7.497,239775371,1804318822,-0.012773242033184196,7.390249999999999,7.05535,0.1734230709031146
2025-10-31,7.494,7.545,7.434,7.436,239526377,1793252055,-0.008136587968520681,7.389999999999999,7.074333333333334,0.1808797840241385
2025-11-03,7.427,7.448,7.312,7.439,254099006,1875962746,0.00040344271113501584,7.395149999999999,7.093533333333332,0.18323524733577234
2025-11-04,7.42,7.425,7.268,7.313,297882984,2187305293,-0.01693776045167361,7.387700000000001,7.1098333333333334,0.15438042620363057
2025-11-05,7.2,7.359,7.2,7.33,143295554,1044051112,0.0023246273759058855,7.3782499999999995,7.125733333333333,0.14962358845671253
2025-11-06,7.335,7.464,7.335,7.451,173994728,1290454325,0.016507503410641222,7.368350000000001,7.142783333333333,0.15914747977597998
2025-11-07,7.42,7.476,7.383,7.44,103751961,771019572,-0.0014763119044423068,7.365100000000001,7.159983333333334,0.16104868913857673
2025-11-10,7.475,7.502,7.39,7.448,112335218,835109376,0.0010752688172042113,7.364049999999999,7.177499999999999,0.16429576363920595
2025-11-11,7.468,7.495,7.381,7.394,158667471,1178560276,-0.007250268528463999,7.3693,7.193,0.1438737623762376
2025-11-12,7.368,7.417,7.288,7.356,134217513,986234776,-0.005139302136867752,7.36745,7.207316666666667,0.13221486840080043
2025-11-13,7.337,7.481,7.337,7.465,188661676,1401440665,0.01481783578031548,7.373899999999999,7.222033333333333,0.1341537526587664
2025-11-14,7.403,7.435,7.335,7.338,155598971,1150184972,-0.01701272605492299,7.3850999999999996,7.235766666666667,0.1264967761743936
2025-11-17,7.334,7.374,7.308,7.336,219804390,1613421164,-0.0002725538293812946,7.3938999999999995,7.247066666666667,0.10183238209672574
2025-11-18,7.31,7.335,7.217,7.262,265420668,1928962925,-0.01008724100327163,7.392999999999999,7.255633333333334,0.07617071724955538
2025-11-19,7.252,7.293,7.193,7.227,246792384,1786594862,-0.004819608923161578,7.39315,7.263866666666667,0.0733699688103373
2025-11-20,7.27,7.293,7.163,7.17,303240774,2183687616,-0.007887090078871006,7.3892,7.269633333333333,0.05070339976553351
2025-11-21,7.098,7.131,6.918,6.922,755356839,5290499089,-0.034588563458856414,7.3668499999999995,7.2719,0.020041261420571832
2025-11-24,6.96,7.006,6.903,6.97,414765702,2883620932,0.006934412019647507,7.341449999999999,7.272816666666667,0.00795372378886472
2025-11-25,7.016,7.126,7.014,7.054,604358456,4269824932,0.01205164992826413,7.322099999999999,7.2730999999999995,0.0024158021884326253
2025-11-26,7.055,7.124,7.038,7.065,413929415,2934400370,0.001559398922597044,7.29565,7.273383333333333,0.0024120317820659487
2025-11-27,7.065,7.154,7.04,7.05,188542552,1336051339,-0.002123142250530896,7.273300000000001,7.275,0.013950812598878093
2025-11-28,7.048,7.144,7.042,7.135,177333175,1261276658,0.012056737588652444,7.258249999999999,7.2755166666666655,0.004363738738738743
2025-12-01,7.152,7.203,7.138,7.202,132006252,947876608,0.009390329362298555,7.2463999999999995,7.276533333333333,0.008542220977454162
2025-12-02,7.154,7.188,7.123,7.141,150369654,1074387564,-0.008469869480699832,7.2378,7.27545,-0.009020260893699783
2025-12-03,7.145,7.17,7.078,7.103,121324035,863508465,-0.0053213835597255565,7.22645,7.27625,0.006803685329553444
2025-12-04,7.1,7.15,7.06,7.125,122371097,870260060,0.003097282838237403,7.210149999999999,7.279333333333333,0.026657060518731956
2025-12-05,7.122,7.219,7.067,7.216,308526062,2213924727,0.012771929824561434,7.198949999999999,7.286616666666666,0.06446378521905882
2025-12-08,7.238,7.305,7.229,7.278,282808073,2054506100,0.008592017738359159,7.19045,7.291066666666667,0.038083012409071415
2025-12-09,7.256,7.29,7.211,7.224,192435582,1394969264,-0.007419620774938074,7.1819500000000005,7.293583333333333,0.02134879117771815
2025-12-10,7.225,7.28,7.172,7.263,259557832,1873005152,0.005398671096345398,7.177300000000001,7.297866666666667,0.036682843277190846
2025-12-11,7.275,7.284,7.196,7.201,186138398,1345376424,-0.008536417458350543,7.1641,7.301166666666666,0.028273597029844222
2025-12-12,7.217,7.304,7.184,7.285,375528482,2722781871,0.011665046521316613,7.16145,7.302183333333333,0.0084440753045405
2025-12-15,7.25,7.299,7.229,7.236,174785848,1268422736,-0.0067261496225120565,7.1564499999999995,7.302083333333333,-0.0008285004142501995
2025-12-16,7.22,7.22,7.076,7.126,262901355,1872497207,-0.015201768933112092,7.149649999999999,7.300416666666667,-0.01383891502906165
2025-12-17,7.12,7.287,7.1,7.259,299634364,2160363134,0.01866404715127712,7.15125,7.300033333333333,-0.003158472946992563
2025-12-18,7.225,7.295,7.219,7.221,251490101,1822548851,-0.005234880837580946,7.153800000000001,7.297766666666667,-0.018485795840695984
2025-12-19,7.238,7.318,7.231,7.286,250967197,1828863612,0.009001523334718042,7.172,7.297666666666667,-0.0008228195282501405
2025-12-22,7.32,7.397,7.32,7.368,281747461,2076899450,0.011254460609388062,7.191900000000001,7.299450000000001,0.014736262222834418
2025-12-23,7.364,7.417,7.349,7.374,185059492,1365041842,0.0008143322475568926,7.2079,7.300383333333333,0.007652364033889025
2025-12-24,7.373,7.492,7.363,7.47,350367349,2611273083,0.013018714401952902,7.228150000000001,7.3036,0.02652191837295592
2025-12-25,7.469,7.555,7.452,7.534,286961619,2156582982,0.008567603748326658,7.25235,7.3053,0.01372443487621089
2025-12-26,7.544,7.616,7.527,7.58,514730074,3901186668,0.006105654366870272,7.274600000000001,7.307616666666666,0.0186802849079426
2025-12-29,7.579,7.61,7.531,7.548,337804049,2558823434,-0.004221635883905006,7.291900000000001,7.31115,0.02889858233369691
2025-12-30,7.512,7.625,7.512,7.581,241477936,1831385067,0.004372019077901523,7.313899999999999,7.313133333333334,0.01594746716697948
2025-12-31,7.597,7.611,7.551,7.588,446353437,3386683953,0.0009233610341643494,7.338150000000001,7.314283333333333,0.009176752227689766
2026-01-05,7.642,7.794,7.64,7.792,276371421,2138958695,0.026884554559831297,7.3715,7.316666666666666,0.018695254281605456
2026-01-06,7.797,7.965,7.797,7.961,356076687,2807704686,0.021688911704312197,7.40875,7.324266666666667,0.06075949367088618
2026-01-07,7.969,8.04,7.954,7.999,431586803,3451839908,0.004773269689737347,7.444800000000001,7.3331,0.07095996786718417
2026-01-08,7.974,8.078,7.972,8.024,382231061,3069650528,0.0031253906738342163,7.4848,7.34535,0.10083687748662351
2026-01-09,8.024,8.223,8.023,8.216,525203527,4288318244,0.023928215353938187,7.53245,7.359066666666666,0.11132152035709453
2026-01-12,8.27,8.448,8.235,8.416,571519856,4767071138,0.02434274586173335,7.5932,7.377066666666666,0.14721919302071984
2026-01-13,8.437,8.44,8.259,8.306,524033983,4365589918,-0.013070342205323326,7.6442499999999995,7.396933333333333,0.16755692999718863
2026-01-14,8.308,8.536,8.25,8.365,1349076212,11344083331,0.007103298820130055,7.7007,7.417016666666666,0.1682960893854748
2026-01-15,8.3,8.39,8.265,8.339,3167300455,26329578450,-0.003108188882247398,7.76135,7.434666666666667,0.1454670329670329
2026-01-16,8.318,8.353,8.24,8.295,2050754961,16986109617,-0.005276412039812994,7.8131499999999985,7.452516666666667,0.1482558139534884
2026-01-19,8.27,8.397,8.25,8.348,1521585687,12700273169,0.006389391199517869,7.8694999999999995,7.470833333333333,0.15160711822320327
2026-01-20,8.356,8.414,8.201,8.324,1614255882,13377848571,-0.0028749401054145585,7.9214,7.486750000000001,0.1295969602388385
2026-01-21,8.282,8.435,8.28,8.432,1034094112,8682017708,0.012974531475252293,7.9746,7.50265,0.12757421770526878
2026-01-22,8.46,8.496,8.404,8.469,480856886,4059456186,0.004388045540796748,8.029349999999999,7.519783333333333,0.13815347399543065
2026-01-23,8.505,8.725,8.493,8.719,669345592,5772176393,0.02951942378084782,8.0918,7.538533333333333,0.14814327100342362
2026-01-26,8.763,8.787,8.517,8.564,1666726482,14330394662,-0.01777726803532509,8.1433,7.556316666666667,0.1423235961051088
2026-01-27,8.542,8.67,8.437,8.619,1474651264,12638904531,0.006422232601587918,8.19525,7.576033333333333,0.15909090909090917
2026-01-28,8.645,8.72,8.595,8.691,2517446639,21752591587,0.008353637312913387,8.2524,7.596900000000001,0.1683021911547251
2026-01-29,8.661,8.754,8.574,8.591,1373467695,11884876163,-0.01150615579334957,8.3029,7.6182,0.17475728155339798
2026-01-30,8.518,8.594,8.232,8.44,1283877745,10756242145,-0.01757653358165523,8.3455,7.6367,0.15143246930422904
2026-02-02,8.33,8.4,8.045,8.049,1947386933,15911074106,-0.046327014218009444,8.35835,7.646666666666666,0.0802576835324118
2026-02-03,8.186,8.375,8.132,8.366,936602178,7761030186,0.03938377438191076,8.3786,7.6621,0.12446236559139767
2026-02-04,8.36,8.395,8.249,8.388,1228797031,10230284572,0.0026296916088932587,8.39805,7.677766666666667,0.12620837808807717
2026-02-05,8.3,8.313,8.147,8.217,955243249,7839440779,-0.020386266094420513,8.4077,7.691483333333333,0.11130646470110905
2026-02-06,8.105,8.33,8.075,8.213,939936597,7742250214,-0.0004867956675187468,8.407549999999999,7.705766666666666,0.11650353452963569
2026-02-09,8.35,8.397,8.306,8.395,594262763,4972221001,0.022159990259345008,8.4065,7.721266666666667,0.12458137977227057
2026-02-10,8.395,8.404,8.329,8.377,344342506,2884803529,-0.0021441334127455525,8.41005,7.738583333333334,0.14159171436358697
2026-02-11,8.355,8.457,8.355,8.411,295235745,2486170379,0.004058732243046315,8.41235,7.7565,0.14653762268266068
2026-02-12,8.41,8.527,8.41,8.514,397617091,3376962000,0.012245868505528446,8.4211,7.7773666666666665,0.1724042963370973
2026-02-13,8.474,8.496,8.361,8.373,1017396628,8560575757,-0.016560958421423577,8.425,7.796466666666666,0.15857202158572004
2026-02-24,8.471,8.534,8.403,8.469,438804915,3720376914,0.011465424579004013,8.431049999999999,7.818116666666667,0.18117154811715475
2026-02-25,8.48,8.633,8.479,8.602,735884137,6314293845,0.01570433345141109,8.444949999999999,7.846116666666666,0.24270442068766251
2026-02-26,8.623,8.656,8.561,8.63,805557550,6937034239,0.0032550569634968163,8.45485,7.873783333333334,0.2381635581061694
2026-02-27,8.58,8.739,8.58,8.737,482034893,4180916149,0.0123986095017381,8.468250000000001,7.901833333333333,0.2385880351573575
2026-03-02,8.682,8.773,8.62,8.733,772395741,6724751190,-0.00045782305139063784,8.468950000000001,7.929633333333332,0.2360934182590233
2026-03-03,8.74,8.74,8.335,8.375,679789667,5781745330,-0.0409939310660713,8.4595,7.951716666666667,0.1879432624113475
2026-03-04,8.241,8.466,8.237,8.317,526981471,4406741459,-0.006925373134328283,8.444399999999998,7.971416666666667,0.16566222845129652
2026-03-05,8.433,8.459,8.311,8.371,552164159,4633269691,0.006492725742455185,8.4284,7.9909,0.1623160233268537
2026-03-06,8.31,8.469,8.31,8.421,317745639,2673624003,0.005973002030820629,8.4199,8.012233333333333,0.17924660411707038
2026-03-09,8.298,8.38,8.124,8.356,469439650,3872180353,-0.007718798242489,8.415700000000001,8.033116666666666,0.1764043361959735
2026-03-10,8.44,8.492,8.391,8.481,435573866,3680938953,0.014959310674964144,8.4373,8.055716666666667,0.19031578947368422
2026-03-11,8.489,8.519,8.441,8.468,385228347,3265652804,-0.00153283810871363,8.4424,8.076583333333334,0.1735033259423504
2026-03-12,8.452,8.495,8.354,8.426,325622423,2744988839,-0.004959848842701953,8.444300000000002,8.095716666666668,0.1577356416597968
2026-03-13,8.362,8.447,8.29,8.311,198229100,1657449192,-0.013648231663897503,8.449,8.113833333333334,0.1504706533776301
2026-03-16,8.298,8.308,8.124,8.259,392889521,3225912523,-0.006256768138611424,8.4513,8.130433333333334,0.1371334159438249
2026-03-17,8.265,8.29,8.074,8.078,349203593,2853905066,-0.021915486136336204,8.43545,8.14505,0.12178864046660176
2026-03-18,8.11,8.168,8.023,8.156,492148046,3990590847,0.009655855409754999,8.4244,8.159566666666667,0.11956074124914218
2026-03-19,8.04,8.073,7.906,7.945,391800334,3129280894,-0.025870524767042657,8.401100000000001,8.171383333333333,0.09798231066887797
2026-03-20,7.96,8.012,7.809,7.812,731633951,5809729947,-0.016740088105726914,8.366,8.182816666666666,0.09626719056974453
2026-03-23,7.701,7.777,7.46,7.512,674801120,5130435315,-0.03840245775729656,8.32295,8.187033333333334,0.03485328557652556
2026-03-24,7.589,7.657,7.437,7.652,591087113,4471167956,0.01863684771033025,8.282100000000002,8.194216666666666,0.0596870239579006
2026-03-25,7.7,7.879,7.698,7.826,586589336,4584273440,0.0227391531625718,8.243300000000001,8.203216666666666,0.07411474059840795
2026-03-26,7.792,7.835,7.681,7.7,320184434,2480189131,-0.01610017889087645,8.1968,8.20875,0.0450597176981542
2026-03-27,7.58,7.852,7.58,7.803,396308985,3076321019,0.013376623376623265,8.150099999999998,8.2159,0.05817737998372663
2026-03-30,7.706,7.836,7.665,7.818,478242199,3701022228,0.0019223375624759509,8.10435,8.2217,0.04658634538152606
2026-03-31,7.805,7.86,7.68,7.683,368399919,2860807126,-0.01726784343821952,8.069749999999999,8.224183333333333,0.01977701088399253
2026-04-01,7.815,7.85,7.755,7.809,356668632,2781369863,0.01639984381101134,8.04435,8.228,0.030211081794195183
2026-04-02,7.771,7.809,7.619,7.672,486434169,3748897864,-0.01754385964912286,8.0094,8.230066666666666,0.016428192898781058
2026-04-03,7.697,7.707,7.581,7.603,240776879,1838226947,-0.00899374348279458,7.968500000000001,8.230433333333332,0.002901991821659289
2026-04-07,7.617,7.701,7.6,7.629,328131755,2512105152,0.003419702748914899,7.93215,8.231116666666667,0.005403268318397325
2026-04-08,7.82,8.029,7.815,8.026,1155004523,9127495913,0.05203827500327707,7.9094,8.235016666666667,0.03003080082135523
2026-04-09,7.961,8.009,7.908,7.964,642825820,5121640491,-0.007724894094193746,7.8842,8.235066666666667,0.0003768370807688548
2026-04-10,8.015,8.149,8.015,8.035,380034904,3069841615,0.008915118031140201,7.864649999999999,8.235666666666667,0.004500562570321387
2026-04-13,7.985,8.059,7.978,8.028,477728295,3836508143,-0.0008711885500932715,7.850500000000001,8.235733333333334,0.0004985044865406518
2026-04-14,8.11,8.162,8.067,8.159,436813757,3543880220,0.016317887394120545,7.8454999999999995,8.234783333333333,-0.006937682570593795
2026-04-15,8.22,8.235,8.095,8.111,408317989,3333219942,-0.0058830739061159765,7.847149999999999,8.2297,-0.03624049429657794
2026-04-16,8.13,8.271,8.125,8.253,487968619,4009324061,0.0175070891382072,7.852000000000001,8.228816666666667,-0.006380929448591255
2026-04-17,8.232,8.312,8.21,8.29,462973688,3824600035,0.004483218223676033,7.869249999999999,8.227566666666666,-0.00896592946802166
2026-04-20,8.281,8.394,8.278,8.355,912541634,7624808772,0.007840772014475528,7.8964,8.227833333333333,0.0019186952872047858
2026-04-21,8.351,8.351,8.256,8.331,461344417,3834736573,-0.0028725314183124517,7.93735,8.228433333333333,0.0043399638336347746
2026-04-22,8.283,8.457,8.283,8.455,638322386,5360906023,0.014884167566918904,7.977499999999999,8.230216666666667,0.012817441303306198
2026-04-23,8.46,8.474,8.296,8.375,693980301,5817342404,-0.009461856889414588,8.00495,8.231066666666667,0.006126862085535922
2026-04-24,8.321,8.38,8.242,8.323,437159356,3629323593,-0.006208955223880541,8.036100000000001,8.22925,-0.012926944971537013
2026-04-27,8.32,8.398,8.292,8.368,627518773,5250763152,0.005406704313348554,8.064350000000001,8.227566666666666,-0.01192584720746237
2026-04-28,8.346,8.356,8.247,8.273,636938696,5287344953,-0.011352772466539318,8.0871,8.220133333333333,-0.05115265512100009
2026-04-29,8.24,8.436,8.234,8.422,878967542,7349029886,0.01801039526169479,8.12405,8.217766666666668,-0.01658103689864543
2026-04-30,8.41,8.45,8.37,8.43,779361939,6546640850,0.0009498931370219843,8.155100000000001,8.214616666666666,-0.0219282979463975
2026-05-06,8.519,8.702,8.518,8.658,1025448160,8872773628,0.027046263345195776,8.204400000000001,8.214066666666666,-0.0037970314118054294
2026-05-07,8.702,8.778,8.669,8.771,1229160085,10727012506,0.013051513051513197,8.2628,8.217066666666666,0.02095215923641036
2026-05-08,8.715,8.788,8.691,8.769,1111098647,9722597897,-0.00022802417056211333,8.3198,8.22255,0.038981042654028464
2026-05-11,8.838,8.945,8.788,8.912,660874404,5866691109,0.016307446687193528,8.3641,8.236933333333333,0.10721828798608546
2026-05-12,8.92,8.927,8.821,8.862,510398080,4522369241,-0.005610412926391417,8.409,8.2452,0.05928759263686345
2026-05-13,8.8,9.021,8.8,9.009,515445104,4596156963,0.0165876777251186,8.457699999999999,8.25555,0.0740343347639485
2026-05-14,9.049,9.049,8.76,8.772,890258803,7900399322,-0.026307026307026304,8.4949,8.264800000000001,0.06754289886820009
2026-05-15,8.76,8.809,8.553,8.612,1313659195,11374703475,-0.01823985408116735,8.51755,8.27145,0.04858151710702563
2026-05-18,8.559,8.696,8.551,8.631,480879098,4146691727,0.002206223873664648,8.54355,8.275383333333334,0.028111971411554526
2026-05-19,8.613,8.709,8.481,8.703,709789696,6106970936,0.008342022940563076,8.56605,8.280816666666666,0.038916079742151055
2026-05-20,8.652,8.76,8.626,8.748,506792256,4396844524,0.005170630816959676,8.58895,8.286433333333333,0.040066579479253406
2026-05-21,8.8,8.887,8.484,8.503,534504910,4673340770,-0.028006401463191555,8.596350000000001,8.28625,-0.0012919896640826156
2026-05-22,8.553,8.684,8.51,8.658,792937482,6819708732,0.018228860402210945,8.6127,8.291,0.034037979218918046
2026-05-25,8.708,8.79,8.619,8.786,608513509,5293352712,0.01478401478401481,8.62925,8.296283333333333,0.03743062935411512
2026-05-26,8.743,8.769,8.617,8.752,241401903,2098793863,-0.003869792852264853,8.648100000000001,8.298783333333335,0.017437805161590436
2026-05-27,8.74,8.821,8.58,8.614,330242035,2870805061,-0.015767824497257776,8.662650000000001,8.298516666666666,-0.0018539976825029392
2026-05-28,8.575,8.694,8.506,8.649,332221554,2857894293,0.004063153006732989,8.6767,8.29705,-0.010072107130594143
2026-05-29,8.66,8.681,8.387,8.443,327944724,2791724835,-0.023817782402589804,8.6852,8.292216666666667,-0.033207374327264505
